id,user_id,market_id,yes_tokens,no_tokens,total_staked,created_at,updated_at
5,57,26,0.0,0.0,42.62,2025-11-30T09:04:27.127333+00:00,2025-11-30T09:04:27.127373+00:00
6,57,17,21.35,0.0,44.76,2025-11-30T09:04:27.133285+00:00,2025-11-30T09:04:27.133296+00:00
7,57,18,0.0,42.47,29.45,2025-11-30T09:04:27.135763+00:00,2025-11-30T09:04:27.135773+00:00
8,57,16,0.0,42.53,26.48,2025-11-30T09:04:27.138484+00:00,2025-11-30T09:04:27.138494+00:00
9,57,38,26.36,0.0,37.04,2025-11-30T09:04:27.141084+00:00,2025-11-30T09:04:27.141092+00:00
10,57,42,0.0,0.0,25.85,2025-11-30T09:04:27.143213+00:00,2025-11-30T09:04:27.143284+00:00
11,57,32,31.95,0.0,21.6,2025-11-30T09:04:27.147736+00:00,2025-11-30T09:04:27.147747+00:00
12,57,34,0.0,0.0,49.16,2025-11-30T09:04:27.150138+00:00,2025-11-30T09:04:27.150146+00:00
13,57,33,0.0,0.0,22.65,2025-11-30T09:04:27.152342+00:00,2025-11-30T09:04:27.152351+00:00
14,57,39,0.0,0.0,63.33,2025-11-30T09:04:27.157708+00:00,2025-11-30T09:04:27.157717+00:00
15,57,30,0.0,14.31,8.23,2025-11-30T09:04:27.161558+00:00,2025-11-30T09:04:27.161580+00:00
16,57,22,0.0,0.0,12.33,2025-11-30T09:04:27.165576+00:00,2025-11-30T09:04:27.165587+00:00
17,57,29,0.0,102.57,42.15,2025-11-30T09:04:27.168294+00:00,2025-11-30T09:04:27.168303+00:00
18,57,28,0.0,0.0,21.37,2025-11-30T09:04:27.170174+00:00,2025-11-30T09:04:27.170181+00:00
19,58,42,0.0,0.0,1.29,2025-11-30T09:04:27.172070+00:00,2025-11-30T09:04:27.172077+00:00
20,58,28,0.0,90.1,89.22,2025-11-30T09:04:27.173832+00:00,2025-11-30T09:04:27.173838+00:00
21,58,36,0.0,63.16,42.18,2025-11-30T09:04:27.176072+00:00,2025-11-30T09:04:27.176078+00:00
22,58,33,91.71,0.0,32.49,2025-11-30T09:04:27.180369+00:00,2025-11-30T09:04:27.180379+00:00
23,58,27,0.0,53.52,23.28,2025-11-30T09:04:27.182913+00:00,2025-11-30T09:04:27.182920+00:00
24,58,17,125.16,0.0,47.53,2025-11-30T09:04:27.185068+00:00,2025-11-30T09:04:27.185074+00:00
25,58,19,0.0,73.94,28.63,2025-11-30T09:04:27.187159+00:00,2025-11-30T09:04:27.187166+00:00
26,58,20,140.63,0.0,48.27,2025-11-30T09:04:27.189482+00:00,2025-11-30T09:04:27.189491+00:00
27,58,44,0.0,0.0,47.13,2025-11-30T09:04:27.192059+00:00,2025-11-30T09:04:27.192067+00:00
28,58,22,0.0,0.0,60.14,2025-11-30T09:04:27.195683+00:00,2025-11-30T09:04:27.195694+00:00
29,58,16,0.0,0.0,33.41,2025-11-30T09:04:27.198916+00:00,2025-11-30T09:04:27.198925+00:00
30,58,41,0.0,0.0,42.73,2025-11-30T09:04:27.201391+00:00,2025-11-30T09:04:27.201400+00:00
31,58,26,0.0,0.0,14.7,2025-11-30T09:04:27.204008+00:00,2025-11-30T09:04:27.204018+00:00
32,58,21,73.23,0.0,36.28,2025-11-30T09:04:27.206815+00:00,2025-11-30T09:04:27.206825+00:00
33,58,35,0.0,0.0,39.85,2025-11-30T09:04:27.209593+00:00,2025-11-30T09:04:27.209605+00:00
34,58,24,0.0,0.0,28.12,2025-11-30T09:04:27.214564+00:00,2025-11-30T09:04:27.214573+00:00
35,58,37,0.0,0.0,19.25,2025-11-30T09:04:27.217573+00:00,2025-11-30T09:04:27.217582+00:00
36,58,38,23.5,0.0,11.6,2025-11-30T09:04:27.220031+00:00,2025-11-30T09:04:27.220039+00:00
37,58,34,0.0,99.88,41.8,2025-11-30T09:04:27.222297+00:00,2025-11-30T09:04:27.222305+00:00
38,59,18,0.0,0.0,45.17,2025-11-30T09:04:27.224415+00:00,2025-11-30T09:04:27.224421+00:00
39,59,30,152.14,86.5,105.03,2025-11-30T09:04:27.226868+00:00,2025-11-30T09:04:27.226878+00:00
40,59,19,0.0,143.07,49.7,2025-11-30T09:04:27.231767+00:00,2025-11-30T09:04:27.231777+00:00
41,59,40,0.0,0.0,23.08,2025-11-30T09:04:27.234421+00:00,2025-11-30T09:04:27.234430+00:00
42,59,34,123.8,0.0,47.43,2025-11-30T09:04:27.236759+00:00,2025-11-30T09:04:27.236770+00:00
43,59,20,77.36,0.0,76.53,2025-11-30T09:04:27.239842+00:00,2025-11-30T09:04:27.239851+00:00
44,59,22,0.0,42.16,21.83,2025-11-30T09:04:27.241910+00:00,2025-11-30T09:04:27.241916+00:00
45,59,41,6.35,0.0,3.92,2025-11-30T09:04:27.244944+00:00,2025-11-30T09:04:27.244954+00:00
46,59,44,0.0,0.0,7.09,2025-11-30T09:04:27.248886+00:00,2025-11-30T09:04:27.248896+00:00
47,59,31,0.0,35.43,41.05,2025-11-30T09:04:27.250939+00:00,2025-11-30T09:04:27.250947+00:00
48,59,23,21.45,0.0,12.22,2025-11-30T09:04:27.253007+00:00,2025-11-30T09:04:27.253013+00:00
49,59,39,0.0,103.74,38.39,2025-11-30T09:04:27.254942+00:00,2025-11-30T09:04:27.254953+00:00
50,59,32,0.0,0.0,10.88,2025-11-30T09:04:27.257559+00:00,2025-11-30T09:04:27.257566+00:00
51,59,35,0.0,21.11,57.67,2025-11-30T09:04:27.260044+00:00,2025-11-30T09:04:27.260055+00:00
52,59,43,23.6,0.0,14.54,2025-11-30T09:04:27.265102+00:00,2025-11-30T09:04:27.265111+00:00
53,59,42,0.0,0.0,27.39,2025-11-30T09:04:27.267787+00:00,2025-11-30T09:04:27.267796+00:00
54,61,42,73.76,0.0,29.02,2025-11-30T09:04:27.269934+00:00,2025-11-30T09:04:27.269941+00:00
55,61,38,0.0,0.0,58.93,2025-11-30T09:04:27.272128+00:00,2025-11-30T09:04:27.272135+00:00
56,61,16,0.0,0.0,43.62,2025-11-30T09:04:27.274765+00:00,2025-11-30T09:04:27.274773+00:00
57,61,15,0.0,59.06,76.41,2025-11-30T09:04:27.279203+00:00,2025-11-30T09:04:27.279217+00:00
58,61,25,0.0,66.68,90.92,2025-11-30T09:04:27.282744+00:00,2025-11-30T09:04:27.282753+00:00
59,61,37,0.0,0.0,73.68,2025-11-30T09:04:27.284905+00:00,2025-11-30T09:04:27.284913+00:00
60,61,17,0.0,65.79,38.26,2025-11-30T09:04:27.287142+00:00,2025-11-30T09:04:27.287149+00:00
61,61,24,52.38,0.0,16.89,2025-11-30T09:04:27.289473+00:00,2025-11-30T09:04:27.289481+00:00
62,61,22,0.0,0.0,38.5,2025-11-30T09:04:27.291416+00:00,2025-11-30T09:04:27.291423+00:00
63,61,30,58.77,0.0,23.6,2025-11-30T09:04:27.293248+00:00,2025-11-30T09:04:27.293254+00:00
64,61,29,0.0,6.81,41.51,2025-11-30T09:04:27.298644+00:00,2025-11-30T09:04:27.298654+00:00
65,61,27,0.0,180.07,68.47,2025-11-30T09:04:27.301460+00:00,2025-11-30T09:04:27.301469+00:00
66,61,21,0.0,48.05,31.78,2025-11-30T09:04:27.303734+00:00,2025-11-30T09:04:27.303741+00:00
67,61,20,60.78,0.0,39.54,2025-11-30T09:04:27.305725+00:00,2025-11-30T09:04:27.305732+00:00
68,61,41,0.0,0.0,45.79,2025-11-30T09:04:27.308259+00:00,2025-11-30T09:04:27.308266+00:00
69,61,36,0.0,0.0,41.3,2025-11-30T09:04:27.310515+00:00,2025-11-30T09:04:27.310538+00:00
70,62,19,418.13,0.0,443.65,2025-11-30T09:04:27.314518+00:00,2025-11-30T09:04:27.314528+00:00
71,62,38,0.0,0.0,355.07,2025-11-30T09:04:27.317242+00:00,2025-11-30T09:04:27.317250+00:00
72,62,16,0.0,0.0,616.42,2025-11-30T09:04:27.319654+00:00,2025-11-30T09:04:27.319662+00:00
73,62,26,0.0,1558.71,733.95,2025-11-30T09:04:27.321588+00:00,2025-11-30T09:04:27.321596+00:00
74,62,17,664.85,0.0,864.93,2025-11-30T09:04:27.323894+00:00,2025-11-30T09:04:27.323901+00:00
75,62,34,0.0,0.0,440.53,2025-11-30T09:04:27.326232+00:00,2025-11-30T09:04:27.326241+00:00
76,62,20,305.35,0.0,135.36,2025-11-30T09:04:27.331067+00:00,2025-11-30T09:04:27.331080+00:00
77,62,15,0.0,0.0,102.01,2025-11-30T09:04:27.333817+00:00,2025-11-30T09:04:27.333825+00:00
78,62,30,1272.9,0.0,724.9,2025-11-30T09:04:27.335708+00:00,2025-11-30T09:04:27.335713+00:00
79,62,36,0.0,0.0,471.37,2025-11-30T09:04:27.338082+00:00,2025-11-30T09:04:27.338090+00:00
80,62,31,0.0,0.0,292.33,2025-11-30T09:04:27.340314+00:00,2025-11-30T09:04:27.340320+00:00
81,62,35,0.0,0.0,269.65,2025-11-30T09:04:27.342232+00:00,2025-11-30T09:04:27.342239+00:00
82,62,28,0.0,0.0,259.24,2025-11-30T09:04:27.344859+00:00,2025-11-30T09:04:27.344869+00:00
83,62,40,621.99,0.0,326.32,2025-11-30T09:04:27.348578+00:00,2025-11-30T09:04:27.348588+00:00
84,62,21,0.0,0.0,174.18,2025-11-30T09:04:27.350558+00:00,2025-11-30T09:04:27.350565+00:00
85,62,39,0.0,656.72,419.03,2025-11-30T09:04:27.352386+00:00,2025-11-30T09:04:27.352393+00:00
86,63,20,0.0,0.0,4.41,2025-11-30T09:04:27.354191+00:00,2025-11-30T09:04:27.354198+00:00
87,63,21,0.0,0.0,23.23,2025-11-30T09:04:27.356426+00:00,2025-11-30T09:04:27.356436+00:00
88,63,33,0.0,0.0,82.62,2025-11-30T09:04:27.358884+00:00,2025-11-30T09:04:27.358892+00:00
89,63,29,0.0,0.0,83.13,2025-11-30T09:04:27.362754+00:00,2025-11-30T09:04:27.362765+00:00
90,63,26,0.0,26.04,14.88,2025-11-30T09:04:27.366764+00:00,2025-11-30T09:04:27.366775+00:00
91,63,16,0.0,0.0,90.99,2025-11-30T09:04:27.369162+00:00,2025-11-30T09:04:27.369169+00:00
92,63,39,0.0,0.0,15.18,2025-11-30T09:04:27.371265+00:00,2025-11-30T09:04:27.371272+00:00
93,63,19,21.59,40.28,33.69,2025-11-30T09:04:27.373103+00:00,2025-11-30T09:04:27.373109+00:00
94,63,42,0.0,0.0,1.92,2025-11-30T09:04:27.375197+00:00,2025-11-30T09:04:27.375203+00:00
95,63,27,0.0,0.0,6.64,2025-11-30T09:04:27.379293+00:00,2025-11-30T09:04:27.379303+00:00
96,63,17,0.0,0.0,37.54,2025-11-30T09:04:27.382063+00:00,2025-11-30T09:04:27.382072+00:00
97,63,35,189.6,0.0,93.0,2025-11-30T09:04:27.383904+00:00,2025-11-30T09:04:27.383911+00:00
98,63,31,0.0,0.0,48.71,2025-11-30T09:04:27.386724+00:00,2025-11-30T09:04:27.386734+00:00
99,63,43,0.0,69.7,25.72,2025-11-30T09:04:27.389438+00:00,2025-11-30T09:04:27.389448+00:00
100,64,40,0.0,86.36,50.99,2025-11-30T09:04:27.391714+00:00,2025-11-30T09:04:27.391723+00:00
101,64,42,0.0,0.0,4.99,2025-11-30T09:04:27.394703+00:00,2025-11-30T09:04:27.394715+00:00
102,64,36,0.0,44.67,30.16,2025-11-30T09:04:27.399288+00:00,2025-11-30T09:04:27.399299+00:00
103,64,17,0.0,0.0,1.89,2025-11-30T09:04:27.401513+00:00,2025-11-30T09:04:27.401520+00:00
104,64,30,138.13,0.0,50.0,2025-11-30T09:04:27.403638+00:00,2025-11-30T09:04:27.403645+00:00
105,64,31,50.79,59.88,79.13,2025-11-30T09:04:27.405762+00:00,2025-11-30T09:04:27.405769+00:00
106,64,20,127.98,0.0,51.24,2025-11-30T09:04:27.407952+00:00,2025-11-30T09:04:27.407959+00:00
107,64,24,0.0,64.11,27.17,2025-11-30T09:04:27.410108+00:00,2025-11-30T09:04:27.410118+00:00
108,64,21,0.0,0.0,23.62,2025-11-30T09:04:27.414076+00:00,2025-11-30T09:04:27.414086+00:00
109,64,37,0.0,0.0,5.11,2025-11-30T09:04:27.416482+00:00,2025-11-30T09:04:27.416492+00:00
110,64,28,62.74,0.0,41.02,2025-11-30T09:04:27.419112+00:00,2025-11-30T09:04:27.419119+00:00
111,64,41,0.0,18.66,7.74,2025-11-30T09:04:27.421141+00:00,2025-11-30T09:04:27.421148+00:00
112,64,19,0.0,98.8,70.18,2025-11-30T09:04:27.423328+00:00,2025-11-30T09:04:27.423335+00:00
113,64,35,0.0,9.71,6.43,2025-11-30T09:04:27.425343+00:00,2025-11-30T09:04:27.425349+00:00
114,64,15,0.0,0.0,3.13,2025-11-30T09:04:27.429960+00:00,2025-11-30T09:04:27.429972+00:00
115,64,26,0.0,0.0,12.82,2025-11-30T09:04:27.432706+00:00,2025-11-30T09:04:27.432716+00:00
116,64,39,0.0,0.0,35.13,2025-11-30T09:04:27.434845+00:00,2025-11-30T09:04:27.434853+00:00
117,65,21,1060.51,0.0,452.03,2025-11-30T09:04:27.437134+00:00,2025-11-30T09:04:27.437166+00:00
118,65,32,0.0,0.0,95.38,2025-11-30T09:04:27.439526+00:00,2025-11-30T09:04:27.439533+00:00
119,65,16,0.0,0.0,132.28,2025-11-30T09:04:27.441777+00:00,2025-11-30T09:04:27.441783+00:00
120,65,27,0.0,577.97,288.41,2025-11-30T09:04:27.444876+00:00,2025-11-30T09:04:27.444886+00:00
121,65,17,0.0,373.7,260.86,2025-11-30T09:04:27.448255+00:00,2025-11-30T09:04:27.448265+00:00
122,65,18,0.0,0.0,357.59,2025-11-30T09:04:27.450388+00:00,2025-11-30T09:04:27.450394+00:00
123,65,37,0.0,0.0,267.79,2025-11-30T09:04:27.453014+00:00,2025-11-30T09:04:27.453021+00:00
124,65,35,782.51,1557.59,845.32,2025-11-30T09:04:27.455354+00:00,2025-11-30T09:04:27.455361+00:00
125,65,20,764.03,0.0,436.44,2025-11-30T09:04:27.457556+00:00,2025-11-30T09:04:27.457563+00:00
126,65,22,0.0,437.84,472.38,2025-11-30T09:04:27.459886+00:00,2025-11-30T09:04:27.459894+00:00
127,65,26,0.0,0.0,400.5,2025-11-30T09:04:27.464463+00:00,2025-11-30T09:04:27.464472+00:00
128,65,44,0.0,205.12,537.0,2025-11-30T09:04:27.467461+00:00,2025-11-30T09:04:27.467471+00:00
129,65,29,0.0,0.0,360.49,2025-11-30T09:04:27.469480+00:00,2025-11-30T09:04:27.469487+00:00
130,65,24,820.95,0.0,413.35,2025-11-30T09:04:27.471456+00:00,2025-11-30T09:04:27.471463+00:00
131,65,34,299.93,0.0,209.9,2025-11-30T09:04:27.473295+00:00,2025-11-30T09:04:27.473301+00:00
132,65,39,0.0,310.77,132.64,2025-11-30T09:04:27.475134+00:00,2025-11-30T09:04:27.475139+00:00
133,65,31,0.0,733.11,448.74,2025-11-30T09:04:27.478345+00:00,2025-11-30T09:04:27.478359+00:00
134,66,31,62.59,0.0,26.39,2025-11-30T09:04:27.481641+00:00,2025-11-30T09:04:27.481649+00:00
135,66,22,0.0,0.0,42.45,2025-11-30T09:04:27.483860+00:00,2025-11-30T09:04:27.483866+00:00
136,66,35,0.0,69.75,25.63,2025-11-30T09:04:27.486497+00:00,2025-11-30T09:04:27.486505+00:00
137,66,34,0.0,133.1,41.44,2025-11-30T09:04:27.488717+00:00,2025-11-30T09:04:27.488725+00:00
138,66,23,0.0,0.0,31.29,2025-11-30T09:04:27.490889+00:00,2025-11-30T09:04:27.490896+00:00
139,66,24,0.0,0.0,76.16,2025-11-30T09:04:27.493521+00:00,2025-11-30T09:04:27.493535+00:00
140,66,16,0.0,0.0,46.62,2025-11-30T09:04:27.498347+00:00,2025-11-30T09:04:27.498357+00:00
141,66,42,0.0,0.0,48.79,2025-11-30T09:04:27.501144+00:00,2025-11-30T09:04:27.501153+00:00
142,66,25,0.0,0.0,7.0,2025-11-30T09:04:27.503156+00:00,2025-11-30T09:04:27.503163+00:00
143,66,27,4.97,0.0,120.85,2025-11-30T09:04:27.505118+00:00,2025-11-30T09:04:27.505125+00:00
144,66,38,0.0,76.89,38.39,2025-11-30T09:04:27.507333+00:00,2025-11-30T09:04:27.507341+00:00
145,66,30,94.23,0.0,47.32,2025-11-30T09:04:27.509273+00:00,2025-11-30T09:04:27.509279+00:00
146,66,32,33.88,0.0,22.12,2025-11-30T09:04:27.512237+00:00,2025-11-30T09:04:27.512248+00:00
147,66,26,0.0,0.0,3.51,2025-11-30T09:04:27.515296+00:00,2025-11-30T09:04:27.515305+00:00
148,66,19,0.0,0.0,46.64,2025-11-30T09:04:27.519262+00:00,2025-11-30T09:04:27.519271+00:00
149,66,36,0.0,0.0,29.6,2025-11-30T09:04:27.521780+00:00,2025-11-30T09:04:27.521787+00:00
150,67,23,80.36,0.0,29.59,2025-11-30T09:04:27.524633+00:00,2025-11-30T09:04:27.524641+00:00
151,67,41,0.0,103.96,41.26,2025-11-30T09:04:27.528449+00:00,2025-11-30T09:04:27.528471+00:00
152,67,15,0.0,0.0,21.52,2025-11-30T09:04:27.531992+00:00,2025-11-30T09:04:27.532002+00:00
153,67,34,0.0,70.11,35.58,2025-11-30T09:04:27.534343+00:00,2025-11-30T09:04:27.534351+00:00
154,67,31,0.0,0.0,47.88,2025-11-30T09:04:27.536700+00:00,2025-11-30T09:04:27.536708+00:00
155,67,36,0.0,0.0,10.42,2025-11-30T09:04:27.539049+00:00,2025-11-30T09:04:27.539056+00:00
156,67,39,0.0,23.95,52.87,2025-11-30T09:04:27.540890+00:00,2025-11-30T09:04:27.540897+00:00
157,67,38,0.0,0.0,35.79,2025-11-30T09:04:27.542730+00:00,2025-11-30T09:04:27.542736+00:00
158,67,35,0.0,0.0,11.49,2025-11-30T09:04:27.545698+00:00,2025-11-30T09:04:27.545709+00:00
159,67,19,22.68,0.0,12.88,2025-11-30T09:04:27.548830+00:00,2025-11-30T09:04:27.548840+00:00
160,67,16,0.0,0.0,17.18,2025-11-30T09:04:27.550686+00:00,2025-11-30T09:04:27.550694+00:00
161,67,32,0.0,0.0,32.99,2025-11-30T09:04:27.552621+00:00,2025-11-30T09:04:27.552627+00:00
162,67,22,33.82,0.0,21.48,2025-11-30T09:04:27.555004+00:00,2025-11-30T09:04:27.555011+00:00
163,67,30,0.0,2.93,45.29,2025-11-30T09:04:27.559987+00:00,2025-11-30T09:04:27.559999+00:00
164,67,24,0.0,0.0,112.22,2025-11-30T09:04:27.565289+00:00,2025-11-30T09:04:27.565298+00:00
165,67,40,0.0,0.0,8.96,2025-11-30T09:04:27.567905+00:00,2025-11-30T09:04:27.567915+00:00
166,67,43,0.0,0.0,26.25,2025-11-30T09:04:27.569940+00:00,2025-11-30T09:04:27.569948+00:00
167,67,18,0.0,0.0,31.12,2025-11-30T09:04:27.571848+00:00,2025-11-30T09:04:27.571855+00:00
168,68,28,0.0,188.75,128.25,2025-11-30T09:04:27.573803+00:00,2025-11-30T09:04:27.573810+00:00
169,68,29,0.0,133.2,45.94,2025-11-30T09:04:27.575629+00:00,2025-11-30T09:04:27.575635+00:00
170,68,21,33.61,0.0,17.08,2025-11-30T09:04:27.580010+00:00,2025-11-30T09:04:27.580020+00:00
171,68,33,0.0,138.4,60.84,2025-11-30T09:04:27.582234+00:00,2025-11-30T09:04:27.582241+00:00
172,68,23,92.23,0.0,29.34,2025-11-30T09:04:27.584032+00:00,2025-11-30T09:04:27.584039+00:00
173,68,16,0.0,39.12,15.35,2025-11-30T09:04:27.586190+00:00,2025-11-30T09:04:27.586197+00:00
174,68,38,0.0,60.34,84.74,2025-11-30T09:04:27.588142+00:00,2025-11-30T09:04:27.588149+00:00
175,68,36,80.91,0.0,44.1,2025-11-30T09:04:27.590190+00:00,2025-11-30T09:04:27.590196+00:00
176,68,22,100.89,0.0,48.95,2025-11-30T09:04:27.591924+00:00,2025-11-30T09:04:27.591930+00:00
177,68,27,65.1,0.0,23.57,2025-11-30T09:04:27.595838+00:00,2025-11-30T09:04:27.595849+00:00
178,68,42,0.0,43.13,95.96,2025-11-30T09:04:27.600088+00:00,2025-11-30T09:04:27.600098+00:00
179,68,24,0.0,52.7,28.28,2025-11-30T09:04:27.602323+00:00,2025-11-30T09:04:27.602331+00:00
180,68,25,0.0,0.0,8.31,2025-11-30T09:04:27.604198+00:00,2025-11-30T09:04:27.604207+00:00
181,68,34,16.9,0.0,10.22,2025-11-30T09:04:27.606156+00:00,2025-11-30T09:04:27.606162+00:00
182,68,30,0.0,0.0,15.86,2025-11-30T09:04:27.608660+00:00,2025-11-30T09:04:27.608666+00:00
183,68,39,0.0,0.0,23.85,2025-11-30T09:04:27.611527+00:00,2025-11-30T09:04:27.611538+00:00
184,71,18,0.0,0.0,45.8,2025-11-30T09:04:27.614823+00:00,2025-11-30T09:04:27.614833+00:00
185,71,22,0.0,0.0,48.3,2025-11-30T09:04:27.617446+00:00,2025-11-30T09:04:27.617457+00:00
186,71,19,0.0,0.0,12.27,2025-11-30T09:04:27.619811+00:00,2025-11-30T09:04:27.619818+00:00
187,71,36,0.0,0.0,38.4,2025-11-30T09:04:27.622402+00:00,2025-11-30T09:04:27.622409+00:00
188,71,29,0.0,0.0,9.29,2025-11-30T09:04:27.624611+00:00,2025-11-30T09:04:27.624618+00:00
189,71,35,127.71,0.0,42.11,2025-11-30T09:04:27.627910+00:00,2025-11-30T09:04:27.627925+00:00
190,71,15,0.0,51.09,68.9,2025-11-30T09:04:27.631842+00:00,2025-11-30T09:04:27.631852+00:00
191,71,31,0.0,0.0,24.3,2025-11-30T09:04:27.634250+00:00,2025-11-30T09:04:27.634258+00:00
192,71,16,0.0,0.0,19.58,2025-11-30T09:04:27.636674+00:00,2025-11-30T09:04:27.636681+00:00
193,71,20,0.0,0.0,42.42,2025-11-30T09:04:27.639258+00:00,2025-11-30T09:04:27.639266+00:00
194,71,43,17.55,0.0,11.36,2025-11-30T09:04:27.641318+00:00,2025-11-30T09:04:27.641325+00:00
195,71,44,0.0,0.0,45.07,2025-11-30T09:04:27.643690+00:00,2025-11-30T09:04:27.643718+00:00
196,71,25,49.53,0.0,29.76,2025-11-30T09:04:27.648256+00:00,2025-11-30T09:04:27.648266+00:00
197,71,24,44.97,0.0,28.77,2025-11-30T09:04:27.652586+00:00,2025-11-30T09:04:27.652595+00:00
198,71,39,37.03,0.0,25.54,2025-11-30T09:04:27.655055+00:00,2025-11-30T09:04:27.655063+00:00
199,71,41,0.0,0.0,30.65,2025-11-30T09:04:27.657655+00:00,2025-11-30T09:04:27.657663+00:00
200,71,33,0.0,92.88,38.84,2025-11-30T09:04:27.660408+00:00,2025-11-30T09:04:27.660420+00:00
201,71,23,0.0,0.0,35.87,2025-11-30T09:04:27.665099+00:00,2025-11-30T09:04:27.665109+00:00
202,74,15,0.0,0.0,18.64,2025-11-30T09:04:27.667817+00:00,2025-11-30T09:04:27.667826+00:00
203,74,29,0.0,5.19,2.29,2025-11-30T09:04:27.669977+00:00,2025-11-30T09:04:27.669985+00:00
204,74,25,0.0,33.62,15.3,2025-11-30T09:04:27.671983+00:00,2025-11-30T09:04:27.671989+00:00
205,74,43,94.02,0.0,34.58,2025-11-30T09:04:27.673854+00:00,2025-11-30T09:04:27.673860+00:00
206,74,19,47.6,29.95,64.77,2025-11-30T09:04:27.675772+00:00,2025-11-30T09:04:27.675777+00:00
207,74,23,0.0,0.0,30.1,2025-11-30T09:04:27.680091+00:00,2025-11-30T09:04:27.680100+00:00
208,74,27,0.0,0.0,96.3,2025-11-30T09:04:27.682555+00:00,2025-11-30T09:04:27.682563+00:00
209,74,42,0.0,0.0,16.71,2025-11-30T09:04:27.684718+00:00,2025-11-30T09:04:27.684725+00:00
210,74,36,0.0,0.0,47.21,2025-11-30T09:04:27.687111+00:00,2025-11-30T09:04:27.687118+00:00
211,74,17,0.0,0.0,7.82,2025-11-30T09:04:27.690084+00:00,2025-11-30T09:04:27.690092+00:00
212,74,28,0.0,42.66,23.0,2025-11-30T09:04:27.692583+00:00,2025-11-30T09:04:27.692590+00:00
213,74,44,68.7,89.56,78.43,2025-11-30T09:04:27.697636+00:00,2025-11-30T09:04:27.697646+00:00
214,74,16,0.0,0.0,48.32,2025-11-30T09:04:27.700492+00:00,2025-11-30T09:04:27.700501+00:00
215,74,31,0.0,0.0,19.33,2025-11-30T09:04:27.702452+00:00,2025-11-30T09:04:27.702459+00:00
216,74,18,0.0,0.0,16.63,2025-11-30T09:04:27.704343+00:00,2025-11-30T09:04:27.704349+00:00
217,75,36,50.46,0.0,26.28,2025-11-30T09:04:27.706150+00:00,2025-11-30T09:04:27.706156+00:00
218,75,22,0.0,18.0,10.13,2025-11-30T09:04:27.708547+00:00,2025-11-30T09:04:27.708554+00:00
219,75,43,0.0,0.0,30.02,2025-11-30T09:04:27.711087+00:00,2025-11-30T09:04:27.711096+00:00
220,75,39,0.0,0.0,84.05,2025-11-30T09:04:27.714509+00:00,2025-11-30T09:04:27.714519+00:00
221,75,18,0.0,0.0,26.86,2025-11-30T09:04:27.716872+00:00,2025-11-30T09:04:27.716881+00:00
222,75,33,0.0,0.0,77.56,2025-11-30T09:04:27.719575+00:00,2025-11-30T09:04:27.719586+00:00
223,75,40,0.0,79.78,33.93,2025-11-30T09:04:27.722210+00:00,2025-11-30T09:04:27.722218+00:00
224,75,26,0.0,50.8,52.68,2025-11-30T09:04:27.724727+00:00,2025-11-30T09:04:27.724734+00:00
225,75,35,6.3,0.0,51.26,2025-11-30T09:04:27.728034+00:00,2025-11-30T09:04:27.728047+00:00
226,75,16,0.0,65.47,24.75,2025-11-30T09:04:27.731876+00:00,2025-11-30T09:04:27.731886+00:00
227,75,30,0.0,0.0,21.37,2025-11-30T09:04:27.734786+00:00,2025-11-30T09:04:27.734797+00:00
228,75,15,0.0,0.0,2.6,2025-11-30T09:04:27.737326+00:00,2025-11-30T09:04:27.737333+00:00
229,75,41,0.0,0.0,27.77,2025-11-30T09:04:27.739439+00:00,2025-11-30T09:04:27.739445+00:00
230,75,17,0.0,98.82,39.01,2025-11-30T09:04:27.741633+00:00,2025-11-30T09:04:27.741639+00:00
231,75,23,78.43,0.0,48.18,2025-11-30T09:04:27.745026+00:00,2025-11-30T09:04:27.745037+00:00
232,75,19,19.05,0.0,8.17,2025-11-30T09:04:27.748735+00:00,2025-11-30T09:04:27.748745+00:00
233,75,27,0.0,71.88,29.29,2025-11-30T09:04:27.750720+00:00,2025-11-30T09:04:27.750728+00:00
234,76,42,0.0,0.0,32.11,2025-11-30T09:04:27.752642+00:00,2025-11-30T09:04:27.752648+00:00
235,76,27,0.0,0.0,76.66,2025-11-30T09:04:27.754716+00:00,2025-11-30T09:04:27.754724+00:00
236,76,32,0.0,0.0,87.4,2025-11-30T09:04:27.757556+00:00,2025-11-30T09:04:27.757565+00:00
237,76,35,52.07,11.03,35.21,2025-11-30T09:04:27.760921+00:00,2025-11-30T09:04:27.760935+00:00
238,76,21,0.0,0.0,8.79,2025-11-30T09:04:27.765416+00:00,2025-11-30T09:04:27.765426+00:00
239,76,23,60.72,0.0,84.64,2025-11-30T09:04:27.768615+00:00,2025-11-30T09:04:27.768624+00:00
240,76,38,0.0,0.0,64.31,2025-11-30T09:04:27.770722+00:00,2025-11-30T09:04:27.770729+00:00
241,76,19,45.9,0.0,50.6,2025-11-30T09:04:27.773051+00:00,2025-11-30T09:04:27.773057+00:00
242,76,37,0.0,0.0,39.86,2025-11-30T09:04:27.774893+00:00,2025-11-30T09:04:27.774899+00:00
243,76,25,0.0,0.0,7.72,2025-11-30T09:04:27.777933+00:00,2025-11-30T09:04:27.777943+00:00
244,76,15,0.0,52.34,26.37,2025-11-30T09:04:27.781879+00:00,2025-11-30T09:04:27.781892+00:00
245,76,16,0.0,0.0,19.91,2025-11-30T09:04:27.784159+00:00,2025-11-30T09:04:27.784169+00:00
246,76,43,0.0,0.0,46.76,2025-11-30T09:04:27.786277+00:00,2025-11-30T09:04:27.786282+00:00
247,77,18,31.51,27.08,37.73,2025-11-30T09:04:27.789182+00:00,2025-11-30T09:04:27.789191+00:00
248,77,37,13.26,0.0,9.03,2025-11-30T09:04:27.791656+00:00,2025-11-30T09:04:27.791663+00:00
249,77,38,0.0,32.04,19.22,2025-11-30T09:04:27.794865+00:00,2025-11-30T09:04:27.794878+00:00
250,77,39,0.0,0.0,40.55,2025-11-30T09:04:27.798894+00:00,2025-11-30T09:04:27.798904+00:00
251,77,35,0.0,0.0,23.3,2025-11-30T09:04:27.801172+00:00,2025-11-30T09:04:27.801180+00:00
252,77,20,0.0,78.68,44.82,2025-11-30T09:04:27.803097+00:00,2025-11-30T09:04:27.803104+00:00
253,77,15,26.56,0.0,12.98,2025-11-30T09:04:27.805107+00:00,2025-11-30T09:04:27.805113+00:00
254,77,16,0.0,103.97,96.08,2025-11-30T09:04:27.807615+00:00,2025-11-30T09:04:27.807622+00:00
255,77,17,0.0,84.54,44.68,2025-11-30T09:04:27.809441+00:00,2025-11-30T09:04:27.809447+00:00
256,77,22,0.0,0.0,29.99,2025-11-30T09:04:27.813381+00:00,2025-11-30T09:04:27.813390+00:00
257,77,43,2.82,0.0,1.31,2025-11-30T09:04:27.815588+00:00,2025-11-30T09:04:27.815595+00:00
258,77,41,0.0,0.0,1.07,2025-11-30T09:04:27.818237+00:00,2025-11-30T09:04:27.818245+00:00
259,77,31,0.0,0.0,4.67,2025-11-30T09:04:27.820381+00:00,2025-11-30T09:04:27.820387+00:00
260,77,24,0.0,0.0,46.38,2025-11-30T09:04:27.823023+00:00,2025-11-30T09:04:27.823031+00:00
261,77,29,0.0,12.23,4.66,2025-11-30T09:04:27.825411+00:00,2025-11-30T09:04:27.825418+00:00
262,77,19,54.11,0.0,23.03,2025-11-30T09:04:27.829599+00:00,2025-11-30T09:04:27.829612+00:00
263,78,24,0.0,0.0,87.03,2025-11-30T09:04:27.833217+00:00,2025-11-30T09:04:27.833226+00:00
264,78,37,97.33,0.0,69.64,2025-11-30T09:04:27.835593+00:00,2025-11-30T09:04:27.835601+00:00
265,78,27,0.0,0.0,13.75,2025-11-30T09:04:27.838592+00:00,2025-11-30T09:04:27.838601+00:00
266,78,32,38.03,0.0,23.64,2025-11-30T09:04:27.841076+00:00,2025-11-30T09:04:27.841086+00:00
267,78,41,23.27,0.0,10.71,2025-11-30T09:04:27.844110+00:00,2025-11-30T09:04:27.844121+00:00
268,78,17,0.0,12.73,5.16,2025-11-30T09:04:27.848347+00:00,2025-11-30T09:04:27.848356+00:00
269,78,38,0.0,0.0,2.44,2025-11-30T09:04:27.850796+00:00,2025-11-30T09:04:27.850804+00:00
270,78,23,42.9,0.0,60.92,2025-11-30T09:04:27.852739+00:00,2025-11-30T09:04:27.852746+00:00
271,78,28,51.4,0.0,31.91,2025-11-30T09:04:27.854725+00:00,2025-11-30T09:04:27.854732+00:00
272,78,40,0.0,0.0,38.58,2025-11-30T09:04:27.857520+00:00,2025-11-30T09:04:27.857530+00:00
273,78,22,0.0,56.6,38.44,2025-11-30T09:04:27.862750+00:00,2025-11-30T09:04:27.862761+00:00
274,78,26,29.47,0.0,12.59,2025-11-30T09:04:27.865508+00:00,2025-11-30T09:04:27.865517+00:00
275,78,15,0.0,169.05,69.11,2025-11-30T09:04:27.868454+00:00,2025-11-30T09:04:27.868462+00:00
276,78,20,0.0,13.79,5.42,2025-11-30T09:04:27.870389+00:00,2025-11-30T09:04:27.870397+00:00
277,78,25,14.16,0.0,8.24,2025-11-30T09:04:27.873036+00:00,2025-11-30T09:04:27.873043+00:00
278,78,31,0.0,28.53,19.31,2025-11-30T09:04:27.875461+00:00,2025-11-30T09:04:27.875470+00:00
279,80,19,0.0,0.0,39.8,2025-11-30T09:04:27.879925+00:00,2025-11-30T09:04:27.879935+00:00
280,80,32,0.0,50.07,109.46,2025-11-30T09:04:27.882766+00:00,2025-11-30T09:04:27.882772+00:00
281,80,24,54.02,0.0,36.71,2025-11-30T09:04:27.884882+00:00,2025-11-30T09:04:27.884888+00:00
282,80,33,110.57,0.0,93.67,2025-11-30T09:04:27.887082+00:00,2025-11-30T09:04:27.887089+00:00
283,80,18,0.0,52.04,17.23,2025-11-30T09:04:27.889844+00:00,2025-11-30T09:04:27.889853+00:00
284,80,43,0.0,0.0,52.99,2025-11-30T09:04:27.891975+00:00,2025-11-30T09:04:27.891982+00:00
285,80,23,34.16,0.0,21.11,2025-11-30T09:04:27.895721+00:00,2025-11-30T09:04:27.895747+00:00
286,80,30,39.66,0.0,46.44,2025-11-30T09:04:27.899599+00:00,2025-11-30T09:04:27.899608+00:00
287,80,35,11.74,0.0,31.81,2025-11-30T09:04:27.901700+00:00,2025-11-30T09:04:27.901708+00:00
288,80,34,0.0,15.02,5.75,2025-11-30T09:04:27.903531+00:00,2025-11-30T09:04:27.903539+00:00
289,80,42,0.0,0.0,39.46,2025-11-30T09:04:27.905486+00:00,2025-11-30T09:04:27.905493+00:00
290,80,29,0.0,0.0,12.09,2025-11-30T09:04:27.907636+00:00,2025-11-30T09:04:27.907644+00:00
291,80,36,54.13,0.0,33.74,2025-11-30T09:04:27.909658+00:00,2025-11-30T09:04:27.909665+00:00
292,81,28,0.0,0.0,10.89,2025-11-30T09:04:27.913330+00:00,2025-11-30T09:04:27.913340+00:00
293,81,25,43.62,0.0,20.02,2025-11-30T09:04:27.916277+00:00,2025-11-30T09:04:27.916284+00:00
294,81,29,0.0,0.0,71.68,2025-11-30T09:04:27.919270+00:00,2025-11-30T09:04:27.919278+00:00
295,81,18,61.05,0.0,39.5,2025-11-30T09:04:27.921730+00:00,2025-11-30T09:04:27.921739+00:00
296,81,35,56.52,0.0,29.88,2025-11-30T09:04:27.924116+00:00,2025-11-30T09:04:27.924124+00:00
297,81,37,0.0,31.29,20.39,2025-11-30T09:04:27.926543+00:00,2025-11-30T09:04:27.926576+00:00
298,81,30,10.99,0.0,9.57,2025-11-30T09:04:27.931141+00:00,2025-11-30T09:04:27.931151+00:00
299,81,23,0.0,26.55,10.21,2025-11-30T09:04:27.933700+00:00,2025-11-30T09:04:27.933708+00:00
300,81,39,0.0,72.2,26.25,2025-11-30T09:04:27.936827+00:00,2025-11-30T09:04:27.936842+00:00
301,81,19,16.5,0.0,10.45,2025-11-30T09:04:27.939719+00:00,2025-11-30T09:04:27.939728+00:00
302,81,33,0.0,0.0,9.01,2025-11-30T09:04:27.942234+00:00,2025-11-30T09:04:27.942242+00:00
303,81,24,0.0,0.0,3.43,2025-11-30T09:04:27.946154+00:00,2025-11-30T09:04:27.946166+00:00
304,81,15,0.0,60.54,32.72,2025-11-30T09:04:27.948675+00:00,2025-11-30T09:04:27.948683+00:00
305,81,40,0.0,0.0,21.77,2025-11-30T09:04:27.950728+00:00,2025-11-30T09:04:27.950736+00:00
306,81,32,0.0,0.0,34.54,2025-11-30T09:04:27.953080+00:00,2025-11-30T09:04:27.953088+00:00
307,81,42,0.0,0.0,33.15,2025-11-30T09:04:27.955051+00:00,2025-11-30T09:04:27.955060+00:00
308,82,43,0.0,0.0,33.37,2025-11-30T09:04:27.957754+00:00,2025-11-30T09:04:27.957762+00:00
309,82,24,31.54,0.0,36.23,2025-11-30T09:04:27.961085+00:00,2025-11-30T09:04:27.961099+00:00
310,82,21,74.39,62.36,68.28,2025-11-30T09:04:27.965028+00:00,2025-11-30T09:04:27.965038+00:00
311,82,32,0.0,0.0,33.07,2025-11-30T09:04:27.967620+00:00,2025-11-30T09:04:27.967629+00:00
312,82,28,20.34,0.0,28.56,2025-11-30T09:04:27.969600+00:00,2025-11-30T09:04:27.969608+00:00
313,82,42,0.0,0.0,44.58,2025-11-30T09:04:27.971514+00:00,2025-11-30T09:04:27.971521+00:00
314,82,19,0.0,79.13,39.17,2025-11-30T09:04:27.973305+00:00,2025-11-30T09:04:27.973311+00:00
315,82,16,0.0,0.0,14.4,2025-11-30T09:04:27.975121+00:00,2025-11-30T09:04:27.975127+00:00
316,82,30,56.22,0.0,31.11,2025-11-30T09:04:27.979383+00:00,2025-11-30T09:04:27.979397+00:00
317,82,15,54.12,0.0,36.8,2025-11-30T09:04:27.982507+00:00,2025-11-30T09:04:27.982515+00:00
318,82,18,0.0,0.0,19.91,2025-11-30T09:04:27.985177+00:00,2025-11-30T09:04:27.985187+00:00
319,82,31,0.0,0.0,44.51,2025-11-30T09:04:27.987914+00:00,2025-11-30T09:04:27.987925+00:00
320,82,33,33.84,0.0,18.96,2025-11-30T09:04:27.991547+00:00,2025-11-30T09:04:27.991556+00:00
321,82,23,59.56,0.0,33.44,2025-11-30T09:04:27.995417+00:00,2025-11-30T09:04:27.995445+00:00
322,82,36,0.0,0.0,21.62,2025-11-30T09:04:27.999976+00:00,2025-11-30T09:04:27.999985+00:00
323,82,37,0.0,0.0,41.7,2025-11-30T09:04:28.002751+00:00,2025-11-30T09:04:28.002762+00:00
324,82,26,0.0,0.0,8.86,2025-11-30T09:04:28.004804+00:00,2025-11-30T09:04:28.004823+00:00
325,82,25,4.83,0.0,1.62,2025-11-30T09:04:28.006932+00:00,2025-11-30T09:04:28.006939+00:00
326,83,17,81.28,0.0,71.78,2025-11-30T09:04:28.008900+00:00,2025-11-30T09:04:28.008907+00:00
327,83,16,108.27,0.0,65.22,2025-11-30T09:04:28.013387+00:00,2025-11-30T09:04:28.013400+00:00
328,83,28,65.1,0.0,42.71,2025-11-30T09:04:28.016276+00:00,2025-11-30T09:04:28.016287+00:00
329,83,35,0.0,0.0,87.0,2025-11-30T09:04:28.019104+00:00,2025-11-30T09:04:28.019112+00:00
330,83,37,0.0,35.57,46.25,2025-11-30T09:04:28.021472+00:00,2025-11-30T09:04:28.021480+00:00
331,83,20,0.0,0.0,30.96,2025-11-30T09:04:28.023792+00:00,2025-11-30T09:04:28.023801+00:00
332,83,30,0.0,93.41,44.49,2025-11-30T09:04:28.026135+00:00,2025-11-30T09:04:28.026148+00:00
333,83,15,0.0,0.0,26.44,2025-11-30T09:04:28.031399+00:00,2025-11-30T09:04:28.031410+00:00
334,83,38,0.0,0.0,17.94,2025-11-30T09:04:28.033871+00:00,2025-11-30T09:04:28.033880+00:00
335,83,32,89.67,0.0,32.53,2025-11-30T09:04:28.036543+00:00,2025-11-30T09:04:28.036551+00:00
336,83,42,88.31,0.0,37.82,2025-11-30T09:04:28.038923+00:00,2025-11-30T09:04:28.038931+00:00
337,83,22,0.0,0.0,41.04,2025-11-30T09:04:28.041028+00:00,2025-11-30T09:04:28.041036+00:00
338,83,27,0.0,94.31,28.3,2025-11-30T09:04:28.042999+00:00,2025-11-30T09:04:28.043009+00:00
339,83,41,0.0,0.0,17.27,2025-11-30T09:04:28.047385+00:00,2025-11-30T09:04:28.047396+00:00
340,83,26,0.0,10.24,5.77,2025-11-30T09:04:28.049630+00:00,2025-11-30T09:04:28.049638+00:00
341,83,29,0.0,0.0,6.28,2025-11-30T09:04:28.051586+00:00,2025-11-30T09:04:28.051594+00:00
342,83,18,0.0,0.0,33.26,2025-11-30T09:04:28.053381+00:00,2025-11-30T09:04:28.053387+00:00
343,84,32,286.95,735.89,1099.08,2025-11-30T09:04:28.056032+00:00,2025-11-30T09:04:28.056041+00:00
344,84,38,449.28,476.12,537.3,2025-11-30T09:04:28.058756+00:00,2025-11-30T09:04:28.058766+00:00
345,84,28,0.0,0.0,247.11,2025-11-30T09:04:28.062869+00:00,2025-11-30T09:04:28.062885+00:00
346,84,19,872.42,0.0,1282.46,2025-11-30T09:04:28.066446+00:00,2025-11-30T09:04:28.066456+00:00
347,84,36,0.0,0.0,1292.84,2025-11-30T09:04:28.069737+00:00,2025-11-30T09:04:28.069746+00:00
348,84,27,502.75,0.0,534.41,2025-11-30T09:04:28.072756+00:00,2025-11-30T09:04:28.072765+00:00
349,84,16,0.0,0.0,378.0,2025-11-30T09:04:28.075985+00:00,2025-11-30T09:04:28.075997+00:00
350,84,15,0.0,556.27,340.64,2025-11-30T09:04:28.080897+00:00,2025-11-30T09:04:28.080908+00:00
351,84,35,0.0,592.05,405.98,2025-11-30T09:04:28.083959+00:00,2025-11-30T09:04:28.083970+00:00
352,84,17,1117.87,0.0,388.73,2025-11-30T09:04:28.087251+00:00,2025-11-30T09:04:28.087261+00:00
353,84,23,809.12,0.0,325.27,2025-11-30T09:04:28.090029+00:00,2025-11-30T09:04:28.090038+00:00
354,84,31,486.0,0.0,298.65,2025-11-30T09:04:28.093726+00:00,2025-11-30T09:04:28.093741+00:00
355,84,21,0.0,292.38,128.18,2025-11-30T09:04:28.098909+00:00,2025-11-30T09:04:28.098919+00:00
356,84,34,855.96,0.0,366.67,2025-11-30T09:04:28.102638+00:00,2025-11-30T09:04:28.102649+00:00
357,84,29,0.0,364.78,204.5,2025-11-30T09:04:28.105035+00:00,2025-11-30T09:04:28.105044+00:00
358,84,20,305.42,0.0,168.53,2025-11-30T09:04:28.107776+00:00,2025-11-30T09:04:28.107785+00:00
359,85,32,0.0,1089.04,393.69,2025-11-30T09:04:28.111081+00:00,2025-11-30T09:04:28.111097+00:00
360,85,17,792.59,1200.14,1554.66,2025-11-30T09:04:28.115671+00:00,2025-11-30T09:04:28.115681+00:00
361,85,44,0.0,0.0,242.97,2025-11-30T09:04:28.118426+00:00,2025-11-30T09:04:28.118436+00:00
362,85,36,0.0,598.59,1012.64,2025-11-30T09:04:28.120977+00:00,2025-11-30T09:04:28.120986+00:00
363,85,37,0.0,0.0,902.63,2025-11-30T09:04:28.123138+00:00,2025-11-30T09:04:28.123146+00:00
364,85,22,0.0,0.0,414.64,2025-11-30T09:04:28.125035+00:00,2025-11-30T09:04:28.125044+00:00
365,85,34,0.0,347.01,207.97,2025-11-30T09:04:28.129906+00:00,2025-11-30T09:04:28.129941+00:00
366,85,43,287.66,0.0,157.28,2025-11-30T09:04:28.133312+00:00,2025-11-30T09:04:28.133320+00:00
367,85,21,0.0,0.0,230.0,2025-11-30T09:04:28.135535+00:00,2025-11-30T09:04:28.135543+00:00
368,85,19,0.0,0.0,482.64,2025-11-30T09:04:28.138078+00:00,2025-11-30T09:04:28.138088+00:00
369,85,29,0.0,0.0,405.4,2025-11-30T09:04:28.140585+00:00,2025-11-30T09:04:28.140593+00:00
370,85,16,0.0,0.0,354.64,2025-11-30T09:04:28.143221+00:00,2025-11-30T09:04:28.143255+00:00
371,85,33,0.0,545.79,275.17,2025-11-30T09:04:28.147679+00:00,2025-11-30T09:04:28.147689+00:00
372,86,42,61.51,0.0,22.86,2025-11-30T09:04:28.150144+00:00,2025-11-30T09:04:28.150152+00:00
373,86,38,0.0,0.0,2.98,2025-11-30T09:04:28.152264+00:00,2025-11-30T09:04:28.152272+00:00
374,86,22,42.78,0.0,33.86,2025-11-30T09:04:28.154475+00:00,2025-11-30T09:04:28.154483+00:00
375,86,43,114.17,0.0,68.2,2025-11-30T09:04:28.157268+00:00,2025-11-30T09:04:28.157277+00:00
376,86,23,0.0,43.11,19.46,2025-11-30T09:04:28.160827+00:00,2025-11-30T09:04:28.160844+00:00
377,86,17,0.0,23.03,57.02,2025-11-30T09:04:28.165672+00:00,2025-11-30T09:04:28.165732+00:00
378,86,26,0.0,0.0,44.47,2025-11-30T09:04:28.168564+00:00,2025-11-30T09:04:28.168573+00:00
379,86,36,0.0,118.13,98.49,2025-11-30T09:04:28.170621+00:00,2025-11-30T09:04:28.170629+00:00
380,86,21,0.0,0.0,2.1,2025-11-30T09:04:28.172532+00:00,2025-11-30T09:04:28.172540+00:00
381,86,35,9.27,0.0,3.74,2025-11-30T09:04:28.174707+00:00,2025-11-30T09:04:28.174714+00:00
382,86,33,0.0,0.0,47.42,2025-11-30T09:04:28.178319+00:00,2025-11-30T09:04:28.178336+00:00
383,86,20,0.0,0.0,30.44,2025-11-30T09:04:28.182109+00:00,2025-11-30T09:04:28.182119+00:00
384,86,41,14.67,0.0,9.69,2025-11-30T09:04:28.184258+00:00,2025-11-30T09:04:28.184265+00:00
385,86,32,69.95,0.0,74.07,2025-11-30T09:04:28.186760+00:00,2025-11-30T09:04:28.186769+00:00
386,86,30,0.0,0.0,29.86,2025-11-30T09:04:28.188915+00:00,2025-11-30T09:04:28.188923+00:00
387,86,18,0.0,22.22,13.47,2025-11-30T09:04:28.191215+00:00,2025-11-30T09:04:28.191236+00:00
388,86,28,0.0,2.13,1.27,2025-11-30T09:04:28.195519+00:00,2025-11-30T09:04:28.195533+00:00
389,86,31,0.0,0.0,33.07,2025-11-30T09:04:28.199682+00:00,2025-11-30T09:04:28.199692+00:00
390,86,19,0.0,0.0,13.8,2025-11-30T09:04:28.201999+00:00,2025-11-30T09:04:28.202007+00:00
391,87,38,0.0,0.0,70.45,2025-11-30T09:04:28.203989+00:00,2025-11-30T09:04:28.203995+00:00
392,87,40,0.0,0.0,43.9,2025-11-30T09:04:28.205820+00:00,2025-11-30T09:04:28.205826+00:00
393,87,19,0.0,0.0,5.32,2025-11-30T09:04:28.208327+00:00,2025-11-30T09:04:28.208335+00:00
394,87,41,0.0,0.0,22.51,2025-11-30T09:04:28.211873+00:00,2025-11-30T09:04:28.211885+00:00
395,87,21,29.46,0.0,39.78,2025-11-30T09:04:28.214814+00:00,2025-11-30T09:04:28.214822+00:00
396,87,20,0.0,0.0,39.2,2025-11-30T09:04:28.217394+00:00,2025-11-30T09:04:28.217403+00:00
397,87,31,88.57,0.0,46.04,2025-11-30T09:04:28.219888+00:00,2025-11-30T09:04:28.219895+00:00
398,87,26,0.0,0.0,12.09,2025-11-30T09:04:28.222160+00:00,2025-11-30T09:04:28.222167+00:00
399,87,23,0.0,0.0,25.81,2025-11-30T09:04:28.224903+00:00,2025-11-30T09:04:28.224911+00:00
400,87,39,57.02,0.0,61.16,2025-11-30T09:04:28.229412+00:00,2025-11-30T09:04:28.229441+00:00
401,87,17,0.0,87.17,50.55,2025-11-30T09:04:28.232693+00:00,2025-11-30T09:04:28.232703+00:00
402,87,32,0.0,0.0,13.16,2025-11-30T09:04:28.234936+00:00,2025-11-30T09:04:28.234943+00:00
403,87,36,0.0,0.0,37.12,2025-11-30T09:04:28.237192+00:00,2025-11-30T09:04:28.237200+00:00
404,87,34,94.88,0.0,42.55,2025-11-30T09:04:28.239695+00:00,2025-11-30T09:04:28.239702+00:00
405,87,42,0.0,0.0,9.96,2025-11-30T09:04:28.241937+00:00,2025-11-30T09:04:28.241943+00:00
406,87,27,0.0,0.0,48.85,2025-11-30T09:04:28.245576+00:00,2025-11-30T09:04:28.245587+00:00
407,88,27,0.0,0.0,18.72,2025-11-30T09:04:28.249099+00:00,2025-11-30T09:04:28.249107+00:00
408,88,23,0.0,0.0,56.58,2025-11-30T09:04:28.251247+00:00,2025-11-30T09:04:28.251255+00:00
409,88,26,0.0,0.0,14.7,2025-11-30T09:04:28.253498+00:00,2025-11-30T09:04:28.253505+00:00
410,88,41,0.0,0.0,40.4,2025-11-30T09:04:28.256461+00:00,2025-11-30T09:04:28.256476+00:00
411,88,40,0.0,0.0,40.48,2025-11-30T09:04:28.259350+00:00,2025-11-30T09:04:28.259357+00:00
412,88,35,0.0,0.0,34.1,2025-11-30T09:04:28.264468+00:00,2025-11-30T09:04:28.264478+00:00
413,88,37,28.78,0.0,11.56,2025-11-30T09:04:28.267106+00:00,2025-11-30T09:04:28.267116+00:00
414,88,38,0.0,0.0,18.69,2025-11-30T09:04:28.269619+00:00,2025-11-30T09:04:28.269626+00:00
415,88,28,0.0,0.0,43.5,2025-11-30T09:04:28.271642+00:00,2025-11-30T09:04:28.271648+00:00
416,88,43,0.0,0.0,31.07,2025-11-30T09:04:28.273777+00:00,2025-11-30T09:04:28.273783+00:00
417,88,44,0.0,0.0,31.93,2025-11-30T09:04:28.276580+00:00,2025-11-30T09:04:28.276607+00:00
418,88,25,0.0,0.0,16.53,2025-11-30T09:04:28.280686+00:00,2025-11-30T09:04:28.280696+00:00
419,88,42,64.91,0.0,36.66,2025-11-30T09:04:28.283222+00:00,2025-11-30T09:04:28.283230+00:00
420,88,21,0.0,0.0,6.05,2025-11-30T09:04:28.285170+00:00,2025-11-30T09:04:28.285177+00:00
421,88,39,0.0,11.13,6.09,2025-11-30T09:04:28.287456+00:00,2025-11-30T09:04:28.287464+00:00
422,88,24,77.82,0.0,37.14,2025-11-30T09:04:28.289516+00:00,2025-11-30T09:04:28.289525+00:00
423,88,20,52.02,0.0,33.51,2025-11-30T09:04:28.292020+00:00,2025-11-30T09:04:28.292028+00:00
424,88,32,0.0,0.0,7.62,2025-11-30T09:04:28.295539+00:00,2025-11-30T09:04:28.295550+00:00
425,89,31,0.0,0.0,24.6,2025-11-30T09:04:28.299521+00:00,2025-11-30T09:04:28.299532+00:00
426,89,28,0.0,52.93,15.88,2025-11-30T09:04:28.302015+00:00,2025-11-30T09:04:28.302024+00:00
427,89,26,0.0,0.0,27.22,2025-11-30T09:04:28.304085+00:00,2025-11-30T09:04:28.304095+00:00
428,89,15,28.78,0.0,50.11,2025-11-30T09:04:28.306004+00:00,2025-11-30T09:04:28.306010+00:00
429,89,43,0.0,0.0,13.24,2025-11-30T09:04:28.308666+00:00,2025-11-30T09:04:28.308672+00:00
430,89,22,0.0,54.8,21.69,2025-11-30T09:04:28.311857+00:00,2025-11-30T09:04:28.311868+00:00
431,89,40,0.0,0.0,37.7,2025-11-30T09:04:28.315084+00:00,2025-11-30T09:04:28.315095+00:00
432,89,17,27.38,0.0,15.19,2025-11-30T09:04:28.317857+00:00,2025-11-30T09:04:28.317864+00:00
433,89,34,0.0,46.31,16.71,2025-11-30T09:04:28.319947+00:00,2025-11-30T09:04:28.319953+00:00
434,89,24,0.0,61.0,36.04,2025-11-30T09:04:28.321919+00:00,2025-11-30T09:04:28.321928+00:00
435,89,30,0.0,0.0,137.05,2025-11-30T09:04:28.324333+00:00,2025-11-30T09:04:28.324340+00:00
436,89,27,0.0,0.0,9.9,2025-11-30T09:04:28.326809+00:00,2025-11-30T09:04:28.326845+00:00
437,89,29,42.21,0.0,24.17,2025-11-30T09:04:28.331427+00:00,2025-11-30T09:04:28.331438+00:00
438,89,38,102.58,0.0,48.18,2025-11-30T09:04:28.333859+00:00,2025-11-30T09:04:28.333868+00:00
439,89,42,26.52,0.0,12.56,2025-11-30T09:04:28.336326+00:00,2025-11-30T09:04:28.336334+00:00
440,89,33,0.0,0.0,39.67,2025-11-30T09:04:28.338899+00:00,2025-11-30T09:04:28.338907+00:00
441,89,25,50.94,0.0,18.42,2025-11-30T09:04:28.341187+00:00,2025-11-30T09:04:28.341194+00:00
442,90,23,56.34,0.0,27.03,2025-11-30T09:04:28.343843+00:00,2025-11-30T09:04:28.343852+00:00
443,90,29,0.0,52.79,73.54,2025-11-30T09:04:28.347691+00:00,2025-11-30T09:04:28.347701+00:00
444,90,34,0.0,0.0,36.33,2025-11-30T09:04:28.350551+00:00,2025-11-30T09:04:28.350558+00:00
445,90,31,119.12,72.35,72.96,2025-11-30T09:04:28.352580+00:00,2025-11-30T09:04:28.352587+00:00
446,90,21,88.28,0.0,57.91,2025-11-30T09:04:28.354515+00:00,2025-11-30T09:04:28.354521+00:00
447,90,37,0.0,34.94,18.95,2025-11-30T09:04:28.357278+00:00,2025-11-30T09:04:28.357287+00:00
448,90,35,0.0,43.07,23.93,2025-11-30T09:04:28.360974+00:00,2025-11-30T09:04:28.360984+00:00
449,90,41,0.0,113.4,49.81,2025-11-30T09:04:28.364844+00:00,2025-11-30T09:04:28.364854+00:00
450,90,24,141.86,0.0,48.07,2025-11-30T09:04:28.367511+00:00,2025-11-30T09:04:28.367521+00:00
451,90,38,0.0,0.0,73.9,2025-11-30T09:04:28.369999+00:00,2025-11-30T09:04:28.370007+00:00
452,90,20,0.0,0.0,33.22,2025-11-30T09:04:28.372558+00:00,2025-11-30T09:04:28.372567+00:00
453,90,43,32.28,40.44,71.68,2025-11-30T09:04:28.375261+00:00,2025-11-30T09:04:28.375269+00:00
454,90,25,37.26,0.0,19.38,2025-11-30T09:04:28.378979+00:00,2025-11-30T09:04:28.379180+00:00
455,90,44,0.0,0.0,44.11,2025-11-30T09:04:28.382691+00:00,2025-11-30T09:04:28.382700+00:00
456,91,35,0.0,50.34,15.93,2025-11-30T09:04:28.384975+00:00,2025-11-30T09:04:28.384982+00:00
457,91,31,0.0,0.0,16.26,2025-11-30T09:04:28.387215+00:00,2025-11-30T09:04:28.387224+00:00
458,91,33,36.06,0.0,22.16,2025-11-30T09:04:28.389282+00:00,2025-11-30T09:04:28.389291+00:00
459,91,30,0.0,0.0,13.87,2025-11-30T09:04:28.391462+00:00,2025-11-30T09:04:28.391468+00:00
460,91,39,0.0,0.0,28.41,2025-11-30T09:04:28.394585+00:00,2025-11-30T09:04:28.394601+00:00
461,91,34,7.38,0.0,4.51,2025-11-30T09:04:28.398720+00:00,2025-11-30T09:04:28.398730+00:00
462,91,17,0.0,0.0,21.75,2025-11-30T09:04:28.400969+00:00,2025-11-30T09:04:28.400977+00:00
463,91,15,0.0,90.38,49.39,2025-11-30T09:04:28.403034+00:00,2025-11-30T09:04:28.403041+00:00
464,91,29,49.62,0.0,23.9,2025-11-30T09:04:28.405049+00:00,2025-11-30T09:04:28.405056+00:00
465,91,18,70.82,0.0,47.5,2025-11-30T09:04:28.407807+00:00,2025-11-30T09:04:28.407813+00:00
466,91,25,0.0,0.0,23.05,2025-11-30T09:04:28.411174+00:00,2025-11-30T09:04:28.411185+00:00
467,91,21,0.0,0.0,31.53,2025-11-30T09:04:28.415285+00:00,2025-11-30T09:04:28.415295+00:00
468,91,27,0.0,0.0,9.35,2025-11-30T09:04:28.417947+00:00,2025-11-30T09:04:28.417955+00:00
469,91,16,0.0,7.55,4.26,2025-11-30T09:04:28.420773+00:00,2025-11-30T09:04:28.420781+00:00
470,91,26,23.46,0.0,15.33,2025-11-30T09:04:28.423458+00:00,2025-11-30T09:04:28.423467+00:00
471,91,37,0.0,0.0,24.75,2025-11-30T09:04:28.425443+00:00,2025-11-30T09:04:28.425450+00:00
472,91,20,0.0,0.0,34.53,2025-11-30T09:04:28.430226+00:00,2025-11-30T09:04:28.430238+00:00
473,91,40,0.0,0.0,44.06,2025-11-30T09:04:28.433223+00:00,2025-11-30T09:04:28.433233+00:00
474,91,23,38.83,0.0,17.75,2025-11-30T09:04:28.435647+00:00,2025-11-30T09:04:28.435655+00:00
475,91,32,61.93,0.0,32.97,2025-11-30T09:04:28.438204+00:00,2025-11-30T09:04:28.438211+00:00
476,91,19,0.0,33.26,22.07,2025-11-30T09:04:28.439902+00:00,2025-11-30T09:04:28.439909+00:00
477,91,44,0.0,0.0,4.32,2025-11-30T09:04:28.441779+00:00,2025-11-30T09:04:28.441785+00:00
478,91,41,59.06,0.0,38.51,2025-11-30T09:04:28.445565+00:00,2025-11-30T09:04:28.445576+00:00
479,92,19,24.0,0.0,17.46,2025-11-30T09:04:28.448529+00:00,2025-11-30T09:04:28.448538+00:00
480,92,33,39.65,0.0,12.31,2025-11-30T09:04:28.450842+00:00,2025-11-30T09:04:28.450848+00:00
481,92,22,0.0,0.0,38.46,2025-11-30T09:04:28.452805+00:00,2025-11-30T09:04:28.452811+00:00
482,92,36,123.59,0.0,93.91,2025-11-30T09:04:28.454904+00:00,2025-11-30T09:04:28.454910+00:00
483,92,25,0.0,0.0,63.14,2025-11-30T09:04:28.457568+00:00,2025-11-30T09:04:28.457575+00:00
484,92,38,0.0,0.0,30.96,2025-11-30T09:04:28.462180+00:00,2025-11-30T09:04:28.462193+00:00
485,92,43,0.0,20.63,81.84,2025-11-30T09:04:28.466434+00:00,2025-11-30T09:04:28.466444+00:00
486,92,27,0.0,0.0,77.87,2025-11-30T09:04:28.469260+00:00,2025-11-30T09:04:28.469269+00:00
487,92,39,0.0,36.55,44.73,2025-11-30T09:04:28.471656+00:00,2025-11-30T09:04:28.471665+00:00
488,92,37,13.74,0.0,6.59,2025-11-30T09:04:28.473747+00:00,2025-11-30T09:04:28.473755+00:00
489,92,24,0.0,0.0,69.42,2025-11-30T09:04:28.475701+00:00,2025-11-30T09:04:28.475707+00:00
490,92,34,107.55,0.0,44.23,2025-11-30T09:04:28.480121+00:00,2025-11-30T09:04:28.480130+00:00
491,92,21,14.72,0.0,8.26,2025-11-30T09:04:28.482426+00:00,2025-11-30T09:04:28.482434+00:00
492,92,30,85.51,0.0,35.04,2025-11-30T09:04:28.484582+00:00,2025-11-30T09:04:28.484589+00:00
493,93,34,94.98,0.0,56.58,2025-11-30T09:04:28.486795+00:00,2025-11-30T09:04:28.486803+00:00
494,93,37,0.0,0.0,30.83,2025-11-30T09:04:28.489440+00:00,2025-11-30T09:04:28.489448+00:00
495,93,44,0.0,0.0,26.47,2025-11-30T09:04:28.491472+00:00,2025-11-30T09:04:28.491478+00:00
496,93,22,0.0,3.49,1.08,2025-11-30T09:04:28.494884+00:00,2025-11-30T09:04:28.494897+00:00
497,93,42,0.0,0.0,21.29,2025-11-30T09:04:28.499901+00:00,2025-11-30T09:04:28.499911+00:00
498,93,15,0.0,0.0,13.47,2025-11-30T09:04:28.502548+00:00,2025-11-30T09:04:28.502556+00:00
499,93,39,79.28,0.0,34.61,2025-11-30T09:04:28.504615+00:00,2025-11-30T09:04:28.504621+00:00
500,93,41,39.52,99.87,59.12,2025-11-30T09:04:28.506741+00:00,2025-11-30T09:04:28.506748+00:00
501,93,40,44.64,22.12,33.98,2025-11-30T09:04:28.508937+00:00,2025-11-30T09:04:28.508943+00:00
502,93,32,67.69,0.0,63.18,2025-11-30T09:04:28.512350+00:00,2025-11-30T09:04:28.512360+00:00
503,93,23,0.0,0.0,49.2,2025-11-30T09:04:28.515362+00:00,2025-11-30T09:04:28.515371+00:00
504,93,27,0.0,0.0,74.57,2025-11-30T09:04:28.517823+00:00,2025-11-30T09:04:28.517832+00:00
505,93,16,0.0,0.0,5.25,2025-11-30T09:04:28.520155+00:00,2025-11-30T09:04:28.520163+00:00
506,93,21,0.0,10.59,26.49,2025-11-30T09:04:28.522016+00:00,2025-11-30T09:04:28.522022+00:00
507,93,29,0.0,0.0,45.34,2025-11-30T09:04:28.524136+00:00,2025-11-30T09:04:28.524144+00:00
508,93,31,0.0,0.0,8.02,2025-11-30T09:04:28.528439+00:00,2025-11-30T09:04:28.528454+00:00
509,93,36,0.0,0.0,23.88,2025-11-30T09:04:28.532485+00:00,2025-11-30T09:04:28.532494+00:00
510,93,24,0.0,0.0,32.3,2025-11-30T09:04:28.535040+00:00,2025-11-30T09:04:28.535049+00:00
511,93,19,0.0,0.0,45.26,2025-11-30T09:04:28.537213+00:00,2025-11-30T09:04:28.537221+00:00
512,94,44,0.0,8.94,5.55,2025-11-30T09:04:28.539442+00:00,2025-11-30T09:04:28.539449+00:00
513,94,24,0.0,0.0,61.87,2025-11-30T09:04:28.541447+00:00,2025-11-30T09:04:28.541454+00:00
514,94,27,0.0,0.0,60.55,2025-11-30T09:04:28.544035+00:00,2025-11-30T09:04:28.544044+00:00
515,94,30,0.0,28.28,59.08,2025-11-30T09:04:28.547611+00:00,2025-11-30T09:04:28.547620+00:00
516,94,33,35.65,16.69,30.36,2025-11-30T09:04:28.549913+00:00,2025-11-30T09:04:28.549922+00:00
517,94,17,0.0,0.0,37.68,2025-11-30T09:04:28.552090+00:00,2025-11-30T09:04:28.552097+00:00
518,94,19,0.0,36.74,94.79,2025-11-30T09:04:28.554637+00:00,2025-11-30T09:04:28.554647+00:00
519,94,29,80.61,0.0,34.39,2025-11-30T09:04:28.558483+00:00,2025-11-30T09:04:28.558493+00:00
520,94,41,0.0,66.84,43.2,2025-11-30T09:04:28.562882+00:00,2025-11-30T09:04:28.562944+00:00
521,94,36,2.81,9.25,6.72,2025-11-30T09:04:28.565554+00:00,2025-11-30T09:04:28.565562+00:00
522,94,37,0.0,92.53,52.7,2025-11-30T09:04:28.568956+00:00,2025-11-30T09:04:28.568965+00:00
523,94,22,0.0,0.0,30.62,2025-11-30T09:04:28.571025+00:00,2025-11-30T09:04:28.571032+00:00
524,94,31,0.0,0.0,72.73,2025-11-30T09:04:28.572915+00:00,2025-11-30T09:04:28.572922+00:00
525,94,35,0.0,0.0,31.04,2025-11-30T09:04:28.574991+00:00,2025-11-30T09:04:28.574999+00:00
526,95,33,0.0,0.0,18.29,2025-11-30T09:04:28.578960+00:00,2025-11-30T09:04:28.578971+00:00
527,95,37,0.0,0.0,17.88,2025-11-30T09:04:28.581424+00:00,2025-11-30T09:04:28.581432+00:00
528,95,24,0.0,0.0,24.75,2025-11-30T09:04:28.583412+00:00,2025-11-30T09:04:28.583420+00:00
529,95,23,44.9,0.0,29.08,2025-11-30T09:04:28.585307+00:00,2025-11-30T09:04:28.585314+00:00
530,95,44,0.0,0.0,25.18,2025-11-30T09:04:28.587785+00:00,2025-11-30T09:04:28.587792+00:00
531,95,20,0.0,0.0,49.22,2025-11-30T09:04:28.590780+00:00,2025-11-30T09:04:28.590789+00:00
532,95,30,0.0,0.0,12.66,2025-11-30T09:04:28.594049+00:00,2025-11-30T09:04:28.594072+00:00
533,95,38,0.0,20.12,77.14,2025-11-30T09:04:28.598164+00:00,2025-11-30T09:04:28.598173+00:00
534,95,27,0.0,0.0,24.34,2025-11-30T09:04:28.601191+00:00,2025-11-30T09:04:28.601199+00:00
535,95,29,0.0,0.0,48.13,2025-11-30T09:04:28.603253+00:00,2025-11-30T09:04:28.603262+00:00
536,95,35,0.0,13.25,77.66,2025-11-30T09:04:28.605253+00:00,2025-11-30T09:04:28.605260+00:00
537,95,40,0.0,0.0,33.06,2025-11-30T09:04:28.607113+00:00,2025-11-30T09:04:28.607119+00:00
538,95,15,41.46,0.0,21.15,2025-11-30T09:04:28.610261+00:00,2025-11-30T09:04:28.610271+00:00
539,95,36,190.02,0.0,70.79,2025-11-30T09:04:28.614205+00:00,2025-11-30T09:04:28.614217+00:00
540,95,41,0.0,45.48,22.59,2025-11-30T09:04:28.616663+00:00,2025-11-30T09:04:28.616673+00:00
541,96,43,0.0,109.84,32.99,2025-11-30T09:04:28.619455+00:00,2025-11-30T09:04:28.619461+00:00
542,96,19,0.0,0.0,50.35,2025-11-30T09:04:28.621902+00:00,2025-11-30T09:04:28.621910+00:00
543,96,27,1.7,0.0,1.16,2025-11-30T09:04:28.624442+00:00,2025-11-30T09:04:28.624450+00:00
544,96,33,0.0,0.0,34.41,2025-11-30T09:04:28.627784+00:00,2025-11-30T09:04:28.627796+00:00
545,96,32,0.0,69.88,114.35,2025-11-30T09:04:28.631295+00:00,2025-11-30T09:04:28.631321+00:00
546,96,26,0.0,93.39,44.38,2025-11-30T09:04:28.633816+00:00,2025-11-30T09:04:28.633824+00:00
547,96,15,0.0,0.0,20.05,2025-11-30T09:04:28.636380+00:00,2025-11-30T09:04:28.636387+00:00
548,96,41,0.0,8.75,2.82,2025-11-30T09:04:28.638771+00:00,2025-11-30T09:04:28.638778+00:00
549,96,18,0.0,0.0,89.04,2025-11-30T09:04:28.641073+00:00,2025-11-30T09:04:28.641092+00:00
550,96,22,181.2,0.0,108.26,2025-11-30T09:04:28.643431+00:00,2025-11-30T09:04:28.643439+00:00
551,96,16,3.07,0.0,1.7,2025-11-30T09:04:28.647213+00:00,2025-11-30T09:04:28.647223+00:00
552,96,29,119.9,0.0,41.07,2025-11-30T09:04:28.649835+00:00,2025-11-30T09:04:28.649842+00:00
553,96,25,23.91,0.0,14.42,2025-11-30T09:04:28.651863+00:00,2025-11-30T09:04:28.651869+00:00
554,96,20,0.0,198.34,78.09,2025-11-30T09:04:28.653844+00:00,2025-11-30T09:04:28.653849+00:00
555,96,34,0.0,3.58,1.77,2025-11-30T09:04:28.656215+00:00,2025-11-30T09:04:28.656226+00:00
556,96,37,0.0,0.0,34.98,2025-11-30T09:04:28.659080+00:00,2025-11-30T09:04:28.659091+00:00
557,98,30,106.67,0.0,33.84,2025-11-30T09:04:28.663943+00:00,2025-11-30T09:04:28.663953+00:00
558,98,28,0.0,0.0,31.22,2025-11-30T09:04:28.666715+00:00,2025-11-30T09:04:28.666725+00:00
559,98,16,79.94,0.0,39.49,2025-11-30T09:04:28.669005+00:00,2025-11-30T09:04:28.669013+00:00
560,98,38,0.0,0.0,48.55,2025-11-30T09:04:28.671456+00:00,2025-11-30T09:04:28.671465+00:00
561,98,25,0.0,0.0,34.49,2025-11-30T09:04:28.673992+00:00,2025-11-30T09:04:28.674000+00:00
562,98,17,0.0,0.0,3.66,2025-11-30T09:04:28.676755+00:00,2025-11-30T09:04:28.676769+00:00
563,98,27,0.0,62.04,23.43,2025-11-30T09:04:28.681312+00:00,2025-11-30T09:04:28.681322+00:00
564,98,19,42.82,0.0,27.46,2025-11-30T09:04:28.683698+00:00,2025-11-30T09:04:28.683706+00:00
565,98,39,0.0,82.06,44.43,2025-11-30T09:04:28.685785+00:00,2025-11-30T09:04:28.685792+00:00
566,98,43,8.15,0.0,5.24,2025-11-30T09:04:28.688348+00:00,2025-11-30T09:04:28.688357+00:00
567,98,41,0.0,0.0,1.71,2025-11-30T09:04:28.690605+00:00,2025-11-30T09:04:28.690613+00:00
568,98,33,69.42,0.0,45.77,2025-11-30T09:04:28.692783+00:00,2025-11-30T09:04:28.692792+00:00
569,98,29,0.0,8.43,5.07,2025-11-30T09:04:28.697057+00:00,2025-11-30T09:04:28.697068+00:00
570,98,20,0.0,100.6,48.84,2025-11-30T09:04:28.700319+00:00,2025-11-30T09:04:28.700328+00:00
571,98,40,0.0,0.0,35.49,2025-11-30T09:04:28.702385+00:00,2025-11-30T09:04:28.702392+00:00
572,98,21,0.0,0.0,37.05,2025-11-30T09:04:28.704281+00:00,2025-11-30T09:04:28.704288+00:00
573,98,18,0.0,0.0,23.8,2025-11-30T09:04:28.706245+00:00,2025-11-30T09:04:28.706251+00:00
574,98,37,17.93,0.0,7.78,2025-11-30T09:04:28.708469+00:00,2025-11-30T09:04:28.708475+00:00
575,99,39,0.0,0.0,18.28,2025-11-30T09:04:28.712466+00:00,2025-11-30T09:04:28.712476+00:00
576,99,17,82.52,0.0,65.08,2025-11-30T09:04:28.715654+00:00,2025-11-30T09:04:28.715663+00:00
577,99,32,0.0,0.0,31.43,2025-11-30T09:04:28.718040+00:00,2025-11-30T09:04:28.718048+00:00
578,99,21,0.0,7.48,4.93,2025-11-30T09:04:28.720301+00:00,2025-11-30T09:04:28.720307+00:00
579,99,23,38.95,0.0,25.32,2025-11-30T09:04:28.722430+00:00,2025-11-30T09:04:28.722439+00:00
580,99,28,0.0,0.0,17.99,2025-11-30T09:04:28.724689+00:00,2025-11-30T09:04:28.724695+00:00
581,99,35,0.0,0.0,30.07,2025-11-30T09:04:28.729007+00:00,2025-11-30T09:04:28.729042+00:00
582,99,24,0.0,0.0,57.93,2025-11-30T09:04:28.732360+00:00,2025-11-30T09:04:28.732368+00:00
583,99,42,37.94,193.77,113.84,2025-11-30T09:04:28.734600+00:00,2025-11-30T09:04:28.734607+00:00
584,99,37,0.0,76.59,48.69,2025-11-30T09:04:28.737152+00:00,2025-11-30T09:04:28.737161+00:00
585,99,20,55.7,99.82,82.73,2025-11-30T09:04:28.739222+00:00,2025-11-30T09:04:28.739229+00:00
586,99,44,0.0,2.03,1.21,2025-11-30T09:04:28.741114+00:00,2025-11-30T09:04:28.741120+00:00
587,99,33,0.0,0.0,34.77,2025-11-30T09:04:28.743813+00:00,2025-11-30T09:04:28.743826+00:00
588,99,18,0.0,32.5,20.68,2025-11-30T09:04:28.747670+00:00,2025-11-30T09:04:28.747679+00:00
589,99,16,64.73,0.0,39.28,2025-11-30T09:04:28.749938+00:00,2025-11-30T09:04:28.749945+00:00
590,99,31,0.0,0.0,20.48,2025-11-30T09:04:28.751949+00:00,2025-11-30T09:04:28.751956+00:00
591,99,15,0.0,0.0,18.22,2025-11-30T09:04:28.753966+00:00,2025-11-30T09:04:28.753972+00:00
592,99,43,0.0,0.0,40.38,2025-11-30T09:04:28.756317+00:00,2025-11-30T09:04:28.756324+00:00
593,99,38,0.0,77.79,41.94,2025-11-30T09:04:28.758718+00:00,2025-11-30T09:04:28.758724+00:00
594,100,28,0.0,0.0,35.8,2025-11-30T09:04:28.763436+00:00,2025-11-30T09:04:28.763448+00:00
595,100,27,0.0,0.0,3.07,2025-11-30T09:04:28.766955+00:00,2025-11-30T09:04:28.766965+00:00
596,100,32,0.0,0.0,43.83,2025-11-30T09:04:28.769251+00:00,2025-11-30T09:04:28.769260+00:00
597,100,35,16.67,50.28,39.89,2025-11-30T09:04:28.771265+00:00,2025-11-30T09:04:28.771271+00:00
598,100,33,0.0,0.0,43.55,2025-11-30T09:04:28.773068+00:00,2025-11-30T09:04:28.773075+00:00
599,100,26,0.0,0.0,20.48,2025-11-30T09:04:28.774996+00:00,2025-11-30T09:04:28.775002+00:00
600,100,19,0.0,8.08,10.73,2025-11-30T09:04:28.779540+00:00,2025-11-30T09:04:28.779551+00:00
601,100,24,103.3,0.0,59.75,2025-11-30T09:04:28.782155+00:00,2025-11-30T09:04:28.782162+00:00
602,100,37,0.0,61.7,27.19,2025-11-30T09:04:28.784377+00:00,2025-11-30T09:04:28.784383+00:00
603,100,31,76.34,0.0,39.96,2025-11-30T09:04:28.786863+00:00,2025-11-30T09:04:28.786871+00:00
604,100,42,11.03,0.0,29.42,2025-11-30T09:04:28.789575+00:00,2025-11-30T09:04:28.789586+00:00
605,100,30,0.0,0.0,34.86,2025-11-30T09:04:28.791661+00:00,2025-11-30T09:04:28.791670+00:00
606,100,25,0.0,0.0,2.41,2025-11-30T09:04:28.795673+00:00,2025-11-30T09:04:28.795693+00:00
607,100,40,3.89,0.0,1.92,2025-11-30T09:04:28.798926+00:00,2025-11-30T09:04:28.798935+00:00
608,100,16,0.0,0.0,6.83,2025-11-30T09:04:28.801810+00:00,2025-11-30T09:04:28.801819+00:00
609,100,39,120.58,0.0,46.08,2025-11-30T09:04:28.804069+00:00,2025-11-30T09:04:28.804077+00:00
610,100,15,62.73,0.0,42.45,2025-11-30T09:04:28.806657+00:00,2025-11-30T09:04:28.806664+00:00
611,100,21,0.0,87.75,45.18,2025-11-30T09:04:28.809223+00:00,2025-11-30T09:04:28.809240+00:00
612,100,44,0.0,0.0,35.21,2025-11-30T09:04:28.813171+00:00,2025-11-30T09:04:28.813181+00:00
613,102,31,0.0,0.0,564.96,2025-11-30T09:04:28.815378+00:00,2025-11-30T09:04:28.815385+00:00
614,102,25,760.83,500.46,737.71,2025-11-30T09:04:28.817997+00:00,2025-11-30T09:04:28.818005+00:00
615,102,29,304.64,0.0,342.26,2025-11-30T09:04:28.820160+00:00,2025-11-30T09:04:28.820166+00:00
616,102,41,0.0,0.0,155.3,2025-11-30T09:04:28.822445+00:00,2025-11-30T09:04:28.822452+00:00
617,102,43,613.12,0.0,232.76,2025-11-30T09:04:28.824562+00:00,2025-11-30T09:04:28.824568+00:00
618,102,18,0.0,0.0,881.2,2025-11-30T09:04:28.828537+00:00,2025-11-30T09:04:28.828549+00:00
619,102,23,0.0,0.0,606.81,2025-11-30T09:04:28.831842+00:00,2025-11-30T09:04:28.831851+00:00
620,102,19,0.0,0.0,551.33,2025-11-30T09:04:28.834540+00:00,2025-11-30T09:04:28.834549+00:00
621,102,15,858.74,423.93,702.31,2025-11-30T09:04:28.837066+00:00,2025-11-30T09:04:28.837074+00:00
622,102,36,0.0,377.14,207.16,2025-11-30T09:04:28.839380+00:00,2025-11-30T09:04:28.839387+00:00
623,102,42,0.0,0.0,273.06,2025-11-30T09:04:28.841433+00:00,2025-11-30T09:04:28.841439+00:00
624,102,24,0.0,0.0,260.89,2025-11-30T09:04:28.844514+00:00,2025-11-30T09:04:28.844529+00:00
625,102,33,0.0,0.0,401.9,2025-11-30T09:04:28.847867+00:00,2025-11-30T09:04:28.847878+00:00
626,102,30,0.0,0.0,401.92,2025-11-30T09:04:28.849806+00:00,2025-11-30T09:04:28.849812+00:00
627,102,22,0.0,1417.41,462.36,2025-11-30T09:04:28.851696+00:00,2025-11-30T09:04:28.851701+00:00
628,103,20,0.0,0.0,48.5,2025-11-30T09:04:28.854016+00:00,2025-11-30T09:04:28.854022+00:00
629,103,41,0.0,0.0,13.99,2025-11-30T09:04:28.856855+00:00,2025-11-30T09:04:28.856861+00:00
630,103,34,73.29,0.0,30.0,2025-11-30T09:04:28.859574+00:00,2025-11-30T09:04:28.859582+00:00
631,103,28,0.0,0.0,148.81,2025-11-30T09:04:28.864882+00:00,2025-11-30T09:04:28.864891+00:00
632,103,32,62.71,0.0,31.76,2025-11-30T09:04:28.868350+00:00,2025-11-30T09:04:28.868362+00:00
633,103,36,123.99,0.0,103.34,2025-11-30T09:04:28.872300+00:00,2025-11-30T09:04:28.872309+00:00
634,103,44,35.25,0.0,30.16,2025-11-30T09:04:28.880806+00:00,2025-11-30T09:04:28.880820+00:00
635,103,24,0.0,0.0,16.61,2025-11-30T09:04:28.886037+00:00,2025-11-30T09:04:28.886050+00:00
636,103,18,3.81,0.0,2.36,2025-11-30T09:04:28.890202+00:00,2025-11-30T09:04:28.890214+00:00
637,103,23,97.57,0.0,48.23,2025-11-30T09:04:28.896081+00:00,2025-11-30T09:04:28.896098+00:00
638,103,25,0.0,168.21,126.42,2025-11-30T09:04:28.902230+00:00,2025-11-30T09:04:28.902245+00:00
639,103,27,10.91,0.0,6.48,2025-11-30T09:04:28.907145+00:00,2025-11-30T09:04:28.907159+00:00
640,103,33,0.0,0.0,44.34,2025-11-30T09:04:28.913532+00:00,2025-11-30T09:04:28.913547+00:00
641,103,29,0.0,0.0,43.28,2025-11-30T09:04:28.921733+00:00,2025-11-30T09:04:28.921743+00:00
642,103,37,0.0,0.0,2.03,2025-11-30T09:04:28.925765+00:00,2025-11-30T09:04:28.925776+00:00
643,103,39,0.0,43.46,14.43,2025-11-30T09:04:28.933291+00:00,2025-11-30T09:04:28.933311+00:00
644,105,26,0.0,0.0,23.21,2025-11-30T09:04:28.938239+00:00,2025-11-30T09:04:28.938255+00:00
645,105,35,0.0,3.03,1.15,2025-11-30T09:04:28.942122+00:00,2025-11-30T09:04:28.942132+00:00
646,105,18,38.23,0.0,26.3,2025-11-30T09:04:28.945951+00:00,2025-11-30T09:04:28.945960+00:00
647,105,42,0.0,0.0,60.7,2025-11-30T09:04:28.949438+00:00,2025-11-30T09:04:28.949447+00:00
648,105,33,50.67,0.0,37.5,2025-11-30T09:04:28.951736+00:00,2025-11-30T09:04:28.951744+00:00
649,105,41,70.92,0.0,47.46,2025-11-30T09:04:28.953813+00:00,2025-11-30T09:04:28.953820+00:00
650,105,44,0.0,0.0,10.72,2025-11-30T09:04:28.956839+00:00,2025-11-30T09:04:28.956850+00:00
651,105,28,0.0,11.99,5.36,2025-11-30T09:04:28.960607+00:00,2025-11-30T09:04:28.960633+00:00
652,105,31,0.0,0.0,86.28,2025-11-30T09:04:28.965036+00:00,2025-11-30T09:04:28.965045+00:00
653,105,21,0.0,116.25,63.41,2025-11-30T09:04:28.968840+00:00,2025-11-30T09:04:28.968849+00:00
654,105,22,0.0,33.31,19.11,2025-11-30T09:04:28.971141+00:00,2025-11-30T09:04:28.971149+00:00
655,105,19,27.42,0.0,48.41,2025-11-30T09:04:28.973274+00:00,2025-11-30T09:04:28.973281+00:00
656,105,23,88.17,0.0,43.15,2025-11-30T09:04:28.975238+00:00,2025-11-30T09:04:28.975244+00:00
657,105,34,24.51,0.0,13.43,2025-11-30T09:04:28.978993+00:00,2025-11-30T09:04:28.979004+00:00
658,105,25,0.0,32.35,13.76,2025-11-30T09:04:28.983333+00:00,2025-11-30T09:04:28.983343+00:00
659,105,32,0.0,31.88,10.26,2025-11-30T09:04:28.986112+00:00,2025-11-30T09:04:28.986120+00:00
660,105,20,0.0,0.0,6.69,2025-11-30T09:04:28.988795+00:00,2025-11-30T09:04:28.988804+00:00
661,105,37,0.0,0.0,25.16,2025-11-30T09:04:28.991563+00:00,2025-11-30T09:04:28.991572+00:00
662,107,43,0.0,0.0,29.09,2025-11-30T09:04:28.995111+00:00,2025-11-30T09:04:28.995124+00:00
663,107,44,0.0,0.0,8.53,2025-11-30T09:04:28.999020+00:00,2025-11-30T09:04:28.999030+00:00
664,107,29,0.0,53.98,17.14,2025-11-30T09:04:29.001674+00:00,2025-11-30T09:04:29.001683+00:00
665,107,38,56.02,0.0,48.83,2025-11-30T09:04:29.003705+00:00,2025-11-30T09:04:29.003712+00:00
666,107,17,91.54,72.47,76.81,2025-11-30T09:04:29.005874+00:00,2025-11-30T09:04:29.005880+00:00
667,107,19,0.0,0.0,25.05,2025-11-30T09:04:29.008500+00:00,2025-11-30T09:04:29.008507+00:00
668,107,34,0.0,0.0,33.61,2025-11-30T09:04:29.011480+00:00,2025-11-30T09:04:29.011489+00:00
669,107,26,0.0,0.0,31.9,2025-11-30T09:04:29.015898+00:00,2025-11-30T09:04:29.015911+00:00
670,107,22,0.0,0.0,26.84,2025-11-30T09:04:29.019081+00:00,2025-11-30T09:04:29.019089+00:00
671,107,28,32.43,41.98,77.12,2025-11-30T09:04:29.021869+00:00,2025-11-30T09:04:29.021877+00:00
672,107,16,0.0,0.0,43.96,2025-11-30T09:04:29.024592+00:00,2025-11-30T09:04:29.024601+00:00
673,107,36,0.0,0.0,17.73,2025-11-30T09:04:29.027954+00:00,2025-11-30T09:04:29.027965+00:00
674,107,35,0.0,0.0,34.9,2025-11-30T09:04:29.032006+00:00,2025-11-30T09:04:29.032015+00:00
675,107,24,0.0,0.0,40.43,2025-11-30T09:04:29.034544+00:00,2025-11-30T09:04:29.034552+00:00
676,107,41,112.3,0.0,43.09,2025-11-30T09:04:29.036961+00:00,2025-11-30T09:04:29.036969+00:00
677,107,20,0.0,0.0,48.23,2025-11-30T09:04:29.039392+00:00,2025-11-30T09:04:29.039399+00:00
678,108,16,0.0,0.0,607.43,2025-11-30T09:04:29.041455+00:00,2025-11-30T09:04:29.041462+00:00
679,108,38,0.0,575.9,284.75,2025-11-30T09:04:29.044166+00:00,2025-11-30T09:04:29.044254+00:00
680,108,36,0.0,743.17,380.0,2025-11-30T09:04:29.048020+00:00,2025-11-30T09:04:29.048029+00:00
681,108,17,0.0,0.0,702.13,2025-11-30T09:04:29.050145+00:00,2025-11-30T09:04:29.050151+00:00
682,108,37,0.0,250.24,147.76,2025-11-30T09:04:29.052125+00:00,2025-11-30T09:04:29.052131+00:00
683,108,31,0.0,0.0,467.13,2025-11-30T09:04:29.054233+00:00,2025-11-30T09:04:29.054240+00:00
684,108,43,0.0,675.05,921.55,2025-11-30T09:04:29.056901+00:00,2025-11-30T09:04:29.056908+00:00
685,108,40,798.95,119.87,1099.81,2025-11-30T09:04:29.060003+00:00,2025-11-30T09:04:29.060014+00:00
686,108,19,293.13,0.0,145.65,2025-11-30T09:04:29.063816+00:00,2025-11-30T09:04:29.063824+00:00
687,108,24,448.58,0.0,313.87,2025-11-30T09:04:29.066901+00:00,2025-11-30T09:04:29.066910+00:00
688,108,20,962.69,0.0,818.89,2025-11-30T09:04:29.069051+00:00,2025-11-30T09:04:29.069058+00:00
689,108,32,0.0,0.0,188.29,2025-11-30T09:04:29.071028+00:00,2025-11-30T09:04:29.071034+00:00
690,108,25,917.52,0.0,436.41,2025-11-30T09:04:29.072835+00:00,2025-11-30T09:04:29.072841+00:00
691,108,22,0.0,0.0,200.44,2025-11-30T09:04:29.074971+00:00,2025-11-30T09:04:29.074976+00:00
692,108,28,0.0,238.91,143.68,2025-11-30T09:04:29.078666+00:00,2025-11-30T09:04:29.078677+00:00
693,108,26,0.0,0.0,141.15,2025-11-30T09:04:29.081524+00:00,2025-11-30T09:04:29.081532+00:00
694,110,43,0.0,0.0,48.73,2025-11-30T09:04:29.083664+00:00,2025-11-30T09:04:29.083671+00:00
695,110,38,0.0,38.91,34.06,2025-11-30T09:04:29.085433+00:00,2025-11-30T09:04:29.085440+00:00
696,110,37,0.0,0.0,32.55,2025-11-30T09:04:29.087619+00:00,2025-11-30T09:04:29.087627+00:00
697,110,29,56.81,0.0,74.86,2025-11-30T09:04:29.090485+00:00,2025-11-30T09:04:29.090494+00:00
698,110,27,0.0,0.0,11.47,2025-11-30T09:04:29.093167+00:00,2025-11-30T09:04:29.093194+00:00
699,110,35,3.83,5.96,5.71,2025-11-30T09:04:29.097259+00:00,2025-11-30T09:04:29.097306+00:00
700,110,39,0.0,0.0,49.36,2025-11-30T09:04:29.100074+00:00,2025-11-30T09:04:29.100083+00:00
701,110,19,0.0,12.16,6.16,2025-11-30T09:04:29.102463+00:00,2025-11-30T09:04:29.102470+00:00
702,110,32,0.0,0.0,29.63,2025-11-30T09:04:29.104305+00:00,2025-11-30T09:04:29.104311+00:00
703,110,31,74.49,0.0,23.32,2025-11-30T09:04:29.106533+00:00,2025-11-30T09:04:29.106541+00:00
704,110,34,0.0,13.09,6.92,2025-11-30T09:04:29.108679+00:00,2025-11-30T09:04:29.108685+00:00
705,110,26,0.0,0.0,15.86,2025-11-30T09:04:29.112701+00:00,2025-11-30T09:04:29.112711+00:00
706,110,33,0.0,111.12,46.9,2025-11-30T09:04:29.115266+00:00,2025-11-30T09:04:29.115274+00:00
707,111,43,0.0,0.0,24.29,2025-11-30T09:04:29.117514+00:00,2025-11-30T09:04:29.117522+00:00
708,111,31,0.0,0.0,33.69,2025-11-30T09:04:29.119496+00:00,2025-11-30T09:04:29.119502+00:00
709,111,34,0.0,7.2,14.74,2025-11-30T09:04:29.121358+00:00,2025-11-30T09:04:29.121364+00:00
710,111,38,0.0,74.51,43.43,2025-11-30T09:04:29.123268+00:00,2025-11-30T09:04:29.123274+00:00
711,111,37,0.0,97.44,32.55,2025-11-30T09:04:29.125928+00:00,2025-11-30T09:04:29.125941+00:00
712,111,16,0.0,0.0,25.63,2025-11-30T09:04:29.131266+00:00,2025-11-30T09:04:29.131277+00:00
713,111,23,65.53,45.26,72.56,2025-11-30T09:04:29.134107+00:00,2025-11-30T09:04:29.134119+00:00
714,111,32,0.0,0.0,32.91,2025-11-30T09:04:29.136665+00:00,2025-11-30T09:04:29.136674+00:00
715,111,28,0.0,0.0,39.12,2025-11-30T09:04:29.139056+00:00,2025-11-30T09:04:29.139063+00:00
716,111,19,0.0,0.0,38.65,2025-11-30T09:04:29.141178+00:00,2025-11-30T09:04:29.141185+00:00
717,111,39,0.0,0.0,25.92,2025-11-30T09:04:29.143660+00:00,2025-11-30T09:04:29.143669+00:00
718,111,29,110.27,53.39,64.08,2025-11-30T09:04:29.147137+00:00,2025-11-30T09:04:29.147146+00:00
719,111,33,59.16,0.0,43.79,2025-11-30T09:04:29.149178+00:00,2025-11-30T09:04:29.149186+00:00
720,111,20,94.83,0.0,46.74,2025-11-30T09:04:29.151315+00:00,2025-11-30T09:04:29.151322+00:00
721,111,27,0.0,58.85,29.67,2025-11-30T09:04:29.153231+00:00,2025-11-30T09:04:29.153238+00:00
722,111,35,0.0,0.0,14.38,2025-11-30T09:04:29.155267+00:00,2025-11-30T09:04:29.155274+00:00
723,112,15,102.18,12.7,59.51,2025-11-30T09:04:29.158505+00:00,2025-11-30T09:04:29.158514+00:00
724,112,32,0.0,0.0,70.02,2025-11-30T09:04:29.162423+00:00,2025-11-30T09:04:29.162436+00:00
725,112,20,35.09,0.0,23.67,2025-11-30T09:04:29.165403+00:00,2025-11-30T09:04:29.165411+00:00
726,112,22,0.0,0.0,86.84,2025-11-30T09:04:29.168062+00:00,2025-11-30T09:04:29.168071+00:00
727,112,21,88.64,70.81,93.35,2025-11-30T09:04:29.170408+00:00,2025-11-30T09:04:29.170415+00:00
728,112,30,63.33,54.55,63.36,2025-11-30T09:04:29.172468+00:00,2025-11-30T09:04:29.172475+00:00
729,112,17,32.1,0.0,16.3,2025-11-30T09:04:29.174449+00:00,2025-11-30T09:04:29.174456+00:00
730,112,38,0.0,137.56,42.54,2025-11-30T09:04:29.177729+00:00,2025-11-30T09:04:29.177742+00:00
731,112,23,0.0,84.4,46.96,2025-11-30T09:04:29.181033+00:00,2025-11-30T09:04:29.181042+00:00
732,112,28,0.0,0.0,6.96,2025-11-30T09:04:29.183507+00:00,2025-11-30T09:04:29.183516+00:00
733,112,16,31.24,0.0,14.62,2025-11-30T09:04:29.185349+00:00,2025-11-30T09:04:29.185356+00:00
734,112,18,0.0,75.8,47.98,2025-11-30T09:04:29.187687+00:00,2025-11-30T09:04:29.187695+00:00
735,112,44,0.0,28.65,32.12,2025-11-30T09:04:29.190097+00:00,2025-11-30T09:04:29.190104+00:00
736,112,42,0.0,0.0,19.81,2025-11-30T09:04:29.192028+00:00,2025-11-30T09:04:29.192035+00:00
737,112,35,0.0,0.0,26.34,2025-11-30T09:04:29.196628+00:00,2025-11-30T09:04:29.196642+00:00
738,112,37,129.31,0.0,45.31,2025-11-30T09:04:29.199732+00:00,2025-11-30T09:04:29.199741+00:00
739,113,20,1279.32,0.0,414.75,2025-11-30T09:04:29.202166+00:00,2025-11-30T09:04:29.202174+00:00
740,113,35,0.0,0.0,325.14,2025-11-30T09:04:29.222305+00:00,2025-11-30T09:04:29.222315+00:00
741,113,34,0.0,0.0,504.39,2025-11-30T09:04:29.224953+00:00,2025-11-30T09:04:29.224962+00:00
742,113,16,680.32,0.0,257.27,2025-11-30T09:04:29.229514+00:00,2025-11-30T09:04:29.229526+00:00
743,113,40,0.0,0.0,159.53,2025-11-30T09:04:29.233256+00:00,2025-11-30T09:04:29.233266+00:00
744,113,25,438.17,0.0,418.16,2025-11-30T09:04:29.235851+00:00,2025-11-30T09:04:29.235859+00:00
745,113,30,603.3,0.0,514.51,2025-11-30T09:04:29.238648+00:00,2025-11-30T09:04:29.238656+00:00
746,113,26,689.21,0.0,303.44,2025-11-30T09:04:29.240669+00:00,2025-11-30T09:04:29.240677+00:00
747,113,36,0.0,0.0,355.05,2025-11-30T09:04:29.243540+00:00,2025-11-30T09:04:29.243550+00:00
748,113,22,0.0,0.0,357.58,2025-11-30T09:04:29.247252+00:00,2025-11-30T09:04:29.247261+00:00
749,113,43,210.05,0.0,140.66,2025-11-30T09:04:29.249500+00:00,2025-11-30T09:04:29.249507+00:00
750,113,27,0.0,0.0,331.81,2025-11-30T09:04:29.251462+00:00,2025-11-30T09:04:29.251469+00:00
751,113,33,0.0,0.0,411.63,2025-11-30T09:04:29.253578+00:00,2025-11-30T09:04:29.253586+00:00
752,113,42,0.0,0.0,167.88,2025-11-30T09:04:29.255464+00:00,2025-11-30T09:04:29.255470+00:00
753,113,17,0.0,0.0,395.55,2025-11-30T09:04:29.258569+00:00,2025-11-30T09:04:29.258578+00:00
754,113,29,0.0,0.0,379.24,2025-11-30T09:04:29.262915+00:00,2025-11-30T09:04:29.262926+00:00
755,113,23,0.0,253.85,167.02,2025-11-30T09:04:29.266552+00:00,2025-11-30T09:04:29.266562+00:00
756,113,24,0.0,0.0,319.98,2025-11-30T09:04:29.268786+00:00,2025-11-30T09:04:29.268794+00:00
757,113,19,0.0,0.0,266.69,2025-11-30T09:04:29.271075+00:00,2025-11-30T09:04:29.271082+00:00
758,115,15,0.0,0.0,12.46,2025-11-30T09:04:29.272985+00:00,2025-11-30T09:04:29.272992+00:00
759,115,31,0.0,0.0,46.4,2025-11-30T09:04:29.274771+00:00,2025-11-30T09:04:29.274777+00:00
760,115,21,0.0,110.19,51.19,2025-11-30T09:04:29.278829+00:00,2025-11-30T09:04:29.278839+00:00
761,115,42,0.0,50.89,35.58,2025-11-30T09:04:29.281607+00:00,2025-11-30T09:04:29.281615+00:00
762,115,32,0.0,11.73,76.14,2025-11-30T09:04:29.283687+00:00,2025-11-30T09:04:29.283695+00:00
763,115,41,0.0,0.0,72.85,2025-11-30T09:04:29.285889+00:00,2025-11-30T09:04:29.285897+00:00
764,115,38,0.0,0.0,45.12,2025-11-30T09:04:29.288475+00:00,2025-11-30T09:04:29.288483+00:00
765,115,28,0.0,0.0,40.03,2025-11-30T09:04:29.290942+00:00,2025-11-30T09:04:29.290953+00:00
766,115,19,0.0,0.0,74.52,2025-11-30T09:04:29.294172+00:00,2025-11-30T09:04:29.294183+00:00
767,115,18,76.66,0.0,41.5,2025-11-30T09:04:29.298171+00:00,2025-11-30T09:04:29.298179+00:00
768,115,44,0.0,0.0,11.09,2025-11-30T09:04:29.300962+00:00,2025-11-30T09:04:29.300971+00:00
769,115,26,25.62,0.0,17.01,2025-11-30T09:04:29.302918+00:00,2025-11-30T09:04:29.302926+00:00
770,115,24,0.0,0.0,8.78,2025-11-30T09:04:29.305039+00:00,2025-11-30T09:04:29.305047+00:00
771,115,37,0.0,0.0,10.88,2025-11-30T09:04:29.307630+00:00,2025-11-30T09:04:29.307639+00:00
772,115,34,0.0,0.0,45.6,2025-11-30T09:04:29.311384+00:00,2025-11-30T09:04:29.311434+00:00
773,115,40,0.0,0.0,31.04,2025-11-30T09:04:29.314390+00:00,2025-11-30T09:04:29.314398+00:00
774,116,29,80.8,104.16,68.47,2025-11-30T09:04:29.316745+00:00,2025-11-30T09:04:29.316755+00:00
775,116,20,0.0,0.0,33.67,2025-11-30T09:04:29.319293+00:00,2025-11-30T09:04:29.319301+00:00
776,116,44,0.0,0.0,107.21,2025-11-30T09:04:29.321418+00:00,2025-11-30T09:04:29.321426+00:00
777,116,31,0.0,0.0,23.1,2025-11-30T09:04:29.324084+00:00,2025-11-30T09:04:29.324092+00:00
778,116,17,0.0,0.0,17.84,2025-11-30T09:04:29.327556+00:00,2025-11-30T09:04:29.327567+00:00
779,116,23,28.41,0.0,17.03,2025-11-30T09:04:29.331080+00:00,2025-11-30T09:04:29.331090+00:00
780,116,32,0.0,0.0,43.01,2025-11-30T09:04:29.334305+00:00,2025-11-30T09:04:29.334319+00:00
781,116,15,29.99,105.51,49.73,2025-11-30T09:04:29.337277+00:00,2025-11-30T09:04:29.337286+00:00
782,116,39,0.0,0.0,8.52,2025-11-30T09:04:29.339758+00:00,2025-11-30T09:04:29.339766+00:00
783,116,37,0.0,0.0,34.83,2025-11-30T09:04:29.341847+00:00,2025-11-30T09:04:29.341855+00:00
784,116,27,48.96,0.0,19.36,2025-11-30T09:04:29.345693+00:00,2025-11-30T09:04:29.345703+00:00
785,116,36,6.26,0.0,3.16,2025-11-30T09:04:29.348611+00:00,2025-11-30T09:04:29.348620+00:00
786,116,35,102.13,0.0,46.78,2025-11-30T09:04:29.350838+00:00,2025-11-30T09:04:29.350846+00:00
787,116,18,0.0,0.0,9.51,2025-11-30T09:04:29.353005+00:00,2025-11-30T09:04:29.353014+00:00
788,116,43,0.0,0.0,15.78,2025-11-30T09:04:29.355328+00:00,2025-11-30T09:04:29.355336+00:00
789,116,30,0.0,0.0,1.86,2025-11-30T09:04:29.358659+00:00,2025-11-30T09:04:29.358669+00:00
790,116,38,22.69,0.0,12.4,2025-11-30T09:04:29.363209+00:00,2025-11-30T09:04:29.363220+00:00
791,116,28,8.76,0.0,3.94,2025-11-30T09:04:29.365851+00:00,2025-11-30T09:04:29.365859+00:00
792,116,21,85.77,0.0,46.25,2025-11-30T09:04:29.369301+00:00,2025-11-30T09:04:29.369311+00:00
793,117,25,0.0,34.48,43.84,2025-11-30T09:04:29.372267+00:00,2025-11-30T09:04:29.372276+00:00
794,117,37,0.0,0.0,61.68,2025-11-30T09:04:29.374583+00:00,2025-11-30T09:04:29.374590+00:00
795,117,30,0.0,66.65,64.2,2025-11-30T09:04:29.377703+00:00,2025-11-30T09:04:29.377714+00:00
796,117,33,54.96,36.95,40.04,2025-11-30T09:04:29.381198+00:00,2025-11-30T09:04:29.381207+00:00
797,117,21,0.0,0.0,14.57,2025-11-30T09:04:29.383463+00:00,2025-11-30T09:04:29.383472+00:00
798,117,29,0.0,0.0,38.26,2025-11-30T09:04:29.385466+00:00,2025-11-30T09:04:29.385525+00:00
799,117,27,0.0,57.1,38.18,2025-11-30T09:04:29.388545+00:00,2025-11-30T09:04:29.388555+00:00
800,117,38,0.0,0.0,19.64,2025-11-30T09:04:29.390865+00:00,2025-11-30T09:04:29.390873+00:00
801,117,42,0.0,0.0,20.82,2025-11-30T09:04:29.393976+00:00,2025-11-30T09:04:29.393991+00:00
802,117,20,0.0,0.0,47.9,2025-11-30T09:04:29.397941+00:00,2025-11-30T09:04:29.397951+00:00
803,117,23,0.0,24.89,13.46,2025-11-30T09:04:29.400542+00:00,2025-11-30T09:04:29.400551+00:00
804,117,18,0.0,0.0,20.49,2025-11-30T09:04:29.402653+00:00,2025-11-30T09:04:29.402660+00:00
805,117,43,0.0,42.35,78.62,2025-11-30T09:04:29.404525+00:00,2025-11-30T09:04:29.404533+00:00
806,118,41,0.0,9.43,5.75,2025-11-30T09:04:29.406691+00:00,2025-11-30T09:04:29.406698+00:00
807,118,24,0.0,25.74,9.64,2025-11-30T09:04:29.410057+00:00,2025-11-30T09:04:29.410067+00:00
808,118,31,0.0,0.0,28.79,2025-11-30T09:04:29.413644+00:00,2025-11-30T09:04:29.413653+00:00
809,118,40,116.23,0.0,97.95,2025-11-30T09:04:29.415808+00:00,2025-11-30T09:04:29.415817+00:00
810,118,18,34.05,0.0,15.36,2025-11-30T09:04:29.418598+00:00,2025-11-30T09:04:29.418607+00:00
811,118,33,0.0,0.0,24.77,2025-11-30T09:04:29.420782+00:00,2025-11-30T09:04:29.420790+00:00
812,118,15,0.0,0.0,58.94,2025-11-30T09:04:29.423271+00:00,2025-11-30T09:04:29.423280+00:00
813,118,23,0.0,0.0,38.09,2025-11-30T09:04:29.425521+00:00,2025-11-30T09:04:29.425532+00:00
814,118,25,0.0,0.0,33.59,2025-11-30T09:04:29.430226+00:00,2025-11-30T09:04:29.430236+00:00
815,118,36,0.0,0.0,33.35,2025-11-30T09:04:29.433153+00:00,2025-11-30T09:04:29.433164+00:00
816,118,35,0.0,81.62,48.51,2025-11-30T09:04:29.435170+00:00,2025-11-30T09:04:29.435178+00:00
817,118,30,0.0,26.75,18.07,2025-11-30T09:04:29.437261+00:00,2025-11-30T09:04:29.437270+00:00
818,118,43,0.0,0.0,15.4,2025-11-30T09:04:29.440162+00:00,2025-11-30T09:04:29.440170+00:00
819,118,29,0.0,0.0,47.8,2025-11-30T09:04:29.443018+00:00,2025-11-30T09:04:29.443028+00:00
820,118,20,38.05,0.0,22.31,2025-11-30T09:04:29.446830+00:00,2025-11-30T09:04:29.446839+00:00
821,118,39,0.0,63.99,36.24,2025-11-30T09:04:29.449237+00:00,2025-11-30T09:04:29.449245+00:00
822,118,44,0.0,92.31,39.98,2025-11-30T09:04:29.451074+00:00,2025-11-30T09:04:29.451081+00:00
823,119,27,0.0,1385.59,1359.17,2025-11-30T09:04:29.453126+00:00,2025-11-30T09:04:29.453132+00:00
824,119,17,0.0,1133.64,392.74,2025-11-30T09:04:29.455432+00:00,2025-11-30T09:04:29.455441+00:00
825,119,39,0.0,551.75,741.56,2025-11-30T09:04:29.457887+00:00,2025-11-30T09:04:29.457895+00:00
826,119,32,0.0,0.0,140.77,2025-11-30T09:04:29.462084+00:00,2025-11-30T09:04:29.462101+00:00
827,119,29,0.0,0.0,141.27,2025-11-30T09:04:29.464842+00:00,2025-11-30T09:04:29.464851+00:00
828,119,34,0.0,0.0,291.0,2025-11-30T09:04:29.467519+00:00,2025-11-30T09:04:29.467529+00:00
829,119,30,0.0,0.0,202.43,2025-11-30T09:04:29.470028+00:00,2025-11-30T09:04:29.470036+00:00
830,119,41,1165.54,0.0,374.17,2025-11-30T09:04:29.472091+00:00,2025-11-30T09:04:29.472098+00:00
831,119,38,0.0,0.0,878.34,2025-11-30T09:04:29.474254+00:00,2025-11-30T09:04:29.474261+00:00
832,119,31,0.0,0.0,372.48,2025-11-30T09:04:29.477634+00:00,2025-11-30T09:04:29.477651+00:00
833,119,19,0.0,183.3,639.17,2025-11-30T09:04:29.481053+00:00,2025-11-30T09:04:29.481063+00:00
834,119,18,0.0,0.0,487.29,2025-11-30T09:04:29.483920+00:00,2025-11-30T09:04:29.483929+00:00
835,119,22,0.0,0.0,207.13,2025-11-30T09:04:29.486628+00:00,2025-11-30T09:04:29.486642+00:00
836,119,26,369.76,0.0,128.98,2025-11-30T09:04:29.489591+00:00,2025-11-30T09:04:29.489602+00:00
837,121,33,0.0,46.4,61.91,2025-11-30T09:04:29.493373+00:00,2025-11-30T09:04:29.493389+00:00
838,121,35,0.0,0.0,29.0,2025-11-30T09:04:29.498744+00:00,2025-11-30T09:04:29.498755+00:00
839,121,40,0.0,55.01,70.18,2025-11-30T09:04:29.501497+00:00,2025-11-30T09:04:29.501506+00:00
840,121,18,45.85,0.0,26.43,2025-11-30T09:04:29.503874+00:00,2025-11-30T09:04:29.503883+00:00
841,121,23,120.95,0.0,112.15,2025-11-30T09:04:29.506245+00:00,2025-11-30T09:04:29.506252+00:00
842,121,36,23.18,0.0,45.75,2025-11-30T09:04:29.508742+00:00,2025-11-30T09:04:29.508750+00:00
843,121,32,0.0,50.65,29.28,2025-11-30T09:04:29.513053+00:00,2025-11-30T09:04:29.513064+00:00
844,121,31,105.29,0.0,33.47,2025-11-30T09:04:29.515839+00:00,2025-11-30T09:04:29.515848+00:00
845,121,42,78.96,0.0,30.51,2025-11-30T09:04:29.519547+00:00,2025-11-30T09:04:29.519557+00:00
846,121,34,0.0,69.11,27.94,2025-11-30T09:04:29.522657+00:00,2025-11-30T09:04:29.522668+00:00
847,121,17,0.0,0.0,47.07,2025-11-30T09:04:29.525591+00:00,2025-11-30T09:04:29.525602+00:00
848,121,41,0.0,0.0,49.63,2025-11-30T09:04:29.530713+00:00,2025-11-30T09:04:29.530722+00:00
849,121,44,0.0,0.0,8.17,2025-11-30T09:04:29.533675+00:00,2025-11-30T09:04:29.533684+00:00
850,121,22,0.0,112.62,39.35,2025-11-30T09:04:29.535910+00:00,2025-11-30T09:04:29.535916+00:00
851,122,19,0.0,0.0,29.83,2025-11-30T09:04:29.538935+00:00,2025-11-30T09:04:29.538943+00:00
852,122,36,0.0,0.0,58.24,2025-11-30T09:04:29.542281+00:00,2025-11-30T09:04:29.542295+00:00
853,122,23,0.0,24.8,15.95,2025-11-30T09:04:29.546676+00:00,2025-11-30T09:04:29.546690+00:00
854,122,42,0.0,0.0,20.42,2025-11-30T09:04:29.551333+00:00,2025-11-30T09:04:29.551341+00:00
855,122,17,0.0,0.0,40.61,2025-11-30T09:04:29.554103+00:00,2025-11-30T09:04:29.554114+00:00
856,122,15,35.57,0.0,48.07,2025-11-30T09:04:29.558763+00:00,2025-11-30T09:04:29.558774+00:00
857,122,20,0.0,30.72,59.69,2025-11-30T09:04:29.563445+00:00,2025-11-30T09:04:29.563462+00:00
858,122,33,0.0,68.83,46.23,2025-11-30T09:04:29.566468+00:00,2025-11-30T09:04:29.566482+00:00
859,122,44,0.0,0.0,3.82,2025-11-30T09:04:29.569356+00:00,2025-11-30T09:04:29.569364+00:00
860,122,18,0.0,0.0,44.62,2025-11-30T09:04:29.571767+00:00,2025-11-30T09:04:29.571774+00:00
861,122,30,40.84,41.59,48.56,2025-11-30T09:04:29.573980+00:00,2025-11-30T09:04:29.573986+00:00
862,122,32,0.0,87.96,49.48,2025-11-30T09:04:29.578205+00:00,2025-11-30T09:04:29.578217+00:00
863,122,38,42.72,28.69,33.38,2025-11-30T09:04:29.581218+00:00,2025-11-30T09:04:29.581227+00:00
864,122,16,0.0,0.0,21.63,2025-11-30T09:04:29.583273+00:00,2025-11-30T09:04:29.583280+00:00
865,122,25,0.0,0.0,7.44,2025-11-30T09:04:29.586301+00:00,2025-11-30T09:04:29.586309+00:00
866,122,26,5.62,0.0,3.55,2025-11-30T09:04:29.589633+00:00,2025-11-30T09:04:29.589642+00:00
867,122,28,0.0,0.0,14.83,2025-11-30T09:04:29.592062+00:00,2025-11-30T09:04:29.592071+00:00
868,122,41,0.0,39.5,24.22,2025-11-30T09:04:29.596136+00:00,2025-11-30T09:04:29.596150+00:00
869,123,21,0.0,566.58,638.38,2025-11-30T09:04:29.599122+00:00,2025-11-30T09:04:29.599132+00:00
870,123,28,368.9,0.0,118.19,2025-11-30T09:04:29.601299+00:00,2025-11-30T09:04:29.601307+00:00
871,123,35,449.87,0.0,221.19,2025-11-30T09:04:29.603735+00:00,2025-11-30T09:04:29.603745+00:00
872,123,24,0.0,477.21,384.57,2025-11-30T09:04:29.605697+00:00,2025-11-30T09:04:29.605705+00:00
873,123,43,302.85,461.81,617.03,2025-11-30T09:04:29.607857+00:00,2025-11-30T09:04:29.607864+00:00
874,123,30,0.0,650.98,260.98,2025-11-30T09:04:29.611129+00:00,2025-11-30T09:04:29.611167+00:00
875,123,18,744.64,0.0,464.08,2025-11-30T09:04:29.614215+00:00,2025-11-30T09:04:29.614224+00:00
876,123,40,0.0,0.0,180.07,2025-11-30T09:04:29.616825+00:00,2025-11-30T09:04:29.616833+00:00
877,123,37,0.0,214.89,111.45,2025-11-30T09:04:29.619134+00:00,2025-11-30T09:04:29.619142+00:00
878,123,39,261.23,0.0,346.76,2025-11-30T09:04:29.621192+00:00,2025-11-30T09:04:29.621199+00:00
879,123,31,573.1,0.0,331.64,2025-11-30T09:04:29.623936+00:00,2025-11-30T09:04:29.623944+00:00
880,123,16,0.0,0.0,287.91,2025-11-30T09:04:29.627304+00:00,2025-11-30T09:04:29.627314+00:00
881,123,19,0.0,314.13,193.58,2025-11-30T09:04:29.631609+00:00,2025-11-30T09:04:29.631619+00:00
882,123,32,637.22,0.0,352.43,2025-11-30T09:04:29.633925+00:00,2025-11-30T09:04:29.633934+00:00
883,123,15,0.0,939.12,386.8,2025-11-30T09:04:29.636404+00:00,2025-11-30T09:04:29.636412+00:00
884,123,42,0.0,0.0,477.18,2025-11-30T09:04:29.638900+00:00,2025-11-30T09:04:29.638907+00:00
885,123,27,0.0,0.0,177.32,2025-11-30T09:04:29.640967+00:00,2025-11-30T09:04:29.640973+00:00
886,124,20,0.0,135.34,57.16,2025-11-30T09:04:29.643291+00:00,2025-11-30T09:04:29.643301+00:00
887,124,21,11.38,0.0,4.53,2025-11-30T09:04:29.646817+00:00,2025-11-30T09:04:29.646826+00:00
888,124,31,67.74,0.0,30.56,2025-11-30T09:04:29.649127+00:00,2025-11-30T09:04:29.649134+00:00
889,124,39,39.5,0.0,13.17,2025-11-30T09:04:29.650988+00:00,2025-11-30T09:04:29.650995+00:00
890,124,40,106.5,0.0,70.8,2025-11-30T09:04:29.652784+00:00,2025-11-30T09:04:29.652790+00:00
891,124,19,0.0,0.0,77.31,2025-11-30T09:04:29.654558+00:00,2025-11-30T09:04:29.654564+00:00
892,124,32,0.0,6.42,7.14,2025-11-30T09:04:29.657337+00:00,2025-11-30T09:04:29.657345+00:00
893,124,43,0.0,2.72,1.06,2025-11-30T09:04:29.660658+00:00,2025-11-30T09:04:29.660669+00:00
894,124,26,0.0,42.74,67.93,2025-11-30T09:04:29.664069+00:00,2025-11-30T09:04:29.664080+00:00
895,124,30,17.58,0.0,12.0,2025-11-30T09:04:29.666608+00:00,2025-11-30T09:04:29.666617+00:00
896,124,25,38.06,0.0,66.02,2025-11-30T09:04:29.669002+00:00,2025-11-30T09:04:29.669010+00:00
897,124,28,0.0,95.23,34.29,2025-11-30T09:04:29.670957+00:00,2025-11-30T09:04:29.670964+00:00
898,124,41,0.0,0.0,43.89,2025-11-30T09:04:29.672925+00:00,2025-11-30T09:04:29.672932+00:00
899,124,33,0.0,0.0,8.09,2025-11-30T09:04:29.674812+00:00,2025-11-30T09:04:29.674819+00:00
900,125,37,49.09,0.0,18.72,2025-11-30T09:04:29.678712+00:00,2025-11-30T09:04:29.678722+00:00
901,125,30,8.91,0.0,3.92,2025-11-30T09:04:29.681205+00:00,2025-11-30T09:04:29.681213+00:00
902,125,41,131.39,78.93,107.87,2025-11-30T09:04:29.683382+00:00,2025-11-30T09:04:29.683388+00:00
903,125,38,0.0,0.0,50.54,2025-11-30T09:04:29.685285+00:00,2025-11-30T09:04:29.685291+00:00
904,125,24,0.0,35.97,52.82,2025-11-30T09:04:29.687298+00:00,2025-11-30T09:04:29.687305+00:00
905,125,18,141.22,0.0,89.11,2025-11-30T09:04:29.689594+00:00,2025-11-30T09:04:29.689602+00:00
906,125,15,0.0,4.08,92.08,2025-11-30T09:04:29.691644+00:00,2025-11-30T09:04:29.691651+00:00
907,125,44,0.0,59.99,21.76,2025-11-30T09:04:29.695868+00:00,2025-11-30T09:04:29.695882+00:00
908,125,34,0.0,0.0,24.39,2025-11-30T09:04:29.699055+00:00,2025-11-30T09:04:29.699065+00:00
909,125,16,0.0,0.0,10.54,2025-11-30T09:04:29.701329+00:00,2025-11-30T09:04:29.701337+00:00
910,125,42,0.0,34.89,12.74,2025-11-30T09:04:29.703320+00:00,2025-11-30T09:04:29.703327+00:00
911,125,33,0.0,0.0,3.24,2025-11-30T09:04:29.705091+00:00,2025-11-30T09:04:29.705097+00:00
912,125,29,121.46,0.0,47.69,2025-11-30T09:04:29.707382+00:00,2025-11-30T09:04:29.707389+00:00
913,125,19,0.0,0.0,22.93,2025-11-30T09:04:29.710125+00:00,2025-11-30T09:04:29.710135+00:00
914,125,28,0.0,0.0,12.72,2025-11-30T09:04:29.714227+00:00,2025-11-30T09:04:29.714236+00:00
915,125,35,0.0,113.23,40.43,2025-11-30T09:04:29.716513+00:00,2025-11-30T09:04:29.716524+00:00
916,125,40,0.0,0.0,5.61,2025-11-30T09:04:29.719088+00:00,2025-11-30T09:04:29.719094+00:00
917,126,26,16.07,37.37,25.58,2025-11-30T09:04:29.720827+00:00,2025-11-30T09:04:29.720833+00:00
918,126,43,68.52,68.32,83.46,2025-11-30T09:04:29.723247+00:00,2025-11-30T09:04:29.723254+00:00
919,126,24,0.0,0.0,42.99,2025-11-30T09:04:29.725577+00:00,2025-11-30T09:04:29.725587+00:00
920,126,42,0.0,37.14,42.61,2025-11-30T09:04:29.730032+00:00,2025-11-30T09:04:29.730045+00:00
921,126,36,93.76,0.0,37.31,2025-11-30T09:04:29.732654+00:00,2025-11-30T09:04:29.732662+00:00
922,126,17,112.04,0.0,60.38,2025-11-30T09:04:29.734621+00:00,2025-11-30T09:04:29.734628+00:00
923,126,25,52.27,0.0,45.32,2025-11-30T09:04:29.736883+00:00,2025-11-30T09:04:29.736890+00:00
924,126,18,0.0,0.0,29.39,2025-11-30T09:04:29.739075+00:00,2025-11-30T09:04:29.739082+00:00
925,126,16,83.14,0.0,47.68,2025-11-30T09:04:29.741150+00:00,2025-11-30T09:04:29.741156+00:00
926,126,31,0.0,0.0,10.02,2025-11-30T09:04:29.744400+00:00,2025-11-30T09:04:29.744411+00:00
927,126,20,0.0,0.0,47.16,2025-11-30T09:04:29.747347+00:00,2025-11-30T09:04:29.747356+00:00
928,126,37,0.0,0.0,45.72,2025-11-30T09:04:29.749737+00:00,2025-11-30T09:04:29.749745+00:00
929,126,38,0.0,17.31,8.37,2025-11-30T09:04:29.753021+00:00,2025-11-30T09:04:29.753029+00:00
930,126,35,0.0,0.0,23.9,2025-11-30T09:04:29.756231+00:00,2025-11-30T09:04:29.756241+00:00
931,126,39,0.0,0.0,11.59,2025-11-30T09:04:29.760465+00:00,2025-11-30T09:04:29.760480+00:00
932,127,24,0.0,0.0,35.4,2025-11-30T09:04:29.764708+00:00,2025-11-30T09:04:29.764720+00:00
933,127,41,60.07,0.0,32.83,2025-11-30T09:04:29.767964+00:00,2025-11-30T09:04:29.767975+00:00
934,127,39,0.0,0.0,25.66,2025-11-30T09:04:29.770150+00:00,2025-11-30T09:04:29.770158+00:00
935,127,21,0.0,75.82,68.3,2025-11-30T09:04:29.772427+00:00,2025-11-30T09:04:29.772434+00:00
936,127,26,84.82,0.0,92.57,2025-11-30T09:04:29.774353+00:00,2025-11-30T09:04:29.774360+00:00
937,127,44,0.0,1.81,1.2,2025-11-30T09:04:29.777837+00:00,2025-11-30T09:04:29.777855+00:00
938,127,40,0.0,0.0,17.42,2025-11-30T09:04:29.781571+00:00,2025-11-30T09:04:29.781583+00:00
939,127,20,0.0,0.0,26.35,2025-11-30T09:04:29.783662+00:00,2025-11-30T09:04:29.783672+00:00
940,127,31,125.7,0.0,85.79,2025-11-30T09:04:29.785665+00:00,2025-11-30T09:04:29.785670+00:00
941,127,25,11.73,0.0,5.57,2025-11-30T09:04:29.788037+00:00,2025-11-30T09:04:29.788043+00:00
942,127,15,0.0,0.0,48.64,2025-11-30T09:04:29.790558+00:00,2025-11-30T09:04:29.790564+00:00
943,127,38,0.0,0.0,33.3,2025-11-30T09:04:29.793137+00:00,2025-11-30T09:04:29.793147+00:00
944,127,33,43.65,0.0,23.5,2025-11-30T09:04:29.798043+00:00,2025-11-30T09:04:29.798053+00:00
945,127,43,7.51,0.0,4.79,2025-11-30T09:04:29.800917+00:00,2025-11-30T09:04:29.800927+00:00
946,127,30,0.0,0.0,4.61,2025-11-30T09:04:29.802945+00:00,2025-11-30T09:04:29.802952+00:00
947,127,27,0.0,0.0,40.62,2025-11-30T09:04:29.805023+00:00,2025-11-30T09:04:29.805029+00:00
948,127,35,69.99,0.0,48.82,2025-11-30T09:04:29.807251+00:00,2025-11-30T09:04:29.807258+00:00
949,127,22,28.64,0.0,14.11,2025-11-30T09:04:29.811227+00:00,2025-11-30T09:04:29.811239+00:00
950,129,29,119.51,0.0,74.07,2025-11-30T09:04:29.815502+00:00,2025-11-30T09:04:29.815512+00:00
951,129,36,0.0,0.0,6.04,2025-11-30T09:04:29.818145+00:00,2025-11-30T09:04:29.818194+00:00
952,129,21,150.01,0.0,92.88,2025-11-30T09:04:29.820250+00:00,2025-11-30T09:04:29.820258+00:00
953,129,34,0.0,0.0,34.62,2025-11-30T09:04:29.822341+00:00,2025-11-30T09:04:29.822349+00:00
954,129,43,0.0,0.0,2.47,2025-11-30T09:04:29.824392+00:00,2025-11-30T09:04:29.824399+00:00
955,129,26,25.72,0.0,11.54,2025-11-30T09:04:29.828295+00:00,2025-11-30T09:04:29.828311+00:00
956,129,15,0.0,93.69,80.4,2025-11-30T09:04:29.833230+00:00,2025-11-30T09:04:29.833240+00:00
957,129,32,0.0,0.0,14.9,2025-11-30T09:04:29.835571+00:00,2025-11-30T09:04:29.835579+00:00
958,129,37,0.0,0.0,34.42,2025-11-30T09:04:29.837718+00:00,2025-11-30T09:04:29.837726+00:00
959,129,16,0.0,0.0,3.29,2025-11-30T09:04:29.840139+00:00,2025-11-30T09:04:29.840146+00:00
960,129,33,0.0,0.0,14.93,2025-11-30T09:04:29.842783+00:00,2025-11-30T09:04:29.842805+00:00
961,129,44,0.0,0.0,32.59,2025-11-30T09:04:29.846831+00:00,2025-11-30T09:04:29.846841+00:00
962,129,38,0.0,0.0,16.54,2025-11-30T09:04:29.849195+00:00,2025-11-30T09:04:29.849204+00:00
963,129,30,0.0,0.0,32.39,2025-11-30T09:04:29.851327+00:00,2025-11-30T09:04:29.851334+00:00
964,129,41,0.0,64.71,27.33,2025-11-30T09:04:29.854295+00:00,2025-11-30T09:04:29.854302+00:00
965,129,42,0.0,24.81,9.34,2025-11-30T09:04:29.857390+00:00,2025-11-30T09:04:29.857399+00:00
966,129,25,0.0,0.0,67.44,2025-11-30T09:04:29.861391+00:00,2025-11-30T09:04:29.861402+00:00
967,129,24,0.0,0.0,28.37,2025-11-30T09:04:29.865264+00:00,2025-11-30T09:04:29.865274+00:00
968,130,39,0.0,0.0,355.22,2025-11-30T09:04:29.868143+00:00,2025-11-30T09:04:29.868153+00:00
969,130,26,236.7,0.0,605.91,2025-11-30T09:04:29.870218+00:00,2025-11-30T09:04:29.870225+00:00
970,130,23,0.0,191.45,698.49,2025-11-30T09:04:29.872284+00:00,2025-11-30T09:04:29.872290+00:00
971,130,29,275.29,0.0,181.04,2025-11-30T09:04:29.874024+00:00,2025-11-30T09:04:29.874029+00:00
972,130,36,240.44,0.0,350.22,2025-11-30T09:04:29.878103+00:00,2025-11-30T09:04:29.878122+00:00
973,130,19,0.0,0.0,293.33,2025-11-30T09:04:29.882171+00:00,2025-11-30T09:04:29.882181+00:00
974,130,35,0.0,334.89,352.88,2025-11-30T09:04:29.884585+00:00,2025-11-30T09:04:29.884595+00:00
975,130,34,0.0,0.0,125.86,2025-11-30T09:04:29.887243+00:00,2025-11-30T09:04:29.887250+00:00
976,130,16,0.0,0.0,611.13,2025-11-30T09:04:29.889673+00:00,2025-11-30T09:04:29.889680+00:00
977,130,37,0.0,0.0,245.01,2025-11-30T09:04:29.891705+00:00,2025-11-30T09:04:29.891711+00:00
978,130,21,544.34,0.0,226.01,2025-11-30T09:04:29.896421+00:00,2025-11-30T09:04:29.896431+00:00
979,130,18,0.0,0.0,808.05,2025-11-30T09:04:29.899223+00:00,2025-11-30T09:04:29.899233+00:00
980,130,28,0.0,88.7,355.69,2025-11-30T09:04:29.901726+00:00,2025-11-30T09:04:29.901734+00:00
981,130,42,736.39,0.0,717.23,2025-11-30T09:04:29.903577+00:00,2025-11-30T09:04:29.903583+00:00
982,130,43,0.0,380.86,193.37,2025-11-30T09:04:29.905487+00:00,2025-11-30T09:04:29.905494+00:00
983,131,31,50.11,85.85,73.6,2025-11-30T09:04:29.907695+00:00,2025-11-30T09:04:29.907702+00:00
984,131,16,20.5,0.0,55.69,2025-11-30T09:04:29.912256+00:00,2025-11-30T09:04:29.912266+00:00
985,131,26,30.27,0.0,13.32,2025-11-30T09:04:29.914722+00:00,2025-11-30T09:04:29.914730+00:00
986,131,36,145.62,0.0,62.01,2025-11-30T09:04:29.916883+00:00,2025-11-30T09:04:29.916890+00:00
987,131,44,0.0,0.0,11.72,2025-11-30T09:04:29.919870+00:00,2025-11-30T09:04:29.919880+00:00
988,131,35,0.0,0.0,52.34,2025-11-30T09:04:29.922079+00:00,2025-11-30T09:04:29.922085+00:00
989,131,20,0.0,0.0,40.41,2025-11-30T09:04:29.924293+00:00,2025-11-30T09:04:29.924299+00:00
990,131,28,0.0,0.0,15.94,2025-11-30T09:04:29.927474+00:00,2025-11-30T09:04:29.927492+00:00
991,131,27,0.0,16.34,41.62,2025-11-30T09:04:29.931175+00:00,2025-11-30T09:04:29.931185+00:00
992,131,37,11.88,0.0,22.65,2025-11-30T09:04:29.933445+00:00,2025-11-30T09:04:29.933453+00:00
993,131,15,0.0,69.66,38.04,2025-11-30T09:04:29.935389+00:00,2025-11-30T09:04:29.935397+00:00
994,131,41,0.0,40.02,57.03,2025-11-30T09:04:29.937579+00:00,2025-11-30T09:04:29.937587+00:00
995,131,21,0.0,0.0,2.21,2025-11-30T09:04:29.939720+00:00,2025-11-30T09:04:29.939727+00:00
996,131,24,0.0,0.0,68.15,2025-11-30T09:04:29.942036+00:00,2025-11-30T09:04:29.942045+00:00
997,131,29,0.0,0.0,8.26,2025-11-30T09:04:29.945500+00:00,2025-11-30T09:04:29.945510+00:00
998,131,33,0.0,49.61,32.61,2025-11-30T09:04:29.947935+00:00,2025-11-30T09:04:29.947943+00:00
999,132,43,0.0,0.0,1.45,2025-11-30T09:04:29.950107+00:00,2025-11-30T09:04:29.950114+00:00
1000,132,21,0.0,0.0,26.14,2025-11-30T09:04:29.952077+00:00,2025-11-30T09:04:29.952084+00:00
1001,132,33,0.0,0.0,56.6,2025-11-30T09:04:29.954069+00:00,2025-11-30T09:04:29.954075+00:00
1002,132,24,0.0,82.23,45.89,2025-11-30T09:04:29.956151+00:00,2025-11-30T09:04:29.956158+00:00
1003,132,20,0.0,82.53,40.4,2025-11-30T09:04:29.960249+00:00,2025-11-30T09:04:29.960267+00:00
1004,132,41,0.0,4.99,3.2,2025-11-30T09:04:29.965937+00:00,2025-11-30T09:04:29.965946+00:00
1005,132,18,0.0,0.0,16.86,2025-11-30T09:04:29.969036+00:00,2025-11-30T09:04:29.969045+00:00
1006,132,40,162.2,17.29,70.49,2025-11-30T09:04:29.971122+00:00,2025-11-30T09:04:29.971129+00:00
1007,132,16,46.85,4.72,30.64,2025-11-30T09:04:29.973093+00:00,2025-11-30T09:04:29.973100+00:00
1008,132,35,28.89,0.0,16.74,2025-11-30T09:04:29.974820+00:00,2025-11-30T09:04:29.974826+00:00
1009,132,32,28.15,0.0,13.37,2025-11-30T09:04:29.978692+00:00,2025-11-30T09:04:29.978702+00:00
1010,132,36,0.0,79.13,41.79,2025-11-30T09:04:29.981354+00:00,2025-11-30T09:04:29.981363+00:00
1011,132,34,40.91,0.0,22.51,2025-11-30T09:04:29.983599+00:00,2025-11-30T09:04:29.983607+00:00
1012,132,22,0.0,77.03,60.61,2025-11-30T09:04:29.985589+00:00,2025-11-30T09:04:29.985596+00:00
1013,132,44,0.0,5.51,2.58,2025-11-30T09:04:29.987659+00:00,2025-11-30T09:04:29.987666+00:00
1014,133,17,0.0,90.52,44.49,2025-11-30T09:04:29.989843+00:00,2025-11-30T09:04:29.989850+00:00
1015,133,18,0.0,0.0,25.87,2025-11-30T09:04:29.993029+00:00,2025-11-30T09:04:29.993048+00:00
1016,133,42,150.16,0.0,48.55,2025-11-30T09:04:29.998478+00:00,2025-11-30T09:04:29.998488+00:00
1017,133,34,0.0,28.44,61.29,2025-11-30T09:04:30.001307+00:00,2025-11-30T09:04:30.001316+00:00
1018,133,28,0.0,19.18,6.66,2025-11-30T09:04:30.003508+00:00,2025-11-30T09:04:30.003516+00:00
1019,133,25,0.0,37.62,12.67,2025-11-30T09:04:30.005615+00:00,2025-11-30T09:04:30.005622+00:00
1020,133,39,84.12,65.89,135.28,2025-11-30T09:04:30.008355+00:00,2025-11-30T09:04:30.008363+00:00
1021,133,29,0.0,0.0,3.14,2025-11-30T09:04:30.012631+00:00,2025-11-30T09:04:30.012641+00:00
1022,133,21,0.0,0.0,44.98,2025-11-30T09:04:30.014827+00:00,2025-11-30T09:04:30.014835+00:00
1023,133,16,0.0,0.0,35.57,2025-11-30T09:04:30.016852+00:00,2025-11-30T09:04:30.016860+00:00
1024,133,41,0.0,0.0,51.97,2025-11-30T09:04:30.019385+00:00,2025-11-30T09:04:30.019392+00:00
1025,133,19,62.9,0.0,35.22,2025-11-30T09:04:30.021345+00:00,2025-11-30T09:04:30.021353+00:00
1026,133,27,0.0,0.0,27.09,2025-11-30T09:04:30.023304+00:00,2025-11-30T09:04:30.023310+00:00
1027,133,44,0.0,0.0,46.21,2025-11-30T09:04:30.025634+00:00,2025-11-30T09:04:30.025642+00:00
1028,134,33,0.0,98.68,48.05,2025-11-30T09:04:30.030302+00:00,2025-11-30T09:04:30.030311+00:00
1029,134,23,0.0,82.07,49.94,2025-11-30T09:04:30.033120+00:00,2025-11-30T09:04:30.033129+00:00
1030,134,16,0.0,0.0,14.17,2025-11-30T09:04:30.035131+00:00,2025-11-30T09:04:30.035139+00:00
1031,134,15,0.0,69.18,59.28,2025-11-30T09:04:30.037392+00:00,2025-11-30T09:04:30.037400+00:00
1032,134,29,0.0,0.0,1.43,2025-11-30T09:04:30.039775+00:00,2025-11-30T09:04:30.039781+00:00
1033,134,32,0.0,83.21,46.4,2025-11-30T09:04:30.041606+00:00,2025-11-30T09:04:30.041612+00:00
1034,134,17,0.0,3.59,21.65,2025-11-30T09:04:30.045106+00:00,2025-11-30T09:04:30.045132+00:00
1035,134,35,77.69,0.0,43.69,2025-11-30T09:04:30.047727+00:00,2025-11-30T09:04:30.047736+00:00
1036,134,20,0.0,0.0,3.06,2025-11-30T09:04:30.049949+00:00,2025-11-30T09:04:30.049957+00:00
1037,134,31,20.83,0.0,25.19,2025-11-30T09:04:30.052486+00:00,2025-11-30T09:04:30.052495+00:00
1038,134,43,0.0,0.0,47.18,2025-11-30T09:04:30.054584+00:00,2025-11-30T09:04:30.054591+00:00
1039,134,24,16.15,0.0,6.21,2025-11-30T09:04:30.056748+00:00,2025-11-30T09:04:30.056757+00:00
1040,134,38,0.0,27.34,24.46,2025-11-30T09:04:30.058966+00:00,2025-11-30T09:04:30.058974+00:00
1041,134,39,68.83,0.0,47.97,2025-11-30T09:04:30.063158+00:00,2025-11-30T09:04:30.063168+00:00
1042,134,40,0.0,38.95,23.34,2025-11-30T09:04:30.065891+00:00,2025-11-30T09:04:30.065899+00:00
1043,134,34,0.0,0.0,39.53,2025-11-30T09:04:30.069516+00:00,2025-11-30T09:04:30.069525+00:00
1044,134,22,0.0,49.6,30.67,2025-11-30T09:04:30.072016+00:00,2025-11-30T09:04:30.072027+00:00
1045,134,28,0.0,52.83,29.22,2025-11-30T09:04:30.075857+00:00,2025-11-30T09:04:30.075893+00:00
1046,135,20,0.0,0.0,13.91,2025-11-30T09:04:30.080392+00:00,2025-11-30T09:04:30.080403+00:00
1047,135,42,38.83,0.0,16.17,2025-11-30T09:04:30.083225+00:00,2025-11-30T09:04:30.083235+00:00
1048,135,31,0.0,0.0,33.81,2025-11-30T09:04:30.085857+00:00,2025-11-30T09:04:30.085865+00:00
1049,135,18,0.0,0.0,29.98,2025-11-30T09:04:30.088490+00:00,2025-11-30T09:04:30.088499+00:00
1050,135,44,0.0,0.0,45.62,2025-11-30T09:04:30.090689+00:00,2025-11-30T09:04:30.090696+00:00
1051,135,39,95.98,62.67,67.26,2025-11-30T09:04:30.094133+00:00,2025-11-30T09:04:30.094148+00:00
1052,135,17,67.15,0.0,30.08,2025-11-30T09:04:30.097762+00:00,2025-11-30T09:04:30.097773+00:00
1053,135,29,0.0,0.0,47.29,2025-11-30T09:04:30.100379+00:00,2025-11-30T09:04:30.100387+00:00
1054,135,33,0.0,0.0,16.82,2025-11-30T09:04:30.102521+00:00,2025-11-30T09:04:30.102529+00:00
1055,135,38,0.0,0.0,26.44,2025-11-30T09:04:30.104335+00:00,2025-11-30T09:04:30.104342+00:00
1056,135,24,126.21,0.0,47.2,2025-11-30T09:04:30.106644+00:00,2025-11-30T09:04:30.106651+00:00
1057,135,34,94.44,0.0,33.66,2025-11-30T09:04:30.109897+00:00,2025-11-30T09:04:30.109909+00:00
1058,135,15,0.0,46.3,19.11,2025-11-30T09:04:30.114031+00:00,2025-11-30T09:04:30.114041+00:00
1059,135,43,0.0,0.0,13.89,2025-11-30T09:04:30.116490+00:00,2025-11-30T09:04:30.116499+00:00
1060,135,26,85.04,0.0,36.64,2025-11-30T09:04:30.118874+00:00,2025-11-30T09:04:30.118882+00:00
1061,135,35,0.0,0.0,44.72,2025-11-30T09:04:30.121166+00:00,2025-11-30T09:04:30.121176+00:00
1062,135,25,86.24,0.0,47.51,2025-11-30T09:04:30.123648+00:00,2025-11-30T09:04:30.123658+00:00
1063,135,21,0.0,0.0,4.3,2025-11-30T09:04:30.127990+00:00,2025-11-30T09:04:30.128003+00:00
1064,135,28,0.0,0.0,31.92,2025-11-30T09:04:30.131550+00:00,2025-11-30T09:04:30.131562+00:00
1065,137,41,0.0,0.0,33.73,2025-11-30T09:04:30.134070+00:00,2025-11-30T09:04:30.134079+00:00
1066,137,32,0.0,0.0,39.8,2025-11-30T09:04:30.135850+00:00,2025-11-30T09:04:30.135857+00:00
1067,137,29,0.0,175.85,62.51,2025-11-30T09:04:30.137900+00:00,2025-11-30T09:04:30.137907+00:00
1068,137,26,91.81,153.91,113.48,2025-11-30T09:04:30.140243+00:00,2025-11-30T09:04:30.140250+00:00
1069,137,36,30.34,0.0,15.26,2025-11-30T09:04:30.143328+00:00,2025-11-30T09:04:30.143340+00:00
1070,137,23,0.0,0.0,24.79,2025-11-30T09:04:30.147938+00:00,2025-11-30T09:04:30.147948+00:00
1071,137,34,0.0,99.49,30.64,2025-11-30T09:04:30.150761+00:00,2025-11-30T09:04:30.150769+00:00
1072,137,17,0.0,0.0,38.58,2025-11-30T09:04:30.153466+00:00,2025-11-30T09:04:30.153479+00:00
1073,137,20,0.0,0.0,21.26,2025-11-30T09:04:30.156112+00:00,2025-11-30T09:04:30.156121+00:00
1074,137,15,10.61,0.0,45.46,2025-11-30T09:04:30.158883+00:00,2025-11-30T09:04:30.158911+00:00
1075,137,35,41.06,0.0,14.35,2025-11-30T09:04:30.163540+00:00,2025-11-30T09:04:30.163551+00:00
1076,137,19,0.0,9.47,4.75,2025-11-30T09:04:30.166797+00:00,2025-11-30T09:04:30.166807+00:00
1077,137,42,0.0,0.0,21.83,2025-11-30T09:04:30.169028+00:00,2025-11-30T09:04:30.169036+00:00
1078,137,18,0.0,0.0,19.45,2025-11-30T09:04:30.171114+00:00,2025-11-30T09:04:30.171121+00:00
1079,137,30,0.0,28.31,19.74,2025-11-30T09:04:30.173286+00:00,2025-11-30T09:04:30.173292+00:00
1080,137,39,0.0,0.0,11.98,2025-11-30T09:04:30.175980+00:00,2025-11-30T09:04:30.176000+00:00
1081,139,21,0.0,11.08,5.11,2025-11-30T09:04:30.180335+00:00,2025-11-30T09:04:30.180346+00:00
1082,139,41,96.3,0.0,63.61,2025-11-30T09:04:30.183110+00:00,2025-11-30T09:04:30.183118+00:00
1083,139,19,0.0,0.0,68.34,2025-11-30T09:04:30.185211+00:00,2025-11-30T09:04:30.185219+00:00
1084,139,39,0.0,0.0,16.34,2025-11-30T09:04:30.187939+00:00,2025-11-30T09:04:30.187947+00:00
1085,139,31,82.51,0.0,32.53,2025-11-30T09:04:30.190501+00:00,2025-11-30T09:04:30.190509+00:00
1086,139,30,0.0,0.0,7.85,2025-11-30T09:04:30.194688+00:00,2025-11-30T09:04:30.194705+00:00
1087,139,18,0.0,0.0,46.02,2025-11-30T09:04:30.198799+00:00,2025-11-30T09:04:30.198819+00:00
1088,139,43,0.0,15.57,7.93,2025-11-30T09:04:30.201319+00:00,2025-11-30T09:04:30.201328+00:00
1089,139,26,0.0,0.0,52.17,2025-11-30T09:04:30.203267+00:00,2025-11-30T09:04:30.203274+00:00
1090,139,20,0.0,44.58,16.57,2025-11-30T09:04:30.205652+00:00,2025-11-30T09:04:30.205660+00:00
1091,139,37,67.97,0.0,35.01,2025-11-30T09:04:30.208074+00:00,2025-11-30T09:04:30.208082+00:00
1092,139,29,34.7,0.0,18.17,2025-11-30T09:04:30.212664+00:00,2025-11-30T09:04:30.212674+00:00
1093,139,44,0.0,0.0,14.93,2025-11-30T09:04:30.215398+00:00,2025-11-30T09:04:30.215406+00:00
1094,139,35,0.0,5.02,31.45,2025-11-30T09:04:30.217572+00:00,2025-11-30T09:04:30.217603+00:00
1095,139,42,0.0,15.06,9.24,2025-11-30T09:04:30.219970+00:00,2025-11-30T09:04:30.219978+00:00
1096,139,34,13.97,0.0,9.08,2025-11-30T09:04:30.222049+00:00,2025-11-30T09:04:30.222056+00:00
1097,139,32,0.0,0.0,38.92,2025-11-30T09:04:30.223854+00:00,2025-11-30T09:04:30.223861+00:00
1098,139,25,70.5,0.0,47.81,2025-11-30T09:04:30.226583+00:00,2025-11-30T09:04:30.226595+00:00
1099,140,21,0.0,0.0,84.12,2025-11-30T09:04:30.231578+00:00,2025-11-30T09:04:30.231587+00:00
1100,140,31,68.9,72.47,58.67,2025-11-30T09:04:30.234173+00:00,2025-11-30T09:04:30.234185+00:00
1101,140,34,0.0,58.76,32.71,2025-11-30T09:04:30.236713+00:00,2025-11-30T09:04:30.236722+00:00
1102,140,23,0.0,77.21,48.59,2025-11-30T09:04:30.239068+00:00,2025-11-30T09:04:30.239075+00:00
1103,140,29,0.0,37.23,24.2,2025-11-30T09:04:30.241155+00:00,2025-11-30T09:04:30.241160+00:00
1104,140,16,0.0,157.73,74.07,2025-11-30T09:04:30.245042+00:00,2025-11-30T09:04:30.245052+00:00
1105,140,42,33.78,0.0,21.56,2025-11-30T09:04:30.247821+00:00,2025-11-30T09:04:30.247830+00:00
1106,140,38,0.0,102.09,89.12,2025-11-30T09:04:30.250221+00:00,2025-11-30T09:04:30.250229+00:00
1107,140,17,139.79,0.0,46.66,2025-11-30T09:04:30.252309+00:00,2025-11-30T09:04:30.252316+00:00
1108,140,26,0.0,0.0,23.85,2025-11-30T09:04:30.254686+00:00,2025-11-30T09:04:30.254693+00:00
1109,140,39,0.0,0.0,52.31,2025-11-30T09:04:30.256995+00:00,2025-11-30T09:04:30.257003+00:00
1110,140,24,35.88,0.0,16.21,2025-11-30T09:04:30.261093+00:00,2025-11-30T09:04:30.261106+00:00
1111,140,33,0.0,0.0,12.07,2025-11-30T09:04:30.264770+00:00,2025-11-30T09:04:30.264783+00:00
1112,140,37,0.0,0.0,5.53,2025-11-30T09:04:30.267424+00:00,2025-11-30T09:04:30.267433+00:00
1113,140,44,49.89,0.0,24.29,2025-11-30T09:04:30.269602+00:00,2025-11-30T09:04:30.269609+00:00
1114,140,36,0.0,0.0,35.36,2025-11-30T09:04:30.271678+00:00,2025-11-30T09:04:30.271685+00:00
1115,140,25,0.0,22.95,10.17,2025-11-30T09:04:30.273712+00:00,2025-11-30T09:04:30.273718+00:00
1116,141,41,0.0,1183.7,784.3,2025-11-30T09:04:30.277226+00:00,2025-11-30T09:04:30.277244+00:00
1117,141,16,421.26,0.0,256.81,2025-11-30T09:04:30.281780+00:00,2025-11-30T09:04:30.281789+00:00
1118,141,20,0.0,0.0,452.37,2025-11-30T09:04:30.284119+00:00,2025-11-30T09:04:30.284127+00:00
1119,141,39,0.0,988.48,982.43,2025-11-30T09:04:30.286402+00:00,2025-11-30T09:04:30.286410+00:00
1120,141,43,0.0,0.0,209.16,2025-11-30T09:04:30.289005+00:00,2025-11-30T09:04:30.289014+00:00
1121,141,38,575.9,0.0,367.58,2025-11-30T09:04:30.291028+00:00,2025-11-30T09:04:30.291034+00:00
1122,141,26,0.0,0.0,310.93,2025-11-30T09:04:30.294447+00:00,2025-11-30T09:04:30.294459+00:00
1123,141,19,0.0,0.0,457.17,2025-11-30T09:04:30.298224+00:00,2025-11-30T09:04:30.298235+00:00
1124,141,32,0.0,0.0,285.09,2025-11-30T09:04:30.301071+00:00,2025-11-30T09:04:30.301081+00:00
1125,141,34,539.16,0.0,643.06,2025-11-30T09:04:30.303208+00:00,2025-11-30T09:04:30.303215+00:00
1126,141,28,0.0,0.0,241.31,2025-11-30T09:04:30.305184+00:00,2025-11-30T09:04:30.305191+00:00
1127,141,36,0.0,278.05,189.63,2025-11-30T09:04:30.307307+00:00,2025-11-30T09:04:30.307315+00:00
1128,141,31,0.0,0.0,418.62,2025-11-30T09:04:30.311238+00:00,2025-11-30T09:04:30.311249+00:00
1129,141,27,403.85,0.0,213.99,2025-11-30T09:04:30.313562+00:00,2025-11-30T09:04:30.313570+00:00
1130,141,30,0.0,0.0,403.97,2025-11-30T09:04:30.315414+00:00,2025-11-30T09:04:30.315421+00:00
1131,141,40,0.0,0.0,303.32,2025-11-30T09:04:30.317509+00:00,2025-11-30T09:04:30.317515+00:00
1132,141,25,0.0,542.79,296.26,2025-11-30T09:04:30.319968+00:00,2025-11-30T09:04:30.319975+00:00
1133,141,24,918.24,0.0,444.52,2025-11-30T09:04:30.322209+00:00,2025-11-30T09:04:30.322216+00:00
1134,141,23,0.0,0.0,363.5,2025-11-30T09:04:30.324539+00:00,2025-11-30T09:04:30.324546+00:00
1135,142,28,0.0,56.54,48.41,2025-11-30T09:04:30.328404+00:00,2025-11-30T09:04:30.328420+00:00
1136,142,16,0.0,18.66,9.59,2025-11-30T09:04:30.331945+00:00,2025-11-30T09:04:30.331955+00:00
1137,142,30,84.47,0.0,51.9,2025-11-30T09:04:30.334444+00:00,2025-11-30T09:04:30.334452+00:00
1138,142,43,0.0,10.58,4.75,2025-11-30T09:04:30.336914+00:00,2025-11-30T09:04:30.336922+00:00
1139,142,40,0.0,0.0,26.12,2025-11-30T09:04:30.339490+00:00,2025-11-30T09:04:30.339498+00:00
1140,142,41,0.0,75.5,39.89,2025-11-30T09:04:30.341881+00:00,2025-11-30T09:04:30.341889+00:00
1141,142,42,39.54,0.0,19.34,2025-11-30T09:04:30.345269+00:00,2025-11-30T09:04:30.345279+00:00
1142,142,37,0.0,0.0,25.58,2025-11-30T09:04:30.347835+00:00,2025-11-30T09:04:30.347844+00:00
1143,142,23,0.0,0.0,11.15,2025-11-30T09:04:30.349870+00:00,2025-11-30T09:04:30.349877+00:00
1144,142,29,0.0,38.54,11.84,2025-11-30T09:04:30.351650+00:00,2025-11-30T09:04:30.351657+00:00
1145,142,24,0.0,0.0,32.1,2025-11-30T09:04:30.353408+00:00,2025-11-30T09:04:30.353415+00:00
1146,142,15,0.0,0.0,16.66,2025-11-30T09:04:30.355221+00:00,2025-11-30T09:04:30.355226+00:00
1147,142,17,0.0,0.0,5.07,2025-11-30T09:04:30.358487+00:00,2025-11-30T09:04:30.358498+00:00
1148,142,39,0.0,0.0,34.05,2025-11-30T09:04:30.362815+00:00,2025-11-30T09:04:30.362826+00:00
1149,142,26,0.0,0.0,49.8,2025-11-30T09:04:30.365135+00:00,2025-11-30T09:04:30.365143+00:00
1150,142,22,0.0,28.76,19.54,2025-11-30T09:04:30.367530+00:00,2025-11-30T09:04:30.367540+00:00
1151,142,21,0.0,0.0,9.75,2025-11-30T09:04:30.369625+00:00,2025-11-30T09:04:30.369632+00:00
1152,142,18,0.0,0.0,12.03,2025-11-30T09:04:30.371597+00:00,2025-11-30T09:04:30.371602+00:00
1153,142,44,0.0,124.7,46.27,2025-11-30T09:04:30.373471+00:00,2025-11-30T09:04:30.373477+00:00
1154,143,35,35.24,0.0,19.78,2025-11-30T09:04:30.375886+00:00,2025-11-30T09:04:30.375900+00:00
1155,143,15,61.59,0.0,30.88,2025-11-30T09:04:30.379603+00:00,2025-11-30T09:04:30.379613+00:00
1156,143,28,0.0,0.0,30.88,2025-11-30T09:04:30.382843+00:00,2025-11-30T09:04:30.382850+00:00
1157,143,26,0.0,0.0,28.05,2025-11-30T09:04:30.384835+00:00,2025-11-30T09:04:30.384843+00:00
1158,143,38,41.26,0.0,24.14,2025-11-30T09:04:30.386750+00:00,2025-11-30T09:04:30.386760+00:00
1159,143,17,60.58,0.0,29.3,2025-11-30T09:04:30.389371+00:00,2025-11-30T09:04:30.389380+00:00
1160,143,40,20.12,0.0,33.66,2025-11-30T09:04:30.391419+00:00,2025-11-30T09:04:30.391427+00:00
1161,143,44,34.53,0.0,23.65,2025-11-30T09:04:30.395609+00:00,2025-11-30T09:04:30.395620+00:00
1162,143,36,0.0,0.0,43.25,2025-11-30T09:04:30.399098+00:00,2025-11-30T09:04:30.399108+00:00
1163,143,32,35.64,0.0,22.49,2025-11-30T09:04:30.401518+00:00,2025-11-30T09:04:30.401526+00:00
1164,143,41,0.0,0.0,20.57,2025-11-30T09:04:30.403447+00:00,2025-11-30T09:04:30.403454+00:00
1165,143,18,0.0,0.0,21.23,2025-11-30T09:04:30.405230+00:00,2025-11-30T09:04:30.405237+00:00
1166,143,23,0.0,0.0,32.46,2025-11-30T09:04:30.407518+00:00,2025-11-30T09:04:30.407526+00:00
1167,143,39,0.0,0.0,15.47,2025-11-30T09:04:30.410644+00:00,2025-11-30T09:04:30.410655+00:00
1168,143,33,0.0,79.28,73.17,2025-11-30T09:04:30.413774+00:00,2025-11-30T09:04:30.413783+00:00
1169,143,37,0.0,0.0,8.57,2025-11-30T09:04:30.415772+00:00,2025-11-30T09:04:30.415779+00:00
1170,143,42,0.0,0.0,32.2,2025-11-30T09:04:30.418108+00:00,2025-11-30T09:04:30.418116+00:00
1171,143,43,0.0,0.0,32.55,2025-11-30T09:04:30.420101+00:00,2025-11-30T09:04:30.420108+00:00
1172,143,27,0.0,88.61,43.67,2025-11-30T09:04:30.422169+00:00,2025-11-30T09:04:30.422177+00:00
1173,144,22,0.0,29.15,11.99,2025-11-30T09:04:30.424273+00:00,2025-11-30T09:04:30.424280+00:00
1174,144,35,0.0,0.0,51.3,2025-11-30T09:04:30.428352+00:00,2025-11-30T09:04:30.428365+00:00
1175,144,42,60.07,0.0,18.81,2025-11-30T09:04:30.431725+00:00,2025-11-30T09:04:30.431735+00:00
1176,144,31,0.0,0.0,28.11,2025-11-30T09:04:30.434359+00:00,2025-11-30T09:04:30.434368+00:00
1177,144,40,0.0,0.0,28.77,2025-11-30T09:04:30.436628+00:00,2025-11-30T09:04:30.436636+00:00
1178,144,37,72.11,0.0,34.79,2025-11-30T09:04:30.438837+00:00,2025-11-30T09:04:30.438845+00:00
1179,144,23,55.37,0.0,36.93,2025-11-30T09:04:30.440768+00:00,2025-11-30T09:04:30.440776+00:00
1180,144,21,55.77,0.0,29.7,2025-11-30T09:04:30.444068+00:00,2025-11-30T09:04:30.444079+00:00
1181,144,16,0.0,30.64,10.62,2025-11-30T09:04:30.446768+00:00,2025-11-30T09:04:30.446781+00:00
1182,144,32,64.71,0.0,69.35,2025-11-30T09:04:30.449098+00:00,2025-11-30T09:04:30.449106+00:00
1183,144,39,0.0,0.0,50.94,2025-11-30T09:04:30.450929+00:00,2025-11-30T09:04:30.450935+00:00
1184,144,20,0.0,0.0,67.0,2025-11-30T09:04:30.452991+00:00,2025-11-30T09:04:30.452997+00:00
1185,144,25,62.75,51.49,73.1,2025-11-30T09:04:30.454977+00:00,2025-11-30T09:04:30.454984+00:00
1186,144,44,0.0,0.0,46.78,2025-11-30T09:04:30.457594+00:00,2025-11-30T09:04:30.457603+00:00
1187,145,41,889.87,0.0,567.43,2025-11-30T09:04:30.461667+00:00,2025-11-30T09:04:30.461680+00:00
1188,145,27,0.0,0.0,228.52,2025-11-30T09:04:30.464706+00:00,2025-11-30T09:04:30.464717+00:00
1189,145,28,618.77,0.0,642.11,2025-11-30T09:04:30.467987+00:00,2025-11-30T09:04:30.467996+00:00
1190,145,29,0.0,305.52,111.26,2025-11-30T09:04:30.470515+00:00,2025-11-30T09:04:30.470523+00:00
1191,145,33,0.0,894.95,408.12,2025-11-30T09:04:30.472782+00:00,2025-11-30T09:04:30.472790+00:00
1192,145,34,851.41,220.56,524.79,2025-11-30T09:04:30.476496+00:00,2025-11-30T09:04:30.476515+00:00
1193,145,44,0.0,426.42,278.17,2025-11-30T09:04:30.480508+00:00,2025-11-30T09:04:30.480519+00:00
1194,145,25,0.0,761.4,1094.41,2025-11-30T09:04:30.483566+00:00,2025-11-30T09:04:30.483577+00:00
1195,145,37,0.0,595.46,708.76,2025-11-30T09:04:30.487263+00:00,2025-11-30T09:04:30.487274+00:00
1196,145,22,0.0,0.0,219.87,2025-11-30T09:04:30.489810+00:00,2025-11-30T09:04:30.489819+00:00
1197,145,38,280.11,0.0,130.06,2025-11-30T09:04:30.492934+00:00,2025-11-30T09:04:30.492944+00:00
1198,145,16,0.0,0.0,567.76,2025-11-30T09:04:30.497601+00:00,2025-11-30T09:04:30.497611+00:00
1199,145,32,650.58,0.0,415.41,2025-11-30T09:04:30.500720+00:00,2025-11-30T09:04:30.500730+00:00
1200,145,43,0.0,0.0,110.67,2025-11-30T09:04:30.502862+00:00,2025-11-30T09:04:30.502870+00:00
1201,145,15,0.0,0.0,259.4,2025-11-30T09:04:30.505137+00:00,2025-11-30T09:04:30.505144+00:00
1202,145,19,447.03,956.24,596.93,2025-11-30T09:04:30.507386+00:00,2025-11-30T09:04:30.507393+00:00
1203,145,21,0.0,632.18,258.2,2025-11-30T09:04:30.511263+00:00,2025-11-30T09:04:30.511297+00:00
1204,146,16,31.91,57.7,70.17,2025-11-30T09:04:30.514419+00:00,2025-11-30T09:04:30.514427+00:00
1205,146,17,23.39,0.0,8.98,2025-11-30T09:04:30.516735+00:00,2025-11-30T09:04:30.516746+00:00
1206,146,38,0.0,0.0,10.36,2025-11-30T09:04:30.519226+00:00,2025-11-30T09:04:30.519235+00:00
1207,146,23,0.0,0.0,1.79,2025-11-30T09:04:30.521741+00:00,2025-11-30T09:04:30.521751+00:00
1208,146,26,0.0,0.0,41.99,2025-11-30T09:04:30.523744+00:00,2025-11-30T09:04:30.523752+00:00
1209,146,37,0.0,0.0,43.92,2025-11-30T09:04:30.527397+00:00,2025-11-30T09:04:30.527412+00:00
1210,146,30,78.69,0.0,30.21,2025-11-30T09:04:30.532099+00:00,2025-11-30T09:04:30.532113+00:00
1211,146,34,0.0,58.24,45.88,2025-11-30T09:04:30.534924+00:00,2025-11-30T09:04:30.534934+00:00
1212,146,40,0.0,0.0,44.07,2025-11-30T09:04:30.537357+00:00,2025-11-30T09:04:30.537367+00:00
1213,146,24,0.0,0.0,45.54,2025-11-30T09:04:30.539731+00:00,2025-11-30T09:04:30.539740+00:00
1214,146,25,0.0,0.0,2.68,2025-11-30T09:04:30.542458+00:00,2025-11-30T09:04:30.542469+00:00
1215,146,39,13.45,0.0,5.91,2025-11-30T09:04:30.546609+00:00,2025-11-30T09:04:30.546620+00:00
1216,146,18,0.0,0.0,49.19,2025-11-30T09:04:30.549494+00:00,2025-11-30T09:04:30.549503+00:00
1217,146,32,0.0,40.72,24.41,2025-11-30T09:04:30.551906+00:00,2025-11-30T09:04:30.551914+00:00
1218,146,22,36.2,0.0,12.05,2025-11-30T09:04:30.554710+00:00,2025-11-30T09:04:30.554724+00:00
1219,146,43,32.31,0.0,12.08,2025-11-30T09:04:30.558046+00:00,2025-11-30T09:04:30.558059+00:00
1220,146,29,0.0,37.94,17.07,2025-11-30T09:04:30.564417+00:00,2025-11-30T09:04:30.564427+00:00
1221,146,41,67.09,0.0,20.44,2025-11-30T09:04:30.567291+00:00,2025-11-30T09:04:30.567300+00:00
1222,147,29,747.38,0.0,790.65,2025-11-30T09:04:30.569466+00:00,2025-11-30T09:04:30.569474+00:00
1223,147,39,0.0,825.2,859.18,2025-11-30T09:04:30.571481+00:00,2025-11-30T09:04:30.571489+00:00
1224,147,26,0.0,1384.34,916.62,2025-11-30T09:04:30.573668+00:00,2025-11-30T09:04:30.573675+00:00
1225,147,18,723.07,1056.71,880.95,2025-11-30T09:04:30.577318+00:00,2025-11-30T09:04:30.577330+00:00
1226,147,42,0.0,0.0,424.41,2025-11-30T09:04:30.581993+00:00,2025-11-30T09:04:30.582003+00:00
1227,147,36,273.39,0.0,163.44,2025-11-30T09:04:30.584334+00:00,2025-11-30T09:04:30.584342+00:00
1228,147,33,0.0,0.0,306.57,2025-11-30T09:04:30.586428+00:00,2025-11-30T09:04:30.586435+00:00
1229,147,28,0.0,0.0,100.54,2025-11-30T09:04:30.588696+00:00,2025-11-30T09:04:30.588705+00:00
1230,147,31,0.0,0.0,276.56,2025-11-30T09:04:30.591429+00:00,2025-11-30T09:04:30.591439+00:00
1231,147,37,0.0,346.78,642.03,2025-11-30T09:04:30.596499+00:00,2025-11-30T09:04:30.596511+00:00
1232,147,19,0.0,476.67,894.86,2025-11-30T09:04:30.599870+00:00,2025-11-30T09:04:30.599879+00:00
1233,147,20,0.0,0.0,328.39,2025-11-30T09:04:30.602198+00:00,2025-11-30T09:04:30.602206+00:00
1234,147,35,0.0,851.86,357.38,2025-11-30T09:04:30.604510+00:00,2025-11-30T09:04:30.604518+00:00
1235,147,16,0.0,0.0,127.39,2025-11-30T09:04:30.606642+00:00,2025-11-30T09:04:30.606651+00:00
1236,148,43,0.0,0.0,57.76,2025-11-30T09:04:30.610597+00:00,2025-11-30T09:04:30.610607+00:00
1237,148,37,0.0,111.89,50.2,2025-11-30T09:04:30.613508+00:00,2025-11-30T09:04:30.613517+00:00
1238,148,39,48.81,0.0,47.54,2025-11-30T09:04:30.615547+00:00,2025-11-30T09:04:30.615555+00:00
1239,148,18,11.16,43.26,23.63,2025-11-30T09:04:30.618115+00:00,2025-11-30T09:04:30.618122+00:00
1240,148,29,4.05,0.0,42.45,2025-11-30T09:04:30.620317+00:00,2025-11-30T09:04:30.620325+00:00
1241,148,21,73.91,0.0,69.81,2025-11-30T09:04:30.622530+00:00,2025-11-30T09:04:30.622538+00:00
1242,148,38,0.0,0.0,18.57,2025-11-30T09:04:30.624697+00:00,2025-11-30T09:04:30.624707+00:00
1243,148,40,0.0,0.0,23.45,2025-11-30T09:04:30.629466+00:00,2025-11-30T09:04:30.629477+00:00
1244,148,17,0.0,0.0,31.2,2025-11-30T09:04:30.632354+00:00,2025-11-30T09:04:30.632364+00:00
1245,148,24,76.04,0.0,32.33,2025-11-30T09:04:30.635665+00:00,2025-11-30T09:04:30.635674+00:00
1246,148,27,0.0,0.0,42.94,2025-11-30T09:04:30.638485+00:00,2025-11-30T09:04:30.638494+00:00
1247,148,34,0.0,0.0,8.14,2025-11-30T09:04:30.641004+00:00,2025-11-30T09:04:30.641012+00:00
1248,148,19,0.0,39.84,25.23,2025-11-30T09:04:30.644872+00:00,2025-11-30T09:04:30.644883+00:00
1249,148,41,0.0,0.0,28.26,2025-11-30T09:04:30.647935+00:00,2025-11-30T09:04:30.647943+00:00
1250,148,31,0.0,0.0,37.59,2025-11-30T09:04:30.650142+00:00,2025-11-30T09:04:30.650150+00:00
1251,148,28,0.0,0.0,45.1,2025-11-30T09:04:30.652109+00:00,2025-11-30T09:04:30.652116+00:00
1252,149,25,70.41,0.0,42.02,2025-11-30T09:04:30.654077+00:00,2025-11-30T09:04:30.654084+00:00
1253,149,29,0.0,49.56,23.55,2025-11-30T09:04:30.657807+00:00,2025-11-30T09:04:30.657816+00:00
1254,149,15,0.0,218.92,92.73,2025-11-30T09:04:30.662686+00:00,2025-11-30T09:04:30.662697+00:00
1255,149,26,0.0,0.0,28.92,2025-11-30T09:04:30.665393+00:00,2025-11-30T09:04:30.665403+00:00
1256,149,30,0.0,127.74,49.32,2025-11-30T09:04:30.668132+00:00,2025-11-30T09:04:30.668141+00:00
1257,149,36,0.0,0.0,12.4,2025-11-30T09:04:30.670363+00:00,2025-11-30T09:04:30.670371+00:00
1258,149,32,0.0,193.15,63.42,2025-11-30T09:04:30.672283+00:00,2025-11-30T09:04:30.672290+00:00
1259,149,39,45.47,0.0,31.4,2025-11-30T09:04:30.674472+00:00,2025-11-30T09:04:30.674480+00:00
1260,149,18,94.24,0.0,88.66,2025-11-30T09:04:30.679103+00:00,2025-11-30T09:04:30.679111+00:00
1261,149,20,0.0,0.0,28.86,2025-11-30T09:04:30.681648+00:00,2025-11-30T09:04:30.681656+00:00
1262,149,23,0.0,17.44,12.11,2025-11-30T09:04:30.684023+00:00,2025-11-30T09:04:30.684031+00:00
1263,149,21,0.0,65.75,43.73,2025-11-30T09:04:30.686641+00:00,2025-11-30T09:04:30.686650+00:00
1264,149,43,0.0,41.33,25.86,2025-11-30T09:04:30.688897+00:00,2025-11-30T09:04:30.688905+00:00
1265,149,44,0.0,0.0,94.08,2025-11-30T09:04:30.691251+00:00,2025-11-30T09:04:30.691261+00:00
1266,149,19,0.0,0.0,10.23,2025-11-30T09:04:30.695141+00:00,2025-11-30T09:04:30.695153+00:00
1267,149,40,78.25,0.0,33.51,2025-11-30T09:04:30.698827+00:00,2025-11-30T09:04:30.698836+00:00
1268,149,28,0.0,0.0,19.48,2025-11-30T09:04:30.701457+00:00,2025-11-30T09:04:30.701470+00:00
1269,150,24,0.0,0.0,38.77,2025-11-30T09:04:30.704347+00:00,2025-11-30T09:04:30.704354+00:00
1270,150,17,14.26,54.41,41.2,2025-11-30T09:04:30.706656+00:00,2025-11-30T09:04:30.706663+00:00
1271,150,27,67.28,0.0,89.12,2025-11-30T09:04:30.710413+00:00,2025-11-30T09:04:30.710426+00:00
1272,150,38,0.0,0.0,53.53,2025-11-30T09:04:30.713146+00:00,2025-11-30T09:04:30.713155+00:00
1273,150,43,0.0,0.0,4.58,2025-11-30T09:04:30.715124+00:00,2025-11-30T09:04:30.715131+00:00
1274,150,15,0.0,78.29,53.43,2025-11-30T09:04:30.717388+00:00,2025-11-30T09:04:30.717396+00:00
1275,150,36,0.0,78.29,49.37,2025-11-30T09:04:30.719920+00:00,2025-11-30T09:04:30.719932+00:00
1276,150,19,78.04,21.86,43.51,2025-11-30T09:04:30.722095+00:00,2025-11-30T09:04:30.722106+00:00
1277,150,42,0.0,83.85,47.07,2025-11-30T09:04:30.724363+00:00,2025-11-30T09:04:30.724370+00:00
1278,150,28,0.0,0.0,14.63,2025-11-30T09:04:30.728542+00:00,2025-11-30T09:04:30.728553+00:00
1279,150,34,65.53,0.0,41.71,2025-11-30T09:04:30.731623+00:00,2025-11-30T09:04:30.731633+00:00
1280,150,20,23.53,0.0,27.81,2025-11-30T09:04:30.733995+00:00,2025-11-30T09:04:30.734174+00:00
1281,150,39,0.0,0.0,41.32,2025-11-30T09:04:30.736794+00:00,2025-11-30T09:04:30.736803+00:00
1282,150,21,69.76,0.0,23.98,2025-11-30T09:04:30.739042+00:00,2025-11-30T09:04:30.739050+00:00
1283,150,25,0.0,47.76,18.16,2025-11-30T09:04:30.741156+00:00,2025-11-30T09:04:30.741166+00:00
1284,150,32,0.0,19.81,6.46,2025-11-30T09:04:30.746132+00:00,2025-11-30T09:04:30.746144+00:00
1285,151,33,49.36,0.0,32.79,2025-11-30T09:04:30.749204+00:00,2025-11-30T09:04:30.749212+00:00
1286,151,36,0.0,0.0,45.6,2025-11-30T09:04:30.751526+00:00,2025-11-30T09:04:30.751533+00:00
1287,151,35,0.0,0.0,46.05,2025-11-30T09:04:30.753396+00:00,2025-11-30T09:04:30.753403+00:00
1288,151,24,0.0,9.55,86.94,2025-11-30T09:04:30.755316+00:00,2025-11-30T09:04:30.755324+00:00
1289,151,40,0.0,6.66,3.09,2025-11-30T09:04:30.757600+00:00,2025-11-30T09:04:30.757608+00:00
1290,151,19,0.0,120.29,55.53,2025-11-30T09:04:30.762208+00:00,2025-11-30T09:04:30.762218+00:00
1291,151,29,0.0,0.0,18.81,2025-11-30T09:04:30.765418+00:00,2025-11-30T09:04:30.765428+00:00
1292,151,21,68.11,49.37,69.24,2025-11-30T09:04:30.768591+00:00,2025-11-30T09:04:30.768600+00:00
1293,151,26,0.0,0.0,19.37,2025-11-30T09:04:30.771337+00:00,2025-11-30T09:04:30.771346+00:00
1294,151,32,25.91,0.0,89.14,2025-11-30T09:04:30.773359+00:00,2025-11-30T09:04:30.773366+00:00
1295,151,15,0.0,0.0,28.8,2025-11-30T09:04:30.776308+00:00,2025-11-30T09:04:30.776319+00:00
1296,151,44,0.0,107.36,68.94,2025-11-30T09:04:30.780115+00:00,2025-11-30T09:04:30.780124+00:00
1297,151,16,17.14,0.0,5.2,2025-11-30T09:04:30.782586+00:00,2025-11-30T09:04:30.782594+00:00
1298,151,25,0.0,54.8,37.44,2025-11-30T09:04:30.784638+00:00,2025-11-30T09:04:30.784645+00:00
1299,151,34,0.0,0.0,24.28,2025-11-30T09:04:30.786854+00:00,2025-11-30T09:04:30.786862+00:00
1300,151,20,0.0,0.0,46.62,2025-11-30T09:04:30.789158+00:00,2025-11-30T09:04:30.789166+00:00
1301,151,30,0.0,0.0,49.4,2025-11-30T09:04:30.791541+00:00,2025-11-30T09:04:30.791549+00:00
1302,151,28,0.0,0.0,42.71,2025-11-30T09:04:30.796867+00:00,2025-11-30T09:04:30.796877+00:00
1303,152,43,1283.51,0.0,1170.07,2025-11-30T09:04:30.799745+00:00,2025-11-30T09:04:30.799754+00:00
1304,152,16,0.0,0.0,356.95,2025-11-30T09:04:30.802153+00:00,2025-11-30T09:04:30.802161+00:00
1305,152,34,545.31,0.0,207.14,2025-11-30T09:04:30.804236+00:00,2025-11-30T09:04:30.804242+00:00
1306,152,37,455.99,810.04,958.84,2025-11-30T09:04:30.806365+00:00,2025-11-30T09:04:30.806372+00:00
1307,152,23,0.0,0.0,465.89,2025-11-30T09:04:30.809612+00:00,2025-11-30T09:04:30.809623+00:00
1308,152,26,811.09,0.0,720.83,2025-11-30T09:04:30.814359+00:00,2025-11-30T09:04:30.814368+00:00
1309,152,15,0.0,264.55,145.62,2025-11-30T09:04:30.817058+00:00,2025-11-30T09:04:30.817067+00:00
1310,152,40,291.4,0.0,103.59,2025-11-30T09:04:30.819539+00:00,2025-11-30T09:04:30.819547+00:00
1311,152,27,0.0,738.78,279.94,2025-11-30T09:04:30.822541+00:00,2025-11-30T09:04:30.822548+00:00
1312,152,30,0.0,528.51,265.86,2025-11-30T09:04:30.824929+00:00,2025-11-30T09:04:30.824939+00:00
1313,152,19,1135.9,0.0,375.2,2025-11-30T09:04:30.829678+00:00,2025-11-30T09:04:30.829689+00:00
1314,152,22,0.0,0.0,346.82,2025-11-30T09:04:30.832653+00:00,2025-11-30T09:04:30.832663+00:00
1315,152,24,0.0,0.0,185.4,2025-11-30T09:04:30.834726+00:00,2025-11-30T09:04:30.834734+00:00
1316,152,38,0.0,0.0,113.58,2025-11-30T09:04:30.836729+00:00,2025-11-30T09:04:30.836736+00:00
1317,152,36,0.0,0.0,712.42,2025-11-30T09:04:30.839158+00:00,2025-11-30T09:04:30.839166+00:00
1318,152,20,0.0,0.0,252.09,2025-11-30T09:04:30.841447+00:00,2025-11-30T09:04:30.841456+00:00
1319,152,29,0.0,0.0,144.13,2025-11-30T09:04:30.845151+00:00,2025-11-30T09:04:30.845161+00:00
1320,153,27,0.0,0.0,18.92,2025-11-30T09:04:30.848083+00:00,2025-11-30T09:04:30.848093+00:00
1321,153,19,12.38,77.43,39.34,2025-11-30T09:04:30.850052+00:00,2025-11-30T09:04:30.850059+00:00
1322,153,15,0.0,0.0,8.76,2025-11-30T09:04:30.852164+00:00,2025-11-30T09:04:30.852182+00:00
1323,153,21,47.78,0.0,37.7,2025-11-30T09:04:30.854287+00:00,2025-11-30T09:04:30.854295+00:00
1324,153,26,23.24,0.0,76.39,2025-11-30T09:04:30.856651+00:00,2025-11-30T09:04:30.856659+00:00
1325,153,31,0.0,70.12,21.4,2025-11-30T09:04:30.860084+00:00,2025-11-30T09:04:30.860097+00:00
1326,153,35,102.22,0.0,71.82,2025-11-30T09:04:30.863907+00:00,2025-11-30T09:04:30.863917+00:00
1327,153,22,0.0,0.0,34.73,2025-11-30T09:04:30.866671+00:00,2025-11-30T09:04:30.866681+00:00
1328,153,40,0.0,0.0,29.28,2025-11-30T09:04:30.868925+00:00,2025-11-30T09:04:30.868932+00:00
1329,153,25,0.0,0.0,37.76,2025-11-30T09:04:30.870869+00:00,2025-11-30T09:04:30.870877+00:00
1330,153,34,0.0,95.39,62.42,2025-11-30T09:04:30.872693+00:00,2025-11-30T09:04:30.872699+00:00
1331,153,24,0.0,0.0,21.73,2025-11-30T09:04:30.876764+00:00,2025-11-30T09:04:30.876785+00:00
1332,153,39,0.0,0.0,31.67,2025-11-30T09:04:30.880110+00:00,2025-11-30T09:04:30.880118+00:00
1333,153,18,0.0,0.0,14.52,2025-11-30T09:04:30.882198+00:00,2025-11-30T09:04:30.882205+00:00
1334,154,32,0.0,0.0,32.67,2025-11-30T09:04:30.884727+00:00,2025-11-30T09:04:30.884735+00:00
1335,154,16,0.0,0.0,75.3,2025-11-30T09:04:30.887943+00:00,2025-11-30T09:04:30.887954+00:00
1336,154,37,132.5,0.0,86.09,2025-11-30T09:04:30.890572+00:00,2025-11-30T09:04:30.890580+00:00
1337,154,39,0.0,0.0,20.63,2025-11-30T09:04:30.894142+00:00,2025-11-30T09:04:30.894154+00:00
1338,154,23,6.57,0.0,3.77,2025-11-30T09:04:30.898708+00:00,2025-11-30T09:04:30.898717+00:00
1339,154,31,0.0,0.0,19.99,2025-11-30T09:04:30.901207+00:00,2025-11-30T09:04:30.901217+00:00
1340,154,24,64.66,0.0,101.49,2025-11-30T09:04:30.903098+00:00,2025-11-30T09:04:30.903104+00:00
1341,154,33,24.67,0.0,12.25,2025-11-30T09:04:30.905187+00:00,2025-11-30T09:04:30.905193+00:00
1342,154,43,0.0,56.69,20.46,2025-11-30T09:04:30.907318+00:00,2025-11-30T09:04:30.907325+00:00
1343,154,25,0.0,0.0,45.0,2025-11-30T09:04:30.910615+00:00,2025-11-30T09:04:30.910626+00:00
1344,154,29,44.02,31.77,38.84,2025-11-30T09:04:30.913163+00:00,2025-11-30T09:04:30.913171+00:00
1345,154,21,0.0,0.0,41.81,2025-11-30T09:04:30.915210+00:00,2025-11-30T09:04:30.915215+00:00
1346,154,27,0.0,0.0,49.23,2025-11-30T09:04:30.917396+00:00,2025-11-30T09:04:30.917403+00:00
1347,154,34,0.0,14.03,4.81,2025-11-30T09:04:30.920398+00:00,2025-11-30T09:04:30.920404+00:00
1348,154,18,0.0,0.0,11.55,2025-11-30T09:04:30.922400+00:00,2025-11-30T09:04:30.922406+00:00
1349,156,28,0.0,0.0,38.75,2025-11-30T09:04:30.925017+00:00,2025-11-30T09:04:30.925027+00:00
1350,156,44,77.04,0.0,46.05,2025-11-30T09:04:30.929698+00:00,2025-11-30T09:04:30.929723+00:00
1351,156,20,13.25,0.0,5.22,2025-11-30T09:04:30.932343+00:00,2025-11-30T09:04:30.932351+00:00
1352,156,23,0.0,0.0,4.1,2025-11-30T09:04:30.934573+00:00,2025-11-30T09:04:30.934582+00:00
1353,156,27,40.13,0.0,25.37,2025-11-30T09:04:30.937194+00:00,2025-11-30T09:04:30.937202+00:00
1354,156,43,73.8,0.0,48.01,2025-11-30T09:04:30.939791+00:00,2025-11-30T09:04:30.939798+00:00
1355,156,21,0.0,49.45,33.89,2025-11-30T09:04:30.943260+00:00,2025-11-30T09:04:30.943269+00:00
1356,156,40,69.07,0.0,43.8,2025-11-30T09:04:30.946195+00:00,2025-11-30T09:04:30.946205+00:00
1357,156,30,44.85,0.0,15.04,2025-11-30T09:04:30.948636+00:00,2025-11-30T09:04:30.948645+00:00
1358,156,32,0.0,0.0,33.27,2025-11-30T09:04:30.950449+00:00,2025-11-30T09:04:30.950455+00:00
1359,156,38,0.0,0.0,9.52,2025-11-30T09:04:30.952337+00:00,2025-11-30T09:04:30.952343+00:00
1360,156,19,0.0,0.0,23.67,2025-11-30T09:04:30.954441+00:00,2025-11-30T09:04:30.954448+00:00
1361,156,25,0.0,0.0,50.56,2025-11-30T09:04:30.957809+00:00,2025-11-30T09:04:30.957818+00:00
1362,156,31,1.37,48.79,50.82,2025-11-30T09:04:30.962157+00:00,2025-11-30T09:04:30.962168+00:00
1363,156,37,0.0,0.0,6.73,2025-11-30T09:04:30.965122+00:00,2025-11-30T09:04:30.965132+00:00
1364,156,35,0.0,63.64,41.88,2025-11-30T09:04:30.967378+00:00,2025-11-30T09:04:30.967387+00:00
1365,157,32,6.88,0.0,2.15,2025-11-30T09:04:30.969559+00:00,2025-11-30T09:04:30.969567+00:00
1366,157,39,19.72,0.0,13.42,2025-11-30T09:04:30.971420+00:00,2025-11-30T09:04:30.971426+00:00
1367,157,15,0.0,0.0,20.0,2025-11-30T09:04:30.973245+00:00,2025-11-30T09:04:30.973252+00:00
1368,157,35,0.0,0.0,48.87,2025-11-30T09:04:30.976471+00:00,2025-11-30T09:04:30.976485+00:00
1369,157,30,0.0,40.59,62.32,2025-11-30T09:04:30.980093+00:00,2025-11-30T09:04:30.980102+00:00
1370,157,27,0.0,0.0,38.19,2025-11-30T09:04:30.982650+00:00,2025-11-30T09:04:30.982659+00:00
1371,157,22,0.0,0.0,19.61,2025-11-30T09:04:30.985284+00:00,2025-11-30T09:04:30.985291+00:00
1372,157,24,35.19,91.93,46.29,2025-11-30T09:04:30.987612+00:00,2025-11-30T09:04:30.987620+00:00
1373,157,36,0.0,0.0,4.39,2025-11-30T09:04:30.990254+00:00,2025-11-30T09:04:30.990262+00:00
1374,157,40,0.0,0.0,29.7,2025-11-30T09:04:30.993449+00:00,2025-11-30T09:04:30.993461+00:00
1375,157,17,20.43,0.0,38.71,2025-11-30T09:04:30.997203+00:00,2025-11-30T09:04:30.997213+00:00
1376,157,43,0.0,68.63,70.78,2025-11-30T09:04:30.999800+00:00,2025-11-30T09:04:30.999809+00:00
1377,157,19,0.0,0.0,25.31,2025-11-30T09:04:31.001916+00:00,2025-11-30T09:04:31.001923+00:00
1378,157,44,19.0,0.0,6.93,2025-11-30T09:04:31.003737+00:00,2025-11-30T09:04:31.003744+00:00
1379,157,29,0.0,0.0,24.42,2025-11-30T09:04:31.005528+00:00,2025-11-30T09:04:31.005534+00:00
1380,157,18,25.99,0.0,10.92,2025-11-30T09:04:31.008213+00:00,2025-11-30T09:04:31.008223+00:00
1381,157,26,11.51,0.0,6.52,2025-11-30T09:04:31.012100+00:00,2025-11-30T09:04:31.012109+00:00
1382,159,30,18.13,25.23,22.28,2025-11-30T09:04:31.014390+00:00,2025-11-30T09:04:31.014397+00:00
1383,159,17,188.3,0.0,74.75,2025-11-30T09:04:31.017355+00:00,2025-11-30T09:04:31.017364+00:00
1384,159,41,0.0,0.0,21.44,2025-11-30T09:04:31.020410+00:00,2025-11-30T09:04:31.020418+00:00
1385,159,21,0.0,11.44,29.78,2025-11-30T09:04:31.023400+00:00,2025-11-30T09:04:31.023408+00:00
1386,159,34,0.0,71.3,48.73,2025-11-30T09:04:31.026432+00:00,2025-11-30T09:04:31.026443+00:00
1387,159,16,0.0,0.0,20.27,2025-11-30T09:04:31.030381+00:00,2025-11-30T09:04:31.030392+00:00
1388,159,32,0.0,0.0,42.91,2025-11-30T09:04:31.033125+00:00,2025-11-30T09:04:31.033134+00:00
1389,159,35,0.0,0.0,31.83,2025-11-30T09:04:31.035398+00:00,2025-11-30T09:04:31.035406+00:00
1390,159,25,0.0,9.13,50.79,2025-11-30T09:04:31.038074+00:00,2025-11-30T09:04:31.038081+00:00
1391,159,31,0.0,0.0,13.93,2025-11-30T09:04:31.040429+00:00,2025-11-30T09:04:31.040436+00:00
1392,159,43,0.0,0.0,10.31,2025-11-30T09:04:31.044003+00:00,2025-11-30T09:04:31.044013+00:00
1393,159,37,0.0,0.0,27.33,2025-11-30T09:04:31.046704+00:00,2025-11-30T09:04:31.046713+00:00
1394,159,27,0.0,6.82,4.26,2025-11-30T09:04:31.049099+00:00,2025-11-30T09:04:31.049106+00:00
1395,159,33,0.0,0.0,10.76,2025-11-30T09:04:31.050942+00:00,2025-11-30T09:04:31.050948+00:00
1396,159,18,0.0,0.0,19.96,2025-11-30T09:04:31.053161+00:00,2025-11-30T09:04:31.053167+00:00
1397,159,40,86.63,0.0,53.55,2025-11-30T09:04:31.055173+00:00,2025-11-30T09:04:31.055181+00:00
1398,160,41,3.97,89.71,29.66,2025-11-30T09:04:31.057525+00:00,2025-11-30T09:04:31.057532+00:00
1399,160,34,111.61,0.0,83.78,2025-11-30T09:04:31.062186+00:00,2025-11-30T09:04:31.062196+00:00
1400,160,28,0.0,0.0,11.46,2025-11-30T09:04:31.064873+00:00,2025-11-30T09:04:31.064882+00:00
1401,160,29,0.0,0.0,50.62,2025-11-30T09:04:31.067900+00:00,2025-11-30T09:04:31.067909+00:00
1402,160,21,95.36,0.0,78.56,2025-11-30T09:04:31.070002+00:00,2025-11-30T09:04:31.070009+00:00
1403,160,37,0.0,103.49,39.62,2025-11-30T09:04:31.071988+00:00,2025-11-30T09:04:31.071995+00:00
1404,160,22,0.0,0.0,101.2,2025-11-30T09:04:31.073750+00:00,2025-11-30T09:04:31.073756+00:00
1405,160,15,0.0,0.0,36.48,2025-11-30T09:04:31.077890+00:00,2025-11-30T09:04:31.077901+00:00
1406,160,33,109.86,0.0,48.98,2025-11-30T09:04:31.081380+00:00,2025-11-30T09:04:31.081392+00:00
1407,160,44,59.79,0.0,31.16,2025-11-30T09:04:31.083799+00:00,2025-11-30T09:04:31.083810+00:00
1408,160,20,55.25,0.0,52.36,2025-11-30T09:04:31.085792+00:00,2025-11-30T09:04:31.085797+00:00
1409,160,42,0.0,0.0,27.85,2025-11-30T09:04:31.088344+00:00,2025-11-30T09:04:31.088353+00:00
1410,160,39,0.0,0.0,36.44,2025-11-30T09:04:31.090631+00:00,2025-11-30T09:04:31.090638+00:00
1411,160,25,0.0,0.0,26.15,2025-11-30T09:04:31.094959+00:00,2025-11-30T09:04:31.094970+00:00
1412,161,22,0.0,61.16,35.8,2025-11-30T09:04:31.098406+00:00,2025-11-30T09:04:31.098416+00:00
1413,161,16,0.0,0.0,7.66,2025-11-30T09:04:31.101414+00:00,2025-11-30T09:04:31.101422+00:00
1414,161,39,0.0,0.0,44.55,2025-11-30T09:04:31.103330+00:00,2025-11-30T09:04:31.103336+00:00
1415,161,34,0.0,0.0,26.65,2025-11-30T09:04:31.105036+00:00,2025-11-30T09:04:31.105043+00:00
1416,161,40,6.59,0.0,4.6,2025-11-30T09:04:31.107537+00:00,2025-11-30T09:04:31.107543+00:00
1417,161,43,0.0,0.0,19.42,2025-11-30T09:04:31.111484+00:00,2025-11-30T09:04:31.111511+00:00
1418,161,15,0.0,0.0,38.98,2025-11-30T09:04:31.114159+00:00,2025-11-30T09:04:31.114167+00:00
1419,161,38,0.0,11.97,28.39,2025-11-30T09:04:31.115999+00:00,2025-11-30T09:04:31.116006+00:00
1420,161,27,10.37,0.0,40.37,2025-11-30T09:04:31.118387+00:00,2025-11-30T09:04:31.118394+00:00
1421,161,19,0.0,0.0,19.33,2025-11-30T09:04:31.120516+00:00,2025-11-30T09:04:31.120523+00:00
1422,161,17,0.0,0.0,41.23,2025-11-30T09:04:31.122629+00:00,2025-11-30T09:04:31.122637+00:00
1423,161,26,0.0,32.25,16.21,2025-11-30T09:04:31.124572+00:00,2025-11-30T09:04:31.124580+00:00
1424,161,37,0.0,5.7,2.21,2025-11-30T09:04:31.129488+00:00,2025-11-30T09:04:31.129499+00:00
1425,161,33,0.0,0.0,38.17,2025-11-30T09:04:31.131970+00:00,2025-11-30T09:04:31.131979+00:00
1426,161,32,103.53,0.0,46.71,2025-11-30T09:04:31.134421+00:00,2025-11-30T09:04:31.134428+00:00
1427,161,21,0.0,41.57,21.92,2025-11-30T09:04:31.136713+00:00,2025-11-30T09:04:31.136724+00:00
1428,161,42,0.0,0.0,65.91,2025-11-30T09:04:31.139246+00:00,2025-11-30T09:04:31.139252+00:00
1429,161,44,0.0,10.17,4.92,2025-11-30T09:04:31.141965+00:00,2025-11-30T09:04:31.141990+00:00
1430,162,31,0.0,0.0,40.5,2025-11-30T09:04:31.145513+00:00,2025-11-30T09:04:31.145523+00:00
1431,162,28,0.0,38.74,63.2,2025-11-30T09:04:31.147877+00:00,2025-11-30T09:04:31.147886+00:00
1432,162,33,0.0,0.0,6.22,2025-11-30T09:04:31.150040+00:00,2025-11-30T09:04:31.150047+00:00
1433,162,43,0.0,0.0,45.35,2025-11-30T09:04:31.152021+00:00,2025-11-30T09:04:31.152028+00:00
1434,162,44,0.0,32.6,67.24,2025-11-30T09:04:31.153795+00:00,2025-11-30T09:04:31.153802+00:00
1435,162,20,0.0,56.38,30.3,2025-11-30T09:04:31.156041+00:00,2025-11-30T09:04:31.156276+00:00
1436,162,17,164.74,0.0,77.44,2025-11-30T09:04:31.160241+00:00,2025-11-30T09:04:31.160255+00:00
1437,162,35,2.96,0.0,1.1,2025-11-30T09:04:31.163525+00:00,2025-11-30T09:04:31.163535+00:00
1438,162,36,0.0,84.32,47.86,2025-11-30T09:04:31.167041+00:00,2025-11-30T09:04:31.167051+00:00
1439,162,18,0.0,0.0,31.16,2025-11-30T09:04:31.169295+00:00,2025-11-30T09:04:31.169302+00:00
1440,162,22,0.0,46.57,20.28,2025-11-30T09:04:31.171261+00:00,2025-11-30T09:04:31.171268+00:00
1441,162,29,0.0,0.0,15.39,2025-11-30T09:04:31.173063+00:00,2025-11-30T09:04:31.173069+00:00
1442,162,40,0.0,0.0,32.69,2025-11-30T09:04:31.176753+00:00,2025-11-30T09:04:31.176771+00:00
1443,162,16,13.1,0.0,6.28,2025-11-30T09:04:31.179914+00:00,2025-11-30T09:04:31.179924+00:00
1444,162,39,0.0,0.0,29.38,2025-11-30T09:04:31.182492+00:00,2025-11-30T09:04:31.182505+00:00
1445,162,26,3.96,0.0,2.54,2025-11-30T09:04:31.184531+00:00,2025-11-30T09:04:31.184538+00:00
1446,162,30,0.0,0.0,39.4,2025-11-30T09:04:31.186621+00:00,2025-11-30T09:04:31.186628+00:00
1447,162,38,0.0,0.0,47.95,2025-11-30T09:04:31.189486+00:00,2025-11-30T09:04:31.189493+00:00
1448,163,23,420.01,0.0,255.51,2025-11-30T09:04:31.192388+00:00,2025-11-30T09:04:31.192399+00:00
1449,163,40,0.0,0.0,81.15,2025-11-30T09:04:31.195807+00:00,2025-11-30T09:04:31.195818+00:00
1450,163,19,0.0,0.0,302.97,2025-11-30T09:04:31.198827+00:00,2025-11-30T09:04:31.198836+00:00
1451,163,21,0.0,317.07,484.58,2025-11-30T09:04:31.200971+00:00,2025-11-30T09:04:31.200979+00:00
1452,163,29,0.0,0.0,300.64,2025-11-30T09:04:31.203048+00:00,2025-11-30T09:04:31.203054+00:00
1453,163,41,0.0,0.0,463.92,2025-11-30T09:04:31.205109+00:00,2025-11-30T09:04:31.205120+00:00
1454,163,22,0.0,0.0,206.12,2025-11-30T09:04:31.207484+00:00,2025-11-30T09:04:31.207491+00:00
1455,163,43,0.0,0.0,191.45,2025-11-30T09:04:31.211477+00:00,2025-11-30T09:04:31.211487+00:00
1456,163,32,0.0,426.91,290.74,2025-11-30T09:04:31.213698+00:00,2025-11-30T09:04:31.213706+00:00
1457,163,24,0.0,0.0,495.32,2025-11-30T09:04:31.215712+00:00,2025-11-30T09:04:31.215719+00:00
1458,163,18,0.0,0.0,315.52,2025-11-30T09:04:31.218139+00:00,2025-11-30T09:04:31.218147+00:00
1459,163,36,0.0,547.64,218.09,2025-11-30T09:04:31.220659+00:00,2025-11-30T09:04:31.220666+00:00
1460,163,44,339.16,626.19,504.29,2025-11-30T09:04:31.222675+00:00,2025-11-30T09:04:31.222681+00:00
1461,163,35,758.95,0.0,492.78,2025-11-30T09:04:31.225704+00:00,2025-11-30T09:04:31.225722+00:00
1462,163,39,0.0,782.53,409.74,2025-11-30T09:04:31.229680+00:00,2025-11-30T09:04:31.229689+00:00
1463,163,17,0.0,646.52,242.91,2025-11-30T09:04:31.232223+00:00,2025-11-30T09:04:31.232232+00:00
1464,164,21,690.86,514.85,800.24,2025-11-30T09:04:31.234488+00:00,2025-11-30T09:04:31.234494+00:00
1465,164,38,0.0,0.0,314.13,2025-11-30T09:04:31.236829+00:00,2025-11-30T09:04:31.236837+00:00
1466,164,43,1500.7,0.0,592.31,2025-11-30T09:04:31.239308+00:00,2025-11-30T09:04:31.239315+00:00
1467,164,26,0.0,0.0,394.89,2025-11-30T09:04:31.242335+00:00,2025-11-30T09:04:31.242347+00:00
1468,164,41,345.75,0.0,453.93,2025-11-30T09:04:31.245733+00:00,2025-11-30T09:04:31.245742+00:00
1469,164,25,738.75,0.0,410.18,2025-11-30T09:04:31.248386+00:00,2025-11-30T09:04:31.248394+00:00
1470,164,28,0.0,1368.6,440.64,2025-11-30T09:04:31.251368+00:00,2025-11-30T09:04:31.251379+00:00
1471,164,23,0.0,309.24,197.88,2025-11-30T09:04:31.253771+00:00,2025-11-30T09:04:31.253779+00:00
1472,164,30,0.0,0.0,250.89,2025-11-30T09:04:31.255964+00:00,2025-11-30T09:04:31.255973+00:00
1473,164,17,687.03,0.0,232.26,2025-11-30T09:04:31.260946+00:00,2025-11-30T09:04:31.260958+00:00
1474,164,24,0.0,0.0,460.65,2025-11-30T09:04:31.264722+00:00,2025-11-30T09:04:31.264731+00:00
1475,164,16,0.0,0.0,119.05,2025-11-30T09:04:31.268359+00:00,2025-11-30T09:04:31.268370+00:00
1476,164,18,1433.36,625.69,782.55,2025-11-30T09:04:31.271092+00:00,2025-11-30T09:04:31.271100+00:00
1477,164,20,963.11,0.0,427.17,2025-11-30T09:04:31.273177+00:00,2025-11-30T09:04:31.273184+00:00
1478,164,39,0.0,0.0,309.98,2025-11-30T09:04:31.276811+00:00,2025-11-30T09:04:31.276832+00:00
1479,164,22,0.0,0.0,187.1,2025-11-30T09:04:31.281214+00:00,2025-11-30T09:04:31.281223+00:00
1480,164,19,0.0,0.0,982.17,2025-11-30T09:04:31.284162+00:00,2025-11-30T09:04:31.284171+00:00
1481,165,25,0.0,0.0,71.51,2025-11-30T09:04:31.287421+00:00,2025-11-30T09:04:31.287434+00:00
1482,165,35,53.49,0.0,20.07,2025-11-30T09:04:31.290520+00:00,2025-11-30T09:04:31.290531+00:00
1483,165,22,0.0,0.0,59.23,2025-11-30T09:04:31.295432+00:00,2025-11-30T09:04:31.295451+00:00
1484,165,20,73.9,0.0,37.67,2025-11-30T09:04:31.300165+00:00,2025-11-30T09:04:31.300191+00:00
1485,165,19,0.0,0.0,9.68,2025-11-30T09:04:31.302595+00:00,2025-11-30T09:04:31.302603+00:00
1486,165,17,0.0,0.0,15.86,2025-11-30T09:04:31.304971+00:00,2025-11-30T09:04:31.304979+00:00
1487,165,41,0.0,35.68,33.83,2025-11-30T09:04:31.307891+00:00,2025-11-30T09:04:31.307903+00:00
1488,165,18,0.0,0.0,26.58,2025-11-30T09:04:31.313383+00:00,2025-11-30T09:04:31.313398+00:00
1489,165,24,0.0,5.99,4.09,2025-11-30T09:04:31.316458+00:00,2025-11-30T09:04:31.316469+00:00
1490,165,23,105.15,8.34,61.65,2025-11-30T09:04:31.319891+00:00,2025-11-30T09:04:31.319900+00:00
1491,165,39,0.0,0.0,36.18,2025-11-30T09:04:31.323453+00:00,2025-11-30T09:04:31.323462+00:00
1492,165,15,80.86,0.0,28.69,2025-11-30T09:04:31.328479+00:00,2025-11-30T09:04:31.328490+00:00
1493,165,28,49.78,0.0,34.37,2025-11-30T09:04:31.333180+00:00,2025-11-30T09:04:31.333192+00:00
1494,165,38,60.93,0.0,19.17,2025-11-30T09:04:31.336155+00:00,2025-11-30T09:04:31.336165+00:00
1495,166,44,0.0,61.05,39.99,2025-11-30T09:04:31.339384+00:00,2025-11-30T09:04:31.339397+00:00
1496,166,22,0.0,49.89,21.93,2025-11-30T09:04:31.344219+00:00,2025-11-30T09:04:31.344235+00:00
1497,166,37,53.75,0.0,37.21,2025-11-30T09:04:31.348257+00:00,2025-11-30T09:04:31.348267+00:00
1498,166,21,46.38,0.0,56.94,2025-11-30T09:04:31.351307+00:00,2025-11-30T09:04:31.351316+00:00
1499,166,18,0.0,0.0,77.29,2025-11-30T09:04:31.354022+00:00,2025-11-30T09:04:31.354033+00:00
1500,166,19,127.86,0.0,50.59,2025-11-30T09:04:31.357757+00:00,2025-11-30T09:04:31.357773+00:00
1501,166,36,0.0,14.21,5.16,2025-11-30T09:04:31.363051+00:00,2025-11-30T09:04:31.363062+00:00
1502,166,28,27.63,0.0,14.04,2025-11-30T09:04:31.366858+00:00,2025-11-30T09:04:31.366869+00:00
1503,166,43,0.0,66.05,48.3,2025-11-30T09:04:31.369856+00:00,2025-11-30T09:04:31.369866+00:00
1504,166,29,0.0,50.07,30.94,2025-11-30T09:04:31.372721+00:00,2025-11-30T09:04:31.372730+00:00
1505,166,42,115.18,0.0,45.14,2025-11-30T09:04:31.377273+00:00,2025-11-30T09:04:31.377298+00:00
1506,166,31,101.34,0.0,40.15,2025-11-30T09:04:31.381320+00:00,2025-11-30T09:04:31.381330+00:00
1507,166,32,41.02,0.0,50.99,2025-11-30T09:04:31.384163+00:00,2025-11-30T09:04:31.384199+00:00
1508,166,23,0.0,130.92,41.58,2025-11-30T09:04:31.386975+00:00,2025-11-30T09:04:31.386985+00:00
1509,166,39,67.65,0.0,38.99,2025-11-30T09:04:31.390318+00:00,2025-11-30T09:04:31.390327+00:00
1510,166,25,13.42,0.0,5.05,2025-11-30T09:04:31.393959+00:00,2025-11-30T09:04:31.393971+00:00
1511,166,26,0.0,0.0,33.94,2025-11-30T09:04:31.397931+00:00,2025-11-30T09:04:31.397942+00:00
1512,166,24,0.0,8.27,5.17,2025-11-30T09:04:31.401183+00:00,2025-11-30T09:04:31.401193+00:00
1513,166,30,0.0,0.0,26.59,2025-11-30T09:04:31.403542+00:00,2025-11-30T09:04:31.403550+00:00
1514,170,25,0.0,0.0,96.96,2025-11-30T09:04:31.405895+00:00,2025-11-30T09:04:31.405904+00:00
1515,170,15,0.0,430.38,238.72,2025-11-30T09:04:31.409724+00:00,2025-11-30T09:04:31.409739+00:00
1516,170,23,320.03,0.0,428.52,2025-11-30T09:04:31.413470+00:00,2025-11-30T09:04:31.413480+00:00
1517,170,31,864.94,0.0,622.15,2025-11-30T09:04:31.415708+00:00,2025-11-30T09:04:31.415715+00:00
1518,170,33,0.0,1620.58,557.85,2025-11-30T09:04:31.417894+00:00,2025-11-30T09:04:31.417902+00:00
1519,170,22,0.0,0.0,339.6,2025-11-30T09:04:31.420057+00:00,2025-11-30T09:04:31.420065+00:00
1520,170,35,263.06,0.0,107.1,2025-11-30T09:04:31.422364+00:00,2025-11-30T09:04:31.422372+00:00
1521,170,30,0.0,43.78,549.28,2025-11-30T09:04:31.425187+00:00,2025-11-30T09:04:31.425197+00:00
1522,170,17,0.0,0.0,181.74,2025-11-30T09:04:31.429420+00:00,2025-11-30T09:04:31.429430+00:00
1523,170,36,0.0,898.95,500.79,2025-11-30T09:04:31.432307+00:00,2025-11-30T09:04:31.432316+00:00
1524,170,24,388.83,0.0,181.94,2025-11-30T09:04:31.434682+00:00,2025-11-30T09:04:31.434690+00:00
1525,170,38,0.0,180.8,123.72,2025-11-30T09:04:31.437110+00:00,2025-11-30T09:04:31.437117+00:00
1526,170,16,0.0,0.0,477.09,2025-11-30T09:04:31.439635+00:00,2025-11-30T09:04:31.439642+00:00
1527,170,26,0.0,257.32,158.37,2025-11-30T09:04:31.442460+00:00,2025-11-30T09:04:31.442470+00:00
1528,170,32,0.0,0.0,160.5,2025-11-30T09:04:31.445962+00:00,2025-11-30T09:04:31.445972+00:00
1529,170,20,0.0,0.0,384.71,2025-11-30T09:04:31.448596+00:00,2025-11-30T09:04:31.448605+00:00
1530,170,44,774.0,0.0,487.29,2025-11-30T09:04:31.450783+00:00,2025-11-30T09:04:31.450792+00:00
1531,172,31,0.0,568.83,308.64,2025-11-30T09:04:31.452614+00:00,2025-11-30T09:04:31.452621+00:00
1532,172,35,0.0,0.0,350.86,2025-11-30T09:04:31.454557+00:00,2025-11-30T09:04:31.454564+00:00
1533,172,28,721.78,0.0,481.61,2025-11-30T09:04:31.457186+00:00,2025-11-30T09:04:31.457195+00:00
1534,172,39,0.0,0.0,264.71,2025-11-30T09:04:31.461847+00:00,2025-11-30T09:04:31.461860+00:00
1535,172,42,1206.92,785.17,769.31,2025-11-30T09:04:31.465253+00:00,2025-11-30T09:04:31.465262+00:00
1536,172,18,0.0,0.0,127.05,2025-11-30T09:04:31.467923+00:00,2025-11-30T09:04:31.467931+00:00
1537,172,22,0.0,0.0,278.35,2025-11-30T09:04:31.470301+00:00,2025-11-30T09:04:31.470308+00:00
1538,172,34,0.0,1367.83,917.07,2025-11-30T09:04:31.472668+00:00,2025-11-30T09:04:31.472675+00:00
1539,172,41,859.21,0.0,397.74,2025-11-30T09:04:31.475392+00:00,2025-11-30T09:04:31.475405+00:00
1540,172,21,945.89,0.0,412.62,2025-11-30T09:04:31.479673+00:00,2025-11-30T09:04:31.479682+00:00
1541,172,23,0.0,0.0,134.62,2025-11-30T09:04:31.481910+00:00,2025-11-30T09:04:31.481917+00:00
1542,172,16,836.07,0.0,393.46,2025-11-30T09:04:31.483870+00:00,2025-11-30T09:04:31.483877+00:00
1543,172,20,0.0,444.24,740.81,2025-11-30T09:04:31.485957+00:00,2025-11-30T09:04:31.485964+00:00
1544,172,43,779.77,0.0,493.25,2025-11-30T09:04:31.488711+00:00,2025-11-30T09:04:31.488720+00:00
1545,173,43,0.0,0.0,500.27,2025-11-30T09:04:31.492276+00:00,2025-11-30T09:04:31.492288+00:00
1546,173,44,0.0,0.0,99.37,2025-11-30T09:04:31.496462+00:00,2025-11-30T09:04:31.496474+00:00
1547,173,16,0.0,0.0,269.64,2025-11-30T09:04:31.499872+00:00,2025-11-30T09:04:31.499881+00:00
1548,173,26,0.0,0.0,200.02,2025-11-30T09:04:31.502200+00:00,2025-11-30T09:04:31.502208+00:00
1549,173,33,0.0,0.0,397.61,2025-11-30T09:04:31.504290+00:00,2025-11-30T09:04:31.504297+00:00
1550,173,34,0.0,0.0,428.72,2025-11-30T09:04:31.506825+00:00,2025-11-30T09:04:31.506835+00:00
1551,173,36,0.0,1084.22,453.44,2025-11-30T09:04:31.510216+00:00,2025-11-30T09:04:31.510230+00:00
1552,173,27,641.16,0.0,563.5,2025-11-30T09:04:31.512924+00:00,2025-11-30T09:04:31.512933+00:00
1553,173,24,1322.38,0.0,454.03,2025-11-30T09:04:31.515085+00:00,2025-11-30T09:04:31.515092+00:00
1554,173,22,0.0,324.87,759.11,2025-11-30T09:04:31.517563+00:00,2025-11-30T09:04:31.517570+00:00
1555,173,28,0.0,0.0,145.1,2025-11-30T09:04:31.519807+00:00,2025-11-30T09:04:31.519814+00:00
1556,173,15,0.0,931.33,394.7,2025-11-30T09:04:31.521882+00:00,2025-11-30T09:04:31.521889+00:00
1557,173,32,0.0,0.0,427.77,2025-11-30T09:04:31.523895+00:00,2025-11-30T09:04:31.523901+00:00
1558,173,39,0.0,645.5,262.34,2025-11-30T09:04:31.527919+00:00,2025-11-30T09:04:31.527931+00:00
1559,173,40,0.0,630.79,362.24,2025-11-30T09:04:31.533022+00:00,2025-11-30T09:04:31.533033+00:00
1560,173,31,0.0,0.0,491.8,2025-11-30T09:04:31.535321+00:00,2025-11-30T09:04:31.535329+00:00
1561,173,23,0.0,292.72,181.05,2025-11-30T09:04:31.537497+00:00,2025-11-30T09:04:31.537505+00:00
1562,173,35,1174.9,0.0,429.66,2025-11-30T09:04:31.539816+00:00,2025-11-30T09:04:31.539827+00:00
1563,174,34,50.6,0.0,23.68,2025-11-30T09:04:31.542919+00:00,2025-11-30T09:04:31.542929+00:00
1564,174,21,123.17,86.24,101.67,2025-11-30T09:04:31.545965+00:00,2025-11-30T09:04:31.545974+00:00
1565,174,15,2.18,0.0,55.9,2025-11-30T09:04:31.548686+00:00,2025-11-30T09:04:31.548695+00:00
1566,174,35,0.0,0.0,3.66,2025-11-30T09:04:31.550872+00:00,2025-11-30T09:04:31.550880+00:00
1567,174,42,0.0,0.0,31.72,2025-11-30T09:04:31.552920+00:00,2025-11-30T09:04:31.552927+00:00
1568,174,23,0.0,0.0,22.59,2025-11-30T09:04:31.556803+00:00,2025-11-30T09:04:31.556811+00:00
1569,174,29,64.63,0.0,81.02,2025-11-30T09:04:31.560948+00:00,2025-11-30T09:04:31.560961+00:00
1570,174,37,0.0,0.0,2.11,2025-11-30T09:04:31.564981+00:00,2025-11-30T09:04:31.564991+00:00
1571,174,44,26.14,0.0,17.89,2025-11-30T09:04:31.567947+00:00,2025-11-30T09:04:31.567956+00:00
1572,174,36,0.0,46.14,23.92,2025-11-30T09:04:31.571126+00:00,2025-11-30T09:04:31.571137+00:00
1573,174,38,0.0,0.0,37.7,2025-11-30T09:04:31.573622+00:00,2025-11-30T09:04:31.573628+00:00
1574,174,18,0.0,0.0,14.95,2025-11-30T09:04:31.577245+00:00,2025-11-30T09:04:31.577256+00:00
1575,174,41,0.0,0.0,24.05,2025-11-30T09:04:31.580024+00:00,2025-11-30T09:04:31.580033+00:00
1576,174,30,7.39,0.0,4.68,2025-11-30T09:04:31.582165+00:00,2025-11-30T09:04:31.582172+00:00
1577,174,43,78.6,0.0,31.79,2025-11-30T09:04:31.584091+00:00,2025-11-30T09:04:31.584098+00:00
1578,174,25,0.0,0.0,60.49,2025-11-30T09:04:31.586401+00:00,2025-11-30T09:04:31.586408+00:00
1579,174,32,114.75,0.0,42.56,2025-11-30T09:04:31.589223+00:00,2025-11-30T09:04:31.589231+00:00
1580,174,27,0.0,88.94,45.12,2025-11-30T09:04:31.591995+00:00,2025-11-30T09:04:31.592008+00:00
1581,175,39,0.0,0.0,425.56,2025-11-30T09:04:31.595843+00:00,2025-11-30T09:04:31.595854+00:00
1582,175,35,414.15,0.0,1012.78,2025-11-30T09:04:31.598841+00:00,2025-11-30T09:04:31.598851+00:00
1583,175,26,0.0,0.0,848.71,2025-11-30T09:04:31.601205+00:00,2025-11-30T09:04:31.601213+00:00
1584,175,33,492.72,0.0,299.59,2025-11-30T09:04:31.603103+00:00,2025-11-30T09:04:31.603109+00:00
1585,175,25,0.0,0.0,397.08,2025-11-30T09:04:31.605397+00:00,2025-11-30T09:04:31.605404+00:00
1586,175,36,382.09,479.37,458.01,2025-11-30T09:04:31.607688+00:00,2025-11-30T09:04:31.607700+00:00
1587,175,15,1443.0,0.0,454.71,2025-11-30T09:04:31.612146+00:00,2025-11-30T09:04:31.612155+00:00
1588,175,37,0.0,0.0,489.5,2025-11-30T09:04:31.614567+00:00,2025-11-30T09:04:31.614574+00:00
1589,175,27,0.0,444.93,306.49,2025-11-30T09:04:31.616783+00:00,2025-11-30T09:04:31.616791+00:00
1590,175,29,0.0,0.0,649.18,2025-11-30T09:04:31.619604+00:00,2025-11-30T09:04:31.619612+00:00
1591,175,31,0.0,1226.74,431.56,2025-11-30T09:04:31.621572+00:00,2025-11-30T09:04:31.621580+00:00
1592,175,38,0.0,0.0,366.26,2025-11-30T09:04:31.623433+00:00,2025-11-30T09:04:31.623440+00:00
1593,175,40,0.0,0.0,101.79,2025-11-30T09:04:31.626282+00:00,2025-11-30T09:04:31.626329+00:00
1594,177,41,84.84,103.35,92.25,2025-11-30T09:04:31.630227+00:00,2025-11-30T09:04:31.630237+00:00
1595,177,33,0.0,0.0,41.69,2025-11-30T09:04:31.632798+00:00,2025-11-30T09:04:31.632807+00:00
1596,177,44,0.0,0.0,20.84,2025-11-30T09:04:31.635479+00:00,2025-11-30T09:04:31.635486+00:00
1597,177,20,0.0,0.0,40.89,2025-11-30T09:04:31.637688+00:00,2025-11-30T09:04:31.637696+00:00
1598,177,27,32.81,51.26,48.7,2025-11-30T09:04:31.639578+00:00,2025-11-30T09:04:31.639584+00:00
1599,177,42,0.0,0.0,28.8,2025-11-30T09:04:31.642856+00:00,2025-11-30T09:04:31.642878+00:00
1600,177,23,43.56,0.0,25.4,2025-11-30T09:04:31.645773+00:00,2025-11-30T09:04:31.645782+00:00
1601,177,24,0.0,0.0,15.39,2025-11-30T09:04:31.648546+00:00,2025-11-30T09:04:31.648554+00:00
1602,177,21,0.0,0.0,31.35,2025-11-30T09:04:31.650921+00:00,2025-11-30T09:04:31.650929+00:00
1603,177,31,83.81,0.0,76.65,2025-11-30T09:04:31.652868+00:00,2025-11-30T09:04:31.652875+00:00
1604,177,30,125.97,0.0,38.13,2025-11-30T09:04:31.655031+00:00,2025-11-30T09:04:31.655038+00:00
1605,177,39,0.0,0.0,3.86,2025-11-30T09:04:31.657582+00:00,2025-11-30T09:04:31.657591+00:00
1606,177,40,0.0,0.0,14.7,2025-11-30T09:04:31.661959+00:00,2025-11-30T09:04:31.661971+00:00
1607,178,25,1559.26,0.0,471.68,2025-11-30T09:04:31.664533+00:00,2025-11-30T09:04:31.664544+00:00
1608,178,24,0.0,500.89,326.26,2025-11-30T09:04:31.667554+00:00,2025-11-30T09:04:31.667566+00:00
1609,178,43,0.0,0.0,444.76,2025-11-30T09:04:31.669952+00:00,2025-11-30T09:04:31.669963+00:00
1610,178,16,0.0,0.0,313.33,2025-11-30T09:04:31.671826+00:00,2025-11-30T09:04:31.671831+00:00
1611,178,42,0.0,0.0,326.3,2025-11-30T09:04:31.673818+00:00,2025-11-30T09:04:31.673823+00:00
1612,178,37,317.35,0.0,483.07,2025-11-30T09:04:31.678447+00:00,2025-11-30T09:04:31.678457+00:00
1613,178,35,0.0,1992.3,706.02,2025-11-30T09:04:31.680920+00:00,2025-11-30T09:04:31.680929+00:00
1614,178,20,152.58,0.0,712.16,2025-11-30T09:04:31.682835+00:00,2025-11-30T09:04:31.682843+00:00
1615,178,41,0.0,0.0,498.46,2025-11-30T09:04:31.685342+00:00,2025-11-30T09:04:31.685350+00:00
1616,178,31,0.0,0.0,190.2,2025-11-30T09:04:31.688206+00:00,2025-11-30T09:04:31.688215+00:00
1617,178,15,0.0,0.0,249.69,2025-11-30T09:04:31.690944+00:00,2025-11-30T09:04:31.690954+00:00
1618,178,30,0.0,0.0,145.0,2025-11-30T09:04:31.695765+00:00,2025-11-30T09:04:31.695776+00:00
1619,178,17,0.0,0.0,457.85,2025-11-30T09:04:31.699043+00:00,2025-11-30T09:04:31.699051+00:00
1620,178,32,0.0,0.0,483.35,2025-11-30T09:04:31.701259+00:00,2025-11-30T09:04:31.701269+00:00
1621,178,21,0.0,0.0,410.63,2025-11-30T09:04:31.703293+00:00,2025-11-30T09:04:31.703300+00:00
1622,178,28,625.69,0.0,387.78,2025-11-30T09:04:31.705259+00:00,2025-11-30T09:04:31.705266+00:00
1623,178,38,840.66,0.0,627.09,2025-11-30T09:04:31.707438+00:00,2025-11-30T09:04:31.707447+00:00
1624,178,33,0.0,0.0,443.48,2025-11-30T09:04:31.711998+00:00,2025-11-30T09:04:31.712008+00:00
1625,179,38,38.03,0.0,25.03,2025-11-30T09:04:31.714273+00:00,2025-11-30T09:04:31.714280+00:00
1626,179,44,13.3,0.0,8.31,2025-11-30T09:04:31.716529+00:00,2025-11-30T09:04:31.716542+00:00
1627,179,26,0.0,143.9,68.56,2025-11-30T09:04:31.719540+00:00,2025-11-30T09:04:31.719549+00:00
1628,179,30,0.0,0.0,18.12,2025-11-30T09:04:31.722319+00:00,2025-11-30T09:04:31.722328+00:00
1629,179,36,0.0,24.51,12.6,2025-11-30T09:04:31.724948+00:00,2025-11-30T09:04:31.725055+00:00
1630,179,40,2.68,0.0,1.85,2025-11-30T09:04:31.730083+00:00,2025-11-30T09:04:31.730093+00:00
1631,179,41,0.0,53.67,23.55,2025-11-30T09:04:31.733830+00:00,2025-11-30T09:04:31.733840+00:00
1632,179,33,70.3,14.57,44.7,2025-11-30T09:04:31.736258+00:00,2025-11-30T09:04:31.736267+00:00
1633,179,31,81.87,0.0,30.99,2025-11-30T09:04:31.739109+00:00,2025-11-30T09:04:31.739118+00:00
1634,179,17,0.0,0.0,5.55,2025-11-30T09:04:31.742370+00:00,2025-11-30T09:04:31.742384+00:00
1635,179,19,32.14,14.31,17.08,2025-11-30T09:04:31.746330+00:00,2025-11-30T09:04:31.746340+00:00
1636,179,29,0.0,0.0,40.06,2025-11-30T09:04:31.749101+00:00,2025-11-30T09:04:31.749109+00:00
1637,179,27,0.0,19.74,7.35,2025-11-30T09:04:31.751195+00:00,2025-11-30T09:04:31.751206+00:00
1638,179,21,40.82,0.0,15.39,2025-11-30T09:04:31.753678+00:00,2025-11-30T09:04:31.753686+00:00
1639,179,15,0.0,0.0,32.88,2025-11-30T09:04:31.756636+00:00,2025-11-30T09:04:31.756649+00:00
1640,179,35,0.0,0.0,43.13,2025-11-30T09:04:31.761013+00:00,2025-11-30T09:04:31.761024+00:00
1641,179,24,0.0,2.92,1.84,2025-11-30T09:04:31.764784+00:00,2025-11-30T09:04:31.764793+00:00
1642,179,37,0.0,73.46,39.18,2025-11-30T09:04:31.767765+00:00,2025-11-30T09:04:31.767775+00:00
1643,179,22,0.0,21.13,7.95,2025-11-30T09:04:31.770360+00:00,2025-11-30T09:04:31.770369+00:00
1644,180,24,764.16,0.0,649.62,2025-11-30T09:04:31.772500+00:00,2025-11-30T09:04:31.772509+00:00
1645,180,15,0.0,0.0,952.45,2025-11-30T09:04:31.775087+00:00,2025-11-30T09:04:31.775102+00:00
1646,180,22,0.0,0.0,352.76,2025-11-30T09:04:31.779298+00:00,2025-11-30T09:04:31.779308+00:00
1647,180,17,0.0,0.0,442.03,2025-11-30T09:04:31.781739+00:00,2025-11-30T09:04:31.781748+00:00
1648,180,35,579.2,0.0,374.5,2025-11-30T09:04:31.784107+00:00,2025-11-30T09:04:31.784130+00:00
1649,180,28,291.44,439.83,421.31,2025-11-30T09:04:31.786283+00:00,2025-11-30T09:04:31.786291+00:00
1650,180,29,0.0,242.23,126.44,2025-11-30T09:04:31.789077+00:00,2025-11-30T09:04:31.789087+00:00
1651,180,31,743.73,0.0,464.11,2025-11-30T09:04:31.792542+00:00,2025-11-30T09:04:31.792561+00:00
1652,180,19,840.88,0.0,489.16,2025-11-30T09:04:31.798004+00:00,2025-11-30T09:04:31.798019+00:00
1653,180,16,0.0,0.0,610.09,2025-11-30T09:04:31.801760+00:00,2025-11-30T09:04:31.801771+00:00
1654,180,27,1212.3,0.0,375.71,2025-11-30T09:04:31.804700+00:00,2025-11-30T09:04:31.804710+00:00
1655,180,32,0.0,0.0,258.88,2025-11-30T09:04:31.808979+00:00,2025-11-30T09:04:31.808995+00:00
1656,180,18,0.0,0.0,163.57,2025-11-30T09:04:31.813100+00:00,2025-11-30T09:04:31.813110+00:00
1657,180,20,0.0,0.0,432.1,2025-11-30T09:04:31.816233+00:00,2025-11-30T09:04:31.816244+00:00
1658,180,26,739.73,0.0,428.89,2025-11-30T09:04:31.819857+00:00,2025-11-30T09:04:31.819869+00:00
1659,180,23,0.0,0.0,258.74,2025-11-30T09:04:31.822856+00:00,2025-11-30T09:04:31.822866+00:00
1660,181,16,0.0,0.0,33.66,2025-11-30T09:04:31.826167+00:00,2025-11-30T09:04:31.826178+00:00
1661,181,35,52.07,40.87,53.68,2025-11-30T09:04:31.830235+00:00,2025-11-30T09:04:31.830246+00:00
1662,181,39,0.0,28.99,16.44,2025-11-30T09:04:31.833242+00:00,2025-11-30T09:04:31.833252+00:00
1663,181,20,0.0,0.0,30.92,2025-11-30T09:04:31.835794+00:00,2025-11-30T09:04:31.835804+00:00
1664,181,41,58.76,0.0,59.01,2025-11-30T09:04:31.838856+00:00,2025-11-30T09:04:31.838865+00:00
1665,181,17,0.0,0.0,29.93,2025-11-30T09:04:31.842550+00:00,2025-11-30T09:04:31.842564+00:00
1666,181,32,0.0,110.59,62.08,2025-11-30T09:04:31.846428+00:00,2025-11-30T09:04:31.846440+00:00
1667,181,24,79.35,0.0,103.18,2025-11-30T09:04:31.849464+00:00,2025-11-30T09:04:31.849476+00:00
1668,181,25,0.0,19.7,11.34,2025-11-30T09:04:31.852879+00:00,2025-11-30T09:04:31.852893+00:00
1669,181,42,52.54,0.0,16.86,2025-11-30T09:04:31.856776+00:00,2025-11-30T09:04:31.856787+00:00
1670,181,15,0.0,64.52,42.63,2025-11-30T09:04:31.860717+00:00,2025-11-30T09:04:31.860729+00:00
1671,181,26,0.0,134.88,44.97,2025-11-30T09:04:31.864437+00:00,2025-11-30T09:04:31.864446+00:00
1672,181,44,0.0,0.0,48.65,2025-11-30T09:04:31.868032+00:00,2025-11-30T09:04:31.868042+00:00
1673,181,40,0.0,0.0,27.46,2025-11-30T09:04:31.870247+00:00,2025-11-30T09:04:31.870255+00:00
1674,183,32,3.0,47.67,116.91,2025-11-30T09:04:31.872035+00:00,2025-11-30T09:04:31.872043+00:00
1675,183,35,0.0,0.0,30.86,2025-11-30T09:04:31.875078+00:00,2025-11-30T09:04:31.875089+00:00
1676,183,17,0.0,57.87,48.51,2025-11-30T09:04:31.879097+00:00,2025-11-30T09:04:31.879105+00:00
1677,183,30,0.0,38.43,17.33,2025-11-30T09:04:31.881687+00:00,2025-11-30T09:04:31.881695+00:00
1678,183,33,0.0,48.26,15.35,2025-11-30T09:04:31.884058+00:00,2025-11-30T09:04:31.884066+00:00
1679,183,24,0.0,0.0,27.79,2025-11-30T09:04:31.886047+00:00,2025-11-30T09:04:31.886054+00:00
1680,183,29,0.0,13.69,4.17,2025-11-30T09:04:31.889742+00:00,2025-11-30T09:04:31.889751+00:00
1681,183,19,0.0,39.72,51.24,2025-11-30T09:04:31.893398+00:00,2025-11-30T09:04:31.893411+00:00
1682,183,21,30.77,0.0,18.53,2025-11-30T09:04:31.897139+00:00,2025-11-30T09:04:31.897149+00:00
1683,183,41,0.0,0.0,6.29,2025-11-30T09:04:31.900217+00:00,2025-11-30T09:04:31.900228+00:00
1684,183,25,35.18,0.0,21.81,2025-11-30T09:04:31.902656+00:00,2025-11-30T09:04:31.902665+00:00
1685,183,23,39.31,62.24,61.6,2025-11-30T09:04:31.904650+00:00,2025-11-30T09:04:31.904657+00:00
1686,183,15,0.0,0.0,42.41,2025-11-30T09:04:31.907075+00:00,2025-11-30T09:04:31.907082+00:00
1687,184,37,0.0,0.0,46.59,2025-11-30T09:04:31.911257+00:00,2025-11-30T09:04:31.911266+00:00
1688,184,17,0.0,0.0,56.97,2025-11-30T09:04:31.913793+00:00,2025-11-30T09:04:31.913801+00:00
1689,184,18,6.73,0.0,23.12,2025-11-30T09:04:31.916008+00:00,2025-11-30T09:04:31.916016+00:00
1690,184,44,0.0,0.0,52.65,2025-11-30T09:04:31.918889+00:00,2025-11-30T09:04:31.918897+00:00
1691,184,16,0.0,0.0,43.15,2025-11-30T09:04:31.921000+00:00,2025-11-30T09:04:31.921024+00:00
1692,184,34,0.0,22.72,15.64,2025-11-30T09:04:31.923341+00:00,2025-11-30T09:04:31.923349+00:00
1693,184,28,0.0,0.0,3.45,2025-11-30T09:04:31.927338+00:00,2025-11-30T09:04:31.927349+00:00
1694,184,40,0.0,0.0,70.01,2025-11-30T09:04:31.931034+00:00,2025-11-30T09:04:31.931044+00:00
1695,184,43,15.11,114.68,129.31,2025-11-30T09:04:31.933882+00:00,2025-11-30T09:04:31.933891+00:00
1696,184,31,0.0,0.0,14.68,2025-11-30T09:04:31.936015+00:00,2025-11-30T09:04:31.936022+00:00
1697,184,15,0.0,123.56,42.92,2025-11-30T09:04:31.938540+00:00,2025-11-30T09:04:31.938547+00:00
1698,184,19,0.0,58.92,20.12,2025-11-30T09:04:31.941679+00:00,2025-11-30T09:04:31.941692+00:00
1699,184,32,118.81,0.0,43.86,2025-11-30T09:04:31.945198+00:00,2025-11-30T09:04:31.945209+00:00
1700,184,20,0.0,23.87,8.22,2025-11-30T09:04:31.947929+00:00,2025-11-30T09:04:31.947937+00:00
1701,184,23,0.0,0.0,17.77,2025-11-30T09:04:31.950083+00:00,2025-11-30T09:04:31.950091+00:00
1702,184,42,0.0,0.0,28.15,2025-11-30T09:04:31.952096+00:00,2025-11-30T09:04:31.952105+00:00
1703,185,26,0.0,0.0,24.49,2025-11-30T09:04:31.953949+00:00,2025-11-30T09:04:31.953956+00:00
1704,185,24,0.0,0.0,64.49,2025-11-30T09:04:31.956081+00:00,2025-11-30T09:04:31.956090+00:00
1705,185,21,0.0,0.0,45.83,2025-11-30T09:04:31.960599+00:00,2025-11-30T09:04:31.960611+00:00
1706,185,36,101.91,0.0,107.86,2025-11-30T09:04:31.964417+00:00,2025-11-30T09:04:31.964427+00:00
1707,185,40,0.0,0.0,48.15,2025-11-30T09:04:31.967639+00:00,2025-11-30T09:04:31.967649+00:00
1708,185,31,0.0,0.0,31.58,2025-11-30T09:04:31.969931+00:00,2025-11-30T09:04:31.969938+00:00
1709,185,15,44.74,93.15,58.76,2025-11-30T09:04:31.971925+00:00,2025-11-30T09:04:31.971933+00:00
1710,185,37,0.0,0.0,30.54,2025-11-30T09:04:31.974342+00:00,2025-11-30T09:04:31.974363+00:00
1711,185,39,23.05,0.0,16.0,2025-11-30T09:04:31.978586+00:00,2025-11-30T09:04:31.978596+00:00
1712,185,41,0.0,30.1,14.44,2025-11-30T09:04:31.980863+00:00,2025-11-30T09:04:31.980871+00:00
1713,185,16,0.0,0.0,35.81,2025-11-30T09:04:31.982890+00:00,2025-11-30T09:04:31.982897+00:00
1714,185,35,0.0,0.0,8.97,2025-11-30T09:04:31.984734+00:00,2025-11-30T09:04:31.984742+00:00
1715,185,18,0.0,32.23,20.2,2025-11-30T09:04:31.986680+00:00,2025-11-30T09:04:31.986687+00:00
1716,185,42,26.46,0.0,9.22,2025-11-30T09:04:31.989293+00:00,2025-11-30T09:04:31.989300+00:00
1717,185,22,3.12,0.0,1.8,2025-11-30T09:04:31.992243+00:00,2025-11-30T09:04:31.992255+00:00
1718,186,44,30.55,0.0,55.16,2025-11-30T09:04:31.996264+00:00,2025-11-30T09:04:31.996277+00:00
1719,186,21,0.0,33.07,59.57,2025-11-30T09:04:31.999183+00:00,2025-11-30T09:04:31.999192+00:00
1720,186,24,54.06,97.06,67.92,2025-11-30T09:04:32.001517+00:00,2025-11-30T09:04:32.001525+00:00
1721,186,30,36.21,0.0,58.37,2025-11-30T09:04:32.003810+00:00,2025-11-30T09:04:32.003817+00:00
1722,186,25,0.0,0.0,43.45,2025-11-30T09:04:32.005568+00:00,2025-11-30T09:04:32.005574+00:00
1723,186,16,52.92,0.0,36.93,2025-11-30T09:04:32.007653+00:00,2025-11-30T09:04:32.007660+00:00
1724,186,29,0.0,32.75,22.5,2025-11-30T09:04:32.011417+00:00,2025-11-30T09:04:32.011427+00:00
1725,186,27,0.0,52.08,32.38,2025-11-30T09:04:32.014026+00:00,2025-11-30T09:04:32.014033+00:00
1726,186,33,0.0,0.0,26.93,2025-11-30T09:04:32.016930+00:00,2025-11-30T09:04:32.016938+00:00
1727,186,17,0.0,31.75,21.33,2025-11-30T09:04:32.019409+00:00,2025-11-30T09:04:32.019416+00:00
1728,186,19,0.0,0.0,23.27,2025-11-30T09:04:32.021577+00:00,2025-11-30T09:04:32.021585+00:00
1729,186,42,0.0,0.0,1.72,2025-11-30T09:04:32.023685+00:00,2025-11-30T09:04:32.023693+00:00
1730,186,43,0.0,76.76,47.1,2025-11-30T09:04:32.027557+00:00,2025-11-30T09:04:32.027567+00:00
1731,187,30,0.0,36.85,58.61,2025-11-30T09:04:32.030775+00:00,2025-11-30T09:04:32.030785+00:00
1732,187,34,0.0,0.0,64.51,2025-11-30T09:04:32.033343+00:00,2025-11-30T09:04:32.033352+00:00
1733,187,23,94.24,0.0,88.4,2025-11-30T09:04:32.035341+00:00,2025-11-30T09:04:32.035349+00:00
1734,187,41,0.0,0.0,50.85,2025-11-30T09:04:32.037535+00:00,2025-11-30T09:04:32.037682+00:00
1735,187,19,0.0,0.0,71.75,2025-11-30T09:04:32.040629+00:00,2025-11-30T09:04:32.040639+00:00
1736,187,35,14.91,70.28,53.03,2025-11-30T09:04:32.044533+00:00,2025-11-30T09:04:32.044543+00:00
1737,187,29,135.87,0.0,57.97,2025-11-30T09:04:32.047286+00:00,2025-11-30T09:04:32.047297+00:00
1738,187,44,0.0,0.0,1.25,2025-11-30T09:04:32.049437+00:00,2025-11-30T09:04:32.049445+00:00
1739,187,31,59.22,0.0,34.75,2025-11-30T09:04:32.051559+00:00,2025-11-30T09:04:32.051565+00:00
1740,187,17,0.0,0.0,1.31,2025-11-30T09:04:32.053625+00:00,2025-11-30T09:04:32.053632+00:00
1741,187,22,0.0,116.29,41.22,2025-11-30T09:04:32.055564+00:00,2025-11-30T09:04:32.055571+00:00
1742,187,40,0.0,0.0,34.34,2025-11-30T09:04:32.059314+00:00,2025-11-30T09:04:32.059326+00:00
1743,188,16,63.4,0.0,38.51,2025-11-30T09:04:32.063019+00:00,2025-11-30T09:04:32.063032+00:00
1744,188,22,57.2,0.0,23.95,2025-11-30T09:04:32.065629+00:00,2025-11-30T09:04:32.065640+00:00
1745,188,29,0.0,0.0,61.25,2025-11-30T09:04:32.068439+00:00,2025-11-30T09:04:32.068447+00:00
1746,188,42,0.0,0.0,2.91,2025-11-30T09:04:32.070641+00:00,2025-11-30T09:04:32.070650+00:00
1747,188,37,38.31,0.0,81.93,2025-11-30T09:04:32.072861+00:00,2025-11-30T09:04:32.072869+00:00
1748,188,40,0.0,0.0,78.19,2025-11-30T09:04:32.075662+00:00,2025-11-30T09:04:32.075685+00:00
1749,188,44,53.58,0.0,17.21,2025-11-30T09:04:32.079428+00:00,2025-11-30T09:04:32.079437+00:00
1750,188,20,120.86,0.0,36.73,2025-11-30T09:04:32.081420+00:00,2025-11-30T09:04:32.081428+00:00
1751,188,43,0.0,5.58,3.08,2025-11-30T09:04:32.083418+00:00,2025-11-30T09:04:32.083425+00:00
1752,188,34,17.67,0.0,5.89,2025-11-30T09:04:32.085135+00:00,2025-11-30T09:04:32.085142+00:00
1753,188,27,12.81,0.0,7.97,2025-11-30T09:04:32.087481+00:00,2025-11-30T09:04:32.087488+00:00
1754,188,25,0.0,49.26,34.45,2025-11-30T09:04:32.089943+00:00,2025-11-30T09:04:32.089951+00:00
1755,188,41,0.0,66.15,38.48,2025-11-30T09:04:32.093636+00:00,2025-11-30T09:04:32.093648+00:00
1756,188,32,0.0,0.0,121.77,2025-11-30T09:04:32.097295+00:00,2025-11-30T09:04:32.097305+00:00
1757,188,36,3.24,0.0,1.48,2025-11-30T09:04:32.100424+00:00,2025-11-30T09:04:32.100432+00:00
1758,188,39,65.48,0.0,34.81,2025-11-30T09:04:32.102466+00:00,2025-11-30T09:04:32.102474+00:00
1759,188,19,0.0,0.0,20.01,2025-11-30T09:04:32.104734+00:00,2025-11-30T09:04:32.104741+00:00
1760,189,27,120.45,73.06,111.72,2025-11-30T09:04:32.106908+00:00,2025-11-30T09:04:32.106916+00:00
1761,189,39,0.0,0.0,25.55,2025-11-30T09:04:32.110402+00:00,2025-11-30T09:04:32.110413+00:00
1762,189,36,0.0,0.0,16.03,2025-11-30T09:04:32.113143+00:00,2025-11-30T09:04:32.113152+00:00
1763,189,21,0.0,0.0,41.59,2025-11-30T09:04:32.115135+00:00,2025-11-30T09:04:32.115142+00:00
1764,189,19,0.0,31.03,15.01,2025-11-30T09:04:32.117780+00:00,2025-11-30T09:04:32.117788+00:00
1765,189,35,30.17,0.0,11.72,2025-11-30T09:04:32.120731+00:00,2025-11-30T09:04:32.120739+00:00
1766,189,15,49.49,0.0,32.51,2025-11-30T09:04:32.122926+00:00,2025-11-30T09:04:32.122933+00:00
1767,189,22,0.0,0.0,26.01,2025-11-30T09:04:32.125938+00:00,2025-11-30T09:04:32.125947+00:00
1768,189,25,15.77,0.0,47.34,2025-11-30T09:04:32.129609+00:00,2025-11-30T09:04:32.129619+00:00
1769,189,40,53.05,0.0,23.42,2025-11-30T09:04:32.132118+00:00,2025-11-30T09:04:32.132127+00:00
1770,189,29,2.2,0.0,1.05,2025-11-30T09:04:32.134479+00:00,2025-11-30T09:04:32.134487+00:00
1771,189,20,20.89,0.0,9.87,2025-11-30T09:04:32.137027+00:00,2025-11-30T09:04:32.137035+00:00
1772,189,34,27.52,0.0,18.28,2025-11-30T09:04:32.139255+00:00,2025-11-30T09:04:32.139263+00:00
1773,189,44,0.0,65.81,34.63,2025-11-30T09:04:32.142078+00:00,2025-11-30T09:04:32.142088+00:00
1774,189,31,0.0,62.92,27.24,2025-11-30T09:04:32.145456+00:00,2025-11-30T09:04:32.145465+00:00
1775,189,43,0.0,0.0,34.82,2025-11-30T09:04:32.147761+00:00,2025-11-30T09:04:32.147769+00:00
1776,190,37,121.42,0.0,88.71,2025-11-30T09:04:32.149816+00:00,2025-11-30T09:04:32.149822+00:00
1777,190,42,61.82,0.0,27.83,2025-11-30T09:04:32.151514+00:00,2025-11-30T09:04:32.151520+00:00
1778,190,30,0.0,0.0,17.25,2025-11-30T09:04:32.153414+00:00,2025-11-30T09:04:32.153421+00:00
1779,190,19,0.0,0.0,8.96,2025-11-30T09:04:32.155608+00:00,2025-11-30T09:04:32.155614+00:00
1780,190,32,11.25,0.0,7.63,2025-11-30T09:04:32.159337+00:00,2025-11-30T09:04:32.159348+00:00
1781,190,23,0.0,0.0,33.09,2025-11-30T09:04:32.162718+00:00,2025-11-30T09:04:32.162727+00:00
1782,190,17,0.0,0.0,29.29,2025-11-30T09:04:32.166003+00:00,2025-11-30T09:04:32.166013+00:00
1783,190,38,7.23,0.0,2.77,2025-11-30T09:04:32.168781+00:00,2025-11-30T09:04:32.168790+00:00
1784,190,44,22.04,0.0,12.94,2025-11-30T09:04:32.170948+00:00,2025-11-30T09:04:32.170956+00:00
1785,190,31,0.0,0.0,17.44,2025-11-30T09:04:32.172842+00:00,2025-11-30T09:04:32.172848+00:00
1786,190,36,0.0,0.0,36.05,2025-11-30T09:04:32.176279+00:00,2025-11-30T09:04:32.176292+00:00
1787,190,26,0.0,79.39,30.94,2025-11-30T09:04:32.179174+00:00,2025-11-30T09:04:32.179183+00:00
1788,190,35,32.71,0.0,21.37,2025-11-30T09:04:32.181421+00:00,2025-11-30T09:04:32.181429+00:00
1789,190,24,65.85,118.71,71.98,2025-11-30T09:04:32.183605+00:00,2025-11-30T09:04:32.183613+00:00
1790,190,40,0.0,0.0,13.15,2025-11-30T09:04:32.185621+00:00,2025-11-30T09:04:32.185628+00:00
1791,190,34,0.0,0.0,8.95,2025-11-30T09:04:32.188221+00:00,2025-11-30T09:04:32.188228+00:00
1792,190,28,0.0,57.19,25.55,2025-11-30T09:04:32.190556+00:00,2025-11-30T09:04:32.190565+00:00
1793,190,41,0.0,0.0,47.75,2025-11-30T09:04:32.194287+00:00,2025-11-30T09:04:32.194302+00:00
1794,190,27,46.57,0.0,28.95,2025-11-30T09:04:32.198030+00:00,2025-11-30T09:04:32.198040+00:00
1795,190,33,0.0,0.0,15.72,2025-11-30T09:04:32.201418+00:00,2025-11-30T09:04:32.201427+00:00
1796,190,20,0.0,19.97,7.34,2025-11-30T09:04:32.203556+00:00,2025-11-30T09:04:32.203564+00:00
1797,190,18,0.0,0.0,48.46,2025-11-30T09:04:32.205587+00:00,2025-11-30T09:04:32.205595+00:00
1798,191,35,0.0,0.0,34.0,2025-11-30T09:04:32.208996+00:00,2025-11-30T09:04:32.209011+00:00
1799,191,43,0.0,0.0,47.51,2025-11-30T09:04:32.212076+00:00,2025-11-30T09:04:32.212084+00:00
1800,191,34,0.0,32.28,44.14,2025-11-30T09:04:32.214531+00:00,2025-11-30T09:04:32.214537+00:00
1801,191,38,0.0,0.0,48.73,2025-11-30T09:04:32.216603+00:00,2025-11-30T09:04:32.216610+00:00
1802,191,32,19.17,0.0,13.03,2025-11-30T09:04:32.219092+00:00,2025-11-30T09:04:32.219099+00:00
1803,191,22,0.0,0.0,76.62,2025-11-30T09:04:32.221315+00:00,2025-11-30T09:04:32.221324+00:00
1804,191,15,0.0,0.0,65.46,2025-11-30T09:04:32.223947+00:00,2025-11-30T09:04:32.223959+00:00
1805,191,33,0.0,0.0,17.21,2025-11-30T09:04:32.228276+00:00,2025-11-30T09:04:32.228296+00:00
1806,191,40,0.0,0.0,76.16,2025-11-30T09:04:32.231593+00:00,2025-11-30T09:04:32.231601+00:00
1807,191,30,64.75,0.0,63.56,2025-11-30T09:04:32.234855+00:00,2025-11-30T09:04:32.234865+00:00
1808,191,17,0.0,110.01,54.05,2025-11-30T09:04:32.237782+00:00,2025-11-30T09:04:32.237791+00:00
1809,191,25,0.0,0.0,30.2,2025-11-30T09:04:32.240920+00:00,2025-11-30T09:04:32.240961+00:00
1810,191,24,0.0,9.76,6.53,2025-11-30T09:04:32.245462+00:00,2025-11-30T09:04:32.245472+00:00
1811,191,19,0.0,0.0,39.07,2025-11-30T09:04:32.248313+00:00,2025-11-30T09:04:32.248322+00:00
1812,191,18,0.0,73.21,49.89,2025-11-30T09:04:32.250801+00:00,2025-11-30T09:04:32.250812+00:00
1813,191,44,47.29,0.0,27.17,2025-11-30T09:04:32.252820+00:00,2025-11-30T09:04:32.252826+00:00
1814,191,41,0.0,22.87,7.96,2025-11-30T09:04:32.255559+00:00,2025-11-30T09:04:32.255564+00:00
1815,191,28,0.0,24.92,26.0,2025-11-30T09:04:32.259689+00:00,2025-11-30T09:04:32.259698+00:00
1816,193,28,802.61,0.0,276.57,2025-11-30T09:04:32.263448+00:00,2025-11-30T09:04:32.263458+00:00
1817,193,44,0.0,626.68,421.74,2025-11-30T09:04:32.265918+00:00,2025-11-30T09:04:32.265928+00:00
1818,193,26,0.0,142.55,95.27,2025-11-30T09:04:32.268420+00:00,2025-11-30T09:04:32.268429+00:00
1819,193,38,490.42,0.0,209.86,2025-11-30T09:04:32.270483+00:00,2025-11-30T09:04:32.270489+00:00
1820,193,18,0.0,854.32,333.77,2025-11-30T09:04:32.272513+00:00,2025-11-30T09:04:32.272519+00:00
1821,193,39,0.0,1482.77,762.94,2025-11-30T09:04:32.275256+00:00,2025-11-30T09:04:32.275269+00:00
1822,193,16,1087.56,0.0,568.08,2025-11-30T09:04:32.279469+00:00,2025-11-30T09:04:32.279479+00:00
1823,193,35,0.0,193.17,636.81,2025-11-30T09:04:32.282676+00:00,2025-11-30T09:04:32.282684+00:00
1824,193,42,621.83,0.0,297.34,2025-11-30T09:04:32.285186+00:00,2025-11-30T09:04:32.285193+00:00
1825,193,22,180.95,0.0,80.6,2025-11-30T09:04:32.287851+00:00,2025-11-30T09:04:32.287863+00:00
1826,193,43,0.0,0.0,174.71,2025-11-30T09:04:32.291213+00:00,2025-11-30T09:04:32.291226+00:00
1827,193,27,0.0,644.04,401.09,2025-11-30T09:04:32.295474+00:00,2025-11-30T09:04:32.295484+00:00
1828,193,41,549.35,738.36,612.63,2025-11-30T09:04:32.298870+00:00,2025-11-30T09:04:32.298914+00:00
1829,193,29,0.0,203.74,140.96,2025-11-30T09:04:32.301396+00:00,2025-11-30T09:04:32.301406+00:00
1830,193,20,952.08,0.0,396.84,2025-11-30T09:04:32.304807+00:00,2025-11-30T09:04:32.304816+00:00
1831,193,36,0.0,0.0,123.91,2025-11-30T09:04:32.308148+00:00,2025-11-30T09:04:32.308161+00:00
1832,194,39,0.0,0.0,8.28,2025-11-30T09:04:32.311904+00:00,2025-11-30T09:04:32.311943+00:00
1833,194,20,0.0,62.52,25.93,2025-11-30T09:04:32.314610+00:00,2025-11-30T09:04:32.314617+00:00
1834,194,38,0.0,0.0,19.92,2025-11-30T09:04:32.317413+00:00,2025-11-30T09:04:32.317422+00:00
1835,194,26,0.0,0.0,28.87,2025-11-30T09:04:32.319930+00:00,2025-11-30T09:04:32.319937+00:00
1836,194,17,0.0,78.78,43.49,2025-11-30T09:04:32.322805+00:00,2025-11-30T09:04:32.322814+00:00
1837,194,23,64.92,0.0,29.24,2025-11-30T09:04:32.326806+00:00,2025-11-30T09:04:32.326820+00:00
1838,194,32,0.0,0.0,40.44,2025-11-30T09:04:32.331176+00:00,2025-11-30T09:04:32.331186+00:00
1839,194,15,0.0,61.38,22.3,2025-11-30T09:04:32.333770+00:00,2025-11-30T09:04:32.333778+00:00
1840,194,35,0.0,25.69,55.74,2025-11-30T09:04:32.336377+00:00,2025-11-30T09:04:32.336385+00:00
1841,194,33,0.0,63.93,120.53,2025-11-30T09:04:32.338649+00:00,2025-11-30T09:04:32.338657+00:00
1842,194,29,0.0,27.92,44.9,2025-11-30T09:04:32.341665+00:00,2025-11-30T09:04:32.341675+00:00
1843,194,30,0.0,0.0,17.54,2025-11-30T09:04:32.345106+00:00,2025-11-30T09:04:32.345115+00:00
1844,194,43,0.0,19.75,6.65,2025-11-30T09:04:32.347427+00:00,2025-11-30T09:04:32.347434+00:00
1845,194,21,0.0,0.0,9.9,2025-11-30T09:04:32.349607+00:00,2025-11-30T09:04:32.349613+00:00
1846,194,27,0.0,0.0,66.05,2025-11-30T09:04:32.351422+00:00,2025-11-30T09:04:32.351428+00:00
1847,194,28,0.0,0.0,16.42,2025-11-30T09:04:32.353435+00:00,2025-11-30T09:04:32.353442+00:00
1848,195,38,169.18,0.0,62.07,2025-11-30T09:04:32.355979+00:00,2025-11-30T09:04:32.355987+00:00
1849,195,36,0.0,0.0,15.69,2025-11-30T09:04:32.359859+00:00,2025-11-30T09:04:32.359870+00:00
1850,195,44,0.0,0.0,18.09,2025-11-30T09:04:32.363930+00:00,2025-11-30T09:04:32.363939+00:00
1851,195,25,0.0,0.0,37.52,2025-11-30T09:04:32.366185+00:00,2025-11-30T09:04:32.366193+00:00
1852,195,43,0.0,56.17,35.45,2025-11-30T09:04:32.368811+00:00,2025-11-30T09:04:32.368820+00:00
1853,195,22,0.0,0.0,29.34,2025-11-30T09:04:32.370894+00:00,2025-11-30T09:04:32.370901+00:00
1854,195,23,25.57,0.0,28.17,2025-11-30T09:04:32.373235+00:00,2025-11-30T09:04:32.373242+00:00
1855,195,34,0.0,87.09,49.43,2025-11-30T09:04:32.377396+00:00,2025-11-30T09:04:32.377407+00:00
1856,195,33,0.0,38.69,13.21,2025-11-30T09:04:32.379792+00:00,2025-11-30T09:04:32.379800+00:00
1857,195,19,13.51,0.0,6.64,2025-11-30T09:04:32.382111+00:00,2025-11-30T09:04:32.382119+00:00
1858,195,40,126.19,0.0,50.1,2025-11-30T09:04:32.384808+00:00,2025-11-30T09:04:32.384817+00:00
1859,195,42,0.0,0.0,46.52,2025-11-30T09:04:32.388133+00:00,2025-11-30T09:04:32.388143+00:00
1860,195,41,69.18,0.0,44.96,2025-11-30T09:04:32.392077+00:00,2025-11-30T09:04:32.392090+00:00
1861,195,21,0.0,0.0,74.84,2025-11-30T09:04:32.395985+00:00,2025-11-30T09:04:32.395996+00:00
1862,195,16,0.0,0.0,44.62,2025-11-30T09:04:32.399218+00:00,2025-11-30T09:04:32.399227+00:00
1863,195,28,4.89,0.0,1.92,2025-11-30T09:04:32.401419+00:00,2025-11-30T09:04:32.401426+00:00
1864,195,31,0.0,4.22,2.6,2025-11-30T09:04:32.403461+00:00,2025-11-30T09:04:32.403468+00:00
1865,196,27,79.11,0.0,44.42,2025-11-30T09:04:32.405513+00:00,2025-11-30T09:04:32.405519+00:00
1866,196,43,0.0,63.46,23.82,2025-11-30T09:04:32.408706+00:00,2025-11-30T09:04:32.408716+00:00
1867,196,25,19.74,0.0,12.19,2025-11-30T09:04:32.411896+00:00,2025-11-30T09:04:32.411906+00:00
1868,196,20,0.0,0.0,21.68,2025-11-30T09:04:32.414077+00:00,2025-11-30T09:04:32.414085+00:00
1869,196,42,21.35,0.0,10.85,2025-11-30T09:04:32.415985+00:00,2025-11-30T09:04:32.415993+00:00
1870,196,15,16.48,0.0,7.59,2025-11-30T09:04:32.418426+00:00,2025-11-30T09:04:32.418434+00:00
1871,196,22,23.03,0.0,10.67,2025-11-30T09:04:32.421088+00:00,2025-11-30T09:04:32.421096+00:00
1872,196,18,0.0,0.0,18.89,2025-11-30T09:04:32.423286+00:00,2025-11-30T09:04:32.423293+00:00
1873,196,39,0.0,0.0,37.79,2025-11-30T09:04:32.427250+00:00,2025-11-30T09:04:32.427261+00:00
1874,196,35,0.0,5.54,3.75,2025-11-30T09:04:32.430695+00:00,2025-11-30T09:04:32.430705+00:00
1875,196,32,0.0,0.0,9.36,2025-11-30T09:04:32.433228+00:00,2025-11-30T09:04:32.433237+00:00
1876,196,19,56.83,0.0,27.47,2025-11-30T09:04:32.435450+00:00,2025-11-30T09:04:32.435457+00:00
1877,196,40,85.73,0.0,30.63,2025-11-30T09:04:32.437736+00:00,2025-11-30T09:04:32.437744+00:00
1878,196,24,0.0,0.0,3.87,2025-11-30T09:04:32.440151+00:00,2025-11-30T09:04:32.440158+00:00
1879,196,23,0.0,85.11,41.75,2025-11-30T09:04:32.444061+00:00,2025-11-30T09:04:32.444071+00:00
1880,196,41,0.0,0.0,6.19,2025-11-30T09:04:32.446848+00:00,2025-11-30T09:04:32.446856+00:00
1881,196,16,0.0,0.0,52.67,2025-11-30T09:04:32.449228+00:00,2025-11-30T09:04:32.449234+00:00
1882,196,30,0.0,0.0,25.78,2025-11-30T09:04:32.451471+00:00,2025-11-30T09:04:32.451477+00:00
1883,196,38,45.0,0.0,24.79,2025-11-30T09:04:32.453331+00:00,2025-11-30T09:04:32.453337+00:00
1884,198,22,0.0,88.47,83.11,2025-11-30T09:04:32.455417+00:00,2025-11-30T09:04:32.455423+00:00
1885,198,29,0.0,0.0,46.85,2025-11-30T09:04:32.458732+00:00,2025-11-30T09:04:32.458745+00:00
1886,198,26,115.04,69.57,116.05,2025-11-30T09:04:32.462764+00:00,2025-11-30T09:04:32.462774+00:00
1887,198,18,0.0,71.98,28.93,2025-11-30T09:04:32.465500+00:00,2025-11-30T09:04:32.465510+00:00
1888,198,27,123.95,0.0,37.26,2025-11-30T09:04:32.468598+00:00,2025-11-30T09:04:32.468606+00:00
1889,198,24,0.0,0.0,22.7,2025-11-30T09:04:32.470584+00:00,2025-11-30T09:04:32.470591+00:00
1890,198,31,0.0,0.0,1.58,2025-11-30T09:04:32.472692+00:00,2025-11-30T09:04:32.472699+00:00
1891,198,21,0.0,0.0,21.29,2025-11-30T09:04:32.475811+00:00,2025-11-30T09:04:32.475829+00:00
1892,198,40,86.72,0.0,45.69,2025-11-30T09:04:32.478896+00:00,2025-11-30T09:04:32.478905+00:00
1893,198,44,86.59,0.0,30.03,2025-11-30T09:04:32.481153+00:00,2025-11-30T09:04:32.481160+00:00
1894,198,16,0.0,0.0,16.47,2025-11-30T09:04:32.483001+00:00,2025-11-30T09:04:32.483008+00:00
1895,198,39,67.01,0.0,22.14,2025-11-30T09:04:32.485232+00:00,2025-11-30T09:04:32.485238+00:00
1896,198,15,0.0,17.86,10.53,2025-11-30T09:04:32.488630+00:00,2025-11-30T09:04:32.488638+00:00
1897,198,42,27.95,0.0,14.36,2025-11-30T09:04:32.491118+00:00,2025-11-30T09:04:32.491131+00:00
1898,198,20,26.78,0.0,9.66,2025-11-30T09:04:32.494807+00:00,2025-11-30T09:04:32.494818+00:00
1899,198,30,0.0,0.0,44.79,2025-11-30T09:04:32.498409+00:00,2025-11-30T09:04:32.498419+00:00
1900,198,23,0.0,0.0,16.16,2025-11-30T09:04:32.501119+00:00,2025-11-30T09:04:32.501130+00:00
1901,200,40,0.0,57.75,28.93,2025-11-30T09:04:32.503263+00:00,2025-11-30T09:04:32.503270+00:00
1902,200,30,0.0,0.0,26.52,2025-11-30T09:04:32.505863+00:00,2025-11-30T09:04:32.505869+00:00
1903,200,42,0.0,0.0,38.98,2025-11-30T09:04:32.509743+00:00,2025-11-30T09:04:32.509754+00:00
1904,200,24,52.77,0.0,30.92,2025-11-30T09:04:32.512215+00:00,2025-11-30T09:04:32.512222+00:00
1905,200,17,3.19,0.0,1.84,2025-11-30T09:04:32.513979+00:00,2025-11-30T09:04:32.513984+00:00
1906,200,23,29.92,0.0,14.79,2025-11-30T09:04:32.516029+00:00,2025-11-30T09:04:32.516035+00:00
1907,200,37,44.1,0.0,24.08,2025-11-30T09:04:32.519012+00:00,2025-11-30T09:04:32.519019+00:00
1908,200,33,0.0,65.15,32.93,2025-11-30T09:04:32.521269+00:00,2025-11-30T09:04:32.521276+00:00
1909,200,15,93.58,0.0,43.88,2025-11-30T09:04:32.523229+00:00,2025-11-30T09:04:32.523235+00:00
1910,200,20,1.87,67.35,45.69,2025-11-30T09:04:32.527428+00:00,2025-11-30T09:04:32.527443+00:00
1911,200,21,11.35,145.19,49.64,2025-11-30T09:04:32.531183+00:00,2025-11-30T09:04:32.531196+00:00
1912,200,32,0.0,0.0,42.28,2025-11-30T09:04:32.533995+00:00,2025-11-30T09:04:32.534004+00:00
1913,200,34,44.98,0.0,23.1,2025-11-30T09:04:32.536026+00:00,2025-11-30T09:04:32.536033+00:00
1914,200,39,129.49,116.01,91.71,2025-11-30T09:04:32.538152+00:00,2025-11-30T09:04:32.538159+00:00
1915,200,31,0.0,23.33,11.51,2025-11-30T09:04:32.540586+00:00,2025-11-30T09:04:32.540593+00:00
1916,200,35,0.0,0.0,9.67,2025-11-30T09:04:32.544683+00:00,2025-11-30T09:04:32.544691+00:00
1917,200,43,0.0,0.0,37.12,2025-11-30T09:04:32.547402+00:00,2025-11-30T09:04:32.547410+00:00
1918,201,27,0.0,0.0,19.9,2025-11-30T09:04:32.549418+00:00,2025-11-30T09:04:32.549425+00:00
1919,201,26,47.66,0.0,32.11,2025-11-30T09:04:32.551433+00:00,2025-11-30T09:04:32.551439+00:00
1920,201,41,0.0,70.65,38.75,2025-11-30T09:04:32.553422+00:00,2025-11-30T09:04:32.553428+00:00
1921,201,18,0.0,36.67,20.11,2025-11-30T09:04:32.555539+00:00,2025-11-30T09:04:32.555546+00:00
1922,201,22,0.0,0.0,33.38,2025-11-30T09:04:32.559364+00:00,2025-11-30T09:04:32.559375+00:00
1923,201,38,0.0,0.0,34.83,2025-11-30T09:04:32.563248+00:00,2025-11-30T09:04:32.563258+00:00
1924,201,39,0.0,0.0,29.16,2025-11-30T09:04:32.565672+00:00,2025-11-30T09:04:32.565680+00:00
1925,201,34,0.0,0.0,58.82,2025-11-30T09:04:32.568170+00:00,2025-11-30T09:04:32.568206+00:00
1926,201,15,0.0,0.0,88.36,2025-11-30T09:04:32.570169+00:00,2025-11-30T09:04:32.570176+00:00
1927,201,35,0.0,82.79,38.48,2025-11-30T09:04:32.572055+00:00,2025-11-30T09:04:32.572061+00:00
1928,201,29,0.0,0.0,44.17,2025-11-30T09:04:32.575795+00:00,2025-11-30T09:04:32.575813+00:00
1929,201,36,0.0,0.0,53.04,2025-11-30T09:04:32.579235+00:00,2025-11-30T09:04:32.579244+00:00
1930,201,23,64.97,0.0,40.33,2025-11-30T09:04:32.581358+00:00,2025-11-30T09:04:32.581366+00:00
1931,201,20,0.0,152.39,48.1,2025-11-30T09:04:32.583435+00:00,2025-11-30T09:04:32.583441+00:00
1932,201,43,113.41,0.0,42.15,2025-11-30T09:04:32.585222+00:00,2025-11-30T09:04:32.585228+00:00
1933,201,31,1.58,0.0,1.03,2025-11-30T09:04:32.587524+00:00,2025-11-30T09:04:32.587531+00:00
1934,201,42,12.16,0.0,8.32,2025-11-30T09:04:32.589508+00:00,2025-11-30T09:04:32.589514+00:00
1935,201,16,7.42,0.0,3.25,2025-11-30T09:04:32.592642+00:00,2025-11-30T09:04:32.592653+00:00
1936,201,32,0.0,59.94,41.45,2025-11-30T09:04:32.595993+00:00,2025-11-30T09:04:32.596005+00:00
1937,202,33,0.0,0.0,45.79,2025-11-30T09:04:32.598947+00:00,2025-11-30T09:04:32.598956+00:00
1938,202,20,0.0,82.98,36.91,2025-11-30T09:04:32.601095+00:00,2025-11-30T09:04:32.601103+00:00
1939,202,18,34.19,0.0,64.29,2025-11-30T09:04:32.602939+00:00,2025-11-30T09:04:32.602945+00:00
1940,202,16,0.0,0.0,14.44,2025-11-30T09:04:32.604775+00:00,2025-11-30T09:04:32.604781+00:00
1941,202,41,0.0,49.9,15.74,2025-11-30T09:04:32.607725+00:00,2025-11-30T09:04:32.607755+00:00
1942,202,39,126.26,0.0,47.01,2025-11-30T09:04:32.611629+00:00,2025-11-30T09:04:32.611639+00:00
1943,202,21,0.0,0.0,39.86,2025-11-30T09:04:32.613731+00:00,2025-11-30T09:04:32.613738+00:00
1944,202,24,0.0,0.0,19.25,2025-11-30T09:04:32.615781+00:00,2025-11-30T09:04:32.615787+00:00
1945,202,42,32.91,0.0,16.31,2025-11-30T09:04:32.618038+00:00,2025-11-30T09:04:32.618046+00:00
1946,202,38,0.0,10.3,34.21,2025-11-30T09:04:32.620321+00:00,2025-11-30T09:04:32.620328+00:00
1947,202,22,0.0,82.99,70.39,2025-11-30T09:04:32.622292+00:00,2025-11-30T09:04:32.622299+00:00
1948,202,31,0.0,143.63,98.74,2025-11-30T09:04:32.624937+00:00,2025-11-30T09:04:32.624948+00:00
1949,202,30,0.0,0.0,32.29,2025-11-30T09:04:32.628347+00:00,2025-11-30T09:04:32.628379+00:00
1950,202,37,0.0,21.5,13.74,2025-11-30T09:04:32.631585+00:00,2025-11-30T09:04:32.631594+00:00
1951,202,40,22.84,0.0,12.74,2025-11-30T09:04:32.633675+00:00,2025-11-30T09:04:32.633684+00:00
1952,203,21,0.0,0.0,41.53,2025-11-30T09:04:32.635743+00:00,2025-11-30T09:04:32.635749+00:00
1953,203,20,0.0,0.0,34.88,2025-11-30T09:04:32.637884+00:00,2025-11-30T09:04:32.637891+00:00
1954,203,38,29.76,0.0,50.58,2025-11-30T09:04:32.639799+00:00,2025-11-30T09:04:32.639805+00:00
1955,203,42,0.0,0.0,100.61,2025-11-30T09:04:32.643761+00:00,2025-11-30T09:04:32.643771+00:00
1956,203,30,0.0,0.0,22.69,2025-11-30T09:04:32.646078+00:00,2025-11-30T09:04:32.646085+00:00
1957,203,33,87.77,0.0,61.81,2025-11-30T09:04:32.648544+00:00,2025-11-30T09:04:32.648551+00:00
1958,203,23,0.0,0.0,13.84,2025-11-30T09:04:32.650487+00:00,2025-11-30T09:04:32.650494+00:00
1959,203,17,0.0,0.0,45.33,2025-11-30T09:04:32.652380+00:00,2025-11-30T09:04:32.652387+00:00
1960,203,31,0.0,0.0,29.56,2025-11-30T09:04:32.654293+00:00,2025-11-30T09:04:32.654298+00:00
1961,203,43,0.0,0.0,32.12,2025-11-30T09:04:32.656880+00:00,2025-11-30T09:04:32.656889+00:00
1962,203,32,30.34,0.0,15.66,2025-11-30T09:04:32.660928+00:00,2025-11-30T09:04:32.660941+00:00
1963,203,29,0.0,0.0,1.71,2025-11-30T09:04:32.664419+00:00,2025-11-30T09:04:32.664429+00:00
1964,203,44,0.0,64.26,39.71,2025-11-30T09:04:32.667426+00:00,2025-11-30T09:04:32.667435+00:00
1965,203,15,42.99,0.0,60.67,2025-11-30T09:04:32.669497+00:00,2025-11-30T09:04:32.669504+00:00
1966,203,22,0.0,21.72,14.48,2025-11-30T09:04:32.671511+00:00,2025-11-30T09:04:32.671517+00:00
1967,203,41,0.0,78.15,37.97,2025-11-30T09:04:32.673519+00:00,2025-11-30T09:04:32.673526+00:00
1968,203,36,0.0,15.73,7.2,2025-11-30T09:04:32.677631+00:00,2025-11-30T09:04:32.677641+00:00
1969,204,19,0.0,0.0,130.93,2025-11-30T09:04:32.680827+00:00,2025-11-30T09:04:32.680836+00:00
1970,204,31,0.0,7.65,1231.42,2025-11-30T09:04:32.683684+00:00,2025-11-30T09:04:32.683692+00:00
1971,204,43,0.0,0.0,169.11,2025-11-30T09:04:32.687837+00:00,2025-11-30T09:04:32.687846+00:00
1972,204,44,296.76,519.14,391.95,2025-11-30T09:04:32.690340+00:00,2025-11-30T09:04:32.690351+00:00
1973,204,26,0.0,422.81,167.77,2025-11-30T09:04:32.694279+00:00,2025-11-30T09:04:32.694294+00:00
1974,204,35,0.0,0.0,1154.13,2025-11-30T09:04:32.698138+00:00,2025-11-30T09:04:32.698148+00:00
1975,204,22,0.0,659.55,724.21,2025-11-30T09:04:32.701343+00:00,2025-11-30T09:04:32.701351+00:00
1976,204,29,658.74,0.0,308.77,2025-11-30T09:04:32.703512+00:00,2025-11-30T09:04:32.703519+00:00
1977,204,15,0.0,1083.05,615.2,2025-11-30T09:04:32.705348+00:00,2025-11-30T09:04:32.705354+00:00
1978,204,17,0.0,276.89,94.68,2025-11-30T09:04:32.708080+00:00,2025-11-30T09:04:32.708098+00:00
1979,204,16,0.0,0.0,344.64,2025-11-30T09:04:32.712965+00:00,2025-11-30T09:04:32.712973+00:00
1980,204,21,0.0,0.0,139.94,2025-11-30T09:04:32.715272+00:00,2025-11-30T09:04:32.715279+00:00
1981,204,33,0.0,0.0,413.58,2025-11-30T09:04:32.717394+00:00,2025-11-30T09:04:32.717401+00:00
1982,204,39,542.99,0.0,208.13,2025-11-30T09:04:32.719360+00:00,2025-11-30T09:04:32.719366+00:00
1983,205,21,0.0,3.07,72.72,2025-11-30T09:04:32.721373+00:00,2025-11-30T09:04:32.721379+00:00
1984,205,37,91.31,0.0,31.51,2025-11-30T09:04:32.723579+00:00,2025-11-30T09:04:32.723588+00:00
1985,205,35,0.0,28.85,10.13,2025-11-30T09:04:32.729091+00:00,2025-11-30T09:04:32.729103+00:00
1986,205,20,17.61,9.96,21.62,2025-11-30T09:04:32.731923+00:00,2025-11-30T09:04:32.731931+00:00
1987,205,38,0.0,0.0,23.63,2025-11-30T09:04:32.733920+00:00,2025-11-30T09:04:32.733926+00:00
1988,205,16,0.0,0.0,5.89,2025-11-30T09:04:32.735915+00:00,2025-11-30T09:04:32.735921+00:00
1989,205,41,53.68,0.0,31.45,2025-11-30T09:04:32.739003+00:00,2025-11-30T09:04:32.739010+00:00
1990,205,19,0.0,0.0,2.38,2025-11-30T09:04:32.742504+00:00,2025-11-30T09:04:32.742531+00:00
1991,205,27,0.0,95.44,49.47,2025-11-30T09:04:32.745779+00:00,2025-11-30T09:04:32.745788+00:00
1992,205,40,37.41,0.0,15.19,2025-11-30T09:04:32.748010+00:00,2025-11-30T09:04:32.748018+00:00
1993,205,25,0.0,0.0,44.77,2025-11-30T09:04:32.749970+00:00,2025-11-30T09:04:32.749977+00:00
1994,205,18,0.0,11.27,7.69,2025-11-30T09:04:32.752567+00:00,2025-11-30T09:04:32.752574+00:00
1995,205,29,0.0,0.0,5.38,2025-11-30T09:04:32.754743+00:00,2025-11-30T09:04:32.754763+00:00
1996,205,30,0.0,0.0,25.29,2025-11-30T09:04:32.756889+00:00,2025-11-30T09:04:32.756900+00:00
1997,206,38,0.0,93.08,74.41,2025-11-30T09:04:32.761446+00:00,2025-11-30T09:04:32.761467+00:00
1998,206,30,0.0,0.0,13.58,2025-11-30T09:04:32.764579+00:00,2025-11-30T09:04:32.764588+00:00
1999,206,39,0.0,0.0,73.77,2025-11-30T09:04:32.767313+00:00,2025-11-30T09:04:32.767322+00:00
2000,206,17,0.0,21.64,8.06,2025-11-30T09:04:32.769832+00:00,2025-11-30T09:04:32.769843+00:00
2001,206,19,0.0,0.0,15.95,2025-11-30T09:04:32.771914+00:00,2025-11-30T09:04:32.771923+00:00
2002,206,27,72.71,55.22,64.14,2025-11-30T09:04:32.774254+00:00,2025-11-30T09:04:32.774269+00:00
2003,206,22,0.0,0.0,21.04,2025-11-30T09:04:32.778275+00:00,2025-11-30T09:04:32.778284+00:00
2004,206,32,32.54,0.0,14.25,2025-11-30T09:04:32.780666+00:00,2025-11-30T09:04:32.780673+00:00
2005,206,26,0.0,0.0,2.82,2025-11-30T09:04:32.782694+00:00,2025-11-30T09:04:32.782700+00:00
2006,206,44,78.4,0.0,40.47,2025-11-30T09:04:32.784806+00:00,2025-11-30T09:04:32.784813+00:00
2007,206,21,0.0,0.0,49.96,2025-11-30T09:04:32.787158+00:00,2025-11-30T09:04:32.787165+00:00
2008,206,29,0.0,66.41,26.05,2025-11-30T09:04:32.789602+00:00,2025-11-30T09:04:32.789609+00:00
2009,206,33,45.7,0.0,25.04,2025-11-30T09:04:32.792852+00:00,2025-11-30T09:04:32.792861+00:00
2010,206,24,34.94,0.0,20.78,2025-11-30T09:04:32.796642+00:00,2025-11-30T09:04:32.796651+00:00
2011,206,25,0.0,0.0,27.48,2025-11-30T09:04:32.799494+00:00,2025-11-30T09:04:32.799504+00:00
2012,206,31,17.46,0.0,11.98,2025-11-30T09:04:32.801611+00:00,2025-11-30T09:04:32.801619+00:00
2013,206,20,13.22,0.0,9.24,2025-11-30T09:04:32.803601+00:00,2025-11-30T09:04:32.803608+00:00
2014,206,36,43.1,0.0,18.6,2025-11-30T09:04:32.805539+00:00,2025-11-30T09:04:32.805545+00:00
2015,206,16,61.85,0.0,27.88,2025-11-30T09:04:32.808612+00:00,2025-11-30T09:04:32.808624+00:00
2016,208,18,0.0,69.42,20.9,2025-11-30T09:04:32.812125+00:00,2025-11-30T09:04:32.812134+00:00
2017,208,27,15.67,0.0,7.8,2025-11-30T09:04:32.814496+00:00,2025-11-30T09:04:32.814503+00:00
2018,208,36,0.0,38.75,20.02,2025-11-30T09:04:32.817037+00:00,2025-11-30T09:04:32.817044+00:00
2019,208,41,0.0,0.0,24.52,2025-11-30T09:04:32.819959+00:00,2025-11-30T09:04:32.819967+00:00
2020,208,44,0.0,96.16,34.37,2025-11-30T09:04:32.822211+00:00,2025-11-30T09:04:32.822217+00:00
2021,208,29,79.77,101.8,69.4,2025-11-30T09:04:32.825536+00:00,2025-11-30T09:04:32.825546+00:00
2022,208,35,0.0,0.0,45.82,2025-11-30T09:04:32.829311+00:00,2025-11-30T09:04:32.829321+00:00
2023,208,15,0.0,26.07,49.25,2025-11-30T09:04:32.832062+00:00,2025-11-30T09:04:32.832071+00:00
2024,208,39,0.0,0.0,40.94,2025-11-30T09:04:32.834606+00:00,2025-11-30T09:04:32.834615+00:00
2025,208,34,0.0,0.0,29.52,2025-11-30T09:04:32.837774+00:00,2025-11-30T09:04:32.837782+00:00
2026,208,37,10.9,0.0,3.87,2025-11-30T09:04:32.840875+00:00,2025-11-30T09:04:32.840900+00:00
2027,208,19,157.42,0.0,69.57,2025-11-30T09:04:32.844651+00:00,2025-11-30T09:04:32.844660+00:00
2028,208,24,105.36,0.0,48.09,2025-11-30T09:04:32.847397+00:00,2025-11-30T09:04:32.847406+00:00
2029,208,43,0.0,0.0,13.84,2025-11-30T09:04:32.849750+00:00,2025-11-30T09:04:32.849756+00:00
2030,208,32,0.0,102.37,53.29,2025-11-30T09:04:32.851718+00:00,2025-11-30T09:04:32.851724+00:00
2031,208,16,0.0,28.91,11.73,2025-11-30T09:04:32.853518+00:00,2025-11-30T09:04:32.853523+00:00
2032,208,21,0.0,0.0,4.36,2025-11-30T09:04:32.855244+00:00,2025-11-30T09:04:32.855250+00:00
2033,209,22,0.0,0.0,25.46,2025-11-30T09:04:32.859362+00:00,2025-11-30T09:04:32.859371+00:00
2034,209,30,0.0,0.0,12.51,2025-11-30T09:04:32.863857+00:00,2025-11-30T09:04:32.863868+00:00
2035,209,32,78.09,0.0,47.07,2025-11-30T09:04:32.866474+00:00,2025-11-30T09:04:32.866482+00:00
2036,209,29,0.0,0.0,23.2,2025-11-30T09:04:32.868984+00:00,2025-11-30T09:04:32.868992+00:00
2037,209,40,0.0,0.0,46.66,2025-11-30T09:04:32.870997+00:00,2025-11-30T09:04:32.871004+00:00
2038,209,17,0.0,0.0,42.76,2025-11-30T09:04:32.873156+00:00,2025-11-30T09:04:32.873161+00:00
2039,209,34,0.0,188.17,93.05,2025-11-30T09:04:32.877360+00:00,2025-11-30T09:04:32.877371+00:00
2040,209,21,0.0,4.04,2.79,2025-11-30T09:04:32.879802+00:00,2025-11-30T09:04:32.879809+00:00
2041,209,31,0.0,0.0,48.7,2025-11-30T09:04:32.881722+00:00,2025-11-30T09:04:32.881729+00:00
2042,209,24,0.0,0.0,36.58,2025-11-30T09:04:32.883659+00:00,2025-11-30T09:04:32.883665+00:00
2043,209,18,31.5,0.0,17.48,2025-11-30T09:04:32.885870+00:00,2025-11-30T09:04:32.885876+00:00
2044,209,39,0.0,34.89,18.49,2025-11-30T09:04:32.888465+00:00,2025-11-30T09:04:32.888473+00:00
2045,209,37,0.0,0.0,32.5,2025-11-30T09:04:32.891352+00:00,2025-11-30T09:04:32.891365+00:00
2046,209,42,65.42,36.86,42.91,2025-11-30T09:04:32.896118+00:00,2025-11-30T09:04:32.896128+00:00
2047,209,27,0.0,0.0,43.44,2025-11-30T09:04:32.899078+00:00,2025-11-30T09:04:32.899086+00:00
2048,209,16,13.65,0.0,8.89,2025-11-30T09:04:32.901361+00:00,2025-11-30T09:04:32.901369+00:00
2049,209,23,42.06,0.0,13.11,2025-11-30T09:04:32.903415+00:00,2025-11-30T09:04:32.903422+00:00
2050,210,16,12.85,38.52,23.81,2025-11-30T09:04:32.905227+00:00,2025-11-30T09:04:32.905233+00:00
2051,210,32,36.69,39.41,44.63,2025-11-30T09:04:32.908428+00:00,2025-11-30T09:04:32.908440+00:00
2052,210,41,0.0,0.0,40.47,2025-11-30T09:04:32.912211+00:00,2025-11-30T09:04:32.912220+00:00
2053,210,29,0.0,162.69,56.8,2025-11-30T09:04:32.914190+00:00,2025-11-30T09:04:32.914197+00:00
2054,210,39,0.0,90.17,36.37,2025-11-30T09:04:32.916359+00:00,2025-11-30T09:04:32.916367+00:00
2055,210,35,0.0,0.0,54.01,2025-11-30T09:04:32.919227+00:00,2025-11-30T09:04:32.919234+00:00
2056,210,22,0.0,138.27,91.37,2025-11-30T09:04:32.921200+00:00,2025-11-30T09:04:32.921207+00:00
2057,210,18,0.0,19.31,7.36,2025-11-30T09:04:32.923018+00:00,2025-11-30T09:04:32.923025+00:00
2058,210,27,0.0,0.0,38.75,2025-11-30T09:04:32.929430+00:00,2025-11-30T09:04:32.929441+00:00
2059,210,24,0.0,0.0,39.43,2025-11-30T09:04:32.932333+00:00,2025-11-30T09:04:32.932342+00:00
2060,210,36,0.0,38.9,22.41,2025-11-30T09:04:32.934634+00:00,2025-11-30T09:04:32.934642+00:00
2061,210,37,28.22,0.0,16.77,2025-11-30T09:04:32.936940+00:00,2025-11-30T09:04:32.936951+00:00
2062,210,15,0.0,68.84,37.19,2025-11-30T09:04:32.939203+00:00,2025-11-30T09:04:32.939209+00:00
2063,210,25,18.38,0.0,8.22,2025-11-30T09:04:32.942365+00:00,2025-11-30T09:04:32.942375+00:00
2064,210,26,0.0,0.0,20.81,2025-11-30T09:04:32.945551+00:00,2025-11-30T09:04:32.945560+00:00
2065,210,42,0.0,48.11,16.18,2025-11-30T09:04:32.947898+00:00,2025-11-30T09:04:32.947905+00:00
2066,211,44,83.95,16.69,72.57,2025-11-30T09:04:32.949966+00:00,2025-11-30T09:04:32.949973+00:00
2067,211,33,0.0,41.83,16.68,2025-11-30T09:04:32.951862+00:00,2025-11-30T09:04:32.951869+00:00
2068,211,18,49.54,0.0,30.02,2025-11-30T09:04:32.953897+00:00,2025-11-30T09:04:32.953903+00:00
2069,211,26,0.0,28.78,19.44,2025-11-30T09:04:32.956083+00:00,2025-11-30T09:04:32.956089+00:00
2070,211,34,0.0,26.76,12.13,2025-11-30T09:04:32.960237+00:00,2025-11-30T09:04:32.960251+00:00
2071,211,28,0.0,36.78,42.64,2025-11-30T09:04:32.963897+00:00,2025-11-30T09:04:32.963906+00:00
2072,211,29,66.09,0.0,40.29,2025-11-30T09:04:32.966657+00:00,2025-11-30T09:04:32.966669+00:00
2073,211,27,0.0,119.61,71.83,2025-11-30T09:04:32.969141+00:00,2025-11-30T09:04:32.969148+00:00
2074,211,16,58.78,0.0,24.85,2025-11-30T09:04:32.971075+00:00,2025-11-30T09:04:32.971081+00:00
2075,211,20,0.0,0.0,41.25,2025-11-30T09:04:32.972890+00:00,2025-11-30T09:04:32.972896+00:00
2076,211,19,0.0,74.02,43.12,2025-11-30T09:04:32.976117+00:00,2025-11-30T09:04:32.976127+00:00
2077,211,23,0.0,0.0,39.62,2025-11-30T09:04:32.979433+00:00,2025-11-30T09:04:32.979443+00:00
2078,211,30,0.0,0.0,37.37,2025-11-30T09:04:32.981580+00:00,2025-11-30T09:04:32.981588+00:00
2079,212,39,0.0,60.35,41.62,2025-11-30T09:04:32.983782+00:00,2025-11-30T09:04:32.983790+00:00
2080,212,38,0.0,0.0,25.49,2025-11-30T09:04:32.985733+00:00,2025-11-30T09:04:32.985740+00:00
2081,212,17,81.7,0.0,41.73,2025-11-30T09:04:32.988477+00:00,2025-11-30T09:04:32.988485+00:00
2082,212,21,0.0,60.97,23.32,2025-11-30T09:04:32.991208+00:00,2025-11-30T09:04:32.991220+00:00
2083,212,35,0.0,77.21,59.97,2025-11-30T09:04:32.995218+00:00,2025-11-30T09:04:32.995250+00:00
2084,212,32,75.97,6.99,52.44,2025-11-30T09:04:32.998675+00:00,2025-11-30T09:04:32.998685+00:00
2085,212,15,69.97,0.0,80.46,2025-11-30T09:04:33.001085+00:00,2025-11-30T09:04:33.001095+00:00
2086,212,30,69.94,0.0,21.69,2025-11-30T09:04:33.003001+00:00,2025-11-30T09:04:33.003008+00:00
2087,212,36,40.26,0.0,15.27,2025-11-30T09:04:33.004905+00:00,2025-11-30T09:04:33.004912+00:00
2088,212,20,0.0,0.0,19.46,2025-11-30T09:04:33.006989+00:00,2025-11-30T09:04:33.007004+00:00
2089,212,33,0.0,0.0,60.29,2025-11-30T09:04:33.011909+00:00,2025-11-30T09:04:33.011919+00:00
2090,212,34,0.0,90.95,35.25,2025-11-30T09:04:33.014249+00:00,2025-11-30T09:04:33.014259+00:00
2091,212,37,0.0,0.0,9.83,2025-11-30T09:04:33.016876+00:00,2025-11-30T09:04:33.016884+00:00
2092,212,27,0.0,0.0,32.96,2025-11-30T09:04:33.019081+00:00,2025-11-30T09:04:33.019089+00:00
2093,212,16,0.0,0.0,36.21,2025-11-30T09:04:33.021040+00:00,2025-11-30T09:04:33.021047+00:00
2094,212,29,0.0,0.0,18.44,2025-11-30T09:04:33.022982+00:00,2025-11-30T09:04:33.022988+00:00
2095,213,36,82.32,0.0,93.78,2025-11-30T09:04:33.026495+00:00,2025-11-30T09:04:33.026559+00:00
2096,213,39,0.0,76.18,31.37,2025-11-30T09:04:33.030876+00:00,2025-11-30T09:04:33.030885+00:00
2097,213,33,164.18,0.0,65.42,2025-11-30T09:04:33.033179+00:00,2025-11-30T09:04:33.033186+00:00
2098,213,15,58.55,11.06,25.52,2025-11-30T09:04:33.035480+00:00,2025-11-30T09:04:33.035488+00:00
2099,213,40,0.0,0.0,42.82,2025-11-30T09:04:33.037696+00:00,2025-11-30T09:04:33.037705+00:00
2100,213,24,0.0,26.15,58.12,2025-11-30T09:04:33.039895+00:00,2025-11-30T09:04:33.039902+00:00
2101,213,32,0.0,52.44,31.57,2025-11-30T09:04:33.043749+00:00,2025-11-30T09:04:33.043758+00:00
2102,213,17,52.55,97.63,65.91,2025-11-30T09:04:33.046407+00:00,2025-11-30T09:04:33.046416+00:00
2103,213,34,17.07,43.52,35.53,2025-11-30T09:04:33.048649+00:00,2025-11-30T09:04:33.048658+00:00
2104,213,30,0.0,0.0,29.81,2025-11-30T09:04:33.050768+00:00,2025-11-30T09:04:33.050775+00:00
2105,213,22,0.0,73.62,47.26,2025-11-30T09:04:33.052753+00:00,2025-11-30T09:04:33.052760+00:00
2106,213,28,0.0,0.0,40.62,2025-11-30T09:04:33.054907+00:00,2025-11-30T09:04:33.054915+00:00
2107,213,38,86.28,0.0,29.51,2025-11-30T09:04:33.058629+00:00,2025-11-30T09:04:33.058641+00:00
2108,213,31,0.0,0.0,45.95,2025-11-30T09:04:33.062528+00:00,2025-11-30T09:04:33.062538+00:00
2109,213,19,0.0,0.0,43.14,2025-11-30T09:04:33.065088+00:00,2025-11-30T09:04:33.065097+00:00
2110,213,37,0.0,0.0,35.32,2025-11-30T09:04:33.068005+00:00,2025-11-30T09:04:33.068014+00:00
2111,213,44,0.0,0.0,38.81,2025-11-30T09:04:33.070335+00:00,2025-11-30T09:04:33.070343+00:00
2112,214,21,241.33,1044.95,806.87,2025-11-30T09:04:33.072275+00:00,2025-11-30T09:04:33.072283+00:00
2113,214,42,1210.98,0.0,479.27,2025-11-30T09:04:33.075092+00:00,2025-11-30T09:04:33.075102+00:00
2114,214,16,0.0,0.0,388.8,2025-11-30T09:04:33.079125+00:00,2025-11-30T09:04:33.079135+00:00
2115,214,39,0.0,0.0,378.45,2025-11-30T09:04:33.081727+00:00,2025-11-30T09:04:33.081735+00:00
2116,214,38,0.0,572.09,680.46,2025-11-30T09:04:33.083924+00:00,2025-11-30T09:04:33.083931+00:00
2117,214,44,0.0,379.21,590.33,2025-11-30T09:04:33.085866+00:00,2025-11-30T09:04:33.085873+00:00
2118,214,20,1118.23,0.0,1081.43,2025-11-30T09:04:33.088890+00:00,2025-11-30T09:04:33.088899+00:00
2119,214,34,0.0,0.0,151.5,2025-11-30T09:04:33.092491+00:00,2025-11-30T09:04:33.092501+00:00
2120,214,15,0.0,0.0,427.77,2025-11-30T09:04:33.095976+00:00,2025-11-30T09:04:33.095987+00:00
2121,214,17,807.22,0.0,321.47,2025-11-30T09:04:33.099021+00:00,2025-11-30T09:04:33.099030+00:00
2122,214,36,0.0,0.0,247.99,2025-11-30T09:04:33.101546+00:00,2025-11-30T09:04:33.101555+00:00
2123,214,41,0.0,0.0,489.76,2025-11-30T09:04:33.103551+00:00,2025-11-30T09:04:33.103558+00:00
2124,214,31,0.0,200.31,86.18,2025-11-30T09:04:33.105588+00:00,2025-11-30T09:04:33.105595+00:00
2125,214,28,0.0,0.0,426.99,2025-11-30T09:04:33.109409+00:00,2025-11-30T09:04:33.109424+00:00
2126,214,37,0.0,0.0,205.86,2025-11-30T09:04:33.112398+00:00,2025-11-30T09:04:33.112407+00:00
2127,214,23,0.0,1226.64,464.47,2025-11-30T09:04:33.114440+00:00,2025-11-30T09:04:33.114461+00:00
2128,215,30,0.0,37.57,21.68,2025-11-30T09:04:33.116884+00:00,2025-11-30T09:04:33.116896+00:00
2129,215,20,0.0,0.0,44.12,2025-11-30T09:04:33.119242+00:00,2025-11-30T09:04:33.119248+00:00
2130,215,18,0.0,78.66,49.9,2025-11-30T09:04:33.121441+00:00,2025-11-30T09:04:33.121449+00:00
2131,215,21,0.0,0.0,35.17,2025-11-30T09:04:33.123976+00:00,2025-11-30T09:04:33.124002+00:00
2132,215,29,0.0,0.0,75.46,2025-11-30T09:04:33.127560+00:00,2025-11-30T09:04:33.127610+00:00
2133,215,26,0.0,0.0,40.01,2025-11-30T09:04:33.131008+00:00,2025-11-30T09:04:33.131017+00:00
2134,215,33,44.54,0.0,18.59,2025-11-30T09:04:33.133065+00:00,2025-11-30T09:04:33.133074+00:00
2135,215,27,0.0,0.0,62.04,2025-11-30T09:04:33.135214+00:00,2025-11-30T09:04:33.135223+00:00
2136,215,31,0.0,0.0,31.71,2025-11-30T09:04:33.137635+00:00,2025-11-30T09:04:33.137642+00:00
2137,215,23,0.0,0.0,39.23,2025-11-30T09:04:33.140017+00:00,2025-11-30T09:04:33.140024+00:00
2138,215,39,0.0,0.0,55.27,2025-11-30T09:04:33.144043+00:00,2025-11-30T09:04:33.144052+00:00
2139,215,42,0.0,2.79,28.95,2025-11-30T09:04:33.146795+00:00,2025-11-30T09:04:33.146807+00:00
2140,215,24,0.0,0.0,41.01,2025-11-30T09:04:33.149087+00:00,2025-11-30T09:04:33.149094+00:00
2141,215,19,0.0,0.0,46.3,2025-11-30T09:04:33.150951+00:00,2025-11-30T09:04:33.150956+00:00
2142,215,15,0.0,31.27,18.8,2025-11-30T09:04:33.152870+00:00,2025-11-30T09:04:33.152876+00:00
2143,215,22,0.0,0.0,14.08,2025-11-30T09:04:33.154901+00:00,2025-11-30T09:04:33.154908+00:00
2144,215,43,26.7,0.0,9.97,2025-11-30T09:04:33.158575+00:00,2025-11-30T09:04:33.158587+00:00
2145,216,39,1782.58,0.0,918.03,2025-11-30T09:04:33.162397+00:00,2025-11-30T09:04:33.162409+00:00
2146,216,21,0.0,404.0,242.63,2025-11-30T09:04:33.165017+00:00,2025-11-30T09:04:33.165027+00:00
2147,216,36,0.0,0.0,1295.18,2025-11-30T09:04:33.167862+00:00,2025-11-30T09:04:33.167870+00:00
2148,216,25,0.0,0.0,319.82,2025-11-30T09:04:33.170086+00:00,2025-11-30T09:04:33.170093+00:00
2149,216,23,0.0,670.73,486.37,2025-11-30T09:04:33.172053+00:00,2025-11-30T09:04:33.172061+00:00
2150,216,27,1254.76,0.0,771.46,2025-11-30T09:04:33.176587+00:00,2025-11-30T09:04:33.176599+00:00
2151,216,44,0.0,0.0,160.5,2025-11-30T09:04:33.179468+00:00,2025-11-30T09:04:33.179477+00:00
2152,216,31,1132.69,0.0,556.82,2025-11-30T09:04:33.181708+00:00,2025-11-30T09:04:33.181715+00:00
2153,216,41,0.0,0.0,152.08,2025-11-30T09:04:33.183718+00:00,2025-11-30T09:04:33.183725+00:00
2154,216,37,919.89,0.0,363.32,2025-11-30T09:04:33.185823+00:00,2025-11-30T09:04:33.185830+00:00
2155,216,34,325.49,0.0,198.56,2025-11-30T09:04:33.188579+00:00,2025-11-30T09:04:33.188587+00:00
2156,216,40,608.2,0.0,372.9,2025-11-30T09:04:33.191999+00:00,2025-11-30T09:04:33.192010+00:00
2157,216,17,0.0,507.19,254.0,2025-11-30T09:04:33.194958+00:00,2025-11-30T09:04:33.194969+00:00
2158,216,35,0.0,833.56,364.68,2025-11-30T09:04:33.198525+00:00,2025-11-30T09:04:33.198535+00:00
2159,216,30,603.69,0.0,253.15,2025-11-30T09:04:33.201663+00:00,2025-11-30T09:04:33.201672+00:00
2160,216,32,0.0,0.0,429.83,2025-11-30T09:04:33.203823+00:00,2025-11-30T09:04:33.203830+00:00
2161,216,20,0.0,0.0,117.3,2025-11-30T09:04:33.205708+00:00,2025-11-30T09:04:33.205714+00:00
2162,217,31,519.66,0.0,180.85,2025-11-30T09:04:33.210055+00:00,2025-11-30T09:04:33.210067+00:00
2163,217,20,0.0,555.12,679.2,2025-11-30T09:04:33.212608+00:00,2025-11-30T09:04:33.212617+00:00
2164,217,40,0.0,806.29,349.61,2025-11-30T09:04:33.214545+00:00,2025-11-30T09:04:33.214552+00:00
2165,217,30,840.37,0.0,549.4,2025-11-30T09:04:33.217013+00:00,2025-11-30T09:04:33.217021+00:00
2166,217,36,0.0,0.0,148.17,2025-11-30T09:04:33.219812+00:00,2025-11-30T09:04:33.219820+00:00
2167,217,33,996.81,0.0,481.87,2025-11-30T09:04:33.222532+00:00,2025-11-30T09:04:33.222541+00:00
2168,217,44,0.0,0.0,250.13,2025-11-30T09:04:33.225708+00:00,2025-11-30T09:04:33.225719+00:00
2169,217,27,0.0,225.0,135.38,2025-11-30T09:04:33.229166+00:00,2025-11-30T09:04:33.229178+00:00
2170,217,42,0.0,0.0,845.26,2025-11-30T09:04:33.232140+00:00,2025-11-30T09:04:33.232150+00:00
2171,217,39,0.0,0.0,411.7,2025-11-30T09:04:33.234267+00:00,2025-11-30T09:04:33.234275+00:00
2172,217,21,573.99,0.0,259.71,2025-11-30T09:04:33.236170+00:00,2025-11-30T09:04:33.236216+00:00
2173,217,34,283.78,0.0,496.27,2025-11-30T09:04:33.238588+00:00,2025-11-30T09:04:33.238595+00:00
2174,217,29,0.0,364.1,159.44,2025-11-30T09:04:33.241641+00:00,2025-11-30T09:04:33.241651+00:00
2175,217,32,0.0,0.0,269.39,2025-11-30T09:04:33.244997+00:00,2025-11-30T09:04:33.245006+00:00
2176,217,18,0.0,0.0,300.58,2025-11-30T09:04:33.247571+00:00,2025-11-30T09:04:33.247581+00:00
2177,218,25,143.63,0.0,82.73,2025-11-30T09:04:33.249639+00:00,2025-11-30T09:04:33.249645+00:00
2178,218,15,47.49,0.0,15.19,2025-11-30T09:04:33.251441+00:00,2025-11-30T09:04:33.251448+00:00
2179,218,19,0.0,0.0,86.66,2025-11-30T09:04:33.253279+00:00,2025-11-30T09:04:33.253285+00:00
2180,218,38,0.0,0.0,58.47,2025-11-30T09:04:33.255534+00:00,2025-11-30T09:04:33.255540+00:00
2181,218,41,0.0,0.0,8.83,2025-11-30T09:04:33.259097+00:00,2025-11-30T09:04:33.259106+00:00
2182,218,44,0.0,0.0,21.98,2025-11-30T09:04:33.263699+00:00,2025-11-30T09:04:33.263709+00:00
2183,218,32,0.0,86.94,45.85,2025-11-30T09:04:33.266082+00:00,2025-11-30T09:04:33.266090+00:00
2184,218,16,0.0,0.0,27.16,2025-11-30T09:04:33.268696+00:00,2025-11-30T09:04:33.268704+00:00
2185,218,22,0.0,0.0,31.17,2025-11-30T09:04:33.270614+00:00,2025-11-30T09:04:33.270621+00:00
2186,218,30,0.0,83.87,78.46,2025-11-30T09:04:33.272486+00:00,2025-11-30T09:04:33.272492+00:00
2187,218,36,0.0,0.0,5.75,2025-11-30T09:04:33.275722+00:00,2025-11-30T09:04:33.275731+00:00
2188,218,20,0.0,0.0,49.54,2025-11-30T09:04:33.278949+00:00,2025-11-30T09:04:33.278957+00:00
2189,218,33,18.87,0.0,8.18,2025-11-30T09:04:33.281170+00:00,2025-11-30T09:04:33.281178+00:00
2190,218,34,0.0,0.0,51.45,2025-11-30T09:04:33.283082+00:00,2025-11-30T09:04:33.283089+00:00
2191,218,28,0.0,71.95,39.09,2025-11-30T09:04:33.285000+00:00,2025-11-30T09:04:33.285007+00:00
2192,219,17,0.0,131.18,48.09,2025-11-30T09:04:33.287433+00:00,2025-11-30T09:04:33.287441+00:00
2193,219,23,0.0,0.0,10.44,2025-11-30T09:04:33.289593+00:00,2025-11-30T09:04:33.289599+00:00
2194,219,40,0.0,34.51,17.87,2025-11-30T09:04:33.293124+00:00,2025-11-30T09:04:33.293134+00:00
2195,219,18,0.0,0.0,13.77,2025-11-30T09:04:33.297183+00:00,2025-11-30T09:04:33.297193+00:00
2196,219,22,0.0,0.0,3.3,2025-11-30T09:04:33.299902+00:00,2025-11-30T09:04:33.299910+00:00
2197,219,15,100.13,0.0,45.85,2025-11-30T09:04:33.302040+00:00,2025-11-30T09:04:33.302048+00:00
2198,219,27,42.48,64.82,56.02,2025-11-30T09:04:33.303969+00:00,2025-11-30T09:04:33.303975+00:00
2199,219,44,0.0,0.0,56.67,2025-11-30T09:04:33.305832+00:00,2025-11-30T09:04:33.305839+00:00
2200,219,32,55.65,12.79,25.06,2025-11-30T09:04:33.310394+00:00,2025-11-30T09:04:33.310405+00:00
2201,219,24,0.0,93.08,51.67,2025-11-30T09:04:33.313790+00:00,2025-11-30T09:04:33.313798+00:00
2202,219,21,62.87,0.0,30.64,2025-11-30T09:04:33.315848+00:00,2025-11-30T09:04:33.315855+00:00
2203,219,34,83.53,0.0,48.97,2025-11-30T09:04:33.317992+00:00,2025-11-30T09:04:33.317999+00:00
2204,219,20,0.0,29.16,10.14,2025-11-30T09:04:33.320115+00:00,2025-11-30T09:04:33.320122+00:00
2205,219,30,0.0,0.0,18.8,2025-11-30T09:04:33.321941+00:00,2025-11-30T09:04:33.321948+00:00
2206,219,16,8.2,0.0,4.92,2025-11-30T09:04:33.325750+00:00,2025-11-30T09:04:33.325759+00:00
2207,219,41,0.0,62.43,29.25,2025-11-30T09:04:33.329613+00:00,2025-11-30T09:04:33.329622+00:00
2208,219,28,0.0,0.0,9.81,2025-11-30T09:04:33.332156+00:00,2025-11-30T09:04:33.332165+00:00
2209,219,26,17.1,0.0,7.76,2025-11-30T09:04:33.334507+00:00,2025-11-30T09:04:33.334514+00:00
2210,219,19,0.0,0.0,40.83,2025-11-30T09:04:33.336518+00:00,2025-11-30T09:04:33.336526+00:00
2211,219,31,0.0,27.52,17.2,2025-11-30T09:04:33.338903+00:00,2025-11-30T09:04:33.338911+00:00
2212,220,28,0.0,59.0,76.91,2025-11-30T09:04:33.342213+00:00,2025-11-30T09:04:33.342225+00:00
2213,220,33,6.51,0.0,16.21,2025-11-30T09:04:33.345236+00:00,2025-11-30T09:04:33.345244+00:00
2214,220,19,0.0,0.0,17.61,2025-11-30T09:04:33.347453+00:00,2025-11-30T09:04:33.347460+00:00
2215,220,16,0.0,0.0,40.72,2025-11-30T09:04:33.349330+00:00,2025-11-30T09:04:33.349336+00:00
2216,220,30,0.0,0.0,13.63,2025-11-30T09:04:33.351432+00:00,2025-11-30T09:04:33.351439+00:00
2217,220,22,51.26,0.0,28.31,2025-11-30T09:04:33.353458+00:00,2025-11-30T09:04:33.353465+00:00
2218,220,27,0.0,0.0,26.94,2025-11-30T09:04:33.355611+00:00,2025-11-30T09:04:33.355617+00:00
2219,220,25,0.0,0.0,8.69,2025-11-30T09:04:33.359177+00:00,2025-11-30T09:04:33.359186+00:00
2220,220,18,0.0,0.0,7.2,2025-11-30T09:04:33.363193+00:00,2025-11-30T09:04:33.363202+00:00
2221,220,24,0.0,57.71,38.13,2025-11-30T09:04:33.365908+00:00,2025-11-30T09:04:33.365917+00:00
2222,220,26,0.0,0.0,25.69,2025-11-30T09:04:33.368987+00:00,2025-11-30T09:04:33.368997+00:00
2223,220,17,0.0,0.0,82.55,2025-11-30T09:04:33.372343+00:00,2025-11-30T09:04:33.372355+00:00
2224,220,20,0.0,0.0,4.68,2025-11-30T09:04:33.376869+00:00,2025-11-30T09:04:33.376878+00:00
2225,220,23,0.0,0.0,48.46,2025-11-30T09:04:33.380483+00:00,2025-11-30T09:04:33.380493+00:00
2226,220,40,0.0,0.0,29.59,2025-11-30T09:04:33.383682+00:00,2025-11-30T09:04:33.383692+00:00
2227,220,21,0.0,0.0,20.03,2025-11-30T09:04:33.387884+00:00,2025-11-30T09:04:33.387892+00:00
2228,220,37,0.0,0.0,31.73,2025-11-30T09:04:33.392065+00:00,2025-11-30T09:04:33.392076+00:00
2229,221,16,113.78,0.0,66.49,2025-11-30T09:04:33.396660+00:00,2025-11-30T09:04:33.396677+00:00
2230,221,17,0.0,68.97,42.92,2025-11-30T09:04:33.401062+00:00,2025-11-30T09:04:33.401079+00:00
2231,221,15,0.0,0.0,24.95,2025-11-30T09:04:33.404424+00:00,2025-11-30T09:04:33.404434+00:00
2232,221,37,0.0,111.86,39.52,2025-11-30T09:04:33.408046+00:00,2025-11-30T09:04:33.408060+00:00
2233,221,43,0.0,96.07,77.08,2025-11-30T09:04:33.412575+00:00,2025-11-30T09:04:33.412586+00:00
2234,221,30,23.29,0.0,55.21,2025-11-30T09:04:33.415359+00:00,2025-11-30T09:04:33.415372+00:00
2235,221,19,6.1,0.0,2.06,2025-11-30T09:04:33.418610+00:00,2025-11-30T09:04:33.418622+00:00
2236,221,34,175.57,51.05,97.87,2025-11-30T09:04:33.420894+00:00,2025-11-30T09:04:33.420902+00:00
2237,221,24,0.0,60.05,30.63,2025-11-30T09:04:33.423141+00:00,2025-11-30T09:04:33.423151+00:00
2238,221,27,0.0,31.67,11.46,2025-11-30T09:04:33.428315+00:00,2025-11-30T09:04:33.428329+00:00
2239,221,38,0.0,0.0,64.91,2025-11-30T09:04:33.432023+00:00,2025-11-30T09:04:33.432033+00:00
2240,221,28,0.0,0.0,49.58,2025-11-30T09:04:33.434668+00:00,2025-11-30T09:04:33.434677+00:00
2241,221,29,88.4,0.0,28.37,2025-11-30T09:04:33.437421+00:00,2025-11-30T09:04:33.437430+00:00
2242,221,23,0.0,0.0,24.19,2025-11-30T09:04:33.440087+00:00,2025-11-30T09:04:33.440103+00:00
2243,221,41,94.64,0.0,35.62,2025-11-30T09:04:33.444697+00:00,2025-11-30T09:04:33.444710+00:00
2244,221,42,0.0,0.0,47.35,2025-11-30T09:04:33.447622+00:00,2025-11-30T09:04:33.447631+00:00
2245,221,25,0.0,9.13,6.12,2025-11-30T09:04:33.449549+00:00,2025-11-30T09:04:33.449555+00:00
2246,221,36,0.0,0.0,42.26,2025-11-30T09:04:33.451701+00:00,2025-11-30T09:04:33.451706+00:00
2247,222,16,0.0,0.0,3.67,2025-11-30T09:04:33.453827+00:00,2025-11-30T09:04:33.453833+00:00
2248,222,19,0.0,0.0,15.53,2025-11-30T09:04:33.455803+00:00,2025-11-30T09:04:33.455809+00:00
2249,222,43,0.0,20.43,7.41,2025-11-30T09:04:33.460012+00:00,2025-11-30T09:04:33.460022+00:00
2250,222,40,41.29,46.25,44.64,2025-11-30T09:04:33.464548+00:00,2025-11-30T09:04:33.464561+00:00
2251,222,15,72.81,0.0,34.57,2025-11-30T09:04:33.467569+00:00,2025-11-30T09:04:33.467578+00:00
2252,222,41,0.0,0.0,15.71,2025-11-30T09:04:33.470575+00:00,2025-11-30T09:04:33.470582+00:00
2253,222,37,0.0,0.0,4.15,2025-11-30T09:04:33.472664+00:00,2025-11-30T09:04:33.472671+00:00
2254,222,21,0.0,0.0,3.83,2025-11-30T09:04:33.477184+00:00,2025-11-30T09:04:33.477196+00:00
2255,222,31,0.0,45.28,51.69,2025-11-30T09:04:33.480089+00:00,2025-11-30T09:04:33.480100+00:00
2256,222,33,0.0,0.0,21.09,2025-11-30T09:04:33.482415+00:00,2025-11-30T09:04:33.482422+00:00
2257,222,23,0.0,139.17,105.2,2025-11-30T09:04:33.484996+00:00,2025-11-30T09:04:33.485002+00:00
2258,222,44,0.0,0.0,27.93,2025-11-30T09:04:33.487466+00:00,2025-11-30T09:04:33.487473+00:00
2259,222,26,0.0,0.0,34.53,2025-11-30T09:04:33.489832+00:00,2025-11-30T09:04:33.489840+00:00
2260,222,28,0.0,66.4,26.12,2025-11-30T09:04:33.493938+00:00,2025-11-30T09:04:33.493949+00:00
2261,222,24,0.0,90.88,45.9,2025-11-30T09:04:33.497478+00:00,2025-11-30T09:04:33.497487+00:00
2262,223,21,0.0,2.13,60.47,2025-11-30T09:04:33.500237+00:00,2025-11-30T09:04:33.500244+00:00
2263,223,34,0.0,0.0,7.61,2025-11-30T09:04:33.502283+00:00,2025-11-30T09:04:33.502290+00:00
2264,223,29,0.0,0.0,37.92,2025-11-30T09:04:33.504155+00:00,2025-11-30T09:04:33.504161+00:00
2265,223,15,0.0,0.0,68.48,2025-11-30T09:04:33.506077+00:00,2025-11-30T09:04:33.506083+00:00
2266,223,43,0.0,11.37,7.88,2025-11-30T09:04:33.510576+00:00,2025-11-30T09:04:33.510585+00:00
2267,223,23,0.0,52.73,41.68,2025-11-30T09:04:33.513056+00:00,2025-11-30T09:04:33.513063+00:00
2268,223,26,0.0,0.0,26.51,2025-11-30T09:04:33.514757+00:00,2025-11-30T09:04:33.514763+00:00
2269,223,24,23.11,0.0,30.91,2025-11-30T09:04:33.516643+00:00,2025-11-30T09:04:33.516649+00:00
2270,223,31,0.0,0.0,89.23,2025-11-30T09:04:33.519496+00:00,2025-11-30T09:04:33.519503+00:00
2271,223,30,0.0,8.41,5.83,2025-11-30T09:04:33.521841+00:00,2025-11-30T09:04:33.521849+00:00
2272,223,27,59.62,0.0,33.2,2025-11-30T09:04:33.524922+00:00,2025-11-30T09:04:33.524933+00:00
2273,223,40,0.0,0.0,27.5,2025-11-30T09:04:33.528026+00:00,2025-11-30T09:04:33.528038+00:00
2274,223,41,0.0,0.0,28.59,2025-11-30T09:04:33.531197+00:00,2025-11-30T09:04:33.531206+00:00
2275,223,44,0.0,25.91,12.54,2025-11-30T09:04:33.533674+00:00,2025-11-30T09:04:33.533683+00:00
2276,223,18,0.0,75.05,49.05,2025-11-30T09:04:33.535692+00:00,2025-11-30T09:04:33.535699+00:00
2277,223,33,57.72,0.0,35.71,2025-11-30T09:04:33.537797+00:00,2025-11-30T09:04:33.537804+00:00
2278,223,42,0.0,65.04,33.88,2025-11-30T09:04:33.540361+00:00,2025-11-30T09:04:33.540386+00:00
2279,224,17,52.56,0.0,55.41,2025-11-30T09:04:33.543999+00:00,2025-11-30T09:04:33.544008+00:00
2280,224,43,38.57,0.0,54.52,2025-11-30T09:04:33.546218+00:00,2025-11-30T09:04:33.546225+00:00
2281,224,25,0.0,100.51,46.85,2025-11-30T09:04:33.548942+00:00,2025-11-30T09:04:33.548952+00:00
2282,224,35,67.82,40.08,67.71,2025-11-30T09:04:33.550907+00:00,2025-11-30T09:04:33.550916+00:00
2283,224,29,0.0,41.47,26.73,2025-11-30T09:04:33.552791+00:00,2025-11-30T09:04:33.552797+00:00
2284,224,40,0.0,0.0,49.74,2025-11-30T09:04:33.555103+00:00,2025-11-30T09:04:33.555113+00:00
2285,224,44,0.0,73.63,26.03,2025-11-30T09:04:33.558824+00:00,2025-11-30T09:04:33.558834+00:00
2286,224,30,0.0,0.0,20.01,2025-11-30T09:04:33.562881+00:00,2025-11-30T09:04:33.562895+00:00
2287,224,16,76.72,19.21,44.05,2025-11-30T09:04:33.566354+00:00,2025-11-30T09:04:33.566366+00:00
2288,224,32,201.57,0.0,92.65,2025-11-30T09:04:33.569031+00:00,2025-11-30T09:04:33.569039+00:00
2289,224,24,0.0,30.22,12.89,2025-11-30T09:04:33.571175+00:00,2025-11-30T09:04:33.571182+00:00
2290,224,31,0.0,132.38,49.83,2025-11-30T09:04:33.573746+00:00,2025-11-30T09:04:33.573830+00:00
2291,224,36,0.0,0.0,35.83,2025-11-30T09:04:33.578381+00:00,2025-11-30T09:04:33.578391+00:00
2292,224,21,0.0,0.0,6.58,2025-11-30T09:04:33.582748+00:00,2025-11-30T09:04:33.582760+00:00
2293,225,23,0.0,0.0,29.15,2025-11-30T09:04:33.586857+00:00,2025-11-30T09:04:33.586865+00:00
2294,225,28,0.0,71.35,88.3,2025-11-30T09:04:33.589410+00:00,2025-11-30T09:04:33.589418+00:00
2295,225,30,0.0,8.67,31.4,2025-11-30T09:04:33.594093+00:00,2025-11-30T09:04:33.594105+00:00
2296,225,26,0.0,273.17,126.43,2025-11-30T09:04:33.597995+00:00,2025-11-30T09:04:33.598004+00:00
2297,225,18,0.0,117.93,89.73,2025-11-30T09:04:33.600804+00:00,2025-11-30T09:04:33.600813+00:00
2298,225,42,0.0,16.82,48.0,2025-11-30T09:04:33.603116+00:00,2025-11-30T09:04:33.603124+00:00
2299,225,17,0.0,25.76,17.5,2025-11-30T09:04:33.605369+00:00,2025-11-30T09:04:33.605376+00:00
2300,225,24,0.0,0.0,19.94,2025-11-30T09:04:33.609789+00:00,2025-11-30T09:04:33.609799+00:00
2301,225,32,0.0,0.0,40.73,2025-11-30T09:04:33.612921+00:00,2025-11-30T09:04:33.612931+00:00
2302,225,38,0.0,0.0,15.14,2025-11-30T09:04:33.614868+00:00,2025-11-30T09:04:33.614876+00:00
2303,225,40,0.0,0.0,48.13,2025-11-30T09:04:33.617143+00:00,2025-11-30T09:04:33.617149+00:00
2304,225,35,0.0,0.0,47.61,2025-11-30T09:04:33.619286+00:00,2025-11-30T09:04:33.619294+00:00
2305,225,27,0.0,0.0,9.52,2025-11-30T09:04:33.621771+00:00,2025-11-30T09:04:33.621778+00:00
2306,225,41,49.63,0.0,34.32,2025-11-30T09:04:33.626078+00:00,2025-11-30T09:04:33.626090+00:00
2307,225,16,53.04,0.0,36.53,2025-11-30T09:04:33.629932+00:00,2025-11-30T09:04:33.629943+00:00
2308,226,39,0.0,36.59,23.44,2025-11-30T09:04:33.632475+00:00,2025-11-30T09:04:33.632482+00:00
2309,226,19,0.0,14.09,6.39,2025-11-30T09:04:33.634745+00:00,2025-11-30T09:04:33.634752+00:00
2310,226,21,0.0,0.0,37.02,2025-11-30T09:04:33.637193+00:00,2025-11-30T09:04:33.637200+00:00
2311,226,33,52.18,6.32,28.92,2025-11-30T09:04:33.639626+00:00,2025-11-30T09:04:33.639667+00:00
2312,226,24,0.0,0.0,66.79,2025-11-30T09:04:33.644393+00:00,2025-11-30T09:04:33.644402+00:00
2313,226,15,0.0,0.0,17.82,2025-11-30T09:04:33.647105+00:00,2025-11-30T09:04:33.647113+00:00
2314,226,23,0.0,39.2,63.2,2025-11-30T09:04:33.649323+00:00,2025-11-30T09:04:33.649331+00:00
2315,226,22,0.0,0.0,23.97,2025-11-30T09:04:33.651373+00:00,2025-11-30T09:04:33.651379+00:00
2316,226,26,22.49,0.0,13.78,2025-11-30T09:04:33.653994+00:00,2025-11-30T09:04:33.654002+00:00
2317,226,25,0.0,40.34,22.6,2025-11-30T09:04:33.656709+00:00,2025-11-30T09:04:33.656720+00:00
2318,226,16,28.26,6.67,14.5,2025-11-30T09:04:33.660962+00:00,2025-11-30T09:04:33.660974+00:00
2319,226,32,0.0,47.09,31.93,2025-11-30T09:04:33.664626+00:00,2025-11-30T09:04:33.664635+00:00
2320,226,17,0.0,5.66,3.22,2025-11-30T09:04:33.667495+00:00,2025-11-30T09:04:33.667504+00:00
2321,226,41,68.89,0.0,43.32,2025-11-30T09:04:33.669546+00:00,2025-11-30T09:04:33.669553+00:00
2322,226,38,0.0,0.0,47.16,2025-11-30T09:04:33.671698+00:00,2025-11-30T09:04:33.671705+00:00
2323,226,35,0.0,51.17,34.09,2025-11-30T09:04:33.674943+00:00,2025-11-30T09:04:33.674956+00:00
2324,227,24,42.22,0.0,20.78,2025-11-30T09:04:33.678957+00:00,2025-11-30T09:04:33.678967+00:00
2325,227,25,8.82,0.0,5.68,2025-11-30T09:04:33.681256+00:00,2025-11-30T09:04:33.681264+00:00
2326,227,38,44.9,0.0,22.84,2025-11-30T09:04:33.683490+00:00,2025-11-30T09:04:33.683496+00:00
2327,227,42,42.72,0.0,54.99,2025-11-30T09:04:33.685741+00:00,2025-11-30T09:04:33.685748+00:00
2328,227,18,17.18,0.0,6.58,2025-11-30T09:04:33.688086+00:00,2025-11-30T09:04:33.688092+00:00
2329,227,33,0.0,49.78,68.54,2025-11-30T09:04:33.690694+00:00,2025-11-30T09:04:33.690710+00:00
2330,227,40,23.97,0.0,34.9,2025-11-30T09:04:33.694742+00:00,2025-11-30T09:04:33.694753+00:00
2331,227,36,0.0,0.0,7.19,2025-11-30T09:04:33.698012+00:00,2025-11-30T09:04:33.698021+00:00
2332,227,28,0.0,0.0,9.52,2025-11-30T09:04:33.700572+00:00,2025-11-30T09:04:33.700582+00:00
2333,227,22,0.0,0.0,41.0,2025-11-30T09:04:33.702923+00:00,2025-11-30T09:04:33.702931+00:00
2334,227,17,0.0,71.99,49.87,2025-11-30T09:04:33.704838+00:00,2025-11-30T09:04:33.704845+00:00
2335,227,27,0.0,0.0,33.68,2025-11-30T09:04:33.708413+00:00,2025-11-30T09:04:33.708423+00:00
2336,227,37,0.0,58.76,38.33,2025-11-30T09:04:33.711599+00:00,2025-11-30T09:04:33.711608+00:00
2337,227,44,0.0,0.0,6.06,2025-11-30T09:04:33.713910+00:00,2025-11-30T09:04:33.713918+00:00
2338,228,21,0.0,0.0,194.01,2025-11-30T09:04:33.715927+00:00,2025-11-30T09:04:33.715934+00:00
2339,228,31,0.0,685.55,673.36,2025-11-30T09:04:33.718773+00:00,2025-11-30T09:04:33.718781+00:00
2340,228,32,0.0,0.0,786.36,2025-11-30T09:04:33.721194+00:00,2025-11-30T09:04:33.721201+00:00
2341,228,43,580.94,271.22,493.43,2025-11-30T09:04:33.723827+00:00,2025-11-30T09:04:33.723838+00:00
2342,228,27,0.0,187.21,246.61,2025-11-30T09:04:33.727376+00:00,2025-11-30T09:04:33.727387+00:00
2343,228,19,0.0,758.81,278.04,2025-11-30T09:04:33.730901+00:00,2025-11-30T09:04:33.730911+00:00
2344,228,23,0.0,0.0,482.75,2025-11-30T09:04:33.732982+00:00,2025-11-30T09:04:33.732991+00:00
2345,228,33,412.0,0.0,842.28,2025-11-30T09:04:33.735177+00:00,2025-11-30T09:04:33.735185+00:00
2346,228,41,455.93,0.0,273.2,2025-11-30T09:04:33.737487+00:00,2025-11-30T09:04:33.737496+00:00
2347,228,17,397.57,0.0,434.03,2025-11-30T09:04:33.739601+00:00,2025-11-30T09:04:33.739611+00:00
2348,228,29,0.0,0.0,269.63,2025-11-30T09:04:33.743258+00:00,2025-11-30T09:04:33.743268+00:00
2349,228,22,0.0,0.0,172.68,2025-11-30T09:04:33.745631+00:00,2025-11-30T09:04:33.745639+00:00
2350,228,26,423.19,0.0,248.57,2025-11-30T09:04:33.748261+00:00,2025-11-30T09:04:33.748269+00:00
2351,228,36,235.46,0.0,455.83,2025-11-30T09:04:33.750274+00:00,2025-11-30T09:04:33.750282+00:00
2352,228,18,0.0,823.47,426.72,2025-11-30T09:04:33.752259+00:00,2025-11-30T09:04:33.752266+00:00
2353,228,16,0.0,0.0,287.32,2025-11-30T09:04:33.754138+00:00,2025-11-30T09:04:33.754145+00:00
2354,230,16,0.0,36.7,24.8,2025-11-30T09:04:33.756153+00:00,2025-11-30T09:04:33.756160+00:00
2355,230,27,27.62,0.0,18.98,2025-11-30T09:04:33.760088+00:00,2025-11-30T09:04:33.760097+00:00
2356,230,40,0.0,30.95,10.96,2025-11-30T09:04:33.763721+00:00,2025-11-30T09:04:33.763731+00:00
2357,230,24,39.98,67.58,63.89,2025-11-30T09:04:33.766364+00:00,2025-11-30T09:04:33.766375+00:00
2358,230,32,0.0,0.0,5.51,2025-11-30T09:04:33.768938+00:00,2025-11-30T09:04:33.768945+00:00
2359,230,21,41.06,37.39,91.9,2025-11-30T09:04:33.770958+00:00,2025-11-30T09:04:33.770964+00:00
2360,230,34,0.0,0.0,6.98,2025-11-30T09:04:33.773032+00:00,2025-11-30T09:04:33.773039+00:00
2361,230,19,0.0,0.0,22.44,2025-11-30T09:04:33.777277+00:00,2025-11-30T09:04:33.777290+00:00
2362,230,28,0.0,0.0,64.53,2025-11-30T09:04:33.779878+00:00,2025-11-30T09:04:33.779886+00:00
2363,230,38,0.0,1.99,1.1,2025-11-30T09:04:33.781917+00:00,2025-11-30T09:04:33.781923+00:00
2364,230,17,0.0,0.0,26.51,2025-11-30T09:04:33.783837+00:00,2025-11-30T09:04:33.783843+00:00
2365,230,31,0.0,114.37,42.74,2025-11-30T09:04:33.785916+00:00,2025-11-30T09:04:33.785922+00:00
2366,230,18,109.37,0.0,49.35,2025-11-30T09:04:33.788370+00:00,2025-11-30T09:04:33.788379+00:00
2367,232,40,0.0,145.9,43.97,2025-11-30T09:04:33.791120+00:00,2025-11-30T09:04:33.791140+00:00
2368,232,32,0.0,32.97,68.92,2025-11-30T09:04:33.794724+00:00,2025-11-30T09:04:33.794735+00:00
2369,232,19,0.0,0.0,20.97,2025-11-30T09:04:33.798349+00:00,2025-11-30T09:04:33.798358+00:00
2370,232,42,23.5,0.0,12.24,2025-11-30T09:04:33.800738+00:00,2025-11-30T09:04:33.800746+00:00
2371,232,24,0.0,0.0,24.08,2025-11-30T09:04:33.802740+00:00,2025-11-30T09:04:33.802747+00:00
2372,232,33,0.0,70.47,69.65,2025-11-30T09:04:33.804623+00:00,2025-11-30T09:04:33.804628+00:00
2373,232,29,31.47,0.0,19.28,2025-11-30T09:04:33.807869+00:00,2025-11-30T09:04:33.807880+00:00
2374,232,26,0.0,62.46,40.86,2025-11-30T09:04:33.811526+00:00,2025-11-30T09:04:33.811535+00:00
2375,232,35,83.83,0.0,39.79,2025-11-30T09:04:33.813702+00:00,2025-11-30T09:04:33.813710+00:00
2376,232,15,131.55,0.0,44.85,2025-11-30T09:04:33.815648+00:00,2025-11-30T09:04:33.815655+00:00
2377,232,22,0.0,47.87,80.98,2025-11-30T09:04:33.817758+00:00,2025-11-30T09:04:33.817765+00:00
2378,232,39,0.0,0.0,15.11,2025-11-30T09:04:33.819935+00:00,2025-11-30T09:04:33.819944+00:00
2379,232,43,17.23,0.0,9.59,2025-11-30T09:04:33.822036+00:00,2025-11-30T09:04:33.822046+00:00
2380,232,36,0.0,0.0,28.36,2025-11-30T09:04:33.825263+00:00,2025-11-30T09:04:33.825272+00:00
2381,232,41,0.0,0.0,46.63,2025-11-30T09:04:33.827942+00:00,2025-11-30T09:04:33.827952+00:00
2382,232,28,0.0,78.38,34.78,2025-11-30T09:04:33.831479+00:00,2025-11-30T09:04:33.831488+00:00
2383,234,28,41.01,0.0,21.49,2025-11-30T09:04:33.833884+00:00,2025-11-30T09:04:33.833892+00:00
2384,234,16,87.44,0.0,44.44,2025-11-30T09:04:33.835788+00:00,2025-11-30T09:04:33.835795+00:00
2385,234,27,66.8,0.0,93.96,2025-11-30T09:04:33.838192+00:00,2025-11-30T09:04:33.838200+00:00
2386,234,44,0.0,0.0,52.42,2025-11-30T09:04:33.841777+00:00,2025-11-30T09:04:33.841791+00:00
2387,234,22,0.0,0.0,9.53,2025-11-30T09:04:33.845036+00:00,2025-11-30T09:04:33.845043+00:00
2388,234,17,0.0,27.34,16.08,2025-11-30T09:04:33.847455+00:00,2025-11-30T09:04:33.847462+00:00
2389,234,29,129.4,0.0,49.84,2025-11-30T09:04:33.849508+00:00,2025-11-30T09:04:33.849514+00:00
2390,234,25,0.0,0.0,9.88,2025-11-30T09:04:33.851367+00:00,2025-11-30T09:04:33.851373+00:00
2391,234,41,94.75,0.0,41.31,2025-11-30T09:04:33.853146+00:00,2025-11-30T09:04:33.853151+00:00
2392,234,26,99.54,0.0,45.09,2025-11-30T09:04:33.855262+00:00,2025-11-30T09:04:33.855269+00:00
2393,234,15,0.0,78.56,49.32,2025-11-30T09:04:33.858906+00:00,2025-11-30T09:04:33.858916+00:00
2394,234,20,37.78,0.0,21.48,2025-11-30T09:04:33.862375+00:00,2025-11-30T09:04:33.862385+00:00
2395,234,35,49.48,0.0,19.31,2025-11-30T09:04:33.865285+00:00,2025-11-30T09:04:33.865295+00:00
2396,234,18,0.0,22.99,10.03,2025-11-30T09:04:33.867879+00:00,2025-11-30T09:04:33.867887+00:00
2397,234,37,0.0,58.54,26.19,2025-11-30T09:04:33.870179+00:00,2025-11-30T09:04:33.870186+00:00
2398,235,22,21.68,0.0,83.51,2025-11-30T09:04:33.872280+00:00,2025-11-30T09:04:33.872287+00:00
2399,235,24,0.0,4.45,40.06,2025-11-30T09:04:33.876275+00:00,2025-11-30T09:04:33.876286+00:00
2400,235,40,0.0,0.0,47.3,2025-11-30T09:04:33.879138+00:00,2025-11-30T09:04:33.879147+00:00
2401,235,44,0.0,0.0,48.73,2025-11-30T09:04:33.881402+00:00,2025-11-30T09:04:33.881409+00:00
2402,235,16,0.0,59.51,33.28,2025-11-30T09:04:33.883322+00:00,2025-11-30T09:04:33.883329+00:00
2403,235,15,191.9,0.0,88.26,2025-11-30T09:04:33.885384+00:00,2025-11-30T09:04:33.885390+00:00
2404,235,36,21.69,0.0,8.64,2025-11-30T09:04:33.887411+00:00,2025-11-30T09:04:33.887419+00:00
2405,235,35,0.0,31.62,19.93,2025-11-30T09:04:33.889320+00:00,2025-11-30T09:04:33.889327+00:00
2406,235,17,0.0,0.0,41.12,2025-11-30T09:04:33.892815+00:00,2025-11-30T09:04:33.892825+00:00
2407,235,28,0.0,0.0,5.11,2025-11-30T09:04:33.896773+00:00,2025-11-30T09:04:33.896787+00:00
2408,235,33,40.46,0.0,80.33,2025-11-30T09:04:33.900294+00:00,2025-11-30T09:04:33.900305+00:00
2409,235,34,0.0,0.0,31.02,2025-11-30T09:04:33.902823+00:00,2025-11-30T09:04:33.902834+00:00
2410,235,23,0.0,0.0,33.3,2025-11-30T09:04:33.908329+00:00,2025-11-30T09:04:33.908340+00:00
2411,235,39,0.0,65.82,40.91,2025-11-30T09:04:33.911767+00:00,2025-11-30T09:04:33.911776+00:00
2412,235,19,0.0,116.52,49.68,2025-11-30T09:04:33.914114+00:00,2025-11-30T09:04:33.914122+00:00
2413,235,30,0.0,0.0,16.39,2025-11-30T09:04:33.916523+00:00,2025-11-30T09:04:33.916530+00:00
2414,235,31,0.0,0.0,29.85,2025-11-30T09:04:33.919056+00:00,2025-11-30T09:04:33.919064+00:00
2415,236,33,0.0,0.0,19.77,2025-11-30T09:04:33.921322+00:00,2025-11-30T09:04:33.921328+00:00
2416,236,16,0.0,58.09,37.78,2025-11-30T09:04:33.923189+00:00,2025-11-30T09:04:33.923197+00:00
2417,236,22,0.0,58.23,31.08,2025-11-30T09:04:33.927655+00:00,2025-11-30T09:04:33.927668+00:00
2418,236,42,150.52,0.0,57.07,2025-11-30T09:04:33.931222+00:00,2025-11-30T09:04:33.931233+00:00
2419,236,43,8.56,0.0,14.91,2025-11-30T09:04:33.933749+00:00,2025-11-30T09:04:33.933758+00:00
2420,236,37,0.0,0.0,49.76,2025-11-30T09:04:33.935979+00:00,2025-11-30T09:04:33.936010+00:00
2421,236,15,1.15,0.0,58.51,2025-11-30T09:04:33.938392+00:00,2025-11-30T09:04:33.938399+00:00
2422,236,36,18.74,0.0,10.46,2025-11-30T09:04:33.941681+00:00,2025-11-30T09:04:33.941694+00:00
2423,236,29,0.0,0.0,10.66,2025-11-30T09:04:33.944914+00:00,2025-11-30T09:04:33.944924+00:00
2424,236,40,0.0,3.7,1.21,2025-11-30T09:04:33.947406+00:00,2025-11-30T09:04:33.947414+00:00
2425,236,27,81.5,0.0,46.99,2025-11-30T09:04:33.949496+00:00,2025-11-30T09:04:33.949502+00:00
2426,236,38,0.0,0.0,33.19,2025-11-30T09:04:33.951588+00:00,2025-11-30T09:04:33.951594+00:00
2427,236,44,0.0,0.0,43.96,2025-11-30T09:04:33.953869+00:00,2025-11-30T09:04:33.953874+00:00
2428,236,23,121.4,0.0,43.49,2025-11-30T09:04:33.956349+00:00,2025-11-30T09:04:33.956359+00:00
2429,236,17,0.0,0.0,23.31,2025-11-30T09:04:33.961368+00:00,2025-11-30T09:04:33.961379+00:00
2430,236,24,0.0,39.49,24.28,2025-11-30T09:04:33.964960+00:00,2025-11-30T09:04:33.964970+00:00
2431,236,35,22.8,0.0,11.62,2025-11-30T09:04:33.967560+00:00,2025-11-30T09:04:33.967569+00:00
2432,236,25,25.88,0.0,14.45,2025-11-30T09:04:33.969651+00:00,2025-11-30T09:04:33.969658+00:00
2433,237,21,15.25,0.0,7.47,2025-11-30T09:04:33.972067+00:00,2025-11-30T09:04:33.972073+00:00
2434,237,18,0.0,0.0,27.9,2025-11-30T09:04:33.975510+00:00,2025-11-30T09:04:33.975521+00:00
2435,237,40,0.0,0.0,68.32,2025-11-30T09:04:33.978781+00:00,2025-11-30T09:04:33.978791+00:00
2436,237,30,0.0,0.0,5.58,2025-11-30T09:04:33.980954+00:00,2025-11-30T09:04:33.980961+00:00
2437,237,28,59.16,0.0,28.87,2025-11-30T09:04:33.982873+00:00,2025-11-30T09:04:33.982879+00:00
2438,237,33,27.06,0.0,8.83,2025-11-30T09:04:33.984761+00:00,2025-11-30T09:04:33.984768+00:00
2439,237,15,0.0,48.16,19.37,2025-11-30T09:04:33.986991+00:00,2025-11-30T09:04:33.986999+00:00
2440,237,26,0.0,0.0,22.55,2025-11-30T09:04:33.989672+00:00,2025-11-30T09:04:33.989682+00:00
2441,237,22,0.0,0.0,8.8,2025-11-30T09:04:33.993709+00:00,2025-11-30T09:04:33.993722+00:00
2442,237,37,0.0,0.0,28.42,2025-11-30T09:04:33.997356+00:00,2025-11-30T09:04:33.997365+00:00
2443,237,44,0.0,0.0,27.85,2025-11-30T09:04:33.999696+00:00,2025-11-30T09:04:33.999705+00:00
2444,237,39,16.65,0.0,8.43,2025-11-30T09:04:34.001642+00:00,2025-11-30T09:04:34.001649+00:00
2445,237,29,0.0,0.0,37.94,2025-11-30T09:04:34.003417+00:00,2025-11-30T09:04:34.003424+00:00
2446,237,23,0.0,51.67,32.26,2025-11-30T09:04:34.005327+00:00,2025-11-30T09:04:34.005333+00:00
2447,237,19,0.0,18.38,32.38,2025-11-30T09:04:34.008937+00:00,2025-11-30T09:04:34.008948+00:00
2448,237,41,0.0,0.0,65.73,2025-11-30T09:04:34.012153+00:00,2025-11-30T09:04:34.012162+00:00
2449,237,31,0.0,28.81,16.63,2025-11-30T09:04:34.014216+00:00,2025-11-30T09:04:34.014223+00:00
2450,237,16,0.0,0.0,42.59,2025-11-30T09:04:34.016201+00:00,2025-11-30T09:04:34.016313+00:00
2451,238,44,33.02,0.0,22.92,2025-11-30T09:04:34.019127+00:00,2025-11-30T09:04:34.019135+00:00
2452,238,27,0.0,0.0,20.93,2025-11-30T09:04:34.021199+00:00,2025-11-30T09:04:34.021206+00:00
2453,238,31,92.4,0.0,43.19,2025-11-30T09:04:34.024701+00:00,2025-11-30T09:04:34.024711+00:00
2454,238,19,0.0,0.0,47.3,2025-11-30T09:04:34.027866+00:00,2025-11-30T09:04:34.027877+00:00
2455,238,21,0.0,128.45,91.89,2025-11-30T09:04:34.031576+00:00,2025-11-30T09:04:34.031585+00:00
2456,238,39,0.0,84.66,49.22,2025-11-30T09:04:34.034091+00:00,2025-11-30T09:04:34.034101+00:00
2457,238,24,5.53,35.79,23.77,2025-11-30T09:04:34.036024+00:00,2025-11-30T09:04:34.036032+00:00
2458,238,33,105.42,0.0,45.49,2025-11-30T09:04:34.038233+00:00,2025-11-30T09:04:34.038241+00:00
2459,238,17,0.0,167.68,53.15,2025-11-30T09:04:34.042020+00:00,2025-11-30T09:04:34.042031+00:00
2460,238,32,0.0,0.0,42.39,2025-11-30T09:04:34.045143+00:00,2025-11-30T09:04:34.045152+00:00
2461,238,43,47.53,0.0,22.97,2025-11-30T09:04:34.047366+00:00,2025-11-30T09:04:34.047374+00:00
2462,238,23,0.0,83.07,48.54,2025-11-30T09:04:34.049652+00:00,2025-11-30T09:04:34.049659+00:00
2463,238,36,0.0,0.0,18.88,2025-11-30T09:04:34.051570+00:00,2025-11-30T09:04:34.051577+00:00
2464,238,25,0.0,99.03,49.44,2025-11-30T09:04:34.053527+00:00,2025-11-30T09:04:34.053533+00:00
2465,238,40,4.43,0.0,2.02,2025-11-30T09:04:34.055957+00:00,2025-11-30T09:04:34.055964+00:00
2466,238,38,0.0,31.1,16.66,2025-11-30T09:04:34.060102+00:00,2025-11-30T09:04:34.060114+00:00
2467,238,37,16.64,0.0,5.38,2025-11-30T09:04:34.063660+00:00,2025-11-30T09:04:34.063670+00:00
2468,238,42,38.69,0.0,26.81,2025-11-30T09:04:34.066478+00:00,2025-11-30T09:04:34.066488+00:00
2469,239,35,0.0,1365.3,756.46,2025-11-30T09:04:34.068677+00:00,2025-11-30T09:04:34.068685+00:00
2470,239,44,391.55,0.0,138.94,2025-11-30T09:04:34.070607+00:00,2025-11-30T09:04:34.070614+00:00
2471,239,26,0.0,0.0,455.53,2025-11-30T09:04:34.072727+00:00,2025-11-30T09:04:34.072738+00:00
2472,239,42,0.0,175.72,110.93,2025-11-30T09:04:34.077194+00:00,2025-11-30T09:04:34.077204+00:00
2473,239,32,0.0,0.0,524.4,2025-11-30T09:04:34.080027+00:00,2025-11-30T09:04:34.080037+00:00
2474,239,34,0.0,0.0,324.24,2025-11-30T09:04:34.082481+00:00,2025-11-30T09:04:34.082489+00:00
2475,239,36,0.0,602.75,279.24,2025-11-30T09:04:34.085165+00:00,2025-11-30T09:04:34.085174+00:00
2476,239,38,0.0,0.0,421.16,2025-11-30T09:04:34.087684+00:00,2025-11-30T09:04:34.087692+00:00
2477,239,30,0.0,689.34,356.44,2025-11-30T09:04:34.090314+00:00,2025-11-30T09:04:34.090325+00:00
2478,239,28,0.0,207.99,116.87,2025-11-30T09:04:34.093664+00:00,2025-11-30T09:04:34.093673+00:00
2479,239,29,0.0,879.72,547.15,2025-11-30T09:04:34.097034+00:00,2025-11-30T09:04:34.097045+00:00
2480,239,41,584.03,0.0,267.97,2025-11-30T09:04:34.099745+00:00,2025-11-30T09:04:34.099755+00:00
2481,239,20,0.0,0.0,202.4,2025-11-30T09:04:34.102141+00:00,2025-11-30T09:04:34.102149+00:00
2482,239,18,0.0,0.0,319.93,2025-11-30T09:04:34.104023+00:00,2025-11-30T09:04:34.104030+00:00
2483,239,19,0.0,0.0,227.39,2025-11-30T09:04:34.105789+00:00,2025-11-30T09:04:34.105795+00:00
2484,239,37,0.0,0.0,193.3,2025-11-30T09:04:34.110160+00:00,2025-11-30T09:04:34.110173+00:00
2485,239,39,257.05,0.0,87.57,2025-11-30T09:04:34.112559+00:00,2025-11-30T09:04:34.112566+00:00
2486,239,17,0.0,779.74,287.23,2025-11-30T09:04:34.114726+00:00,2025-11-30T09:04:34.114732+00:00
2487,239,21,368.9,0.0,241.47,2025-11-30T09:04:34.116619+00:00,2025-11-30T09:04:34.116624+00:00
2488,241,15,0.0,0.0,39.49,2025-11-30T09:04:34.118786+00:00,2025-11-30T09:04:34.118793+00:00
2489,241,23,0.0,0.0,12.72,2025-11-30T09:04:34.120693+00:00,2025-11-30T09:04:34.120700+00:00
2490,241,37,0.0,0.0,44.32,2025-11-30T09:04:34.122863+00:00,2025-11-30T09:04:34.122872+00:00
2491,241,24,69.41,0.0,84.04,2025-11-30T09:04:34.126218+00:00,2025-11-30T09:04:34.126227+00:00
2492,241,27,0.0,44.43,18.73,2025-11-30T09:04:34.129854+00:00,2025-11-30T09:04:34.129863+00:00
2493,241,38,0.0,0.0,19.66,2025-11-30T09:04:34.132402+00:00,2025-11-30T09:04:34.132410+00:00
2494,241,28,0.0,51.85,33.65,2025-11-30T09:04:34.134474+00:00,2025-11-30T09:04:34.134481+00:00
2495,241,32,0.0,0.0,33.09,2025-11-30T09:04:34.136783+00:00,2025-11-30T09:04:34.136793+00:00
2496,241,41,0.0,141.32,62.77,2025-11-30T09:04:34.139139+00:00,2025-11-30T09:04:34.139147+00:00
2497,241,19,0.0,0.0,73.8,2025-11-30T09:04:34.143657+00:00,2025-11-30T09:04:34.143666+00:00
2498,241,21,0.0,124.68,57.3,2025-11-30T09:04:34.145731+00:00,2025-11-30T09:04:34.145738+00:00
2499,241,42,0.0,0.0,2.17,2025-11-30T09:04:34.148080+00:00,2025-11-30T09:04:34.148087+00:00
2500,241,26,58.8,0.0,27.07,2025-11-30T09:04:34.150211+00:00,2025-11-30T09:04:34.150219+00:00
2501,241,16,0.0,22.1,14.74,2025-11-30T09:04:34.152186+00:00,2025-11-30T09:04:34.152193+00:00
2502,241,33,0.0,0.0,22.89,2025-11-30T09:04:34.154308+00:00,2025-11-30T09:04:34.154315+00:00
2503,241,25,0.0,0.0,33.68,2025-11-30T09:04:34.157065+00:00,2025-11-30T09:04:34.157090+00:00
2504,241,17,14.16,24.99,25.39,2025-11-30T09:04:34.160638+00:00,2025-11-30T09:04:34.160647+00:00
2505,241,36,68.92,0.0,37.78,2025-11-30T09:04:34.164107+00:00,2025-11-30T09:04:34.164116+00:00
2506,241,20,0.0,0.0,10.05,2025-11-30T09:04:34.166705+00:00,2025-11-30T09:04:34.166717+00:00
2507,241,30,49.32,0.0,28.15,2025-11-30T09:04:34.169179+00:00,2025-11-30T09:04:34.169186+00:00
2508,243,16,652.35,0.0,216.16,2025-11-30T09:04:34.171142+00:00,2025-11-30T09:04:34.171147+00:00
2509,243,26,0.0,0.0,608.24,2025-11-30T09:04:34.174086+00:00,2025-11-30T09:04:34.174098+00:00
2510,243,20,0.0,0.0,271.36,2025-11-30T09:04:34.177815+00:00,2025-11-30T09:04:34.177825+00:00
2511,243,19,375.34,0.0,663.89,2025-11-30T09:04:34.180324+00:00,2025-11-30T09:04:34.180333+00:00
2512,243,42,1037.62,0.0,597.96,2025-11-30T09:04:34.182349+00:00,2025-11-30T09:04:34.182357+00:00
2513,243,23,0.0,0.0,244.75,2025-11-30T09:04:34.184321+00:00,2025-11-30T09:04:34.184327+00:00
2514,243,22,0.0,0.0,181.01,2025-11-30T09:04:34.186612+00:00,2025-11-30T09:04:34.186619+00:00
2515,243,17,672.31,0.0,834.31,2025-11-30T09:04:34.188799+00:00,2025-11-30T09:04:34.188807+00:00
2516,243,34,126.32,0.0,923.4,2025-11-30T09:04:34.192262+00:00,2025-11-30T09:04:34.192272+00:00
2517,243,40,1242.99,0.0,479.95,2025-11-30T09:04:34.194737+00:00,2025-11-30T09:04:34.194749+00:00
2518,243,31,0.0,0.0,290.87,2025-11-30T09:04:34.198022+00:00,2025-11-30T09:04:34.198031+00:00
2519,243,25,0.0,715.09,394.36,2025-11-30T09:04:34.200496+00:00,2025-11-30T09:04:34.200504+00:00
2520,243,37,0.0,0.0,184.47,2025-11-30T09:04:34.202619+00:00,2025-11-30T09:04:34.202626+00:00
2521,243,18,0.0,438.42,251.36,2025-11-30T09:04:34.204419+00:00,2025-11-30T09:04:34.204425+00:00
2522,243,21,1216.21,0.0,433.58,2025-11-30T09:04:34.206856+00:00,2025-11-30T09:04:34.206893+00:00
2523,243,38,0.0,1171.68,424.44,2025-11-30T09:04:34.210733+00:00,2025-11-30T09:04:34.210742+00:00
2524,243,27,0.0,0.0,265.91,2025-11-30T09:04:34.212851+00:00,2025-11-30T09:04:34.212857+00:00
2525,244,19,0.0,0.0,1.05,2025-11-30T09:04:34.214745+00:00,2025-11-30T09:04:34.214751+00:00
2526,244,34,0.0,0.0,43.31,2025-11-30T09:04:34.217025+00:00,2025-11-30T09:04:34.217032+00:00
2527,244,40,13.29,0.0,7.42,2025-11-30T09:04:34.219534+00:00,2025-11-30T09:04:34.219541+00:00
2528,244,32,0.0,74.38,44.47,2025-11-30T09:04:34.221773+00:00,2025-11-30T09:04:34.221780+00:00
2529,244,20,0.0,0.0,24.49,2025-11-30T09:04:34.225650+00:00,2025-11-30T09:04:34.225659+00:00
2530,244,23,97.74,70.24,102.67,2025-11-30T09:04:34.228757+00:00,2025-11-30T09:04:34.228768+00:00
2531,244,35,27.17,0.0,37.38,2025-11-30T09:04:34.231639+00:00,2025-11-30T09:04:34.231647+00:00
2532,244,43,69.58,0.0,22.87,2025-11-30T09:04:34.234083+00:00,2025-11-30T09:04:34.234091+00:00
2533,244,22,0.0,0.0,43.96,2025-11-30T09:04:34.236044+00:00,2025-11-30T09:04:34.236051+00:00
2534,244,36,0.0,0.0,26.63,2025-11-30T09:04:34.238618+00:00,2025-11-30T09:04:34.238626+00:00
2535,244,41,47.91,0.0,27.34,2025-11-30T09:04:34.242274+00:00,2025-11-30T09:04:34.242284+00:00
2536,244,30,0.0,0.0,48.27,2025-11-30T09:04:34.244940+00:00,2025-11-30T09:04:34.244949+00:00
2537,244,33,0.0,0.0,40.13,2025-11-30T09:04:34.247440+00:00,2025-11-30T09:04:34.247448+00:00
2538,244,28,0.0,26.29,12.58,2025-11-30T09:04:34.249371+00:00,2025-11-30T09:04:34.249379+00:00
2539,245,39,0.0,0.0,642.59,2025-11-30T09:04:34.251315+00:00,2025-11-30T09:04:34.251322+00:00
2540,245,29,481.69,0.0,308.68,2025-11-30T09:04:34.253545+00:00,2025-11-30T09:04:34.253556+00:00
2541,245,16,304.76,353.35,409.7,2025-11-30T09:04:34.255620+00:00,2025-11-30T09:04:34.255627+00:00
2542,245,27,0.0,0.0,204.79,2025-11-30T09:04:34.259230+00:00,2025-11-30T09:04:34.259240+00:00
2543,245,21,357.84,0.0,204.68,2025-11-30T09:04:34.262157+00:00,2025-11-30T09:04:34.262171+00:00
2544,245,22,0.0,0.0,495.95,2025-11-30T09:04:34.265131+00:00,2025-11-30T09:04:34.265140+00:00
2545,245,15,501.48,0.0,479.01,2025-11-30T09:04:34.267896+00:00,2025-11-30T09:04:34.267905+00:00
2546,245,43,0.0,328.37,170.91,2025-11-30T09:04:34.270011+00:00,2025-11-30T09:04:34.270018+00:00
2547,245,23,0.0,0.0,366.82,2025-11-30T09:04:34.272119+00:00,2025-11-30T09:04:34.272126+00:00
2548,245,37,0.0,0.0,764.05,2025-11-30T09:04:34.275498+00:00,2025-11-30T09:04:34.275510+00:00
2549,245,18,0.0,0.0,585.05,2025-11-30T09:04:34.278486+00:00,2025-11-30T09:04:34.278495+00:00
2550,245,32,0.0,369.07,133.88,2025-11-30T09:04:34.280809+00:00,2025-11-30T09:04:34.280816+00:00
2551,245,41,0.0,0.0,364.4,2025-11-30T09:04:34.282947+00:00,2025-11-30T09:04:34.282954+00:00
2552,245,31,488.93,0.0,776.7,2025-11-30T09:04:34.284964+00:00,2025-11-30T09:04:34.284972+00:00
2553,245,25,356.62,0.0,124.71,2025-11-30T09:04:34.287296+00:00,2025-11-30T09:04:34.287304+00:00
2554,245,40,0.0,0.0,229.5,2025-11-30T09:04:34.290001+00:00,2025-11-30T09:04:34.290034+00:00
2555,245,20,0.0,0.0,429.78,2025-11-30T09:04:34.293019+00:00,2025-11-30T09:04:34.293028+00:00
2556,245,28,0.0,0.0,330.61,2025-11-30T09:04:34.296395+00:00,2025-11-30T09:04:34.296406+00:00
2557,246,27,17.19,0.0,6.58,2025-11-30T09:04:34.299478+00:00,2025-11-30T09:04:34.299487+00:00
2558,246,28,0.0,0.0,10.24,2025-11-30T09:04:34.301866+00:00,2025-11-30T09:04:34.301874+00:00
2559,246,40,0.0,0.0,80.14,2025-11-30T09:04:34.303844+00:00,2025-11-30T09:04:34.303851+00:00
2560,246,42,0.0,0.0,29.34,2025-11-30T09:04:34.305928+00:00,2025-11-30T09:04:34.305936+00:00
2561,246,41,66.6,0.0,24.33,2025-11-30T09:04:34.310650+00:00,2025-11-30T09:04:34.310660+00:00
2562,246,31,0.0,37.89,17.75,2025-11-30T09:04:34.312802+00:00,2025-11-30T09:04:34.312809+00:00
2563,246,44,59.82,0.0,24.61,2025-11-30T09:04:34.315233+00:00,2025-11-30T09:04:34.315241+00:00
2564,246,19,0.0,0.0,39.08,2025-11-30T09:04:34.317776+00:00,2025-11-30T09:04:34.317785+00:00
2565,246,17,0.0,0.0,28.32,2025-11-30T09:04:34.320061+00:00,2025-11-30T09:04:34.320069+00:00
2566,246,23,73.15,0.0,80.43,2025-11-30T09:04:34.322516+00:00,2025-11-30T09:04:34.322527+00:00
2567,246,37,0.0,95.7,76.35,2025-11-30T09:04:34.326152+00:00,2025-11-30T09:04:34.326161+00:00
2568,246,34,0.0,0.0,13.65,2025-11-30T09:04:34.329501+00:00,2025-11-30T09:04:34.329571+00:00
2569,246,25,0.0,0.0,37.0,2025-11-30T09:04:34.331994+00:00,2025-11-30T09:04:34.332002+00:00
2570,246,43,0.0,0.0,26.54,2025-11-30T09:04:34.334305+00:00,2025-11-30T09:04:34.334313+00:00
2571,246,33,0.0,0.0,18.76,2025-11-30T09:04:34.336565+00:00,2025-11-30T09:04:34.336573+00:00
2572,246,21,0.0,0.0,2.41,2025-11-30T09:04:34.339108+00:00,2025-11-30T09:04:34.339117+00:00
2573,246,20,0.0,55.69,43.34,2025-11-30T09:04:34.343360+00:00,2025-11-30T09:04:34.343369+00:00
2574,246,24,131.46,0.0,44.69,2025-11-30T09:04:34.345528+00:00,2025-11-30T09:04:34.345535+00:00
2575,246,22,0.0,83.18,35.19,2025-11-30T09:04:34.347771+00:00,2025-11-30T09:04:34.347779+00:00
2576,247,36,60.19,0.0,41.3,2025-11-30T09:04:34.349862+00:00,2025-11-30T09:04:34.349869+00:00
2577,247,18,0.0,0.0,18.23,2025-11-30T09:04:34.351758+00:00,2025-11-30T09:04:34.351764+00:00
2578,247,29,0.0,0.0,16.24,2025-11-30T09:04:34.353764+00:00,2025-11-30T09:04:34.353770+00:00
2579,247,35,0.0,0.0,19.78,2025-11-30T09:04:34.355500+00:00,2025-11-30T09:04:34.355505+00:00
2580,247,20,28.37,0.0,56.93,2025-11-30T09:04:34.359046+00:00,2025-11-30T09:04:34.359055+00:00
2581,247,44,0.0,73.85,38.99,2025-11-30T09:04:34.362527+00:00,2025-11-30T09:04:34.362537+00:00
2582,247,17,0.0,76.18,41.9,2025-11-30T09:04:34.365122+00:00,2025-11-30T09:04:34.365133+00:00
2583,247,34,93.29,0.0,39.39,2025-11-30T09:04:34.367620+00:00,2025-11-30T09:04:34.367629+00:00
2584,247,19,0.0,34.34,19.55,2025-11-30T09:04:34.369578+00:00,2025-11-30T09:04:34.369586+00:00
2585,247,28,71.06,0.0,40.49,2025-11-30T09:04:34.371615+00:00,2025-11-30T09:04:34.371623+00:00
2586,247,23,0.0,0.0,19.18,2025-11-30T09:04:34.374741+00:00,2025-11-30T09:04:34.374766+00:00
2587,247,43,0.0,42.4,25.88,2025-11-30T09:04:34.378030+00:00,2025-11-30T09:04:34.378040+00:00
2588,247,24,36.13,0.0,46.1,2025-11-30T09:04:34.380651+00:00,2025-11-30T09:04:34.380659+00:00
2589,247,15,0.0,0.0,25.43,2025-11-30T09:04:34.382876+00:00,2025-11-30T09:04:34.382884+00:00
2590,247,22,0.0,0.0,14.89,2025-11-30T09:04:34.384925+00:00,2025-11-30T09:04:34.384932+00:00
2591,247,30,0.0,0.0,3.2,2025-11-30T09:04:34.387308+00:00,2025-11-30T09:04:34.387316+00:00
2592,248,29,0.0,38.25,59.7,2025-11-30T09:04:34.389926+00:00,2025-11-30T09:04:34.389969+00:00
2593,248,42,0.0,0.0,53.25,2025-11-30T09:04:34.393681+00:00,2025-11-30T09:04:34.393692+00:00
2594,248,39,0.0,0.0,40.01,2025-11-30T09:04:34.397740+00:00,2025-11-30T09:04:34.397750+00:00
2595,248,30,0.0,0.0,22.17,2025-11-30T09:04:34.400818+00:00,2025-11-30T09:04:34.400827+00:00
2596,248,38,18.68,76.32,40.77,2025-11-30T09:04:34.402700+00:00,2025-11-30T09:04:34.402707+00:00
2597,248,43,38.96,0.0,33.08,2025-11-30T09:04:34.404655+00:00,2025-11-30T09:04:34.404661+00:00
2598,248,28,0.0,63.51,86.0,2025-11-30T09:04:34.408678+00:00,2025-11-30T09:04:34.408692+00:00
2599,248,35,0.0,0.0,21.02,2025-11-30T09:04:34.411554+00:00,2025-11-30T09:04:34.411562+00:00
2600,248,24,69.06,78.88,73.23,2025-11-30T09:04:34.413440+00:00,2025-11-30T09:04:34.413447+00:00
2601,248,18,0.0,98.06,42.38,2025-11-30T09:04:34.415390+00:00,2025-11-30T09:04:34.415397+00:00
2602,248,17,119.66,63.49,69.01,2025-11-30T09:04:34.417677+00:00,2025-11-30T09:04:34.417685+00:00
2603,248,25,2.59,0.0,1.08,2025-11-30T09:04:34.420318+00:00,2025-11-30T09:04:34.420326+00:00
2604,248,27,0.0,0.0,8.19,2025-11-30T09:04:34.422107+00:00,2025-11-30T09:04:34.422114+00:00
2605,248,41,0.0,0.0,15.77,2025-11-30T09:04:34.425985+00:00,2025-11-30T09:04:34.425994+00:00
2606,248,20,0.0,29.56,20.02,2025-11-30T09:04:34.429422+00:00,2025-11-30T09:04:34.429432+00:00
2607,248,16,0.0,0.0,13.98,2025-11-30T09:04:34.431860+00:00,2025-11-30T09:04:34.431868+00:00
2608,249,35,0.0,116.54,77.83,2025-11-30T09:04:34.434336+00:00,2025-11-30T09:04:34.434345+00:00
2609,249,21,0.0,0.0,39.57,2025-11-30T09:04:34.436372+00:00,2025-11-30T09:04:34.436379+00:00
2610,249,30,0.0,0.0,21.57,2025-11-30T09:04:34.439085+00:00,2025-11-30T09:04:34.439095+00:00
2611,249,15,0.0,0.0,23.9,2025-11-30T09:04:34.443875+00:00,2025-11-30T09:04:34.443885+00:00
2612,249,24,33.86,2.62,39.5,2025-11-30T09:04:34.445891+00:00,2025-11-30T09:04:34.445899+00:00
2613,249,16,102.07,0.0,32.52,2025-11-30T09:04:34.448163+00:00,2025-11-30T09:04:34.448170+00:00
2614,249,40,0.0,0.0,20.52,2025-11-30T09:04:34.450273+00:00,2025-11-30T09:04:34.450281+00:00
2615,249,38,9.89,0.0,66.59,2025-11-30T09:04:34.452427+00:00,2025-11-30T09:04:34.452434+00:00
2616,249,28,150.65,47.73,65.27,2025-11-30T09:04:34.454340+00:00,2025-11-30T09:04:34.454347+00:00
2617,249,26,0.0,8.42,4.85,2025-11-30T09:04:34.456898+00:00,2025-11-30T09:04:34.456913+00:00
2618,249,31,0.0,30.44,54.34,2025-11-30T09:04:34.460324+00:00,2025-11-30T09:04:34.460335+00:00
2619,249,27,0.0,0.0,1.82,2025-11-30T09:04:34.463760+00:00,2025-11-30T09:04:34.463769+00:00
2620,249,37,3.17,0.0,1.18,2025-11-30T09:04:34.466458+00:00,2025-11-30T09:04:34.466467+00:00
2621,249,44,79.97,25.91,55.83,2025-11-30T09:04:34.468965+00:00,2025-11-30T09:04:34.468974+00:00
2622,249,32,0.0,0.0,2.58,2025-11-30T09:04:34.471136+00:00,2025-11-30T09:04:34.471144+00:00
2623,249,33,0.0,0.0,23.24,2025-11-30T09:04:34.473995+00:00,2025-11-30T09:04:34.474005+00:00
2624,252,28,0.0,0.0,57.99,2025-11-30T09:04:34.477569+00:00,2025-11-30T09:04:34.477579+00:00
2625,252,17,84.14,0.0,58.11,2025-11-30T09:04:34.480335+00:00,2025-11-30T09:04:34.480344+00:00
2626,252,39,72.55,26.62,67.75,2025-11-30T09:04:34.483011+00:00,2025-11-30T09:04:34.483023+00:00
2627,252,35,140.99,0.0,58.5,2025-11-30T09:04:34.485305+00:00,2025-11-30T09:04:34.485312+00:00
2628,252,16,0.0,66.7,45.92,2025-11-30T09:04:34.487873+00:00,2025-11-30T09:04:34.487881+00:00
2629,252,40,0.0,0.0,23.58,2025-11-30T09:04:34.490896+00:00,2025-11-30T09:04:34.490907+00:00
2630,252,42,26.85,0.0,16.24,2025-11-30T09:04:34.495015+00:00,2025-11-30T09:04:34.495034+00:00
2631,252,27,0.0,0.0,49.18,2025-11-30T09:04:34.498690+00:00,2025-11-30T09:04:34.498701+00:00
2632,252,18,0.0,0.0,37.48,2025-11-30T09:04:34.501230+00:00,2025-11-30T09:04:34.501239+00:00
2633,252,33,9.63,0.0,4.1,2025-11-30T09:04:34.503277+00:00,2025-11-30T09:04:34.503285+00:00
2634,252,21,52.98,0.0,45.79,2025-11-30T09:04:34.505368+00:00,2025-11-30T09:04:34.505374+00:00
2635,252,15,0.0,76.71,73.08,2025-11-30T09:04:34.509136+00:00,2025-11-30T09:04:34.509145+00:00
2636,252,37,0.0,89.35,37.72,2025-11-30T09:04:34.511946+00:00,2025-11-30T09:04:34.511955+00:00
2637,252,38,11.74,0.0,7.93,2025-11-30T09:04:34.514129+00:00,2025-11-30T09:04:34.514136+00:00
2638,252,19,0.0,25.34,24.48,2025-11-30T09:04:34.515950+00:00,2025-11-30T09:04:34.515956+00:00
2639,253,19,0.0,41.31,22.82,2025-11-30T09:04:34.518374+00:00,2025-11-30T09:04:34.518381+00:00
2640,253,21,3.64,0.0,2.49,2025-11-30T09:04:34.520597+00:00,2025-11-30T09:04:34.520604+00:00
2641,253,23,0.0,41.82,65.47,2025-11-30T09:04:34.522523+00:00,2025-11-30T09:04:34.522531+00:00
2642,253,36,67.38,0.0,45.76,2025-11-30T09:04:34.527438+00:00,2025-11-30T09:04:34.527450+00:00
2643,253,16,0.0,14.09,9.5,2025-11-30T09:04:34.531362+00:00,2025-11-30T09:04:34.531375+00:00
2644,253,40,0.0,0.0,85.35,2025-11-30T09:04:34.533616+00:00,2025-11-30T09:04:34.533625+00:00
2645,253,25,40.8,81.97,132.3,2025-11-30T09:04:34.535678+00:00,2025-11-30T09:04:34.535684+00:00
2646,253,44,0.0,0.0,59.73,2025-11-30T09:04:34.537848+00:00,2025-11-30T09:04:34.537855+00:00
2647,253,17,0.0,0.0,33.29,2025-11-30T09:04:34.542307+00:00,2025-11-30T09:04:34.542317+00:00
2648,253,41,80.07,0.0,49.62,2025-11-30T09:04:34.545236+00:00,2025-11-30T09:04:34.545248+00:00
2649,253,39,67.74,0.0,25.94,2025-11-30T09:04:34.547659+00:00,2025-11-30T09:04:34.547665+00:00
2650,253,33,0.0,0.0,23.52,2025-11-30T09:04:34.549677+00:00,2025-11-30T09:04:34.549683+00:00
2651,253,29,45.69,0.0,29.84,2025-11-30T09:04:34.551767+00:00,2025-11-30T09:04:34.551773+00:00
2652,253,35,0.0,0.0,36.71,2025-11-30T09:04:34.553851+00:00,2025-11-30T09:04:34.553859+00:00
2653,253,32,73.11,0.0,26.75,2025-11-30T09:04:34.557441+00:00,2025-11-30T09:04:34.557466+00:00
2654,254,19,0.0,0.0,11.27,2025-11-30T09:04:34.561580+00:00,2025-11-30T09:04:34.561591+00:00
2655,254,32,0.0,0.0,24.76,2025-11-30T09:04:34.564668+00:00,2025-11-30T09:04:34.564678+00:00
2656,254,27,0.0,0.0,63.02,2025-11-30T09:04:34.567501+00:00,2025-11-30T09:04:34.567510+00:00
2657,254,25,0.0,0.0,77.72,2025-11-30T09:04:34.569954+00:00,2025-11-30T09:04:34.569961+00:00
2658,254,23,0.0,0.0,44.1,2025-11-30T09:04:34.572119+00:00,2025-11-30T09:04:34.572130+00:00
2659,254,40,0.0,0.0,13.6,2025-11-30T09:04:34.576641+00:00,2025-11-30T09:04:34.576650+00:00
2660,254,31,0.0,154.47,48.23,2025-11-30T09:04:34.579252+00:00,2025-11-30T09:04:34.579261+00:00
2661,254,26,232.84,0.0,86.65,2025-11-30T09:04:34.581487+00:00,2025-11-30T09:04:34.581495+00:00
2662,254,39,0.0,0.0,32.96,2025-11-30T09:04:34.583716+00:00,2025-11-30T09:04:34.583723+00:00
2663,254,16,0.0,0.0,33.09,2025-11-30T09:04:34.585802+00:00,2025-11-30T09:04:34.585809+00:00
2664,254,41,0.0,56.68,22.49,2025-11-30T09:04:34.587928+00:00,2025-11-30T09:04:34.587934+00:00
2665,254,38,0.0,108.01,46.5,2025-11-30T09:04:34.591574+00:00,2025-11-30T09:04:34.591597+00:00
2666,254,44,0.0,90.06,31.54,2025-11-30T09:04:34.595566+00:00,2025-11-30T09:04:34.595577+00:00
2667,255,38,0.0,0.0,389.9,2025-11-30T09:04:34.599174+00:00,2025-11-30T09:04:34.599183+00:00
2668,255,43,775.48,0.0,441.58,2025-11-30T09:04:34.601225+00:00,2025-11-30T09:04:34.601233+00:00
2669,255,32,0.0,0.0,892.62,2025-11-30T09:04:34.602885+00:00,2025-11-30T09:04:34.602891+00:00
2670,255,26,0.0,0.0,349.37,2025-11-30T09:04:34.604852+00:00,2025-11-30T09:04:34.604858+00:00
2671,255,18,0.0,315.79,1719.68,2025-11-30T09:04:34.608083+00:00,2025-11-30T09:04:34.608093+00:00
2672,255,23,751.86,763.03,837.09,2025-11-30T09:04:34.611986+00:00,2025-11-30T09:04:34.611996+00:00
2673,255,31,0.0,0.0,194.29,2025-11-30T09:04:34.614042+00:00,2025-11-30T09:04:34.614050+00:00
2674,255,33,0.0,419.2,372.36,2025-11-30T09:04:34.616157+00:00,2025-11-30T09:04:34.616163+00:00
2675,255,40,0.0,0.0,173.52,2025-11-30T09:04:34.618706+00:00,2025-11-30T09:04:34.618714+00:00
2676,255,20,0.0,0.0,276.69,2025-11-30T09:04:34.621077+00:00,2025-11-30T09:04:34.621084+00:00
2677,255,25,0.0,0.0,209.79,2025-11-30T09:04:34.624837+00:00,2025-11-30T09:04:34.624848+00:00
2678,255,21,0.0,502.67,179.87,2025-11-30T09:04:34.628474+00:00,2025-11-30T09:04:34.628488+00:00
2679,255,15,0.0,0.0,393.67,2025-11-30T09:04:34.631881+00:00,2025-11-30T09:04:34.631890+00:00
2680,255,35,638.52,0.0,333.22,2025-11-30T09:04:34.634205+00:00,2025-11-30T09:04:34.634212+00:00
2681,256,35,0.0,0.0,87.41,2025-11-30T09:04:34.636275+00:00,2025-11-30T09:04:34.636282+00:00
2682,256,40,0.0,52.77,32.06,2025-11-30T09:04:34.638800+00:00,2025-11-30T09:04:34.638808+00:00
2683,256,31,0.0,0.0,47.0,2025-11-30T09:04:34.642631+00:00,2025-11-30T09:04:34.642640+00:00
2684,256,29,67.69,0.0,30.82,2025-11-30T09:04:34.644877+00:00,2025-11-30T09:04:34.644884+00:00
2685,256,34,80.24,0.0,38.14,2025-11-30T09:04:34.648116+00:00,2025-11-30T09:04:34.648127+00:00
2686,256,25,0.0,0.0,52.33,2025-11-30T09:04:34.650542+00:00,2025-11-30T09:04:34.650551+00:00
2687,256,33,71.54,83.57,113.74,2025-11-30T09:04:34.652495+00:00,2025-11-30T09:04:34.652500+00:00
2688,256,30,0.0,0.0,44.08,2025-11-30T09:04:34.654530+00:00,2025-11-30T09:04:34.654535+00:00
2689,256,16,0.0,65.9,23.27,2025-11-30T09:04:34.658148+00:00,2025-11-30T09:04:34.658158+00:00
2690,256,17,64.07,52.96,60.34,2025-11-30T09:04:34.661324+00:00,2025-11-30T09:04:34.661336+00:00
2691,256,39,0.0,0.0,38.66,2025-11-30T09:04:34.664396+00:00,2025-11-30T09:04:34.664405+00:00
2692,256,21,80.42,0.0,45.79,2025-11-30T09:04:34.666912+00:00,2025-11-30T09:04:34.666920+00:00
2693,256,42,0.0,83.63,47.48,2025-11-30T09:04:34.669036+00:00,2025-11-30T09:04:34.669043+00:00
2694,256,26,0.0,0.0,15.03,2025-11-30T09:04:34.670992+00:00,2025-11-30T09:04:34.670999+00:00
2695,256,37,0.0,17.17,11.48,2025-11-30T09:04:34.673598+00:00,2025-11-30T09:04:34.673609+00:00
2696,257,16,117.36,0.0,44.85,2025-11-30T09:04:34.677638+00:00,2025-11-30T09:04:34.677648+00:00
2697,257,24,2.72,0.0,44.45,2025-11-30T09:04:34.679898+00:00,2025-11-30T09:04:34.679906+00:00
2698,257,20,27.1,0.0,13.79,2025-11-30T09:04:34.682004+00:00,2025-11-30T09:04:34.682011+00:00
2699,257,15,0.0,0.0,68.43,2025-11-30T09:04:34.683886+00:00,2025-11-30T09:04:34.683892+00:00
2700,257,19,0.0,43.94,24.68,2025-11-30T09:04:34.685784+00:00,2025-11-30T09:04:34.685792+00:00
2701,257,28,80.36,0.0,31.8,2025-11-30T09:04:34.688200+00:00,2025-11-30T09:04:34.688208+00:00
2702,257,27,0.0,0.0,6.05,2025-11-30T09:04:34.691263+00:00,2025-11-30T09:04:34.691273+00:00
2703,257,43,30.03,0.0,62.36,2025-11-30T09:04:34.694197+00:00,2025-11-30T09:04:34.694211+00:00
2704,257,33,0.0,34.75,12.24,2025-11-30T09:04:34.697840+00:00,2025-11-30T09:04:34.697849+00:00
2705,257,34,0.0,21.52,7.05,2025-11-30T09:04:34.700271+00:00,2025-11-30T09:04:34.700280+00:00
2706,257,21,0.0,60.52,29.4,2025-11-30T09:04:34.702277+00:00,2025-11-30T09:04:34.702284+00:00
2707,257,18,0.0,10.71,4.28,2025-11-30T09:04:34.704144+00:00,2025-11-30T09:04:34.704149+00:00
2708,257,42,0.0,68.58,20.67,2025-11-30T09:04:34.706855+00:00,2025-11-30T09:04:34.706869+00:00
2709,257,38,0.0,0.0,18.98,2025-11-30T09:04:34.710585+00:00,2025-11-30T09:04:34.710595+00:00
2710,257,44,86.89,0.0,38.86,2025-11-30T09:04:34.712906+00:00,2025-11-30T09:04:34.712916+00:00
2711,257,17,0.0,0.0,17.57,2025-11-30T09:04:34.715009+00:00,2025-11-30T09:04:34.715017+00:00
2712,257,37,0.0,6.22,2.27,2025-11-30T09:04:34.717173+00:00,2025-11-30T09:04:34.717181+00:00
2713,258,44,12.15,74.16,48.24,2025-11-30T09:04:34.719718+00:00,2025-11-30T09:04:34.719726+00:00
2714,258,30,29.17,0.0,61.77,2025-11-30T09:04:34.723345+00:00,2025-11-30T09:04:34.723356+00:00
2715,258,31,0.0,106.24,44.77,2025-11-30T09:04:34.726652+00:00,2025-11-30T09:04:34.726662+00:00
2716,258,27,0.0,0.0,5.57,2025-11-30T09:04:34.730268+00:00,2025-11-30T09:04:34.730278+00:00
2717,258,35,0.0,27.99,12.71,2025-11-30T09:04:34.732820+00:00,2025-11-30T09:04:34.732829+00:00
2718,258,29,0.0,0.0,68.68,2025-11-30T09:04:34.734750+00:00,2025-11-30T09:04:34.734758+00:00
2719,258,23,0.0,0.0,16.91,2025-11-30T09:04:34.736983+00:00,2025-11-30T09:04:34.736991+00:00
2720,258,40,0.0,76.13,42.3,2025-11-30T09:04:34.740098+00:00,2025-11-30T09:04:34.740110+00:00
2721,258,22,22.63,0.0,13.95,2025-11-30T09:04:34.744065+00:00,2025-11-30T09:04:34.744074+00:00
2722,258,24,0.0,51.26,29.75,2025-11-30T09:04:34.746904+00:00,2025-11-30T09:04:34.746914+00:00
2723,258,41,108.95,0.0,49.55,2025-11-30T09:04:34.749667+00:00,2025-11-30T09:04:34.749674+00:00
2724,258,20,0.0,38.09,23.3,2025-11-30T09:04:34.751375+00:00,2025-11-30T09:04:34.751381+00:00
2725,258,37,0.0,0.0,21.26,2025-11-30T09:04:34.753233+00:00,2025-11-30T09:04:34.753240+00:00
2726,258,25,0.0,42.33,26.08,2025-11-30T09:04:34.755138+00:00,2025-11-30T09:04:34.755145+00:00
2727,258,33,0.0,0.0,73.72,2025-11-30T09:04:34.758676+00:00,2025-11-30T09:04:34.758686+00:00
2728,258,15,0.0,0.0,36.45,2025-11-30T09:04:34.761518+00:00,2025-11-30T09:04:34.761531+00:00
2729,259,21,0.0,0.0,39.31,2025-11-30T09:04:34.764714+00:00,2025-11-30T09:04:34.764724+00:00
2730,259,43,0.0,0.0,109.92,2025-11-30T09:04:34.767588+00:00,2025-11-30T09:04:34.767598+00:00
2731,259,33,0.0,38.97,28.61,2025-11-30T09:04:34.769990+00:00,2025-11-30T09:04:34.769997+00:00
2732,259,40,5.37,162.77,135.24,2025-11-30T09:04:34.772113+00:00,2025-11-30T09:04:34.772120+00:00
2733,259,18,0.0,0.0,9.45,2025-11-30T09:04:34.776116+00:00,2025-11-30T09:04:34.776128+00:00
2734,259,44,0.0,0.0,10.88,2025-11-30T09:04:34.779288+00:00,2025-11-30T09:04:34.779297+00:00
2735,259,22,0.0,5.78,33.61,2025-11-30T09:04:34.782055+00:00,2025-11-30T09:04:34.782064+00:00
2736,259,32,0.0,0.0,27.05,2025-11-30T09:04:34.784539+00:00,2025-11-30T09:04:34.784546+00:00
2737,259,15,74.02,200.28,122.38,2025-11-30T09:04:34.787198+00:00,2025-11-30T09:04:34.787206+00:00
2738,259,29,0.0,108.14,34.26,2025-11-30T09:04:34.789691+00:00,2025-11-30T09:04:34.789701+00:00
2739,259,20,0.0,0.0,90.37,2025-11-30T09:04:34.793304+00:00,2025-11-30T09:04:34.793314+00:00
2740,259,19,0.0,0.0,8.81,2025-11-30T09:04:34.796830+00:00,2025-11-30T09:04:34.796843+00:00
2741,259,37,0.0,0.0,40.27,2025-11-30T09:04:34.799683+00:00,2025-11-30T09:04:34.799692+00:00
2742,260,15,52.34,0.0,41.41,2025-11-30T09:04:34.802110+00:00,2025-11-30T09:04:34.802117+00:00
2743,260,26,57.59,0.0,76.12,2025-11-30T09:04:34.804092+00:00,2025-11-30T09:04:34.804099+00:00
2744,260,19,142.01,0.0,64.05,2025-11-30T09:04:34.806707+00:00,2025-11-30T09:04:34.806723+00:00
2745,260,25,39.84,0.0,70.02,2025-11-30T09:04:34.811456+00:00,2025-11-30T09:04:34.811466+00:00
2746,260,23,20.83,0.0,12.26,2025-11-30T09:04:34.813799+00:00,2025-11-30T09:04:34.813807+00:00
2747,260,17,0.0,0.0,48.34,2025-11-30T09:04:34.815613+00:00,2025-11-30T09:04:34.815620+00:00
2748,260,32,0.0,21.79,12.68,2025-11-30T09:04:34.817686+00:00,2025-11-30T09:04:34.817694+00:00
2749,260,41,0.0,0.0,73.04,2025-11-30T09:04:34.819987+00:00,2025-11-30T09:04:34.819995+00:00
2750,260,35,0.0,40.55,14.84,2025-11-30T09:04:34.821915+00:00,2025-11-30T09:04:34.821922+00:00
2751,260,24,0.0,81.35,72.7,2025-11-30T09:04:34.826659+00:00,2025-11-30T09:04:34.826673+00:00
2752,260,31,17.3,0.0,9.71,2025-11-30T09:04:34.830682+00:00,2025-11-30T09:04:34.830693+00:00
2753,260,22,0.0,0.0,24.52,2025-11-30T09:04:34.833201+00:00,2025-11-30T09:04:34.833210+00:00
2754,261,26,0.0,37.93,17.54,2025-11-30T09:04:34.835231+00:00,2025-11-30T09:04:34.835238+00:00
2755,261,43,58.77,0.0,31.06,2025-11-30T09:04:34.837577+00:00,2025-11-30T09:04:34.837584+00:00
2756,261,44,0.0,0.0,28.62,2025-11-30T09:04:34.841015+00:00,2025-11-30T09:04:34.841118+00:00
2757,261,38,49.09,0.0,54.81,2025-11-30T09:04:34.844361+00:00,2025-11-30T09:04:34.844370+00:00
2758,261,30,0.0,41.16,15.11,2025-11-30T09:04:34.846692+00:00,2025-11-30T09:04:34.846700+00:00
2759,261,41,35.21,0.0,18.93,2025-11-30T09:04:34.848735+00:00,2025-11-30T09:04:34.848742+00:00
2760,261,34,90.41,0.0,30.18,2025-11-30T09:04:34.850629+00:00,2025-11-30T09:04:34.850636+00:00
2761,261,20,0.0,0.0,16.23,2025-11-30T09:04:34.852628+00:00,2025-11-30T09:04:34.852634+00:00
2762,261,40,63.05,0.0,32.07,2025-11-30T09:04:34.854530+00:00,2025-11-30T09:04:34.854536+00:00
2763,261,21,112.17,75.01,111.73,2025-11-30T09:04:34.858311+00:00,2025-11-30T09:04:34.858325+00:00
2764,261,22,25.15,0.0,44.4,2025-11-30T09:04:34.861870+00:00,2025-11-30T09:04:34.861893+00:00
2765,261,39,0.0,0.0,23.78,2025-11-30T09:04:34.864876+00:00,2025-11-30T09:04:34.864886+00:00
2766,261,28,0.0,0.0,20.92,2025-11-30T09:04:34.867609+00:00,2025-11-30T09:04:34.867618+00:00
2767,261,29,0.0,72.58,42.26,2025-11-30T09:04:34.869918+00:00,2025-11-30T09:04:34.869925+00:00
2768,261,37,0.0,92.63,32.42,2025-11-30T09:04:34.871853+00:00,2025-11-30T09:04:34.871860+00:00
2769,261,19,0.0,0.0,46.74,2025-11-30T09:04:34.876090+00:00,2025-11-30T09:04:34.876100+00:00
2770,262,20,38.62,0.0,12.28,2025-11-30T09:04:34.879172+00:00,2025-11-30T09:04:34.879181+00:00
2771,262,22,0.0,0.0,84.66,2025-11-30T09:04:34.882191+00:00,2025-11-30T09:04:34.882199+00:00
2772,262,25,0.0,0.0,74.1,2025-11-30T09:04:34.884687+00:00,2025-11-30T09:04:34.884695+00:00
2773,262,23,71.55,3.03,46.73,2025-11-30T09:04:34.887259+00:00,2025-11-30T09:04:34.887266+00:00
2774,262,27,0.0,8.86,4.86,2025-11-30T09:04:34.890364+00:00,2025-11-30T09:04:34.890414+00:00
2775,262,17,69.62,0.0,53.69,2025-11-30T09:04:34.893981+00:00,2025-11-30T09:04:34.893998+00:00
2776,262,38,0.0,0.0,30.95,2025-11-30T09:04:34.897865+00:00,2025-11-30T09:04:34.897875+00:00
2777,262,42,0.0,34.74,84.39,2025-11-30T09:04:34.900266+00:00,2025-11-30T09:04:34.900274+00:00
2778,262,18,82.91,0.0,85.24,2025-11-30T09:04:34.902302+00:00,2025-11-30T09:04:34.902309+00:00
2779,262,24,30.04,0.0,61.21,2025-11-30T09:04:34.904302+00:00,2025-11-30T09:04:34.904309+00:00
2780,262,33,4.74,0.0,52.83,2025-11-30T09:04:34.907231+00:00,2025-11-30T09:04:34.907244+00:00
2781,262,31,0.0,0.0,46.62,2025-11-30T09:04:34.911295+00:00,2025-11-30T09:04:34.911308+00:00
2782,262,30,2.34,0.0,1.59,2025-11-30T09:04:34.913931+00:00,2025-11-30T09:04:34.913939+00:00
2783,262,15,0.0,0.0,22.92,2025-11-30T09:04:34.915914+00:00,2025-11-30T09:04:34.915920+00:00
2784,263,18,652.83,0.0,1021.37,2025-11-30T09:04:34.918072+00:00,2025-11-30T09:04:34.918079+00:00
2785,263,17,0.0,387.17,493.35,2025-11-30T09:04:34.920592+00:00,2025-11-30T09:04:34.920601+00:00
2786,263,38,639.2,0.0,555.05,2025-11-30T09:04:34.923922+00:00,2025-11-30T09:04:34.923932+00:00
2787,263,26,0.0,1248.07,498.7,2025-11-30T09:04:34.928126+00:00,2025-11-30T09:04:34.928135+00:00
2788,263,44,0.0,912.39,327.2,2025-11-30T09:04:34.931841+00:00,2025-11-30T09:04:34.931851+00:00
2789,263,31,0.0,619.96,429.28,2025-11-30T09:04:34.934335+00:00,2025-11-30T09:04:34.934343+00:00
2790,263,30,369.61,230.88,936.25,2025-11-30T09:04:34.936370+00:00,2025-11-30T09:04:34.936376+00:00
2791,263,19,247.92,0.0,140.3,2025-11-30T09:04:34.938819+00:00,2025-11-30T09:04:34.938829+00:00
2792,263,25,0.0,510.14,356.44,2025-11-30T09:04:34.943094+00:00,2025-11-30T09:04:34.943105+00:00
2793,263,40,0.0,494.24,300.98,2025-11-30T09:04:34.946124+00:00,2025-11-30T09:04:34.946133+00:00
2794,263,37,0.0,500.38,263.83,2025-11-30T09:04:34.948928+00:00,2025-11-30T09:04:34.948936+00:00
2795,263,28,0.0,591.7,295.03,2025-11-30T09:04:34.950997+00:00,2025-11-30T09:04:34.951003+00:00
2796,263,34,0.0,0.0,348.16,2025-11-30T09:04:34.952938+00:00,2025-11-30T09:04:34.952944+00:00
2797,263,16,423.92,0.0,133.51,2025-11-30T09:04:34.954920+00:00,2025-11-30T09:04:34.954926+00:00
2798,263,27,0.0,0.0,438.31,2025-11-30T09:04:34.958590+00:00,2025-11-30T09:04:34.958600+00:00
2799,263,36,0.0,1252.36,426.95,2025-11-30T09:04:34.961927+00:00,2025-11-30T09:04:34.961937+00:00
2800,263,39,0.0,0.0,109.17,2025-11-30T09:04:34.964998+00:00,2025-11-30T09:04:34.965008+00:00
2801,264,23,0.0,91.75,36.49,2025-11-30T09:04:34.967288+00:00,2025-11-30T09:04:34.967296+00:00
2802,264,24,0.0,36.7,58.25,2025-11-30T09:04:34.970450+00:00,2025-11-30T09:04:34.970457+00:00
2803,264,16,0.0,0.0,36.31,2025-11-30T09:04:34.972681+00:00,2025-11-30T09:04:34.972710+00:00
2804,264,40,72.94,0.0,33.81,2025-11-30T09:04:34.976611+00:00,2025-11-30T09:04:34.976621+00:00
2805,264,29,66.65,0.0,41.71,2025-11-30T09:04:34.979466+00:00,2025-11-30T09:04:34.979473+00:00
2806,264,38,0.0,0.0,47.86,2025-11-30T09:04:34.981565+00:00,2025-11-30T09:04:34.981574+00:00
2807,264,28,0.0,0.0,4.11,2025-11-30T09:04:34.983623+00:00,2025-11-30T09:04:34.983630+00:00
2808,264,21,10.0,0.0,6.43,2025-11-30T09:04:34.985288+00:00,2025-11-30T09:04:34.985294+00:00
2809,264,18,0.0,33.7,16.18,2025-11-30T09:04:34.987753+00:00,2025-11-30T09:04:34.987761+00:00
2810,264,33,0.0,61.31,40.53,2025-11-30T09:04:34.990748+00:00,2025-11-30T09:04:34.990762+00:00
2811,264,41,0.0,11.58,4.39,2025-11-30T09:04:34.994276+00:00,2025-11-30T09:04:34.994287+00:00
2812,264,39,0.0,0.0,16.42,2025-11-30T09:04:34.997855+00:00,2025-11-30T09:04:34.997864+00:00
2813,264,36,0.0,0.0,39.74,2025-11-30T09:04:35.000551+00:00,2025-11-30T09:04:35.000559+00:00
2814,264,42,0.0,0.0,30.01,2025-11-30T09:04:35.002829+00:00,2025-11-30T09:04:35.002836+00:00
2815,264,34,52.83,0.0,85.25,2025-11-30T09:04:35.004806+00:00,2025-11-30T09:04:35.004813+00:00
2816,264,17,0.0,0.0,48.21,2025-11-30T09:04:35.008065+00:00,2025-11-30T09:04:35.008075+00:00
2817,264,20,0.0,0.0,18.18,2025-11-30T09:04:35.011370+00:00,2025-11-30T09:04:35.011380+00:00
2818,264,26,0.0,0.0,12.83,2025-11-30T09:04:35.013573+00:00,2025-11-30T09:04:35.013581+00:00
2819,264,31,0.0,36.25,23.9,2025-11-30T09:04:35.015442+00:00,2025-11-30T09:04:35.015449+00:00
2820,264,15,0.0,0.0,40.1,2025-11-30T09:04:35.017636+00:00,2025-11-30T09:04:35.017645+00:00
2821,265,31,141.55,0.0,46.65,2025-11-30T09:04:35.020017+00:00,2025-11-30T09:04:35.020054+00:00
2822,265,28,13.41,0.0,33.45,2025-11-30T09:04:35.022314+00:00,2025-11-30T09:04:35.022323+00:00
2823,265,17,0.0,0.0,42.61,2025-11-30T09:04:35.025911+00:00,2025-11-30T09:04:35.025920+00:00
2824,265,36,56.16,0.0,82.95,2025-11-30T09:04:35.029287+00:00,2025-11-30T09:04:35.029297+00:00
2825,265,18,0.0,69.59,41.11,2025-11-30T09:04:35.032515+00:00,2025-11-30T09:04:35.032524+00:00
2826,265,43,0.0,0.0,31.24,2025-11-30T09:04:35.035387+00:00,2025-11-30T09:04:35.035396+00:00
2827,265,27,0.0,61.75,36.25,2025-11-30T09:04:35.037536+00:00,2025-11-30T09:04:35.037545+00:00
2828,265,41,0.0,12.62,26.56,2025-11-30T09:04:35.040564+00:00,2025-11-30T09:04:35.040574+00:00
2829,265,37,0.0,0.0,63.58,2025-11-30T09:04:35.045484+00:00,2025-11-30T09:04:35.045495+00:00
2830,265,40,0.0,0.0,43.03,2025-11-30T09:04:35.048123+00:00,2025-11-30T09:04:35.048132+00:00
2831,265,42,0.0,0.0,28.12,2025-11-30T09:04:35.050377+00:00,2025-11-30T09:04:35.050384+00:00
2832,265,23,91.0,0.0,44.83,2025-11-30T09:04:35.052309+00:00,2025-11-30T09:04:35.052315+00:00
2833,265,29,126.69,0.0,44.16,2025-11-30T09:04:35.054151+00:00,2025-11-30T09:04:35.054157+00:00
2834,265,32,0.0,14.29,5.98,2025-11-30T09:04:35.056713+00:00,2025-11-30T09:04:35.056748+00:00
2835,265,30,76.9,0.0,30.37,2025-11-30T09:04:35.060983+00:00,2025-11-30T09:04:35.061005+00:00
2836,265,34,0.0,0.0,2.17,2025-11-30T09:04:35.065127+00:00,2025-11-30T09:04:35.065137+00:00
2837,266,17,0.0,46.38,28.53,2025-11-30T09:04:35.068392+00:00,2025-11-30T09:04:35.068401+00:00
2838,266,31,79.13,0.0,49.46,2025-11-30T09:04:35.071028+00:00,2025-11-30T09:04:35.071036+00:00
2839,266,32,64.13,0.0,27.01,2025-11-30T09:04:35.074440+00:00,2025-11-30T09:04:35.074457+00:00
2840,266,16,0.0,0.0,36.54,2025-11-30T09:04:35.077910+00:00,2025-11-30T09:04:35.077920+00:00
2841,266,36,48.15,38.44,58.47,2025-11-30T09:04:35.080832+00:00,2025-11-30T09:04:35.080840+00:00
2842,266,28,0.0,0.0,50.93,2025-11-30T09:04:35.083566+00:00,2025-11-30T09:04:35.083576+00:00
2843,266,41,25.43,75.48,34.84,2025-11-30T09:04:35.086257+00:00,2025-11-30T09:04:35.086264+00:00
2844,266,34,0.0,0.0,25.83,2025-11-30T09:04:35.089460+00:00,2025-11-30T09:04:35.089494+00:00
2845,266,19,0.0,0.0,45.66,2025-11-30T09:04:35.093422+00:00,2025-11-30T09:04:35.093434+00:00
2846,266,23,0.0,14.46,85.13,2025-11-30T09:04:35.097393+00:00,2025-11-30T09:04:35.097407+00:00
2847,266,37,0.0,66.91,43.73,2025-11-30T09:04:35.101118+00:00,2025-11-30T09:04:35.101126+00:00
2848,266,22,0.0,0.0,13.62,2025-11-30T09:04:35.103873+00:00,2025-11-30T09:04:35.103884+00:00
2849,266,30,0.0,98.85,42.2,2025-11-30T09:04:35.107176+00:00,2025-11-30T09:04:35.107189+00:00
2850,266,40,0.0,0.0,35.23,2025-11-30T09:04:35.110840+00:00,2025-11-30T09:04:35.110849+00:00
2851,267,29,386.89,0.0,253.23,2025-11-30T09:04:35.113794+00:00,2025-11-30T09:04:35.113802+00:00
2852,267,21,1208.91,0.0,524.16,2025-11-30T09:04:35.116049+00:00,2025-11-30T09:04:35.116056+00:00
2853,267,34,0.0,0.0,356.32,2025-11-30T09:04:35.118760+00:00,2025-11-30T09:04:35.118767+00:00
2854,267,38,0.0,749.98,332.69,2025-11-30T09:04:35.121480+00:00,2025-11-30T09:04:35.121489+00:00
2855,267,39,1285.25,568.75,760.1,2025-11-30T09:04:35.125297+00:00,2025-11-30T09:04:35.125307+00:00
2856,267,23,187.74,0.0,107.04,2025-11-30T09:04:35.128645+00:00,2025-11-30T09:04:35.128681+00:00
2857,267,37,1197.98,1058.12,1087.93,2025-11-30T09:04:35.132331+00:00,2025-11-30T09:04:35.132340+00:00
2858,267,18,446.53,0.0,570.33,2025-11-30T09:04:35.134949+00:00,2025-11-30T09:04:35.134957+00:00
2859,267,22,197.49,0.0,96.51,2025-11-30T09:04:35.137284+00:00,2025-11-30T09:04:35.137292+00:00
2860,267,17,0.0,0.0,404.86,2025-11-30T09:04:35.141728+00:00,2025-11-30T09:04:35.141741+00:00
2861,267,32,0.0,321.68,157.23,2025-11-30T09:04:35.144725+00:00,2025-11-30T09:04:35.144734+00:00
2862,267,42,0.0,0.0,137.85,2025-11-30T09:04:35.147004+00:00,2025-11-30T09:04:35.147013+00:00
2863,267,36,0.0,0.0,337.49,2025-11-30T09:04:35.148969+00:00,2025-11-30T09:04:35.148977+00:00
2864,267,43,539.98,0.0,295.57,2025-11-30T09:04:35.151175+00:00,2025-11-30T09:04:35.151181+00:00
2865,267,28,0.0,0.0,136.55,2025-11-30T09:04:35.153339+00:00,2025-11-30T09:04:35.153346+00:00
2866,267,31,1000.27,0.0,376.26,2025-11-30T09:04:35.156127+00:00,2025-11-30T09:04:35.156156+00:00
2867,267,41,0.0,1152.33,498.22,2025-11-30T09:04:35.160130+00:00,2025-11-30T09:04:35.160140+00:00
2868,268,21,0.0,1206.99,641.07,2025-11-30T09:04:35.163970+00:00,2025-11-30T09:04:35.163979+00:00
2869,268,28,206.92,0.0,455.03,2025-11-30T09:04:35.166305+00:00,2025-11-30T09:04:35.166314+00:00
2870,268,40,0.0,206.14,121.94,2025-11-30T09:04:35.168883+00:00,2025-11-30T09:04:35.168891+00:00
2871,268,19,0.0,554.87,296.6,2025-11-30T09:04:35.170881+00:00,2025-11-30T09:04:35.170887+00:00
2872,268,15,0.0,517.35,354.76,2025-11-30T09:04:35.173911+00:00,2025-11-30T09:04:35.173951+00:00
2873,268,37,220.21,912.7,567.37,2025-11-30T09:04:35.177192+00:00,2025-11-30T09:04:35.177202+00:00
2874,268,41,511.06,0.0,687.97,2025-11-30T09:04:35.179572+00:00,2025-11-30T09:04:35.179580+00:00
2875,268,38,0.0,0.0,288.72,2025-11-30T09:04:35.181555+00:00,2025-11-30T09:04:35.181562+00:00
2876,268,25,0.0,0.0,430.63,2025-11-30T09:04:35.183477+00:00,2025-11-30T09:04:35.183483+00:00
2877,268,20,0.0,249.31,172.84,2025-11-30T09:04:35.185561+00:00,2025-11-30T09:04:35.185567+00:00
2878,268,22,0.0,0.0,461.56,2025-11-30T09:04:35.187851+00:00,2025-11-30T09:04:35.187860+00:00
2879,268,39,0.0,0.0,583.33,2025-11-30T09:04:35.191170+00:00,2025-11-30T09:04:35.191180+00:00
2880,268,33,0.0,0.0,214.89,2025-11-30T09:04:35.193747+00:00,2025-11-30T09:04:35.193760+00:00
2881,268,36,1661.65,0.0,994.43,2025-11-30T09:04:35.197791+00:00,2025-11-30T09:04:35.197834+00:00
2882,269,44,796.21,0.0,448.84,2025-11-30T09:04:35.201057+00:00,2025-11-30T09:04:35.201066+00:00
2883,269,21,0.0,0.0,576.57,2025-11-30T09:04:35.203269+00:00,2025-11-30T09:04:35.203276+00:00
2884,269,31,0.0,0.0,1245.64,2025-11-30T09:04:35.205208+00:00,2025-11-30T09:04:35.205214+00:00
2885,269,35,551.39,0.0,368.48,2025-11-30T09:04:35.209050+00:00,2025-11-30T09:04:35.209059+00:00
2886,269,38,731.37,397.88,609.99,2025-11-30T09:04:35.211548+00:00,2025-11-30T09:04:35.211556+00:00
2887,269,43,0.0,0.0,512.39,2025-11-30T09:04:35.213532+00:00,2025-11-30T09:04:35.213541+00:00
2888,269,16,1161.03,217.65,680.13,2025-11-30T09:04:35.215533+00:00,2025-11-30T09:04:35.215538+00:00
2889,269,42,0.0,0.0,211.31,2025-11-30T09:04:35.217691+00:00,2025-11-30T09:04:35.217698+00:00
2890,269,40,0.0,0.0,126.33,2025-11-30T09:04:35.220364+00:00,2025-11-30T09:04:35.220371+00:00
2891,269,41,0.0,0.0,618.95,2025-11-30T09:04:35.223093+00:00,2025-11-30T09:04:35.223109+00:00
2892,269,24,0.0,0.0,497.28,2025-11-30T09:04:35.227224+00:00,2025-11-30T09:04:35.227235+00:00
2893,269,36,0.0,0.0,280.32,2025-11-30T09:04:35.230886+00:00,2025-11-30T09:04:35.230896+00:00
2894,269,25,557.78,0.0,286.61,2025-11-30T09:04:35.233576+00:00,2025-11-30T09:04:35.233585+00:00
2895,269,34,0.0,1109.5,480.65,2025-11-30T09:04:35.235631+00:00,2025-11-30T09:04:35.235639+00:00
2896,269,22,820.56,0.0,470.47,2025-11-30T09:04:35.238078+00:00,2025-11-30T09:04:35.238086+00:00
2897,270,25,0.0,31.13,58.06,2025-11-30T09:04:35.241633+00:00,2025-11-30T09:04:35.241643+00:00
2898,270,21,26.46,0.0,44.01,2025-11-30T09:04:35.244661+00:00,2025-11-30T09:04:35.244670+00:00
2899,270,34,41.15,50.79,54.07,2025-11-30T09:04:35.247153+00:00,2025-11-30T09:04:35.247161+00:00
2900,270,29,6.03,0.0,2.8,2025-11-30T09:04:35.249322+00:00,2025-11-30T09:04:35.249329+00:00
2901,270,28,0.0,0.0,46.91,2025-11-30T09:04:35.251576+00:00,2025-11-30T09:04:35.251581+00:00
2902,270,40,0.0,112.3,38.53,2025-11-30T09:04:35.253485+00:00,2025-11-30T09:04:35.253491+00:00
2903,270,44,14.97,65.89,72.23,2025-11-30T09:04:35.255727+00:00,2025-11-30T09:04:35.255735+00:00
2904,270,22,0.0,0.0,19.18,2025-11-30T09:04:35.259776+00:00,2025-11-30T09:04:35.259786+00:00
2905,270,19,109.43,75.46,78.23,2025-11-30T09:04:35.263165+00:00,2025-11-30T09:04:35.263175+00:00
2906,270,32,0.0,34.87,12.37,2025-11-30T09:04:35.265731+00:00,2025-11-30T09:04:35.265740+00:00
2907,270,38,0.0,0.0,62.95,2025-11-30T09:04:35.268170+00:00,2025-11-30T09:04:35.268211+00:00
2908,270,43,126.91,0.0,47.4,2025-11-30T09:04:35.270129+00:00,2025-11-30T09:04:35.270136+00:00
2909,270,15,0.0,0.0,34.23,2025-11-30T09:04:35.272083+00:00,2025-11-30T09:04:35.272089+00:00
2910,270,39,102.72,0.0,37.29,2025-11-30T09:04:35.276104+00:00,2025-11-30T09:04:35.276114+00:00
2911,270,35,0.0,0.0,37.68,2025-11-30T09:04:35.278651+00:00,2025-11-30T09:04:35.278659+00:00
2912,272,30,0.0,674.3,454.08,2025-11-30T09:04:35.280955+00:00,2025-11-30T09:04:35.280962+00:00
2913,272,20,1648.25,0.0,585.72,2025-11-30T09:04:35.282945+00:00,2025-11-30T09:04:35.282952+00:00
2914,272,24,0.0,0.0,375.55,2025-11-30T09:04:35.284782+00:00,2025-11-30T09:04:35.284789+00:00
2915,272,43,0.0,425.26,516.95,2025-11-30T09:04:35.287005+00:00,2025-11-30T09:04:35.287013+00:00
2916,272,15,0.0,0.0,366.2,2025-11-30T09:04:35.290185+00:00,2025-11-30T09:04:35.290195+00:00
2917,272,26,0.0,555.78,270.28,2025-11-30T09:04:35.292973+00:00,2025-11-30T09:04:35.292982+00:00
2918,272,25,0.0,0.0,272.42,2025-11-30T09:04:35.296464+00:00,2025-11-30T09:04:35.296477+00:00
2919,272,34,0.0,854.14,309.22,2025-11-30T09:04:35.299312+00:00,2025-11-30T09:04:35.299321+00:00
2920,272,19,0.0,0.0,368.55,2025-11-30T09:04:35.301851+00:00,2025-11-30T09:04:35.301874+00:00
2921,272,18,0.0,212.9,80.55,2025-11-30T09:04:35.303932+00:00,2025-11-30T09:04:35.303941+00:00
2922,272,28,665.42,0.0,460.18,2025-11-30T09:04:35.308121+00:00,2025-11-30T09:04:35.308136+00:00
2923,272,21,0.0,0.0,238.76,2025-11-30T09:04:35.310830+00:00,2025-11-30T09:04:35.310838+00:00
2924,272,17,0.0,0.0,324.71,2025-11-30T09:04:35.312892+00:00,2025-11-30T09:04:35.312899+00:00
2925,272,23,0.0,0.0,180.05,2025-11-30T09:04:35.315166+00:00,2025-11-30T09:04:35.315173+00:00
2926,272,27,964.16,0.0,322.26,2025-11-30T09:04:35.317149+00:00,2025-11-30T09:04:35.317156+00:00
2927,272,32,0.0,0.0,411.94,2025-11-30T09:04:35.319623+00:00,2025-11-30T09:04:35.319630+00:00
2928,272,39,0.0,0.0,446.33,2025-11-30T09:04:35.321805+00:00,2025-11-30T09:04:35.321812+00:00
2929,272,35,671.2,0.0,277.94,2025-11-30T09:04:35.325665+00:00,2025-11-30T09:04:35.325677+00:00
2930,272,38,657.5,0.0,236.33,2025-11-30T09:04:35.329113+00:00,2025-11-30T09:04:35.329124+00:00
2931,274,43,38.33,0.0,56.24,2025-11-30T09:04:35.332027+00:00,2025-11-30T09:04:35.332035+00:00
2932,274,35,0.0,0.0,16.74,2025-11-30T09:04:35.334133+00:00,2025-11-30T09:04:35.334140+00:00
2933,274,41,0.0,101.55,53.98,2025-11-30T09:04:35.336152+00:00,2025-11-30T09:04:35.336159+00:00
2934,274,23,32.01,54.01,43.46,2025-11-30T09:04:35.338583+00:00,2025-11-30T09:04:35.338596+00:00
2935,274,21,0.0,0.0,2.93,2025-11-30T09:04:35.342627+00:00,2025-11-30T09:04:35.342636+00:00
2936,274,29,0.0,0.0,37.34,2025-11-30T09:04:35.344953+00:00,2025-11-30T09:04:35.344960+00:00
2937,274,32,0.0,0.0,56.45,2025-11-30T09:04:35.347365+00:00,2025-11-30T09:04:35.347372+00:00
2938,274,39,0.0,0.0,15.76,2025-11-30T09:04:35.349345+00:00,2025-11-30T09:04:35.349351+00:00
2939,274,34,0.0,29.27,15.9,2025-11-30T09:04:35.351368+00:00,2025-11-30T09:04:35.351375+00:00
2940,274,26,0.0,0.0,8.12,2025-11-30T09:04:35.353254+00:00,2025-11-30T09:04:35.353260+00:00
2941,274,17,0.0,0.0,40.23,2025-11-30T09:04:35.355360+00:00,2025-11-30T09:04:35.355367+00:00
2942,274,28,0.0,124.37,41.11,2025-11-30T09:04:35.359278+00:00,2025-11-30T09:04:35.359286+00:00
2943,274,18,85.38,0.0,41.12,2025-11-30T09:04:35.362760+00:00,2025-11-30T09:04:35.362769+00:00
2944,274,37,123.5,0.0,44.35,2025-11-30T09:04:35.365420+00:00,2025-11-30T09:04:35.365428+00:00
2945,274,24,68.54,0.0,77.67,2025-11-30T09:04:35.368046+00:00,2025-11-30T09:04:35.368054+00:00
2946,274,36,0.0,10.49,4.95,2025-11-30T09:04:35.370270+00:00,2025-11-30T09:04:35.370277+00:00
2947,275,33,0.0,0.0,17.2,2025-11-30T09:04:35.372972+00:00,2025-11-30T09:04:35.372984+00:00
2948,275,39,0.0,41.56,12.54,2025-11-30T09:04:35.376390+00:00,2025-11-30T09:04:35.376399+00:00
2949,275,37,0.0,0.0,81.25,2025-11-30T09:04:35.378931+00:00,2025-11-30T09:04:35.378939+00:00
2950,275,20,0.0,66.2,73.35,2025-11-30T09:04:35.381190+00:00,2025-11-30T09:04:35.381197+00:00
2951,275,27,84.35,107.07,87.71,2025-11-30T09:04:35.382989+00:00,2025-11-30T09:04:35.382995+00:00
2952,275,24,0.0,35.22,21.67,2025-11-30T09:04:35.384824+00:00,2025-11-30T09:04:35.384830+00:00
2953,275,26,0.0,0.0,43.39,2025-11-30T09:04:35.386940+00:00,2025-11-30T09:04:35.386946+00:00
2954,275,29,0.0,0.0,25.98,2025-11-30T09:04:35.389591+00:00,2025-11-30T09:04:35.389617+00:00
2955,275,21,0.0,61.03,40.61,2025-11-30T09:04:35.393430+00:00,2025-11-30T09:04:35.393441+00:00
2956,275,17,82.45,30.93,46.58,2025-11-30T09:04:35.396811+00:00,2025-11-30T09:04:35.396821+00:00
2957,275,42,0.0,0.0,35.28,2025-11-30T09:04:35.399661+00:00,2025-11-30T09:04:35.399671+00:00
2958,275,44,64.19,41.62,70.82,2025-11-30T09:04:35.401706+00:00,2025-11-30T09:04:35.401713+00:00
2959,275,40,0.0,0.0,27.71,2025-11-30T09:04:35.404003+00:00,2025-11-30T09:04:35.404009+00:00
2960,275,25,0.0,0.0,8.06,2025-11-30T09:04:35.407050+00:00,2025-11-30T09:04:35.407064+00:00
2961,276,31,0.0,0.0,315.64,2025-11-30T09:04:35.410492+00:00,2025-11-30T09:04:35.410501+00:00
2962,276,28,1048.34,0.0,426.03,2025-11-30T09:04:35.412508+00:00,2025-11-30T09:04:35.412514+00:00
2963,276,39,0.0,0.0,181.94,2025-11-30T09:04:35.414376+00:00,2025-11-30T09:04:35.414382+00:00
2964,276,42,0.0,0.0,350.61,2025-11-30T09:04:35.416476+00:00,2025-11-30T09:04:35.416482+00:00
2965,276,25,0.0,0.0,470.61,2025-11-30T09:04:35.418620+00:00,2025-11-30T09:04:35.418626+00:00
2966,276,35,497.06,473.81,612.93,2025-11-30T09:04:35.420596+00:00,2025-11-30T09:04:35.420602+00:00
2967,276,15,0.0,1298.5,411.24,2025-11-30T09:04:35.423604+00:00,2025-11-30T09:04:35.423634+00:00
2968,276,40,0.0,0.0,352.68,2025-11-30T09:04:35.427586+00:00,2025-11-30T09:04:35.427597+00:00
2969,276,32,0.0,0.0,503.44,2025-11-30T09:04:35.431057+00:00,2025-11-30T09:04:35.431067+00:00
2970,276,24,0.0,0.0,393.37,2025-11-30T09:04:35.433487+00:00,2025-11-30T09:04:35.433496+00:00
2971,276,37,1328.62,0.0,485.23,2025-11-30T09:04:35.435618+00:00,2025-11-30T09:04:35.435625+00:00
2972,276,34,0.0,0.0,324.73,2025-11-30T09:04:35.437864+00:00,2025-11-30T09:04:35.437872+00:00
2973,276,23,0.0,0.0,253.28,2025-11-30T09:04:35.441762+00:00,2025-11-30T09:04:35.441773+00:00
2974,276,17,256.07,0.0,174.66,2025-11-30T09:04:35.444063+00:00,2025-11-30T09:04:35.444071+00:00
2975,276,18,0.0,0.0,118.27,2025-11-30T09:04:35.445984+00:00,2025-11-30T09:04:35.445990+00:00
2976,276,26,0.0,327.61,214.6,2025-11-30T09:04:35.448315+00:00,2025-11-30T09:04:35.448321+00:00
2977,276,36,603.3,0.0,233.71,2025-11-30T09:04:35.450455+00:00,2025-11-30T09:04:35.450465+00:00
2978,276,21,0.0,0.0,272.52,2025-11-30T09:04:35.452717+00:00,2025-11-30T09:04:35.452725+00:00
2979,277,17,697.44,0.0,649.6,2025-11-30T09:04:35.454902+00:00,2025-11-30T09:04:35.454908+00:00
2980,277,44,0.0,0.0,483.5,2025-11-30T09:04:35.458923+00:00,2025-11-30T09:04:35.458933+00:00
2981,277,26,0.0,0.0,216.17,2025-11-30T09:04:35.461387+00:00,2025-11-30T09:04:35.461397+00:00
2982,277,33,316.74,0.0,326.76,2025-11-30T09:04:35.464824+00:00,2025-11-30T09:04:35.464834+00:00
2983,277,32,499.17,0.0,1197.0,2025-11-30T09:04:35.468031+00:00,2025-11-30T09:04:35.468040+00:00
2984,277,43,1575.34,1292.9,917.23,2025-11-30T09:04:35.470350+00:00,2025-11-30T09:04:35.470358+00:00
2985,277,35,577.5,0.0,245.63,2025-11-30T09:04:35.472981+00:00,2025-11-30T09:04:35.472991+00:00
2986,277,20,0.0,0.0,429.54,2025-11-30T09:04:35.476707+00:00,2025-11-30T09:04:35.476717+00:00
2987,277,19,155.68,0.0,96.95,2025-11-30T09:04:35.479284+00:00,2025-11-30T09:04:35.479293+00:00
2988,277,39,0.0,0.0,165.04,2025-11-30T09:04:35.481371+00:00,2025-11-30T09:04:35.481378+00:00
2989,277,16,0.0,0.0,366.94,2025-11-30T09:04:35.483468+00:00,2025-11-30T09:04:35.483475+00:00
2990,277,38,0.0,0.0,84.03,2025-11-30T09:04:35.485259+00:00,2025-11-30T09:04:35.485265+00:00
2991,277,22,0.0,957.66,321.87,2025-11-30T09:04:35.487749+00:00,2025-11-30T09:04:35.487758+00:00
2992,277,40,467.89,0.0,216.47,2025-11-30T09:04:35.491586+00:00,2025-11-30T09:04:35.491595+00:00
2993,277,31,0.0,0.0,473.36,2025-11-30T09:04:35.493783+00:00,2025-11-30T09:04:35.493794+00:00
2994,277,37,0.0,0.0,259.56,2025-11-30T09:04:35.497439+00:00,2025-11-30T09:04:35.497452+00:00
2995,277,41,2018.17,0.0,698.08,2025-11-30T09:04:35.500349+00:00,2025-11-30T09:04:35.500359+00:00
2996,278,18,0.0,1103.01,662.89,2025-11-30T09:04:35.502959+00:00,2025-11-30T09:04:35.502969+00:00
2997,278,24,0.0,0.0,115.73,2025-11-30T09:04:35.505122+00:00,2025-11-30T09:04:35.505130+00:00
2998,278,33,733.71,0.0,452.9,2025-11-30T09:04:35.509989+00:00,2025-11-30T09:04:35.509998+00:00
2999,278,41,471.92,0.0,180.45,2025-11-30T09:04:35.512362+00:00,2025-11-30T09:04:35.512371+00:00
3000,278,22,354.27,0.0,808.38,2025-11-30T09:04:35.514558+00:00,2025-11-30T09:04:35.514566+00:00
3001,278,31,0.0,0.0,224.88,2025-11-30T09:04:35.516661+00:00,2025-11-30T09:04:35.516669+00:00
3002,278,37,0.0,0.0,377.14,2025-11-30T09:04:35.519088+00:00,2025-11-30T09:04:35.519096+00:00
3003,278,27,1323.89,0.0,725.84,2025-11-30T09:04:35.521142+00:00,2025-11-30T09:04:35.521150+00:00
3004,278,38,552.14,0.0,353.98,2025-11-30T09:04:35.524902+00:00,2025-11-30T09:04:35.524911+00:00
3005,278,39,398.7,54.05,1192.63,2025-11-30T09:04:35.529045+00:00,2025-11-30T09:04:35.529057+00:00
3006,278,34,0.0,0.0,463.88,2025-11-30T09:04:35.531868+00:00,2025-11-30T09:04:35.531877+00:00
3007,278,36,0.0,0.0,800.1,2025-11-30T09:04:35.534495+00:00,2025-11-30T09:04:35.534505+00:00
3008,278,32,419.86,478.29,367.08,2025-11-30T09:04:35.537013+00:00,2025-11-30T09:04:35.537022+00:00
3009,278,30,458.0,0.0,300.33,2025-11-30T09:04:35.540268+00:00,2025-11-30T09:04:35.540278+00:00
3010,278,28,0.0,0.0,354.19,2025-11-30T09:04:35.543722+00:00,2025-11-30T09:04:35.543736+00:00
3011,279,18,0.0,0.0,44.08,2025-11-30T09:04:35.547105+00:00,2025-11-30T09:04:35.547124+00:00
3012,279,23,0.0,51.49,19.12,2025-11-30T09:04:35.549251+00:00,2025-11-30T09:04:35.549259+00:00
3013,279,21,0.0,0.0,71.1,2025-11-30T09:04:35.551289+00:00,2025-11-30T09:04:35.551297+00:00
3014,279,44,133.15,0.0,44.0,2025-11-30T09:04:35.553411+00:00,2025-11-30T09:04:35.553418+00:00
3015,279,38,0.0,0.0,46.97,2025-11-30T09:04:35.557807+00:00,2025-11-30T09:04:35.557822+00:00
3016,279,20,0.0,32.62,19.61,2025-11-30T09:04:35.563051+00:00,2025-11-30T09:04:35.563062+00:00
3017,279,30,0.0,79.39,49.44,2025-11-30T09:04:35.565719+00:00,2025-11-30T09:04:35.565729+00:00
3018,279,36,0.0,0.0,14.76,2025-11-30T09:04:35.568612+00:00,2025-11-30T09:04:35.568622+00:00
3019,279,40,0.0,2.05,1.43,2025-11-30T09:04:35.570646+00:00,2025-11-30T09:04:35.570655+00:00
3020,279,28,70.37,0.0,25.33,2025-11-30T09:04:35.574717+00:00,2025-11-30T09:04:35.574730+00:00
3021,279,33,0.0,0.0,34.66,2025-11-30T09:04:35.577816+00:00,2025-11-30T09:04:35.577825+00:00
3022,279,29,0.0,0.0,40.09,2025-11-30T09:04:35.580376+00:00,2025-11-30T09:04:35.580384+00:00
3023,279,16,0.0,0.0,2.05,2025-11-30T09:04:35.582242+00:00,2025-11-30T09:04:35.582250+00:00
3024,279,37,0.0,0.0,76.86,2025-11-30T09:04:35.584156+00:00,2025-11-30T09:04:35.584163+00:00
3025,279,31,0.0,0.0,10.25,2025-11-30T09:04:35.585974+00:00,2025-11-30T09:04:35.585982+00:00
3026,279,15,0.0,60.65,89.09,2025-11-30T09:04:35.590025+00:00,2025-11-30T09:04:35.590041+00:00
3027,279,25,0.0,0.0,40.75,2025-11-30T09:04:35.593138+00:00,2025-11-30T09:04:35.593147+00:00
3028,280,22,0.0,70.11,40.99,2025-11-30T09:04:35.596801+00:00,2025-11-30T09:04:35.596814+00:00
3029,280,28,0.0,18.12,81.92,2025-11-30T09:04:35.600351+00:00,2025-11-30T09:04:35.600362+00:00
3030,280,17,0.0,34.66,23.79,2025-11-30T09:04:35.602693+00:00,2025-11-30T09:04:35.602702+00:00
3031,280,34,0.0,0.0,22.98,2025-11-30T09:04:35.605719+00:00,2025-11-30T09:04:35.605756+00:00
3032,280,42,0.0,0.0,28.41,2025-11-30T09:04:35.609965+00:00,2025-11-30T09:04:35.609974+00:00
3033,280,37,0.0,0.0,35.97,2025-11-30T09:04:35.612968+00:00,2025-11-30T09:04:35.612976+00:00
3034,280,21,0.0,0.0,9.28,2025-11-30T09:04:35.615645+00:00,2025-11-30T09:04:35.615653+00:00
3035,280,27,0.0,7.04,80.9,2025-11-30T09:04:35.617958+00:00,2025-11-30T09:04:35.617967+00:00
3036,280,32,64.93,0.0,41.95,2025-11-30T09:04:35.620249+00:00,2025-11-30T09:04:35.620258+00:00
3037,280,40,0.0,69.23,73.18,2025-11-30T09:04:35.624153+00:00,2025-11-30T09:04:35.624164+00:00
3038,280,18,0.0,7.03,4.73,2025-11-30T09:04:35.627045+00:00,2025-11-30T09:04:35.627086+00:00
3039,280,35,77.77,0.0,49.97,2025-11-30T09:04:35.630768+00:00,2025-11-30T09:04:35.630778+00:00
3040,280,29,0.0,0.0,9.45,2025-11-30T09:04:35.633429+00:00,2025-11-30T09:04:35.633439+00:00
3041,280,39,82.15,18.31,50.81,2025-11-30T09:04:35.635918+00:00,2025-11-30T09:04:35.635927+00:00
3042,280,36,0.0,69.65,43.0,2025-11-30T09:04:35.638504+00:00,2025-11-30T09:04:35.638515+00:00
3043,280,25,51.43,0.0,17.38,2025-11-30T09:04:35.642569+00:00,2025-11-30T09:04:35.642579+00:00
3044,280,41,74.5,0.0,41.62,2025-11-30T09:04:35.644966+00:00,2025-11-30T09:04:35.644975+00:00
3045,280,24,0.0,80.31,48.78,2025-11-30T09:04:35.647646+00:00,2025-11-30T09:04:35.647655+00:00
3046,281,23,0.0,0.0,63.24,2025-11-30T09:04:35.649937+00:00,2025-11-30T09:04:35.649945+00:00
3047,281,29,2.26,71.0,32.67,2025-11-30T09:04:35.651980+00:00,2025-11-30T09:04:35.651988+00:00
3048,281,36,0.0,77.19,59.25,2025-11-30T09:04:35.654082+00:00,2025-11-30T09:04:35.654090+00:00
3049,281,25,8.4,0.0,3.99,2025-11-30T09:04:35.657532+00:00,2025-11-30T09:04:35.657541+00:00
3050,281,16,150.5,0.0,78.57,2025-11-30T09:04:35.660406+00:00,2025-11-30T09:04:35.660416+00:00
3051,281,39,0.0,94.39,36.89,2025-11-30T09:04:35.663780+00:00,2025-11-30T09:04:35.663790+00:00
3052,281,19,0.0,0.0,23.78,2025-11-30T09:04:35.667379+00:00,2025-11-30T09:04:35.667389+00:00
3053,281,37,0.0,63.93,77.13,2025-11-30T09:04:35.669861+00:00,2025-11-30T09:04:35.669869+00:00
3054,281,26,0.0,0.0,36.44,2025-11-30T09:04:35.673333+00:00,2025-11-30T09:04:35.673343+00:00
3055,281,30,0.0,28.87,35.41,2025-11-30T09:04:35.677040+00:00,2025-11-30T09:04:35.677050+00:00
3056,281,41,0.0,0.0,34.03,2025-11-30T09:04:35.679350+00:00,2025-11-30T09:04:35.679358+00:00
3057,281,15,0.0,98.46,43.45,2025-11-30T09:04:35.681635+00:00,2025-11-30T09:04:35.681644+00:00
3058,281,35,0.0,0.0,18.99,2025-11-30T09:04:35.683998+00:00,2025-11-30T09:04:35.684007+00:00
3059,282,39,0.0,0.0,47.52,2025-11-30T09:04:35.686512+00:00,2025-11-30T09:04:35.686520+00:00
3060,282,35,0.0,0.0,19.11,2025-11-30T09:04:35.690754+00:00,2025-11-30T09:04:35.690765+00:00
3061,282,37,33.57,0.0,19.01,2025-11-30T09:04:35.693126+00:00,2025-11-30T09:04:35.693134+00:00
3062,282,34,0.0,0.0,16.53,2025-11-30T09:04:35.697113+00:00,2025-11-30T09:04:35.697129+00:00
3063,282,29,0.0,41.87,55.67,2025-11-30T09:04:35.700468+00:00,2025-11-30T09:04:35.700492+00:00
3064,282,31,24.51,0.0,60.06,2025-11-30T09:04:35.702751+00:00,2025-11-30T09:04:35.702759+00:00
3065,282,36,10.98,0.0,4.93,2025-11-30T09:04:35.705164+00:00,2025-11-30T09:04:35.705175+00:00
3066,282,38,20.24,0.0,39.48,2025-11-30T09:04:35.710017+00:00,2025-11-30T09:04:35.710026+00:00
3067,282,27,0.0,0.0,32.67,2025-11-30T09:04:35.712113+00:00,2025-11-30T09:04:35.712121+00:00
3068,282,17,0.0,0.0,53.03,2025-11-30T09:04:35.714433+00:00,2025-11-30T09:04:35.714441+00:00
3069,282,43,71.8,0.0,26.86,2025-11-30T09:04:35.716285+00:00,2025-11-30T09:04:35.716292+00:00
3070,282,20,32.18,0.0,16.94,2025-11-30T09:04:35.718973+00:00,2025-11-30T09:04:35.718980+00:00
3071,282,24,0.0,0.0,22.34,2025-11-30T09:04:35.721681+00:00,2025-11-30T09:04:35.721690+00:00
3072,282,16,0.0,7.03,2.53,2025-11-30T09:04:35.725824+00:00,2025-11-30T09:04:35.725833+00:00
3073,282,19,0.0,43.58,19.63,2025-11-30T09:04:35.729618+00:00,2025-11-30T09:04:35.729630+00:00
3074,282,21,0.0,110.3,60.13,2025-11-30T09:04:35.732603+00:00,2025-11-30T09:04:35.732612+00:00
3075,282,15,8.68,0.0,2.64,2025-11-30T09:04:35.734785+00:00,2025-11-30T09:04:35.734793+00:00
3076,282,44,0.0,66.37,33.56,2025-11-30T09:04:35.737177+00:00,2025-11-30T09:04:35.737185+00:00
3077,283,15,6.79,24.69,53.55,2025-11-30T09:04:35.740998+00:00,2025-11-30T09:04:35.741009+00:00
3078,283,33,0.0,0.0,45.79,2025-11-30T09:04:35.743821+00:00,2025-11-30T09:04:35.743830+00:00
3079,283,39,0.0,0.0,42.65,2025-11-30T09:04:35.745919+00:00,2025-11-30T09:04:35.745926+00:00
3080,283,28,0.0,58.91,28.1,2025-11-30T09:04:35.748198+00:00,2025-11-30T09:04:35.748207+00:00
3081,283,29,119.35,0.0,48.86,2025-11-30T09:04:35.749996+00:00,2025-11-30T09:04:35.750003+00:00
3082,283,34,0.0,0.0,31.33,2025-11-30T09:04:35.751836+00:00,2025-11-30T09:04:35.751842+00:00
3083,283,16,4.98,0.0,3.21,2025-11-30T09:04:35.753774+00:00,2025-11-30T09:04:35.753779+00:00
3084,283,27,80.85,0.0,81.24,2025-11-30T09:04:35.757871+00:00,2025-11-30T09:04:35.757881+00:00
3085,283,24,83.15,0.0,59.06,2025-11-30T09:04:35.760366+00:00,2025-11-30T09:04:35.760373+00:00
3086,283,41,0.0,0.0,20.05,2025-11-30T09:04:35.763585+00:00,2025-11-30T09:04:35.763596+00:00
3087,283,31,45.39,0.0,20.26,2025-11-30T09:04:35.766107+00:00,2025-11-30T09:04:35.766117+00:00
3088,283,38,58.42,0.0,21.88,2025-11-30T09:04:35.768746+00:00,2025-11-30T09:04:35.768755+00:00
3089,283,22,30.2,0.0,19.27,2025-11-30T09:04:35.770923+00:00,2025-11-30T09:04:35.770930+00:00
3090,283,42,48.39,0.0,29.72,2025-11-30T09:04:35.774254+00:00,2025-11-30T09:04:35.774265+00:00
3091,283,18,0.0,0.0,28.39,2025-11-30T09:04:35.777428+00:00,2025-11-30T09:04:35.777438+00:00
3092,283,25,56.92,0.0,33.92,2025-11-30T09:04:35.779896+00:00,2025-11-30T09:04:35.779903+00:00
3093,284,17,0.0,0.0,4.76,2025-11-30T09:04:35.782280+00:00,2025-11-30T09:04:35.782287+00:00
3094,284,19,179.52,0.0,78.64,2025-11-30T09:04:35.784285+00:00,2025-11-30T09:04:35.784291+00:00
3095,284,40,0.0,94.85,51.45,2025-11-30T09:04:35.786220+00:00,2025-11-30T09:04:35.786225+00:00
3096,284,20,42.2,0.0,28.56,2025-11-30T09:04:35.788917+00:00,2025-11-30T09:04:35.788956+00:00
3097,284,36,42.81,0.0,24.42,2025-11-30T09:04:35.792549+00:00,2025-11-30T09:04:35.792559+00:00
3098,284,32,0.0,0.0,54.01,2025-11-30T09:04:35.795491+00:00,2025-11-30T09:04:35.795501+00:00
3099,284,18,13.04,0.0,77.38,2025-11-30T09:04:35.798790+00:00,2025-11-30T09:04:35.798799+00:00
3100,284,35,92.67,69.73,74.61,2025-11-30T09:04:35.801070+00:00,2025-11-30T09:04:35.801079+00:00
3101,284,28,0.0,0.0,34.01,2025-11-30T09:04:35.803025+00:00,2025-11-30T09:04:35.803033+00:00
3102,284,41,79.49,0.0,73.25,2025-11-30T09:04:35.805051+00:00,2025-11-30T09:04:35.805058+00:00
3103,284,39,28.4,0.0,10.59,2025-11-30T09:04:35.809235+00:00,2025-11-30T09:04:35.809245+00:00
3104,284,31,0.0,6.37,3.92,2025-11-30T09:04:35.811499+00:00,2025-11-30T09:04:35.811507+00:00
3105,284,26,0.0,0.0,9.0,2025-11-30T09:04:35.813349+00:00,2025-11-30T09:04:35.813356+00:00
3106,284,43,0.0,0.0,13.5,2025-11-30T09:04:35.815168+00:00,2025-11-30T09:04:35.815174+00:00
3107,284,22,0.0,0.0,28.63,2025-11-30T09:04:35.817452+00:00,2025-11-30T09:04:35.817459+00:00
3108,284,27,0.0,0.0,41.6,2025-11-30T09:04:35.819715+00:00,2025-11-30T09:04:35.819722+00:00
3109,284,37,0.0,0.0,17.68,2025-11-30T09:04:35.822826+00:00,2025-11-30T09:04:35.822843+00:00
3110,285,24,0.0,0.0,46.57,2025-11-30T09:04:35.826464+00:00,2025-11-30T09:04:35.826473+00:00
3111,285,42,0.0,35.31,44.68,2025-11-30T09:04:35.830047+00:00,2025-11-30T09:04:35.830058+00:00
3112,285,40,0.0,7.01,3.2,2025-11-30T09:04:35.832614+00:00,2025-11-30T09:04:35.832623+00:00
3113,285,31,0.0,57.5,24.0,2025-11-30T09:04:35.834968+00:00,2025-11-30T09:04:35.834976+00:00
3114,285,25,47.75,0.0,121.57,2025-11-30T09:04:35.837118+00:00,2025-11-30T09:04:35.837126+00:00
3115,285,29,0.0,15.19,6.93,2025-11-30T09:04:35.841091+00:00,2025-11-30T09:04:35.841101+00:00
3116,285,27,0.0,0.0,71.5,2025-11-30T09:04:35.843814+00:00,2025-11-30T09:04:35.843821+00:00
3117,285,30,0.0,0.0,3.2,2025-11-30T09:04:35.845772+00:00,2025-11-30T09:04:35.845779+00:00
3118,285,19,28.38,111.31,148.12,2025-11-30T09:04:35.848104+00:00,2025-11-30T09:04:35.848112+00:00
3119,285,38,0.0,0.0,44.05,2025-11-30T09:04:35.850519+00:00,2025-11-30T09:04:35.850526+00:00
3120,285,17,58.49,0.0,26.24,2025-11-30T09:04:35.852840+00:00,2025-11-30T09:04:35.852846+00:00
3121,285,41,0.0,0.0,63.53,2025-11-30T09:04:35.854926+00:00,2025-11-30T09:04:35.854933+00:00
3122,285,18,66.23,0.0,44.28,2025-11-30T09:04:35.858833+00:00,2025-11-30T09:04:35.858844+00:00
3123,285,43,96.99,0.0,39.85,2025-11-30T09:04:35.861727+00:00,2025-11-30T09:04:35.861737+00:00
3124,285,23,0.0,0.0,26.09,2025-11-30T09:04:35.865067+00:00,2025-11-30T09:04:35.865076+00:00
3125,285,34,48.24,0.0,33.0,2025-11-30T09:04:35.867552+00:00,2025-11-30T09:04:35.867561+00:00
3126,285,39,0.0,77.09,34.28,2025-11-30T09:04:35.869708+00:00,2025-11-30T09:04:35.869716+00:00
3127,287,21,0.0,8.86,4.31,2025-11-30T09:04:35.871578+00:00,2025-11-30T09:04:35.871585+00:00
3128,287,20,22.61,0.0,15.49,2025-11-30T09:04:35.875406+00:00,2025-11-30T09:04:35.875416+00:00
3129,287,38,0.0,0.0,8.78,2025-11-30T09:04:35.877796+00:00,2025-11-30T09:04:35.877804+00:00
3130,287,27,0.0,52.47,27.08,2025-11-30T09:04:35.880208+00:00,2025-11-30T09:04:35.880216+00:00
3131,287,37,0.0,103.54,83.44,2025-11-30T09:04:35.882489+00:00,2025-11-30T09:04:35.882496+00:00
3132,287,17,0.0,0.0,28.22,2025-11-30T09:04:35.884581+00:00,2025-11-30T09:04:35.884588+00:00
3133,287,15,94.53,3.13,65.52,2025-11-30T09:04:35.886722+00:00,2025-11-30T09:04:35.886729+00:00
3134,287,34,0.0,71.03,59.0,2025-11-30T09:04:35.890376+00:00,2025-11-30T09:04:35.890388+00:00
3135,287,22,0.0,0.0,9.07,2025-11-30T09:04:35.893183+00:00,2025-11-30T09:04:35.893192+00:00
3136,287,30,0.0,0.0,40.87,2025-11-30T09:04:35.896301+00:00,2025-11-30T09:04:35.896310+00:00
3137,287,31,0.0,0.0,71.33,2025-11-30T09:04:35.899481+00:00,2025-11-30T09:04:35.899490+00:00
3138,287,18,0.0,63.33,25.46,2025-11-30T09:04:35.901537+00:00,2025-11-30T09:04:35.901544+00:00
3139,287,43,0.0,0.0,28.22,2025-11-30T09:04:35.903789+00:00,2025-11-30T09:04:35.903796+00:00
3140,287,23,0.0,0.0,1.88,2025-11-30T09:04:35.906874+00:00,2025-11-30T09:04:35.906890+00:00
3141,288,36,0.0,0.0,48.16,2025-11-30T09:04:35.910318+00:00,2025-11-30T09:04:35.910328+00:00
3142,288,18,10.97,0.0,6.93,2025-11-30T09:04:35.912739+00:00,2025-11-30T09:04:35.912747+00:00
3143,288,42,0.0,0.0,28.22,2025-11-30T09:04:35.915244+00:00,2025-11-30T09:04:35.915252+00:00
3144,288,37,35.08,0.0,19.86,2025-11-30T09:04:35.918270+00:00,2025-11-30T09:04:35.918287+00:00
3145,288,35,0.0,106.3,33.45,2025-11-30T09:04:35.924158+00:00,2025-11-30T09:04:35.924286+00:00
3146,288,16,0.0,0.0,49.44,2025-11-30T09:04:35.930168+00:00,2025-11-30T09:04:35.930188+00:00
3147,288,21,0.0,0.0,29.34,2025-11-30T09:04:35.935309+00:00,2025-11-30T09:04:35.935322+00:00
3148,288,24,0.0,0.0,5.81,2025-11-30T09:04:35.941687+00:00,2025-11-30T09:04:35.941707+00:00
3149,288,27,0.0,0.0,28.31,2025-11-30T09:04:35.946405+00:00,2025-11-30T09:04:35.946419+00:00
3150,288,32,0.0,0.0,23.15,2025-11-30T09:04:35.953251+00:00,2025-11-30T09:04:35.953265+00:00
3151,288,38,0.0,0.0,94.98,2025-11-30T09:04:35.958625+00:00,2025-11-30T09:04:35.958640+00:00
3152,288,44,82.73,0.0,38.39,2025-11-30T09:04:35.964620+00:00,2025-11-30T09:04:35.964635+00:00
3153,288,30,0.0,0.0,20.59,2025-11-30T09:04:35.969600+00:00,2025-11-30T09:04:35.969614+00:00
3154,288,33,0.0,0.0,39.63,2025-11-30T09:04:35.974903+00:00,2025-11-30T09:04:35.974966+00:00
3155,288,17,34.06,0.0,67.3,2025-11-30T09:04:35.980351+00:00,2025-11-30T09:04:35.980366+00:00
3156,288,34,0.0,0.0,42.63,2025-11-30T09:04:35.985037+00:00,2025-11-30T09:04:35.985052+00:00
3157,289,17,0.0,0.0,17.75,2025-11-30T09:04:35.989138+00:00,2025-11-30T09:04:35.989148+00:00
3158,289,23,0.0,29.52,16.28,2025-11-30T09:04:35.992748+00:00,2025-11-30T09:04:35.992758+00:00
3159,289,33,104.38,71.29,117.51,2025-11-30T09:04:35.995860+00:00,2025-11-30T09:04:35.995872+00:00
3160,289,27,66.57,0.0,40.25,2025-11-30T09:04:35.999651+00:00,2025-11-30T09:04:35.999661+00:00
3161,289,22,30.4,0.0,33.53,2025-11-30T09:04:36.002432+00:00,2025-11-30T09:04:36.002440+00:00
3162,289,43,0.0,24.3,40.64,2025-11-30T09:04:36.004658+00:00,2025-11-30T09:04:36.004665+00:00
3163,289,26,0.0,0.0,56.55,2025-11-30T09:04:36.009246+00:00,2025-11-30T09:04:36.009257+00:00
3164,289,18,0.0,0.0,34.21,2025-11-30T09:04:36.012035+00:00,2025-11-30T09:04:36.012044+00:00
3165,289,35,0.0,0.0,1.23,2025-11-30T09:04:36.015172+00:00,2025-11-30T09:04:36.015179+00:00
3166,289,31,0.0,0.0,22.58,2025-11-30T09:04:36.017395+00:00,2025-11-30T09:04:36.017402+00:00
3167,289,21,0.0,0.0,49.33,2025-11-30T09:04:36.019938+00:00,2025-11-30T09:04:36.019945+00:00
3168,289,36,0.0,0.0,74.18,2025-11-30T09:04:36.022845+00:00,2025-11-30T09:04:36.022862+00:00
3169,289,38,0.0,0.0,59.09,2025-11-30T09:04:36.026600+00:00,2025-11-30T09:04:36.026610+00:00
3170,289,29,0.0,0.0,32.74,2025-11-30T09:04:36.030482+00:00,2025-11-30T09:04:36.030493+00:00
3171,289,15,0.0,71.33,27.07,2025-11-30T09:04:36.033401+00:00,2025-11-30T09:04:36.033410+00:00
3172,290,26,0.0,0.0,11.7,2025-11-30T09:04:36.035676+00:00,2025-11-30T09:04:36.035684+00:00
3173,290,25,61.84,0.0,40.31,2025-11-30T09:04:36.037926+00:00,2025-11-30T09:04:36.037935+00:00
3174,290,42,14.57,0.0,18.33,2025-11-30T09:04:36.042172+00:00,2025-11-30T09:04:36.042182+00:00
3175,290,28,0.0,0.0,43.32,2025-11-30T09:04:36.044743+00:00,2025-11-30T09:04:36.044750+00:00
3176,290,19,0.0,78.18,41.29,2025-11-30T09:04:36.047445+00:00,2025-11-30T09:04:36.047452+00:00
3177,290,34,59.24,0.0,35.73,2025-11-30T09:04:36.049480+00:00,2025-11-30T09:04:36.049486+00:00
3178,290,16,19.71,94.54,58.09,2025-11-30T09:04:36.051591+00:00,2025-11-30T09:04:36.051596+00:00
3179,290,18,0.0,29.25,20.2,2025-11-30T09:04:36.053534+00:00,2025-11-30T09:04:36.053540+00:00
3180,290,30,0.0,37.8,28.52,2025-11-30T09:04:36.056251+00:00,2025-11-30T09:04:36.056260+00:00
3181,290,23,0.0,93.09,44.58,2025-11-30T09:04:36.060150+00:00,2025-11-30T09:04:36.060160+00:00
3182,290,35,0.0,0.0,2.55,2025-11-30T09:04:36.063551+00:00,2025-11-30T09:04:36.063562+00:00
3183,290,31,0.0,0.0,22.2,2025-11-30T09:04:36.066108+00:00,2025-11-30T09:04:36.066118+00:00
3184,290,44,76.81,0.0,30.39,2025-11-30T09:04:36.068898+00:00,2025-11-30T09:04:36.068907+00:00
3185,290,33,0.0,51.41,35.29,2025-11-30T09:04:36.071120+00:00,2025-11-30T09:04:36.071128+00:00
3186,290,29,0.0,0.0,45.92,2025-11-30T09:04:36.075138+00:00,2025-11-30T09:04:36.075148+00:00
3187,290,39,0.0,0.0,42.41,2025-11-30T09:04:36.077798+00:00,2025-11-30T09:04:36.077806+00:00
3188,290,24,0.0,0.0,26.1,2025-11-30T09:04:36.080226+00:00,2025-11-30T09:04:36.080234+00:00
3189,290,41,0.0,0.0,11.44,2025-11-30T09:04:36.082206+00:00,2025-11-30T09:04:36.082212+00:00
3190,290,36,0.0,0.0,44.0,2025-11-30T09:04:36.084070+00:00,2025-11-30T09:04:36.084077+00:00
3191,291,21,0.0,0.0,74.81,2025-11-30T09:04:36.086959+00:00,2025-11-30T09:04:36.086967+00:00
3192,291,27,0.0,111.77,37.23,2025-11-30T09:04:36.090494+00:00,2025-11-30T09:04:36.090504+00:00
3193,291,38,0.0,0.0,86.82,2025-11-30T09:04:36.093299+00:00,2025-11-30T09:04:36.093310+00:00
3194,291,43,0.0,0.97,3.42,2025-11-30T09:04:36.096613+00:00,2025-11-30T09:04:36.096623+00:00
3195,291,34,102.92,0.0,48.02,2025-11-30T09:04:36.099598+00:00,2025-11-30T09:04:36.099611+00:00
3196,291,44,0.0,0.0,82.04,2025-11-30T09:04:36.101956+00:00,2025-11-30T09:04:36.101963+00:00
3197,291,29,30.63,0.0,31.01,2025-11-30T09:04:36.103899+00:00,2025-11-30T09:04:36.103905+00:00
3198,291,17,0.0,5.92,2.08,2025-11-30T09:04:36.107355+00:00,2025-11-30T09:04:36.107373+00:00
3199,291,19,0.0,0.0,46.73,2025-11-30T09:04:36.110322+00:00,2025-11-30T09:04:36.110331+00:00
3200,291,18,141.42,0.0,87.99,2025-11-30T09:04:36.112585+00:00,2025-11-30T09:04:36.112593+00:00
3201,291,37,0.0,103.37,45.85,2025-11-30T09:04:36.115026+00:00,2025-11-30T09:04:36.115034+00:00
3202,291,31,0.0,97.9,132.07,2025-11-30T09:04:36.117293+00:00,2025-11-30T09:04:36.117301+00:00
3203,291,36,0.0,68.44,41.4,2025-11-30T09:04:36.119854+00:00,2025-11-30T09:04:36.119864+00:00
3204,291,28,0.0,29.17,12.63,2025-11-30T09:04:36.122589+00:00,2025-11-30T09:04:36.122605+00:00
3205,293,31,44.26,0.0,25.88,2025-11-30T09:04:36.125645+00:00,2025-11-30T09:04:36.125654+00:00
3206,293,39,0.0,0.0,106.08,2025-11-30T09:04:36.128336+00:00,2025-11-30T09:04:36.128349+00:00
3207,293,23,0.0,29.35,19.13,2025-11-30T09:04:36.131697+00:00,2025-11-30T09:04:36.131708+00:00
3208,293,29,0.0,0.0,37.1,2025-11-30T09:04:36.134362+00:00,2025-11-30T09:04:36.134370+00:00
3209,293,34,43.1,0.0,25.18,2025-11-30T09:04:36.136314+00:00,2025-11-30T09:04:36.136320+00:00
3210,293,32,0.0,9.5,29.21,2025-11-30T09:04:36.139867+00:00,2025-11-30T09:04:36.139878+00:00
3211,293,28,0.0,20.33,43.35,2025-11-30T09:04:36.143516+00:00,2025-11-30T09:04:36.143527+00:00
3212,293,30,32.11,0.0,17.16,2025-11-30T09:04:36.145700+00:00,2025-11-30T09:04:36.145707+00:00
3213,293,18,43.81,0.0,25.05,2025-11-30T09:04:36.147877+00:00,2025-11-30T09:04:36.147885+00:00
3214,293,17,0.0,0.0,47.47,2025-11-30T09:04:36.150676+00:00,2025-11-30T09:04:36.150683+00:00
3215,293,44,25.74,0.0,17.61,2025-11-30T09:04:36.152613+00:00,2025-11-30T09:04:36.152620+00:00
3216,293,24,0.0,0.0,31.5,2025-11-30T09:04:36.154435+00:00,2025-11-30T09:04:36.154442+00:00
3217,293,40,53.99,0.0,48.64,2025-11-30T09:04:36.158002+00:00,2025-11-30T09:04:36.158011+00:00
3218,293,27,0.0,76.12,41.76,2025-11-30T09:04:36.161308+00:00,2025-11-30T09:04:36.161320+00:00
3219,294,33,0.0,9.3,59.6,2025-11-30T09:04:36.164674+00:00,2025-11-30T09:04:36.164684+00:00
3220,294,32,0.0,99.18,57.34,2025-11-30T09:04:36.167657+00:00,2025-11-30T09:04:36.167666+00:00
3221,294,21,0.0,0.0,47.68,2025-11-30T09:04:36.170206+00:00,2025-11-30T09:04:36.170216+00:00
3222,294,39,0.0,0.0,57.03,2025-11-30T09:04:36.173606+00:00,2025-11-30T09:04:36.173660+00:00
3223,294,38,26.99,0.0,15.65,2025-11-30T09:04:36.176687+00:00,2025-11-30T09:04:36.176695+00:00
3224,294,23,0.0,122.31,67.1,2025-11-30T09:04:36.179016+00:00,2025-11-30T09:04:36.179024+00:00
3225,294,17,0.0,0.0,41.41,2025-11-30T09:04:36.181046+00:00,2025-11-30T09:04:36.181053+00:00
3226,294,27,0.0,23.52,15.99,2025-11-30T09:04:36.183211+00:00,2025-11-30T09:04:36.183218+00:00
3227,294,40,124.81,12.77,86.63,2025-11-30T09:04:36.185065+00:00,2025-11-30T09:04:36.185072+00:00
3228,294,35,102.4,0.0,42.67,2025-11-30T09:04:36.187287+00:00,2025-11-30T09:04:36.187295+00:00
3229,294,37,0.0,86.08,49.08,2025-11-30T09:04:36.190654+00:00,2025-11-30T09:04:36.190663+00:00
3230,294,30,0.0,0.0,25.29,2025-11-30T09:04:36.192895+00:00,2025-11-30T09:04:36.192902+00:00
3231,294,44,0.0,0.0,25.62,2025-11-30T09:04:36.196224+00:00,2025-11-30T09:04:36.196235+00:00
3232,294,25,82.74,0.0,45.91,2025-11-30T09:04:36.199722+00:00,2025-11-30T09:04:36.199731+00:00
3233,294,26,0.0,28.52,13.51,2025-11-30T09:04:36.201797+00:00,2025-11-30T09:04:36.201805+00:00
3234,294,20,45.66,0.0,15.3,2025-11-30T09:04:36.203654+00:00,2025-11-30T09:04:36.203659+00:00
3235,295,33,0.0,901.5,552.0,2025-11-30T09:04:36.206306+00:00,2025-11-30T09:04:36.206316+00:00
3236,295,25,326.29,939.93,776.14,2025-11-30T09:04:36.210193+00:00,2025-11-30T09:04:36.210202+00:00
3237,295,37,0.0,953.64,1037.19,2025-11-30T09:04:36.212380+00:00,2025-11-30T09:04:36.212388+00:00
3238,295,44,0.0,0.0,98.15,2025-11-30T09:04:36.214638+00:00,2025-11-30T09:04:36.214647+00:00
3239,295,23,0.0,0.0,825.11,2025-11-30T09:04:36.216631+00:00,2025-11-30T09:04:36.216640+00:00
3240,295,39,0.0,0.0,339.62,2025-11-30T09:04:36.219393+00:00,2025-11-30T09:04:36.219401+00:00
3241,295,43,464.63,366.58,421.36,2025-11-30T09:04:36.222365+00:00,2025-11-30T09:04:36.222376+00:00
3242,295,21,0.0,414.91,198.66,2025-11-30T09:04:36.225394+00:00,2025-11-30T09:04:36.225404+00:00
3243,295,22,1434.85,0.0,610.71,2025-11-30T09:04:36.227968+00:00,2025-11-30T09:04:36.227977+00:00
3244,295,28,0.0,0.0,733.76,2025-11-30T09:04:36.231124+00:00,2025-11-30T09:04:36.231133+00:00
3245,295,35,0.0,238.24,140.47,2025-11-30T09:04:36.233700+00:00,2025-11-30T09:04:36.233709+00:00
3246,295,26,0.0,0.0,97.5,2025-11-30T09:04:36.235635+00:00,2025-11-30T09:04:36.235642+00:00
3247,295,17,1108.66,0.0,373.09,2025-11-30T09:04:36.237656+00:00,2025-11-30T09:04:36.237663+00:00
3248,295,34,1094.58,0.0,488.17,2025-11-30T09:04:36.241333+00:00,2025-11-30T09:04:36.241343+00:00
3249,295,29,0.0,410.77,141.02,2025-11-30T09:04:36.244286+00:00,2025-11-30T09:04:36.244294+00:00
3250,296,38,25.46,0.0,7.99,2025-11-30T09:04:36.246303+00:00,2025-11-30T09:04:36.246309+00:00
3251,296,43,0.0,0.0,44.0,2025-11-30T09:04:36.249038+00:00,2025-11-30T09:04:36.249045+00:00
3252,296,16,24.5,0.0,14.94,2025-11-30T09:04:36.250947+00:00,2025-11-30T09:04:36.250953+00:00
3253,296,21,28.23,0.0,16.47,2025-11-30T09:04:36.252879+00:00,2025-11-30T09:04:36.252885+00:00
3254,296,29,0.0,0.0,139.8,2025-11-30T09:04:36.255205+00:00,2025-11-30T09:04:36.255217+00:00
3255,296,23,0.0,34.21,66.42,2025-11-30T09:04:36.259539+00:00,2025-11-30T09:04:36.259549+00:00
3256,296,42,64.76,0.0,43.27,2025-11-30T09:04:36.262557+00:00,2025-11-30T09:04:36.262567+00:00
3257,296,30,0.0,0.0,48.88,2025-11-30T09:04:36.265172+00:00,2025-11-30T09:04:36.265180+00:00
3258,296,22,117.22,0.0,38.41,2025-11-30T09:04:36.267691+00:00,2025-11-30T09:04:36.267699+00:00
3259,296,26,0.0,0.0,59.7,2025-11-30T09:04:36.269744+00:00,2025-11-30T09:04:36.269752+00:00
3260,296,36,0.0,0.0,2.28,2025-11-30T09:04:36.271696+00:00,2025-11-30T09:04:36.271706+00:00
3261,296,40,56.41,0.0,28.49,2025-11-30T09:04:36.275656+00:00,2025-11-30T09:04:36.275665+00:00
3262,296,34,0.0,0.0,42.08,2025-11-30T09:04:36.278108+00:00,2025-11-30T09:04:36.278117+00:00
3263,296,33,103.35,0.0,33.03,2025-11-30T09:04:36.280381+00:00,2025-11-30T09:04:36.280388+00:00
3264,296,27,28.06,0.0,17.89,2025-11-30T09:04:36.282427+00:00,2025-11-30T09:04:36.282433+00:00
3265,296,28,0.0,0.0,22.27,2025-11-30T09:04:36.284307+00:00,2025-11-30T09:04:36.284312+00:00
3266,297,27,323.11,0.0,142.7,2025-11-30T09:04:36.286063+00:00,2025-11-30T09:04:36.286068+00:00
3267,297,26,0.0,742.4,656.08,2025-11-30T09:04:36.289889+00:00,2025-11-30T09:04:36.289900+00:00
3268,297,40,0.0,712.78,227.72,2025-11-30T09:04:36.292654+00:00,2025-11-30T09:04:36.292662+00:00
3269,297,38,0.0,0.0,733.67,2025-11-30T09:04:36.295238+00:00,2025-11-30T09:04:36.295258+00:00
3270,297,34,0.0,0.0,442.59,2025-11-30T09:04:36.298289+00:00,2025-11-30T09:04:36.298297+00:00
3271,297,35,0.0,1178.55,602.11,2025-11-30T09:04:36.300983+00:00,2025-11-30T09:04:36.300993+00:00
3272,297,39,0.0,0.0,433.56,2025-11-30T09:04:36.302995+00:00,2025-11-30T09:04:36.303004+00:00
3273,297,16,350.6,0.0,441.86,2025-11-30T09:04:36.305714+00:00,2025-11-30T09:04:36.305725+00:00
3274,297,18,0.0,0.0,484.11,2025-11-30T09:04:36.309817+00:00,2025-11-30T09:04:36.309826+00:00
3275,297,22,0.0,0.0,154.73,2025-11-30T09:04:36.311831+00:00,2025-11-30T09:04:36.311839+00:00
3276,297,23,412.96,0.0,521.44,2025-11-30T09:04:36.313764+00:00,2025-11-30T09:04:36.313771+00:00
3277,297,33,0.0,0.0,393.32,2025-11-30T09:04:36.315479+00:00,2025-11-30T09:04:36.315485+00:00
3278,297,19,205.66,0.0,114.74,2025-11-30T09:04:36.317557+00:00,2025-11-30T09:04:36.317565+00:00
3279,297,44,775.2,0.0,318.42,2025-11-30T09:04:36.319679+00:00,2025-11-30T09:04:36.319686+00:00
3280,297,24,0.0,452.73,226.89,2025-11-30T09:04:36.322758+00:00,2025-11-30T09:04:36.322779+00:00
3281,297,25,0.0,0.0,93.3,2025-11-30T09:04:36.325955+00:00,2025-11-30T09:04:36.325964+00:00
3282,297,28,0.0,0.0,162.77,2025-11-30T09:04:36.329141+00:00,2025-11-30T09:04:36.329151+00:00
3283,297,41,0.0,813.39,418.77,2025-11-30T09:04:36.331930+00:00,2025-11-30T09:04:36.331939+00:00
3284,298,39,0.0,0.0,40.29,2025-11-30T09:04:36.334162+00:00,2025-11-30T09:04:36.334169+00:00
3285,298,19,0.0,0.0,13.76,2025-11-30T09:04:36.336278+00:00,2025-11-30T09:04:36.336285+00:00
3286,298,18,68.87,0.0,42.69,2025-11-30T09:04:36.339667+00:00,2025-11-30T09:04:36.339678+00:00
3287,298,34,0.0,31.72,11.49,2025-11-30T09:04:36.343121+00:00,2025-11-30T09:04:36.343130+00:00
3288,298,26,0.0,0.0,11.3,2025-11-30T09:04:36.345088+00:00,2025-11-30T09:04:36.345096+00:00
3289,298,17,0.0,0.0,2.84,2025-11-30T09:04:36.347346+00:00,2025-11-30T09:04:36.347354+00:00
3290,298,35,0.0,0.0,15.03,2025-11-30T09:04:36.349499+00:00,2025-11-30T09:04:36.349506+00:00
3291,298,24,0.0,0.0,34.77,2025-11-30T09:04:36.351418+00:00,2025-11-30T09:04:36.351424+00:00
3292,298,22,0.0,38.85,64.88,2025-11-30T09:04:36.353145+00:00,2025-11-30T09:04:36.353151+00:00
3293,298,41,0.0,0.0,34.57,2025-11-30T09:04:36.355556+00:00,2025-11-30T09:04:36.355567+00:00
3294,298,40,6.63,0.0,3.52,2025-11-30T09:04:36.359590+00:00,2025-11-30T09:04:36.359600+00:00
3295,298,21,0.0,8.41,4.65,2025-11-30T09:04:36.363038+00:00,2025-11-30T09:04:36.363048+00:00
3296,298,15,0.0,0.0,64.31,2025-11-30T09:04:36.365708+00:00,2025-11-30T09:04:36.365716+00:00
3297,298,31,0.0,0.0,22.37,2025-11-30T09:04:36.368800+00:00,2025-11-30T09:04:36.368809+00:00
3298,298,23,30.89,0.0,11.7,2025-11-30T09:04:36.370861+00:00,2025-11-30T09:04:36.370868+00:00
3299,298,37,0.0,41.32,22.52,2025-11-30T09:04:36.374635+00:00,2025-11-30T09:04:36.374645+00:00
3300,298,32,95.64,0.0,35.49,2025-11-30T09:04:36.377183+00:00,2025-11-30T09:04:36.377190+00:00
3301,298,20,95.32,0.0,32.51,2025-11-30T09:04:36.379954+00:00,2025-11-30T09:04:36.379961+00:00
3302,298,44,0.0,36.79,15.22,2025-11-30T09:04:36.382611+00:00,2025-11-30T09:04:36.382619+00:00
3303,299,37,0.0,782.5,697.51,2025-11-30T09:04:36.385030+00:00,2025-11-30T09:04:36.385038+00:00
3304,299,15,1360.39,0.0,424.73,2025-11-30T09:04:36.387961+00:00,2025-11-30T09:04:36.387970+00:00
3305,299,19,0.0,0.0,527.92,2025-11-30T09:04:36.391689+00:00,2025-11-30T09:04:36.391699+00:00
3306,299,27,0.0,0.0,308.38,2025-11-30T09:04:36.394559+00:00,2025-11-30T09:04:36.394569+00:00
3307,299,34,741.61,0.0,358.07,2025-11-30T09:04:36.397860+00:00,2025-11-30T09:04:36.397869+00:00
3308,299,18,0.0,0.0,481.77,2025-11-30T09:04:36.400822+00:00,2025-11-30T09:04:36.400832+00:00
3309,299,21,1015.85,0.0,315.09,2025-11-30T09:04:36.402978+00:00,2025-11-30T09:04:36.402986+00:00
3310,299,31,0.0,386.39,171.45,2025-11-30T09:04:36.405784+00:00,2025-11-30T09:04:36.405799+00:00
3311,299,43,0.0,0.0,1059.03,2025-11-30T09:04:36.409716+00:00,2025-11-30T09:04:36.409725+00:00
3312,299,39,1170.83,0.0,497.9,2025-11-30T09:04:36.412083+00:00,2025-11-30T09:04:36.412089+00:00
3313,299,20,0.0,0.0,617.42,2025-11-30T09:04:36.414089+00:00,2025-11-30T09:04:36.414095+00:00
3314,299,24,638.8,0.0,353.76,2025-11-30T09:04:36.416230+00:00,2025-11-30T09:04:36.416236+00:00
3315,299,32,0.0,0.0,377.5,2025-11-30T09:04:36.418623+00:00,2025-11-30T09:04:36.418631+00:00
3316,299,40,0.0,139.95,88.59,2025-11-30T09:04:36.420550+00:00,2025-11-30T09:04:36.420556+00:00
3317,299,26,589.58,0.0,368.93,2025-11-30T09:04:36.423751+00:00,2025-11-30T09:04:36.423762+00:00
3318,299,30,0.0,0.0,415.28,2025-11-30T09:04:36.429061+00:00,2025-11-30T09:04:36.429071+00:00
3319,299,28,0.0,0.0,451.85,2025-11-30T09:04:36.431944+00:00,2025-11-30T09:04:36.431953+00:00
3320,299,36,445.22,0.0,283.87,2025-11-30T09:04:36.434369+00:00,2025-11-30T09:04:36.434377+00:00
3321,299,29,0.0,404.89,280.8,2025-11-30T09:04:36.436293+00:00,2025-11-30T09:04:36.436299+00:00
3322,300,33,69.83,76.34,79.32,2025-11-30T09:04:36.440433+00:00,2025-11-30T09:04:36.440470+00:00
3323,300,36,57.75,0.0,29.13,2025-11-30T09:04:36.443707+00:00,2025-11-30T09:04:36.443716+00:00
3324,300,15,0.0,9.19,41.41,2025-11-30T09:04:36.445851+00:00,2025-11-30T09:04:36.445858+00:00
3325,300,43,61.83,0.0,65.3,2025-11-30T09:04:36.448023+00:00,2025-11-30T09:04:36.448030+00:00
3326,300,26,0.0,0.0,25.72,2025-11-30T09:04:36.450080+00:00,2025-11-30T09:04:36.450086+00:00
3327,300,22,0.0,0.0,110.47,2025-11-30T09:04:36.452041+00:00,2025-11-30T09:04:36.452046+00:00
3328,300,32,0.0,0.0,14.62,2025-11-30T09:04:36.453964+00:00,2025-11-30T09:04:36.453970+00:00
3329,300,18,59.78,75.4,69.0,2025-11-30T09:04:36.457653+00:00,2025-11-30T09:04:36.457664+00:00
3330,300,23,0.0,0.0,12.63,2025-11-30T09:04:36.460774+00:00,2025-11-30T09:04:36.460786+00:00
3331,300,19,27.33,0.0,58.24,2025-11-30T09:04:36.464655+00:00,2025-11-30T09:04:36.464665+00:00
3332,300,17,0.0,0.0,47.28,2025-11-30T09:04:36.467513+00:00,2025-11-30T09:04:36.467523+00:00
3333,300,38,0.0,137.24,47.76,2025-11-30T09:04:36.469512+00:00,2025-11-30T09:04:36.469520+00:00
3334,300,24,144.83,0.0,49.54,2025-11-30T09:04:36.471499+00:00,2025-11-30T09:04:36.471508+00:00
3335,300,20,69.16,0.0,41.0,2025-11-30T09:04:36.475516+00:00,2025-11-30T09:04:36.475526+00:00
3336,300,16,0.0,0.0,48.65,2025-11-30T09:04:36.478233+00:00,2025-11-30T09:04:36.478241+00:00
3337,300,29,92.6,0.0,38.21,2025-11-30T09:04:36.480434+00:00,2025-11-30T09:04:36.480442+00:00
3338,301,36,26.41,0.0,14.73,2025-11-30T09:04:36.482663+00:00,2025-11-30T09:04:36.482669+00:00
3339,301,38,0.0,83.61,49.98,2025-11-30T09:04:36.484443+00:00,2025-11-30T09:04:36.484448+00:00
3340,301,16,0.0,0.0,42.33,2025-11-30T09:04:36.486416+00:00,2025-11-30T09:04:36.486425+00:00
3341,301,21,40.32,0.0,50.64,2025-11-30T09:04:36.490138+00:00,2025-11-30T09:04:36.490150+00:00
3342,301,19,0.0,0.0,38.23,2025-11-30T09:04:36.493048+00:00,2025-11-30T09:04:36.493057+00:00
3343,301,22,0.0,0.0,56.7,2025-11-30T09:04:36.496611+00:00,2025-11-30T09:04:36.496624+00:00
3344,301,30,0.0,57.76,35.83,2025-11-30T09:04:36.499475+00:00,2025-11-30T09:04:36.499485+00:00
3345,301,32,0.0,0.0,57.58,2025-11-30T09:04:36.501602+00:00,2025-11-30T09:04:36.501609+00:00
3346,301,28,0.0,0.0,41.59,2025-11-30T09:04:36.503682+00:00,2025-11-30T09:04:36.503689+00:00
3347,301,15,54.29,0.0,76.37,2025-11-30T09:04:36.507894+00:00,2025-11-30T09:04:36.507908+00:00
3348,301,40,0.0,0.0,43.94,2025-11-30T09:04:36.510772+00:00,2025-11-30T09:04:36.510781+00:00
3349,301,44,0.0,0.0,12.68,2025-11-30T09:04:36.513340+00:00,2025-11-30T09:04:36.513348+00:00
3350,301,41,0.0,72.35,38.59,2025-11-30T09:04:36.515389+00:00,2025-11-30T09:04:36.515397+00:00
3351,301,25,0.0,120.69,47.21,2025-11-30T09:04:36.517617+00:00,2025-11-30T09:04:36.517624+00:00
3352,301,29,0.0,5.62,3.7,2025-11-30T09:04:36.520474+00:00,2025-11-30T09:04:36.520482+00:00
3353,302,29,0.0,49.42,53.36,2025-11-30T09:04:36.523936+00:00,2025-11-30T09:04:36.523946+00:00
3354,302,44,65.52,0.0,23.32,2025-11-30T09:04:36.526570+00:00,2025-11-30T09:04:36.526577+00:00
3355,302,15,0.0,0.0,38.23,2025-11-30T09:04:36.530080+00:00,2025-11-30T09:04:36.530091+00:00
3356,302,27,0.0,0.0,52.2,2025-11-30T09:04:36.532559+00:00,2025-11-30T09:04:36.532567+00:00
3357,302,18,0.0,113.39,89.88,2025-11-30T09:04:36.534647+00:00,2025-11-30T09:04:36.534653+00:00
3358,302,23,0.0,0.0,12.21,2025-11-30T09:04:36.536922+00:00,2025-11-30T09:04:36.536930+00:00
3359,302,39,50.03,22.97,34.31,2025-11-30T09:04:36.540795+00:00,2025-11-30T09:04:36.540806+00:00
3360,302,36,0.0,126.77,39.51,2025-11-30T09:04:36.543308+00:00,2025-11-30T09:04:36.543316+00:00
3361,302,42,81.34,0.0,46.53,2025-11-30T09:04:36.545365+00:00,2025-11-30T09:04:36.545371+00:00
3362,302,41,0.0,74.31,26.0,2025-11-30T09:04:36.548070+00:00,2025-11-30T09:04:36.548078+00:00
3363,302,43,0.0,5.04,2.06,2025-11-30T09:04:36.550303+00:00,2025-11-30T09:04:36.550309+00:00
3364,302,38,0.0,50.13,73.0,2025-11-30T09:04:36.552377+00:00,2025-11-30T09:04:36.552384+00:00
3365,302,40,0.0,46.05,19.62,2025-11-30T09:04:36.554597+00:00,2025-11-30T09:04:36.554608+00:00
3366,302,35,39.51,0.0,19.58,2025-11-30T09:04:36.558530+00:00,2025-11-30T09:04:36.558540+00:00
3367,302,33,88.75,0.0,39.42,2025-11-30T09:04:36.560995+00:00,2025-11-30T09:04:36.561003+00:00
3368,302,24,0.0,69.62,32.69,2025-11-30T09:04:36.564285+00:00,2025-11-30T09:04:36.564295+00:00
3369,303,23,0.0,0.0,876.2,2025-11-30T09:04:36.566906+00:00,2025-11-30T09:04:36.566916+00:00
3370,303,25,329.87,0.0,621.69,2025-11-30T09:04:36.569301+00:00,2025-11-30T09:04:36.569309+00:00
3371,303,31,0.0,0.0,105.21,2025-11-30T09:04:36.571257+00:00,2025-11-30T09:04:36.571265+00:00
3372,303,42,0.0,416.49,156.85,2025-11-30T09:04:36.574854+00:00,2025-11-30T09:04:36.574865+00:00
3373,303,33,0.0,0.0,294.69,2025-11-30T09:04:36.577473+00:00,2025-11-30T09:04:36.577482+00:00
3374,303,30,0.0,0.0,804.36,2025-11-30T09:04:36.579682+00:00,2025-11-30T09:04:36.579690+00:00
3375,303,44,0.0,0.0,360.96,2025-11-30T09:04:36.581453+00:00,2025-11-30T09:04:36.581460+00:00
3376,303,28,0.0,331.15,100.5,2025-11-30T09:04:36.583169+00:00,2025-11-30T09:04:36.583175+00:00
3377,303,40,0.0,537.08,288.67,2025-11-30T09:04:36.585158+00:00,2025-11-30T09:04:36.585164+00:00
3378,303,43,0.0,0.0,88.69,2025-11-30T09:04:36.586965+00:00,2025-11-30T09:04:36.586972+00:00
3379,303,34,0.0,250.98,118.88,2025-11-30T09:04:36.590417+00:00,2025-11-30T09:04:36.590429+00:00
3380,303,41,726.32,0.0,433.81,2025-11-30T09:04:36.592935+00:00,2025-11-30T09:04:36.592943+00:00
3381,303,19,0.0,125.97,376.66,2025-11-30T09:04:36.595237+00:00,2025-11-30T09:04:36.595250+00:00
3382,303,24,603.68,0.0,367.97,2025-11-30T09:04:36.598755+00:00,2025-11-30T09:04:36.598765+00:00
3383,303,35,0.0,0.0,183.54,2025-11-30T09:04:36.601352+00:00,2025-11-30T09:04:36.601361+00:00
3384,303,38,0.0,0.0,433.94,2025-11-30T09:04:36.603368+00:00,2025-11-30T09:04:36.603375+00:00
3385,303,21,0.0,0.0,378.04,2025-11-30T09:04:36.606130+00:00,2025-11-30T09:04:36.606142+00:00
3386,303,29,379.13,0.0,135.74,2025-11-30T09:04:36.609904+00:00,2025-11-30T09:04:36.609913+00:00
3387,304,34,43.5,0.0,67.62,2025-11-30T09:04:36.612145+00:00,2025-11-30T09:04:36.612153+00:00
3388,304,28,132.42,93.89,92.47,2025-11-30T09:04:36.614055+00:00,2025-11-30T09:04:36.614062+00:00
3389,304,25,0.0,9.52,4.96,2025-11-30T09:04:36.616112+00:00,2025-11-30T09:04:36.616118+00:00
3390,304,15,0.0,0.0,85.02,2025-11-30T09:04:36.618887+00:00,2025-11-30T09:04:36.618894+00:00
3391,304,26,33.72,0.0,22.68,2025-11-30T09:04:36.621717+00:00,2025-11-30T09:04:36.621725+00:00
3392,304,23,73.99,0.0,31.62,2025-11-30T09:04:36.625237+00:00,2025-11-30T09:04:36.625247+00:00
3393,304,22,0.0,104.28,36.84,2025-11-30T09:04:36.628797+00:00,2025-11-30T09:04:36.628811+00:00
3394,304,37,0.0,0.0,48.59,2025-11-30T09:04:36.631804+00:00,2025-11-30T09:04:36.631814+00:00
3395,304,17,0.0,0.0,24.34,2025-11-30T09:04:36.634210+00:00,2025-11-30T09:04:36.634218+00:00
3396,304,32,72.66,0.0,28.25,2025-11-30T09:04:36.636293+00:00,2025-11-30T09:04:36.636300+00:00
3397,304,16,0.0,104.78,51.69,2025-11-30T09:04:36.639704+00:00,2025-11-30T09:04:36.639714+00:00
3398,304,18,0.0,0.0,49.46,2025-11-30T09:04:36.643672+00:00,2025-11-30T09:04:36.643681+00:00
3399,304,31,0.0,73.8,44.79,2025-11-30T09:04:36.645781+00:00,2025-11-30T09:04:36.645789+00:00
3400,304,44,0.0,57.55,26.75,2025-11-30T09:04:36.648013+00:00,2025-11-30T09:04:36.648020+00:00
3401,304,20,0.0,0.0,18.01,2025-11-30T09:04:36.650251+00:00,2025-11-30T09:04:36.650261+00:00
3402,304,43,0.0,0.0,6.63,2025-11-30T09:04:36.652905+00:00,2025-11-30T09:04:36.652913+00:00
3403,305,15,0.0,0.0,50.29,2025-11-30T09:04:36.655163+00:00,2025-11-30T09:04:36.655176+00:00
3404,305,35,0.0,0.0,65.24,2025-11-30T09:04:36.658880+00:00,2025-11-30T09:04:36.658890+00:00
3405,305,36,0.0,56.22,29.8,2025-11-30T09:04:36.661416+00:00,2025-11-30T09:04:36.661428+00:00
3406,305,24,23.45,98.96,61.27,2025-11-30T09:04:36.664833+00:00,2025-11-30T09:04:36.664842+00:00
3407,305,19,49.66,37.5,59.32,2025-11-30T09:04:36.668139+00:00,2025-11-30T09:04:36.668148+00:00
3408,305,39,0.0,77.17,42.33,2025-11-30T09:04:36.670145+00:00,2025-11-30T09:04:36.670152+00:00
3409,305,43,0.0,33.55,55.32,2025-11-30T09:04:36.672915+00:00,2025-11-30T09:04:36.672923+00:00
3410,305,29,0.0,34.42,25.56,2025-11-30T09:04:36.676136+00:00,2025-11-30T09:04:36.676145+00:00
3411,305,28,0.0,0.0,22.88,2025-11-30T09:04:36.678834+00:00,2025-11-30T09:04:36.678842+00:00
3412,305,34,0.0,0.0,27.36,2025-11-30T09:04:36.681055+00:00,2025-11-30T09:04:36.681066+00:00
3413,305,17,0.0,0.0,29.17,2025-11-30T09:04:36.683087+00:00,2025-11-30T09:04:36.683096+00:00
3414,305,26,0.0,0.0,49.13,2025-11-30T09:04:36.685694+00:00,2025-11-30T09:04:36.685703+00:00
3415,305,40,0.0,0.0,20.3,2025-11-30T09:04:36.689360+00:00,2025-11-30T09:04:36.689371+00:00
3416,305,42,3.79,0.0,2.32,2025-11-30T09:04:36.692425+00:00,2025-11-30T09:04:36.692434+00:00
3417,306,40,0.0,0.0,12.47,2025-11-30T09:04:36.694941+00:00,2025-11-30T09:04:36.694951+00:00
3418,306,27,47.96,0.0,52.01,2025-11-30T09:04:36.698802+00:00,2025-11-30T09:04:36.698812+00:00
3419,306,25,0.0,38.65,20.96,2025-11-30T09:04:36.701225+00:00,2025-11-30T09:04:36.701234+00:00
3420,306,43,26.69,0.0,98.63,2025-11-30T09:04:36.703139+00:00,2025-11-30T09:04:36.703147+00:00
3421,306,35,69.49,0.0,29.83,2025-11-30T09:04:36.706201+00:00,2025-11-30T09:04:36.706212+00:00
3422,306,16,0.0,0.0,14.35,2025-11-30T09:04:36.709808+00:00,2025-11-30T09:04:36.709819+00:00
3423,306,22,0.0,80.92,49.65,2025-11-30T09:04:36.711907+00:00,2025-11-30T09:04:36.711915+00:00
3424,306,42,0.0,0.0,60.93,2025-11-30T09:04:36.713799+00:00,2025-11-30T09:04:36.713806+00:00
3425,306,36,0.0,120.29,62.65,2025-11-30T09:04:36.715611+00:00,2025-11-30T09:04:36.715618+00:00
3426,306,44,0.0,0.0,35.69,2025-11-30T09:04:36.718099+00:00,2025-11-30T09:04:36.718107+00:00
3427,306,23,0.0,0.0,54.73,2025-11-30T09:04:36.720344+00:00,2025-11-30T09:04:36.720350+00:00
3428,306,30,0.0,110.6,42.97,2025-11-30T09:04:36.723712+00:00,2025-11-30T09:04:36.723722+00:00
3429,306,17,28.49,0.0,11.04,2025-11-30T09:04:36.726296+00:00,2025-11-30T09:04:36.726304+00:00
3430,306,18,110.44,0.0,33.43,2025-11-30T09:04:36.730207+00:00,2025-11-30T09:04:36.730218+00:00
3431,306,24,0.0,0.0,27.85,2025-11-30T09:04:36.732868+00:00,2025-11-30T09:04:36.732876+00:00
3432,306,39,0.0,0.0,41.0,2025-11-30T09:04:36.734968+00:00,2025-11-30T09:04:36.734975+00:00
3433,307,33,0.0,60.08,30.07,2025-11-30T09:04:36.737308+00:00,2025-11-30T09:04:36.737316+00:00
3434,307,38,135.36,19.39,49.98,2025-11-30T09:04:36.741995+00:00,2025-11-30T09:04:36.742004+00:00
3435,307,37,30.99,0.0,64.9,2025-11-30T09:04:36.744145+00:00,2025-11-30T09:04:36.744152+00:00
3436,307,36,0.0,0.0,39.47,2025-11-30T09:04:36.745895+00:00,2025-11-30T09:04:36.745901+00:00
3437,307,19,0.0,0.0,43.18,2025-11-30T09:04:36.748116+00:00,2025-11-30T09:04:36.748124+00:00
3438,307,40,0.0,0.0,13.11,2025-11-30T09:04:36.750193+00:00,2025-11-30T09:04:36.750200+00:00
3439,307,41,111.66,0.0,75.52,2025-11-30T09:04:36.752089+00:00,2025-11-30T09:04:36.752096+00:00
3440,307,31,0.0,174.65,83.15,2025-11-30T09:04:36.754116+00:00,2025-11-30T09:04:36.754123+00:00
3441,307,30,0.0,0.0,7.54,2025-11-30T09:04:36.757856+00:00,2025-11-30T09:04:36.757866+00:00
3442,307,25,0.0,0.0,10.45,2025-11-30T09:04:36.760335+00:00,2025-11-30T09:04:36.760344+00:00
3443,307,28,14.42,0.0,83.76,2025-11-30T09:04:36.763999+00:00,2025-11-30T09:04:36.764008+00:00
3444,307,43,0.0,0.0,4.35,2025-11-30T09:04:36.766721+00:00,2025-11-30T09:04:36.766731+00:00
3445,307,27,50.67,0.0,30.4,2025-11-30T09:04:36.768954+00:00,2025-11-30T09:04:36.768962+00:00
3446,308,41,543.83,0.0,306.81,2025-11-30T09:04:36.771250+00:00,2025-11-30T09:04:36.771264+00:00
3447,308,18,1126.83,578.61,814.59,2025-11-30T09:04:36.775406+00:00,2025-11-30T09:04:36.775415+00:00
3448,308,20,0.0,0.0,514.93,2025-11-30T09:04:36.777679+00:00,2025-11-30T09:04:36.777701+00:00
3449,308,28,0.0,466.63,533.56,2025-11-30T09:04:36.780286+00:00,2025-11-30T09:04:36.780294+00:00
3450,308,31,0.0,903.47,555.49,2025-11-30T09:04:36.782228+00:00,2025-11-30T09:04:36.782236+00:00
3451,308,32,0.0,0.0,86.09,2025-11-30T09:04:36.784270+00:00,2025-11-30T09:04:36.784277+00:00
3452,308,34,0.0,551.23,362.48,2025-11-30T09:04:36.786150+00:00,2025-11-30T09:04:36.786157+00:00
3453,308,39,939.36,0.0,475.5,2025-11-30T09:04:36.790101+00:00,2025-11-30T09:04:36.790112+00:00
3454,308,33,615.49,339.96,471.95,2025-11-30T09:04:36.792747+00:00,2025-11-30T09:04:36.792756+00:00
3455,308,15,0.0,0.0,283.37,2025-11-30T09:04:36.798496+00:00,2025-11-30T09:04:36.798507+00:00
3456,308,37,802.55,0.0,728.91,2025-11-30T09:04:36.801015+00:00,2025-11-30T09:04:36.801023+00:00
3457,308,30,0.0,0.0,214.61,2025-11-30T09:04:36.803023+00:00,2025-11-30T09:04:36.803031+00:00
3458,308,40,0.0,0.0,630.25,2025-11-30T09:04:36.806069+00:00,2025-11-30T09:04:36.806082+00:00
3459,308,16,714.28,433.84,730.04,2025-11-30T09:04:36.809730+00:00,2025-11-30T09:04:36.809739+00:00
3460,308,25,0.0,0.0,421.19,2025-11-30T09:04:36.811636+00:00,2025-11-30T09:04:36.811644+00:00
3461,308,26,0.0,0.0,360.54,2025-11-30T09:04:36.813676+00:00,2025-11-30T09:04:36.813683+00:00
3462,308,21,0.0,0.0,448.15,2025-11-30T09:04:36.815469+00:00,2025-11-30T09:04:36.815475+00:00
3463,309,33,0.0,0.0,141.89,2025-11-30T09:04:36.817733+00:00,2025-11-30T09:04:36.817741+00:00
3464,309,29,682.73,0.0,466.34,2025-11-30T09:04:36.820077+00:00,2025-11-30T09:04:36.820085+00:00
3465,309,25,0.0,155.58,397.3,2025-11-30T09:04:36.824227+00:00,2025-11-30T09:04:36.824238+00:00
3466,309,21,913.15,0.0,477.24,2025-11-30T09:04:36.826344+00:00,2025-11-30T09:04:36.826352+00:00
3467,309,35,0.0,0.0,296.08,2025-11-30T09:04:36.829841+00:00,2025-11-30T09:04:36.829854+00:00
3468,309,43,0.0,0.0,249.04,2025-11-30T09:04:36.832622+00:00,2025-11-30T09:04:36.832632+00:00
3469,309,36,0.0,0.0,828.85,2025-11-30T09:04:36.834748+00:00,2025-11-30T09:04:36.834756+00:00
3470,309,38,0.0,0.0,478.58,2025-11-30T09:04:36.836935+00:00,2025-11-30T09:04:36.836943+00:00
3471,309,41,0.0,644.64,760.09,2025-11-30T09:04:36.840493+00:00,2025-11-30T09:04:36.840509+00:00
3472,309,27,0.0,0.0,463.51,2025-11-30T09:04:36.843443+00:00,2025-11-30T09:04:36.843452+00:00
3473,309,40,629.33,0.0,268.04,2025-11-30T09:04:36.845611+00:00,2025-11-30T09:04:36.845619+00:00
3474,309,19,0.0,890.18,481.42,2025-11-30T09:04:36.847781+00:00,2025-11-30T09:04:36.847789+00:00
3475,309,17,0.0,1118.85,473.0,2025-11-30T09:04:36.849753+00:00,2025-11-30T09:04:36.849760+00:00
3476,309,30,349.1,0.0,172.69,2025-11-30T09:04:36.851703+00:00,2025-11-30T09:04:36.851710+00:00
3477,309,18,384.68,0.0,231.92,2025-11-30T09:04:36.853677+00:00,2025-11-30T09:04:36.853684+00:00
3478,310,43,0.0,0.0,2.25,2025-11-30T09:04:36.857642+00:00,2025-11-30T09:04:36.857652+00:00
3479,310,40,0.0,45.73,30.57,2025-11-30T09:04:36.860054+00:00,2025-11-30T09:04:36.860062+00:00
3480,310,36,0.0,56.25,47.23,2025-11-30T09:04:36.863480+00:00,2025-11-30T09:04:36.863490+00:00
3481,310,31,0.0,0.0,15.87,2025-11-30T09:04:36.866011+00:00,2025-11-30T09:04:36.866020+00:00
3482,310,37,0.0,0.0,46.53,2025-11-30T09:04:36.868497+00:00,2025-11-30T09:04:36.868505+00:00
3483,310,21,0.0,73.76,44.06,2025-11-30T09:04:36.870810+00:00,2025-11-30T09:04:36.870817+00:00
3484,310,25,0.0,0.0,39.57,2025-11-30T09:04:36.874642+00:00,2025-11-30T09:04:36.874652+00:00
3485,310,27,0.0,17.03,11.33,2025-11-30T09:04:36.877163+00:00,2025-11-30T09:04:36.877171+00:00
3486,310,41,0.0,0.0,13.01,2025-11-30T09:04:36.880490+00:00,2025-11-30T09:04:36.880498+00:00
3487,310,44,0.0,0.0,48.09,2025-11-30T09:04:36.882868+00:00,2025-11-30T09:04:36.882877+00:00
3488,310,39,0.0,35.78,46.58,2025-11-30T09:04:36.885084+00:00,2025-11-30T09:04:36.885091+00:00
3489,310,16,0.0,111.92,46.93,2025-11-30T09:04:36.887786+00:00,2025-11-30T09:04:36.887795+00:00
3490,310,32,0.0,0.0,43.63,2025-11-30T09:04:36.891560+00:00,2025-11-30T09:04:36.891569+00:00
3491,310,17,0.0,0.0,14.38,2025-11-30T09:04:36.893947+00:00,2025-11-30T09:04:36.893956+00:00
3492,310,22,79.42,82.29,61.95,2025-11-30T09:04:36.897307+00:00,2025-11-30T09:04:36.897317+00:00
3493,310,30,0.0,72.42,40.42,2025-11-30T09:04:36.900090+00:00,2025-11-30T09:04:36.900099+00:00
3494,310,34,9.59,0.0,5.46,2025-11-30T09:04:36.902285+00:00,2025-11-30T09:04:36.902293+00:00
3495,310,15,0.0,0.0,11.54,2025-11-30T09:04:36.904306+00:00,2025-11-30T09:04:36.904315+00:00
3496,310,35,66.03,0.0,29.42,2025-11-30T09:04:36.908383+00:00,2025-11-30T09:04:36.908393+00:00
3497,311,30,24.98,0.0,12.98,2025-11-30T09:04:36.910639+00:00,2025-11-30T09:04:36.910647+00:00
3498,311,41,58.14,0.0,31.5,2025-11-30T09:04:36.912790+00:00,2025-11-30T09:04:36.912798+00:00
3499,311,39,0.0,0.0,32.14,2025-11-30T09:04:36.914943+00:00,2025-11-30T09:04:36.914951+00:00
3500,311,15,59.67,49.32,51.84,2025-11-30T09:04:36.917102+00:00,2025-11-30T09:04:36.917110+00:00
3501,311,27,0.0,111.51,41.22,2025-11-30T09:04:36.919375+00:00,2025-11-30T09:04:36.919382+00:00
3502,311,22,0.0,78.19,39.42,2025-11-30T09:04:36.923541+00:00,2025-11-30T09:04:36.923551+00:00
3503,311,44,0.0,0.0,14.95,2025-11-30T09:04:36.926585+00:00,2025-11-30T09:04:36.926595+00:00
3504,311,29,0.0,0.0,1.53,2025-11-30T09:04:36.930375+00:00,2025-11-30T09:04:36.930386+00:00
3505,311,42,0.0,8.3,35.01,2025-11-30T09:04:36.932913+00:00,2025-11-30T09:04:36.932923+00:00
3506,311,20,0.0,0.0,38.74,2025-11-30T09:04:36.934869+00:00,2025-11-30T09:04:36.934877+00:00
3507,311,21,0.0,0.0,35.2,2025-11-30T09:04:36.936982+00:00,2025-11-30T09:04:36.936992+00:00
3508,311,26,0.0,0.0,19.83,2025-11-30T09:04:36.941291+00:00,2025-11-30T09:04:36.941303+00:00
3509,311,17,11.99,0.0,31.61,2025-11-30T09:04:36.943659+00:00,2025-11-30T09:04:36.943666+00:00
3510,311,31,89.7,0.0,82.59,2025-11-30T09:04:36.945690+00:00,2025-11-30T09:04:36.945697+00:00
3511,311,38,0.0,157.52,47.7,2025-11-30T09:04:36.947790+00:00,2025-11-30T09:04:36.947797+00:00
3512,312,36,0.0,37.08,22.92,2025-11-30T09:04:36.949948+00:00,2025-11-30T09:04:36.949954+00:00
3513,312,25,5.86,0.0,42.2,2025-11-30T09:04:36.952003+00:00,2025-11-30T09:04:36.952010+00:00
3514,312,31,0.0,0.0,23.15,2025-11-30T09:04:36.953818+00:00,2025-11-30T09:04:36.953824+00:00
3515,312,38,71.91,0.0,32.87,2025-11-30T09:04:36.956967+00:00,2025-11-30T09:04:36.956979+00:00
3516,312,29,0.0,0.0,32.42,2025-11-30T09:04:36.959772+00:00,2025-11-30T09:04:36.959781+00:00
3517,312,20,81.89,40.67,65.43,2025-11-30T09:04:36.963197+00:00,2025-11-30T09:04:36.963207+00:00
3518,312,18,10.87,0.0,39.34,2025-11-30T09:04:36.965745+00:00,2025-11-30T09:04:36.965754+00:00
3519,312,42,0.0,8.37,4.58,2025-11-30T09:04:36.968126+00:00,2025-11-30T09:04:36.968135+00:00
3520,312,24,0.0,0.0,16.43,2025-11-30T09:04:36.970226+00:00,2025-11-30T09:04:36.970234+00:00
3521,312,23,0.0,74.8,36.23,2025-11-30T09:04:36.974462+00:00,2025-11-30T09:04:36.974471+00:00
3522,312,26,0.0,0.0,68.86,2025-11-30T09:04:36.977197+00:00,2025-11-30T09:04:36.977206+00:00
3523,312,32,48.98,0.0,27.58,2025-11-30T09:04:36.979746+00:00,2025-11-30T09:04:36.979766+00:00
3524,312,28,0.0,0.0,7.33,2025-11-30T09:04:36.981999+00:00,2025-11-30T09:04:36.982007+00:00
3525,312,16,54.52,0.0,23.04,2025-11-30T09:04:36.983868+00:00,2025-11-30T09:04:36.983875+00:00
3526,312,39,78.29,0.0,44.33,2025-11-30T09:04:36.985735+00:00,2025-11-30T09:04:36.985741+00:00
3527,313,31,0.0,37.3,43.21,2025-11-30T09:04:36.988608+00:00,2025-11-30T09:04:36.988618+00:00
3528,313,34,72.97,0.0,70.27,2025-11-30T09:04:36.991627+00:00,2025-11-30T09:04:36.991636+00:00
3529,313,20,0.0,199.86,89.28,2025-11-30T09:04:36.993840+00:00,2025-11-30T09:04:36.993847+00:00
3530,313,28,0.0,0.0,38.52,2025-11-30T09:04:36.997379+00:00,2025-11-30T09:04:36.997391+00:00
3531,313,29,0.0,0.0,39.25,2025-11-30T09:04:37.000069+00:00,2025-11-30T09:04:37.000078+00:00
3532,313,37,0.0,0.0,72.33,2025-11-30T09:04:37.002675+00:00,2025-11-30T09:04:37.002682+00:00
3533,313,40,0.0,0.0,13.2,2025-11-30T09:04:37.005514+00:00,2025-11-30T09:04:37.005524+00:00
3534,313,24,0.0,0.0,31.91,2025-11-30T09:04:37.008897+00:00,2025-11-30T09:04:37.008907+00:00
3535,313,22,0.0,11.66,6.72,2025-11-30T09:04:37.011344+00:00,2025-11-30T09:04:37.011352+00:00
3536,313,23,0.0,0.0,64.58,2025-11-30T09:04:37.013376+00:00,2025-11-30T09:04:37.013383+00:00
3537,313,42,0.0,14.97,5.12,2025-11-30T09:04:37.015583+00:00,2025-11-30T09:04:37.015589+00:00
3538,313,32,0.0,70.74,42.96,2025-11-30T09:04:37.017952+00:00,2025-11-30T09:04:37.017959+00:00
3539,313,43,0.0,25.86,8.91,2025-11-30T09:04:37.020838+00:00,2025-11-30T09:04:37.020846+00:00
3540,313,35,0.0,0.0,33.37,2025-11-30T09:04:37.024410+00:00,2025-11-30T09:04:37.024420+00:00
3541,313,15,0.0,0.0,16.49,2025-11-30T09:04:37.026722+00:00,2025-11-30T09:04:37.026730+00:00
3542,314,23,0.0,235.32,82.71,2025-11-30T09:04:37.030004+00:00,2025-11-30T09:04:37.030015+00:00
3543,314,27,0.0,72.76,37.4,2025-11-30T09:04:37.032776+00:00,2025-11-30T09:04:37.032786+00:00
3544,314,24,89.13,0.0,49.4,2025-11-30T09:04:37.034918+00:00,2025-11-30T09:04:37.034925+00:00
3545,314,28,0.0,0.0,6.6,2025-11-30T09:04:37.036982+00:00,2025-11-30T09:04:37.036990+00:00
3546,314,22,0.0,0.0,30.75,2025-11-30T09:04:37.040564+00:00,2025-11-30T09:04:37.040574+00:00
3547,314,17,0.0,65.55,19.9,2025-11-30T09:04:37.043039+00:00,2025-11-30T09:04:37.043046+00:00
3548,314,29,0.0,0.0,29.48,2025-11-30T09:04:37.044913+00:00,2025-11-30T09:04:37.044920+00:00
3549,314,38,71.01,0.0,21.35,2025-11-30T09:04:37.047169+00:00,2025-11-30T09:04:37.047179+00:00
3550,314,44,0.0,45.38,28.34,2025-11-30T09:04:37.050009+00:00,2025-11-30T09:04:37.050018+00:00
3551,314,31,17.69,0.0,6.53,2025-11-30T09:04:37.052640+00:00,2025-11-30T09:04:37.052647+00:00
3552,314,34,0.0,0.0,9.03,2025-11-30T09:04:37.055614+00:00,2025-11-30T09:04:37.055629+00:00
3553,314,20,0.0,0.0,4.32,2025-11-30T09:04:37.059634+00:00,2025-11-30T09:04:37.059644+00:00
3554,314,37,0.0,0.0,34.75,2025-11-30T09:04:37.063551+00:00,2025-11-30T09:04:37.063561+00:00
3555,314,43,0.0,96.51,30.06,2025-11-30T09:04:37.066185+00:00,2025-11-30T09:04:37.066193+00:00
3556,314,30,0.0,0.0,22.74,2025-11-30T09:04:37.068817+00:00,2025-11-30T09:04:37.068825+00:00
3557,314,16,0.0,51.8,30.66,2025-11-30T09:04:37.070939+00:00,2025-11-30T09:04:37.070946+00:00
3558,314,39,0.0,41.91,28.92,2025-11-30T09:04:37.075401+00:00,2025-11-30T09:04:37.075414+00:00
3559,314,15,0.0,0.0,38.61,2025-11-30T09:04:37.077716+00:00,2025-11-30T09:04:37.077723+00:00
3560,314,25,15.71,0.0,5.27,2025-11-30T09:04:37.079952+00:00,2025-11-30T09:04:37.079958+00:00
3561,314,36,0.0,0.0,16.23,2025-11-30T09:04:37.082086+00:00,2025-11-30T09:04:37.082092+00:00
3562,316,26,0.0,36.91,25.58,2025-11-30T09:04:37.084034+00:00,2025-11-30T09:04:37.084039+00:00
3563,316,27,0.0,28.17,17.48,2025-11-30T09:04:37.085934+00:00,2025-11-30T09:04:37.085940+00:00
3564,316,29,47.11,70.14,69.77,2025-11-30T09:04:37.088732+00:00,2025-11-30T09:04:37.088742+00:00
3565,316,39,0.0,0.0,44.91,2025-11-30T09:04:37.091715+00:00,2025-11-30T09:04:37.091724+00:00
3566,316,40,0.0,176.95,66.81,2025-11-30T09:04:37.093673+00:00,2025-11-30T09:04:37.093681+00:00
3567,316,41,0.0,0.0,23.44,2025-11-30T09:04:37.097703+00:00,2025-11-30T09:04:37.097712+00:00
3568,316,30,0.0,66.72,50.8,2025-11-30T09:04:37.100163+00:00,2025-11-30T09:04:37.100203+00:00
3569,316,34,0.0,0.0,17.06,2025-11-30T09:04:37.102388+00:00,2025-11-30T09:04:37.102395+00:00
3570,316,23,10.14,0.0,3.95,2025-11-30T09:04:37.104386+00:00,2025-11-30T09:04:37.104393+00:00
3571,316,19,0.0,35.79,21.33,2025-11-30T09:04:37.109375+00:00,2025-11-30T09:04:37.109385+00:00
3572,316,37,0.0,93.65,35.65,2025-11-30T09:04:37.112068+00:00,2025-11-30T09:04:37.112078+00:00
3573,316,22,0.0,66.7,90.81,2025-11-30T09:04:37.114169+00:00,2025-11-30T09:04:37.114176+00:00
3574,316,38,28.31,0.0,14.28,2025-11-30T09:04:37.116051+00:00,2025-11-30T09:04:37.116059+00:00
3575,316,21,25.75,0.0,15.06,2025-11-30T09:04:37.118501+00:00,2025-11-30T09:04:37.118509+00:00
3576,316,35,0.0,58.83,33.58,2025-11-30T09:04:37.120677+00:00,2025-11-30T09:04:37.120683+00:00
3577,316,17,0.0,0.0,45.62,2025-11-30T09:04:37.124049+00:00,2025-11-30T09:04:37.124058+00:00
3578,317,44,0.0,0.0,36.52,2025-11-30T09:04:37.126946+00:00,2025-11-30T09:04:37.126954+00:00
3579,317,40,0.0,0.0,12.77,2025-11-30T09:04:37.130382+00:00,2025-11-30T09:04:37.130392+00:00
3580,317,26,0.0,0.0,17.21,2025-11-30T09:04:37.132887+00:00,2025-11-30T09:04:37.132896+00:00
3581,317,18,0.0,0.0,10.9,2025-11-30T09:04:37.134912+00:00,2025-11-30T09:04:37.134919+00:00
3582,317,19,0.0,64.96,29.14,2025-11-30T09:04:37.137083+00:00,2025-11-30T09:04:37.137090+00:00
3583,317,34,92.88,0.0,34.87,2025-11-30T09:04:37.140957+00:00,2025-11-30T09:04:37.140967+00:00
3584,317,38,0.0,35.63,71.93,2025-11-30T09:04:37.143487+00:00,2025-11-30T09:04:37.143494+00:00
3585,317,29,63.37,17.13,28.33,2025-11-30T09:04:37.145526+00:00,2025-11-30T09:04:37.145532+00:00
3586,317,15,0.0,0.0,14.79,2025-11-30T09:04:37.147840+00:00,2025-11-30T09:04:37.147847+00:00
3587,317,24,0.0,0.0,22.41,2025-11-30T09:04:37.149676+00:00,2025-11-30T09:04:37.149682+00:00
3588,317,20,0.0,127.1,71.34,2025-11-30T09:04:37.151621+00:00,2025-11-30T09:04:37.151627+00:00
3589,317,36,19.74,0.0,12.22,2025-11-30T09:04:37.153390+00:00,2025-11-30T09:04:37.153395+00:00
3590,317,32,0.0,0.0,55.21,2025-11-30T09:04:37.156666+00:00,2025-11-30T09:04:37.156677+00:00
3591,317,25,0.0,0.0,16.36,2025-11-30T09:04:37.159538+00:00,2025-11-30T09:04:37.159547+00:00
3592,317,23,0.0,23.74,12.67,2025-11-30T09:04:37.162839+00:00,2025-11-30T09:04:37.162850+00:00
3593,317,30,0.0,0.0,38.46,2025-11-30T09:04:37.165489+00:00,2025-11-30T09:04:37.165498+00:00
3594,318,28,109.89,86.25,89.73,2025-11-30T09:04:37.167905+00:00,2025-11-30T09:04:37.167913+00:00
3595,318,37,94.57,0.0,40.08,2025-11-30T09:04:37.170005+00:00,2025-11-30T09:04:37.170012+00:00
3596,318,16,0.0,22.21,61.0,2025-11-30T09:04:37.173655+00:00,2025-11-30T09:04:37.173666+00:00
3597,318,40,0.0,0.0,44.38,2025-11-30T09:04:37.176226+00:00,2025-11-30T09:04:37.176235+00:00
3598,318,26,0.0,49.62,40.46,2025-11-30T09:04:37.178909+00:00,2025-11-30T09:04:37.178917+00:00
3599,318,39,0.0,61.37,56.36,2025-11-30T09:04:37.181289+00:00,2025-11-30T09:04:37.181296+00:00
3600,318,41,0.0,0.0,4.97,2025-11-30T09:04:37.183650+00:00,2025-11-30T09:04:37.183657+00:00
3601,318,25,0.0,25.18,17.03,2025-11-30T09:04:37.185740+00:00,2025-11-30T09:04:37.185746+00:00
3602,318,43,0.0,0.0,28.34,2025-11-30T09:04:37.188100+00:00,2025-11-30T09:04:37.188135+00:00
3603,318,24,0.0,14.07,43.66,2025-11-30T09:04:37.191662+00:00,2025-11-30T09:04:37.191671+00:00
3604,318,20,0.0,35.95,13.73,2025-11-30T09:04:37.194117+00:00,2025-11-30T09:04:37.194126+00:00
3605,318,33,0.0,41.67,23.87,2025-11-30T09:04:37.197653+00:00,2025-11-30T09:04:37.197663+00:00
3606,318,36,0.0,135.2,40.8,2025-11-30T09:04:37.199900+00:00,2025-11-30T09:04:37.199908+00:00
3607,319,21,0.0,0.0,24.05,2025-11-30T09:04:37.202298+00:00,2025-11-30T09:04:37.202306+00:00
3608,319,27,0.0,75.84,45.79,2025-11-30T09:04:37.204202+00:00,2025-11-30T09:04:37.204209+00:00
3609,319,24,19.47,0.0,11.64,2025-11-30T09:04:37.208563+00:00,2025-11-30T09:04:37.208572+00:00
3610,319,39,0.0,0.0,38.58,2025-11-30T09:04:37.210718+00:00,2025-11-30T09:04:37.210727+00:00
3611,319,17,0.0,0.0,18.79,2025-11-30T09:04:37.212791+00:00,2025-11-30T09:04:37.212798+00:00
3612,319,28,0.0,0.0,48.36,2025-11-30T09:04:37.214710+00:00,2025-11-30T09:04:37.214717+00:00
3613,319,36,8.33,0.0,5.6,2025-11-30T09:04:37.216783+00:00,2025-11-30T09:04:37.216790+00:00
3614,319,30,68.66,0.0,32.24,2025-11-30T09:04:37.219263+00:00,2025-11-30T09:04:37.219269+00:00
3615,319,38,0.0,0.0,9.58,2025-11-30T09:04:37.221705+00:00,2025-11-30T09:04:37.221718+00:00
3616,319,25,0.0,0.0,1.5,2025-11-30T09:04:37.224753+00:00,2025-11-30T09:04:37.224763+00:00
3617,319,37,0.0,0.0,49.41,2025-11-30T09:04:37.226759+00:00,2025-11-30T09:04:37.226892+00:00
3618,319,26,92.1,0.0,33.35,2025-11-30T09:04:37.230745+00:00,2025-11-30T09:04:37.230755+00:00
3619,319,42,0.0,0.0,42.59,2025-11-30T09:04:37.233295+00:00,2025-11-30T09:04:37.233303+00:00
3620,319,41,38.14,0.0,19.09,2025-11-30T09:04:37.235291+00:00,2025-11-30T09:04:37.235298+00:00
3621,319,32,0.0,0.0,8.84,2025-11-30T09:04:37.237659+00:00,2025-11-30T09:04:37.237670+00:00
3622,319,43,137.89,0.0,45.44,2025-11-30T09:04:37.241584+00:00,2025-11-30T09:04:37.241595+00:00
3623,319,29,0.0,0.0,14.14,2025-11-30T09:04:37.244330+00:00,2025-11-30T09:04:37.244336+00:00
3624,320,41,0.0,23.78,52.21,2025-11-30T09:04:37.246692+00:00,2025-11-30T09:04:37.246699+00:00
3625,320,19,3.76,0.0,79.86,2025-11-30T09:04:37.249052+00:00,2025-11-30T09:04:37.249059+00:00
3626,320,23,0.0,0.0,38.79,2025-11-30T09:04:37.251031+00:00,2025-11-30T09:04:37.251037+00:00
3627,320,43,0.0,0.0,17.82,2025-11-30T09:04:37.253030+00:00,2025-11-30T09:04:37.253037+00:00
3628,320,37,0.0,0.0,30.12,2025-11-30T09:04:37.255635+00:00,2025-11-30T09:04:37.255652+00:00
3629,320,15,0.0,50.79,34.65,2025-11-30T09:04:37.259880+00:00,2025-11-30T09:04:37.259892+00:00
3630,320,32,14.49,36.21,29.82,2025-11-30T09:04:37.264057+00:00,2025-11-30T09:04:37.264068+00:00
3631,320,42,0.0,0.0,48.95,2025-11-30T09:04:37.267205+00:00,2025-11-30T09:04:37.267215+00:00
3632,320,22,0.0,0.0,25.66,2025-11-30T09:04:37.269726+00:00,2025-11-30T09:04:37.269734+00:00
3633,320,25,0.0,0.0,42.11,2025-11-30T09:04:37.272828+00:00,2025-11-30T09:04:37.272851+00:00
3634,320,16,0.0,0.0,31.56,2025-11-30T09:04:37.277030+00:00,2025-11-30T09:04:37.277039+00:00
3635,320,38,74.95,0.0,38.0,2025-11-30T09:04:37.279840+00:00,2025-11-30T09:04:37.279848+00:00
3636,320,36,0.0,0.0,26.27,2025-11-30T09:04:37.281849+00:00,2025-11-30T09:04:37.281855+00:00
3637,320,27,0.0,0.0,30.81,2025-11-30T09:04:37.283723+00:00,2025-11-30T09:04:37.283729+00:00
3638,320,17,45.49,0.0,23.09,2025-11-30T09:04:37.285762+00:00,2025-11-30T09:04:37.285768+00:00
3639,320,44,0.0,0.0,36.69,2025-11-30T09:04:37.289160+00:00,2025-11-30T09:04:37.289171+00:00
3640,321,32,0.0,78.11,29.88,2025-11-30T09:04:37.292251+00:00,2025-11-30T09:04:37.292260+00:00
3641,321,17,9.29,0.0,6.35,2025-11-30T09:04:37.294646+00:00,2025-11-30T09:04:37.294657+00:00
3642,321,21,0.0,65.47,70.28,2025-11-30T09:04:37.298886+00:00,2025-11-30T09:04:37.298895+00:00
3643,321,24,34.13,0.0,16.36,2025-11-30T09:04:37.301986+00:00,2025-11-30T09:04:37.301995+00:00
3644,321,16,25.34,0.0,13.1,2025-11-30T09:04:37.304227+00:00,2025-11-30T09:04:37.304236+00:00
3645,321,27,0.0,109.23,49.69,2025-11-30T09:04:37.307937+00:00,2025-11-30T09:04:37.307946+00:00
3646,321,33,0.0,73.18,44.82,2025-11-30T09:04:37.310163+00:00,2025-11-30T09:04:37.310169+00:00
3647,321,15,57.54,0.0,20.97,2025-11-30T09:04:37.312165+00:00,2025-11-30T09:04:37.312199+00:00
3648,321,35,0.0,16.38,9.84,2025-11-30T09:04:37.314115+00:00,2025-11-30T09:04:37.314120+00:00
3649,321,30,0.0,0.0,46.74,2025-11-30T09:04:37.315835+00:00,2025-11-30T09:04:37.315841+00:00
3650,321,22,81.03,0.0,40.82,2025-11-30T09:04:37.318396+00:00,2025-11-30T09:04:37.318403+00:00
3651,321,29,0.0,0.0,25.17,2025-11-30T09:04:37.320713+00:00,2025-11-30T09:04:37.320721+00:00
3652,321,36,135.49,0.0,43.85,2025-11-30T09:04:37.324319+00:00,2025-11-30T09:04:37.324328+00:00
3653,321,40,0.0,0.0,2.64,2025-11-30T09:04:37.326898+00:00,2025-11-30T09:04:37.326907+00:00
3654,321,41,47.56,0.0,21.46,2025-11-30T09:04:37.330195+00:00,2025-11-30T09:04:37.330204+00:00
3655,321,34,0.0,0.0,38.22,2025-11-30T09:04:37.332703+00:00,2025-11-30T09:04:37.332710+00:00
3656,321,39,0.0,22.25,10.28,2025-11-30T09:04:37.334697+00:00,2025-11-30T09:04:37.334702+00:00
3657,321,23,0.0,82.66,35.02,2025-11-30T09:04:37.336630+00:00,2025-11-30T09:04:37.336637+00:00
3658,321,20,0.0,0.0,36.24,2025-11-30T09:04:37.340274+00:00,2025-11-30T09:04:37.340284+00:00
3659,322,42,85.01,64.59,151.23,2025-11-30T09:04:37.342966+00:00,2025-11-30T09:04:37.342973+00:00
3660,322,18,0.0,112.34,38.33,2025-11-30T09:04:37.344922+00:00,2025-11-30T09:04:37.344929+00:00
3661,322,30,63.12,0.0,27.63,2025-11-30T09:04:37.347119+00:00,2025-11-30T09:04:37.347129+00:00
3662,322,38,103.28,0.0,81.67,2025-11-30T09:04:37.349183+00:00,2025-11-30T09:04:37.349191+00:00
3663,322,28,0.0,19.64,9.7,2025-11-30T09:04:37.350869+00:00,2025-11-30T09:04:37.350876+00:00
3664,322,44,0.0,0.0,19.46,2025-11-30T09:04:37.352583+00:00,2025-11-30T09:04:37.352589+00:00
3665,322,33,22.84,0.0,15.73,2025-11-30T09:04:37.354435+00:00,2025-11-30T09:04:37.354442+00:00
3666,322,25,0.0,41.27,17.61,2025-11-30T09:04:37.358516+00:00,2025-11-30T09:04:37.358525+00:00
3667,322,31,0.0,0.0,10.43,2025-11-30T09:04:37.361745+00:00,2025-11-30T09:04:37.361756+00:00
3668,322,20,0.0,109.9,78.22,2025-11-30T09:04:37.365015+00:00,2025-11-30T09:04:37.365027+00:00
3669,322,27,0.0,0.0,29.42,2025-11-30T09:04:37.367632+00:00,2025-11-30T09:04:37.367640+00:00
3670,322,23,0.0,0.0,37.85,2025-11-30T09:04:37.369895+00:00,2025-11-30T09:04:37.369903+00:00
3671,322,17,13.03,0.0,7.84,2025-11-30T09:04:37.373397+00:00,2025-11-30T09:04:37.373408+00:00
3672,322,26,0.0,35.48,40.93,2025-11-30T09:04:37.376328+00:00,2025-11-30T09:04:37.376337+00:00
3673,322,32,45.78,0.0,13.8,2025-11-30T09:04:37.379200+00:00,2025-11-30T09:04:37.379209+00:00
3674,322,15,54.5,0.0,25.75,2025-11-30T09:04:37.382400+00:00,2025-11-30T09:04:37.382409+00:00
3675,322,19,13.83,0.0,8.24,2025-11-30T09:04:37.385036+00:00,2025-11-30T09:04:37.385046+00:00
3676,323,21,82.47,0.0,42.7,2025-11-30T09:04:37.387795+00:00,2025-11-30T09:04:37.387811+00:00
3677,323,35,0.0,0.0,55.02,2025-11-30T09:04:37.392354+00:00,2025-11-30T09:04:37.392364+00:00
3678,323,27,3.47,60.46,39.06,2025-11-30T09:04:37.394896+00:00,2025-11-30T09:04:37.394907+00:00
3679,323,20,89.17,85.67,75.72,2025-11-30T09:04:37.398042+00:00,2025-11-30T09:04:37.398051+00:00
3680,323,24,0.0,67.56,71.58,2025-11-30T09:04:37.400827+00:00,2025-11-30T09:04:37.400837+00:00
3681,323,17,0.0,23.98,13.45,2025-11-30T09:04:37.402752+00:00,2025-11-30T09:04:37.402759+00:00
3682,323,18,50.82,25.44,33.5,2025-11-30T09:04:37.406076+00:00,2025-11-30T09:04:37.406088+00:00
3683,323,19,0.0,0.0,60.13,2025-11-30T09:04:37.409759+00:00,2025-11-30T09:04:37.409770+00:00
3684,323,26,63.54,0.0,32.06,2025-11-30T09:04:37.412152+00:00,2025-11-30T09:04:37.412160+00:00
3685,323,31,0.0,0.0,44.67,2025-11-30T09:04:37.414307+00:00,2025-11-30T09:04:37.414315+00:00
3686,323,28,0.0,30.69,41.12,2025-11-30T09:04:37.416534+00:00,2025-11-30T09:04:37.416541+00:00
3687,323,39,0.0,0.0,14.04,2025-11-30T09:04:37.419199+00:00,2025-11-30T09:04:37.419206+00:00
3688,323,40,57.54,0.0,34.66,2025-11-30T09:04:37.423896+00:00,2025-11-30T09:04:37.423907+00:00
3689,324,33,0.0,0.0,37.93,2025-11-30T09:04:37.426860+00:00,2025-11-30T09:04:37.426873+00:00
3690,324,20,0.0,0.0,48.67,2025-11-30T09:04:37.430031+00:00,2025-11-30T09:04:37.430041+00:00
3691,324,26,65.3,0.0,42.39,2025-11-30T09:04:37.432645+00:00,2025-11-30T09:04:37.432653+00:00
3692,324,30,21.96,0.0,14.65,2025-11-30T09:04:37.435028+00:00,2025-11-30T09:04:37.435035+00:00
3693,324,24,19.12,0.0,42.16,2025-11-30T09:04:37.437356+00:00,2025-11-30T09:04:37.437366+00:00
3694,324,38,0.0,14.93,23.64,2025-11-30T09:04:37.441574+00:00,2025-11-30T09:04:37.441584+00:00
3695,324,22,0.0,0.0,3.32,2025-11-30T09:04:37.444232+00:00,2025-11-30T09:04:37.444240+00:00
3696,324,35,0.0,0.0,13.59,2025-11-30T09:04:37.446338+00:00,2025-11-30T09:04:37.446345+00:00
3697,324,41,0.0,0.0,28.27,2025-11-30T09:04:37.448910+00:00,2025-11-30T09:04:37.448919+00:00
3698,324,16,0.0,53.58,17.3,2025-11-30T09:04:37.450926+00:00,2025-11-30T09:04:37.450932+00:00
3699,324,31,0.0,55.9,17.39,2025-11-30T09:04:37.452663+00:00,2025-11-30T09:04:37.452669+00:00
3700,324,44,0.0,0.0,24.92,2025-11-30T09:04:37.454605+00:00,2025-11-30T09:04:37.454635+00:00
3701,324,18,0.0,0.0,42.85,2025-11-30T09:04:37.458641+00:00,2025-11-30T09:04:37.458650+00:00
3702,324,27,0.0,0.0,59.86,2025-11-30T09:04:37.461381+00:00,2025-11-30T09:04:37.461392+00:00
3703,324,39,0.0,0.0,20.84,2025-11-30T09:04:37.464260+00:00,2025-11-30T09:04:37.464270+00:00
3704,324,32,20.64,0.0,10.46,2025-11-30T09:04:37.466236+00:00,2025-11-30T09:04:37.466243+00:00
3705,325,40,0.0,0.0,54.53,2025-11-30T09:04:37.468445+00:00,2025-11-30T09:04:37.468452+00:00
3706,325,15,0.0,82.52,78.08,2025-11-30T09:04:37.470301+00:00,2025-11-30T09:04:37.470307+00:00
3707,325,37,0.0,0.0,28.47,2025-11-30T09:04:37.474043+00:00,2025-11-30T09:04:37.474055+00:00
3708,325,18,44.71,40.49,35.99,2025-11-30T09:04:37.476801+00:00,2025-11-30T09:04:37.476811+00:00
3709,325,41,35.52,0.0,17.58,2025-11-30T09:04:37.479388+00:00,2025-11-30T09:04:37.479396+00:00
3710,325,43,2.29,0.0,1.56,2025-11-30T09:04:37.481999+00:00,2025-11-30T09:04:37.482006+00:00
3711,325,26,0.0,0.0,3.05,2025-11-30T09:04:37.483905+00:00,2025-11-30T09:04:37.483912+00:00
3712,325,42,0.0,0.0,2.81,2025-11-30T09:04:37.486434+00:00,2025-11-30T09:04:37.486443+00:00
3713,325,29,0.0,0.0,18.87,2025-11-30T09:04:37.490535+00:00,2025-11-30T09:04:37.490546+00:00
3714,325,22,0.0,125.46,39.21,2025-11-30T09:04:37.493154+00:00,2025-11-30T09:04:37.493163+00:00
3715,325,28,0.0,3.97,2.55,2025-11-30T09:04:37.495971+00:00,2025-11-30T09:04:37.495982+00:00
3716,325,31,0.0,20.01,53.94,2025-11-30T09:04:37.498786+00:00,2025-11-30T09:04:37.498794+00:00
3717,325,27,0.0,0.0,9.87,2025-11-30T09:04:37.501171+00:00,2025-11-30T09:04:37.501180+00:00
3718,325,16,0.0,0.0,22.54,2025-11-30T09:04:37.503364+00:00,2025-11-30T09:04:37.503370+00:00
3719,325,19,70.67,0.0,83.28,2025-11-30T09:04:37.507692+00:00,2025-11-30T09:04:37.507708+00:00
3720,326,29,86.57,0.0,35.6,2025-11-30T09:04:37.510642+00:00,2025-11-30T09:04:37.510651+00:00
3721,326,31,0.0,96.77,76.49,2025-11-30T09:04:37.512576+00:00,2025-11-30T09:04:37.512583+00:00
3722,326,28,0.0,0.0,27.82,2025-11-30T09:04:37.514693+00:00,2025-11-30T09:04:37.514700+00:00
3723,326,15,91.93,0.0,37.57,2025-11-30T09:04:37.516777+00:00,2025-11-30T09:04:37.516784+00:00
3724,326,16,55.79,0.0,38.94,2025-11-30T09:04:37.519539+00:00,2025-11-30T09:04:37.519547+00:00
3725,326,39,0.0,0.0,38.67,2025-11-30T09:04:37.523186+00:00,2025-11-30T09:04:37.523197+00:00
3726,326,38,73.65,0.0,36.92,2025-11-30T09:04:37.525838+00:00,2025-11-30T09:04:37.525848+00:00
3727,326,19,0.0,92.68,37.39,2025-11-30T09:04:37.528983+00:00,2025-11-30T09:04:37.529017+00:00
3728,326,41,0.0,0.0,6.63,2025-11-30T09:04:37.532707+00:00,2025-11-30T09:04:37.532738+00:00
3729,326,40,0.0,0.0,38.82,2025-11-30T09:04:37.535037+00:00,2025-11-30T09:04:37.535045+00:00
3730,326,25,31.39,0.0,18.38,2025-11-30T09:04:37.537126+00:00,2025-11-30T09:04:37.537134+00:00
3731,326,35,0.0,0.0,15.18,2025-11-30T09:04:37.541517+00:00,2025-11-30T09:04:37.541527+00:00
3732,326,26,0.0,9.44,3.29,2025-11-30T09:04:37.543740+00:00,2025-11-30T09:04:37.543747+00:00
3733,326,42,0.0,103.39,68.23,2025-11-30T09:04:37.545746+00:00,2025-11-30T09:04:37.545753+00:00
3734,326,43,0.0,0.0,6.03,2025-11-30T09:04:37.547719+00:00,2025-11-30T09:04:37.547725+00:00
3735,326,37,0.0,47.26,26.07,2025-11-30T09:04:37.549568+00:00,2025-11-30T09:04:37.549574+00:00
3736,326,27,89.53,0.0,42.56,2025-11-30T09:04:37.551600+00:00,2025-11-30T09:04:37.551606+00:00
3737,326,22,0.0,0.0,32.38,2025-11-30T09:04:37.553384+00:00,2025-11-30T09:04:37.553389+00:00
3738,326,24,0.0,0.0,44.4,2025-11-30T09:04:37.557310+00:00,2025-11-30T09:04:37.557320+00:00
3739,327,43,772.58,0.0,366.46,2025-11-30T09:04:37.560208+00:00,2025-11-30T09:04:37.560216+00:00
3740,327,18,0.0,0.0,178.46,2025-11-30T09:04:37.563836+00:00,2025-11-30T09:04:37.563845+00:00
3741,327,15,0.0,337.01,119.31,2025-11-30T09:04:37.566338+00:00,2025-11-30T09:04:37.566346+00:00
3742,327,41,0.0,0.0,681.5,2025-11-30T09:04:37.568971+00:00,2025-11-30T09:04:37.568979+00:00
3743,327,25,356.95,0.0,196.64,2025-11-30T09:04:37.570995+00:00,2025-11-30T09:04:37.571004+00:00
3744,327,28,0.0,380.13,220.67,2025-11-30T09:04:37.574890+00:00,2025-11-30T09:04:37.574900+00:00
3745,327,17,393.96,356.2,457.93,2025-11-30T09:04:37.577487+00:00,2025-11-30T09:04:37.577495+00:00
3746,327,29,285.0,0.0,128.61,2025-11-30T09:04:37.579980+00:00,2025-11-30T09:04:37.579988+00:00
3747,327,39,0.0,0.0,229.9,2025-11-30T09:04:37.582090+00:00,2025-11-30T09:04:37.582097+00:00
3748,327,26,549.46,0.0,491.21,2025-11-30T09:04:37.584054+00:00,2025-11-30T09:04:37.584060+00:00
3749,327,32,0.0,1104.37,471.77,2025-11-30T09:04:37.586258+00:00,2025-11-30T09:04:37.586267+00:00
3750,327,27,0.0,0.0,260.97,2025-11-30T09:04:37.590352+00:00,2025-11-30T09:04:37.590364+00:00
3751,327,31,688.62,0.0,342.25,2025-11-30T09:04:37.593227+00:00,2025-11-30T09:04:37.593239+00:00
3752,327,23,0.0,1206.75,638.03,2025-11-30T09:04:37.596401+00:00,2025-11-30T09:04:37.596412+00:00
3753,327,40,0.0,0.0,184.27,2025-11-30T09:04:37.599174+00:00,2025-11-30T09:04:37.599183+00:00
3754,327,37,680.79,0.0,324.8,2025-11-30T09:04:37.601558+00:00,2025-11-30T09:04:37.601566+00:00
3755,327,16,0.0,434.67,267.92,2025-11-30T09:04:37.603746+00:00,2025-11-30T09:04:37.603752+00:00
3756,328,40,0.0,0.0,26.25,2025-11-30T09:04:37.607618+00:00,2025-11-30T09:04:37.607628+00:00
3757,328,15,0.0,75.56,75.9,2025-11-30T09:04:37.609913+00:00,2025-11-30T09:04:37.609920+00:00
3758,328,35,37.45,0.0,14.12,2025-11-30T09:04:37.611971+00:00,2025-11-30T09:04:37.611978+00:00
3759,328,25,53.33,0.0,35.05,2025-11-30T09:04:37.614213+00:00,2025-11-30T09:04:37.614219+00:00
3760,328,22,0.0,13.69,45.77,2025-11-30T09:04:37.616585+00:00,2025-11-30T09:04:37.616592+00:00
3761,328,39,9.92,0.0,5.76,2025-11-30T09:04:37.619843+00:00,2025-11-30T09:04:37.619853+00:00
3762,328,43,13.01,0.0,8.88,2025-11-30T09:04:37.623940+00:00,2025-11-30T09:04:37.623950+00:00
3763,328,28,0.0,16.1,61.84,2025-11-30T09:04:37.626092+00:00,2025-11-30T09:04:37.626099+00:00
3764,328,33,0.0,0.0,39.09,2025-11-30T09:04:37.630032+00:00,2025-11-30T09:04:37.630042+00:00
3765,328,31,0.0,0.0,30.34,2025-11-30T09:04:37.632519+00:00,2025-11-30T09:04:37.632527+00:00
3766,328,19,20.32,0.0,11.98,2025-11-30T09:04:37.635425+00:00,2025-11-30T09:04:37.635432+00:00
3767,328,30,3.05,0.0,2.11,2025-11-30T09:04:37.638025+00:00,2025-11-30T09:04:37.638051+00:00
3768,328,24,0.0,0.0,15.24,2025-11-30T09:04:37.641919+00:00,2025-11-30T09:04:37.641932+00:00
3769,328,27,0.0,0.0,10.31,2025-11-30T09:04:37.643981+00:00,2025-11-30T09:04:37.643993+00:00
3770,328,18,0.0,0.0,54.14,2025-11-30T09:04:37.645874+00:00,2025-11-30T09:04:37.645879+00:00
3771,328,44,3.19,0.0,15.05,2025-11-30T09:04:37.648468+00:00,2025-11-30T09:04:37.648475+00:00
3772,328,37,0.0,68.84,29.25,2025-11-30T09:04:37.650605+00:00,2025-11-30T09:04:37.650612+00:00
3773,328,23,0.0,69.64,34.09,2025-11-30T09:04:37.652845+00:00,2025-11-30T09:04:37.652851+00:00
3774,328,20,0.0,0.0,40.7,2025-11-30T09:04:37.655862+00:00,2025-11-30T09:04:37.655872+00:00
3775,328,38,73.94,0.0,45.35,2025-11-30T09:04:37.659121+00:00,2025-11-30T09:04:37.659131+00:00
3776,329,17,0.0,60.42,41.11,2025-11-30T09:04:37.662069+00:00,2025-11-30T09:04:37.662081+00:00
3777,329,26,66.82,0.0,75.59,2025-11-30T09:04:37.664868+00:00,2025-11-30T09:04:37.664877+00:00
3778,329,22,99.89,20.93,52.01,2025-11-30T09:04:37.667497+00:00,2025-11-30T09:04:37.667506+00:00
3779,329,41,67.56,0.0,75.14,2025-11-30T09:04:37.669670+00:00,2025-11-30T09:04:37.669678+00:00
3780,329,28,0.0,0.0,24.06,2025-11-30T09:04:37.672630+00:00,2025-11-30T09:04:37.672657+00:00
3781,329,44,102.99,0.0,54.39,2025-11-30T09:04:37.675857+00:00,2025-11-30T09:04:37.675865+00:00
3782,329,23,0.0,0.0,86.83,2025-11-30T09:04:37.678169+00:00,2025-11-30T09:04:37.678178+00:00
3783,329,32,0.0,0.0,54.98,2025-11-30T09:04:37.680408+00:00,2025-11-30T09:04:37.680416+00:00
3784,329,21,0.0,19.57,7.53,2025-11-30T09:04:37.682610+00:00,2025-11-30T09:04:37.682617+00:00
3785,329,29,0.0,0.0,22.85,2025-11-30T09:04:37.684940+00:00,2025-11-30T09:04:37.684946+00:00
3786,329,31,0.0,8.26,5.57,2025-11-30T09:04:37.687128+00:00,2025-11-30T09:04:37.687138+00:00
3787,329,16,0.0,0.0,10.29,2025-11-30T09:04:37.691347+00:00,2025-11-30T09:04:37.691357+00:00
3788,329,24,0.0,0.0,45.11,2025-11-30T09:04:37.693690+00:00,2025-11-30T09:04:37.693698+00:00
3789,329,30,0.0,0.0,37.56,2025-11-30T09:04:37.697283+00:00,2025-11-30T09:04:37.697293+00:00
3790,329,25,0.0,0.0,48.93,2025-11-30T09:04:37.699786+00:00,2025-11-30T09:04:37.699794+00:00
3791,329,34,0.0,0.0,11.47,2025-11-30T09:04:37.701770+00:00,2025-11-30T09:04:37.701778+00:00
3792,330,43,0.0,0.0,78.68,2025-11-30T09:04:37.703625+00:00,2025-11-30T09:04:37.703632+00:00
3793,330,33,0.0,0.0,28.14,2025-11-30T09:04:37.707641+00:00,2025-11-30T09:04:37.707651+00:00
3794,330,16,119.47,0.0,41.1,2025-11-30T09:04:37.710096+00:00,2025-11-30T09:04:37.710104+00:00
3795,330,28,0.0,0.0,54.46,2025-11-30T09:04:37.712131+00:00,2025-11-30T09:04:37.712137+00:00
3796,330,25,0.0,0.0,43.48,2025-11-30T09:04:37.714300+00:00,2025-11-30T09:04:37.714307+00:00
3797,330,27,0.0,52.12,31.99,2025-11-30T09:04:37.716112+00:00,2025-11-30T09:04:37.716117+00:00
3798,330,15,0.0,0.0,31.93,2025-11-30T09:04:37.718662+00:00,2025-11-30T09:04:37.718670+00:00
3799,330,23,0.0,0.0,70.41,2025-11-30T09:04:37.721628+00:00,2025-11-30T09:04:37.721640+00:00
3800,330,37,0.0,0.0,18.13,2025-11-30T09:04:37.724758+00:00,2025-11-30T09:04:37.724767+00:00
3801,330,21,0.0,0.0,6.63,2025-11-30T09:04:37.726956+00:00,2025-11-30T09:04:37.726963+00:00
3802,330,17,107.78,0.0,43.37,2025-11-30T09:04:37.729947+00:00,2025-11-30T09:04:37.729958+00:00
3803,330,31,0.0,0.0,5.18,2025-11-30T09:04:37.732497+00:00,2025-11-30T09:04:37.732506+00:00
3804,330,41,0.0,0.0,28.69,2025-11-30T09:04:37.734739+00:00,2025-11-30T09:04:37.734745+00:00
3805,330,39,0.0,0.0,38.63,2025-11-30T09:04:37.737078+00:00,2025-11-30T09:04:37.737086+00:00
3806,330,22,14.15,0.0,8.53,2025-11-30T09:04:37.741262+00:00,2025-11-30T09:04:37.741271+00:00
3807,330,26,0.0,0.0,16.97,2025-11-30T09:04:37.743727+00:00,2025-11-30T09:04:37.743735+00:00
3808,332,30,90.19,0.0,33.4,2025-11-30T09:04:37.745826+00:00,2025-11-30T09:04:37.745833+00:00
3809,332,24,0.0,48.64,43.55,2025-11-30T09:04:37.749066+00:00,2025-11-30T09:04:37.749073+00:00
3810,332,20,78.59,23.76,48.7,2025-11-30T09:04:37.751121+00:00,2025-11-30T09:04:37.751128+00:00
3811,332,27,84.68,47.06,61.6,2025-11-30T09:04:37.753065+00:00,2025-11-30T09:04:37.753070+00:00
3812,332,34,0.0,0.0,44.55,2025-11-30T09:04:37.756592+00:00,2025-11-30T09:04:37.756602+00:00
3813,332,21,0.0,103.21,35.84,2025-11-30T09:04:37.759176+00:00,2025-11-30T09:04:37.759187+00:00
3814,332,35,0.0,0.0,42.12,2025-11-30T09:04:37.761931+00:00,2025-11-30T09:04:37.761947+00:00
3815,332,26,0.0,0.0,83.85,2025-11-30T09:04:37.764538+00:00,2025-11-30T09:04:37.764546+00:00
3816,332,33,0.0,0.0,28.95,2025-11-30T09:04:37.767013+00:00,2025-11-30T09:04:37.767023+00:00
3817,332,39,0.0,37.8,33.96,2025-11-30T09:04:37.769458+00:00,2025-11-30T09:04:37.769465+00:00
3818,332,36,20.12,0.0,11.63,2025-11-30T09:04:37.772368+00:00,2025-11-30T09:04:37.772379+00:00
3819,332,31,0.0,0.0,40.95,2025-11-30T09:04:37.776068+00:00,2025-11-30T09:04:37.776078+00:00
3820,332,17,0.0,63.25,35.32,2025-11-30T09:04:37.778787+00:00,2025-11-30T09:04:37.778795+00:00
3821,332,40,0.0,42.66,24.17,2025-11-30T09:04:37.781322+00:00,2025-11-30T09:04:37.781330+00:00
3822,332,32,0.0,66.15,43.61,2025-11-30T09:04:37.783325+00:00,2025-11-30T09:04:37.783332+00:00
3823,332,19,79.18,0.0,30.81,2025-11-30T09:04:37.785687+00:00,2025-11-30T09:04:37.785694+00:00
3824,333,31,1.62,0.0,46.21,2025-11-30T09:04:37.789356+00:00,2025-11-30T09:04:37.789367+00:00
3825,333,35,0.0,0.0,24.74,2025-11-30T09:04:37.792081+00:00,2025-11-30T09:04:37.792090+00:00
3826,333,38,95.11,0.0,68.01,2025-11-30T09:04:37.794180+00:00,2025-11-30T09:04:37.794190+00:00
3827,333,19,57.0,0.0,38.15,2025-11-30T09:04:37.798048+00:00,2025-11-30T09:04:37.798058+00:00
3828,333,44,0.0,133.24,63.21,2025-11-30T09:04:37.800563+00:00,2025-11-30T09:04:37.800571+00:00
3829,333,30,0.0,0.0,15.72,2025-11-30T09:04:37.802710+00:00,2025-11-30T09:04:37.802717+00:00
3830,333,40,0.0,0.0,10.5,2025-11-30T09:04:37.805722+00:00,2025-11-30T09:04:37.805734+00:00
3831,333,25,19.88,0.0,36.86,2025-11-30T09:04:37.809242+00:00,2025-11-30T09:04:37.809251+00:00
3832,333,28,89.82,0.0,47.68,2025-11-30T09:04:37.811633+00:00,2025-11-30T09:04:37.811640+00:00
3833,333,21,0.0,0.0,11.13,2025-11-30T09:04:37.813757+00:00,2025-11-30T09:04:37.813764+00:00
3834,333,16,0.0,15.99,6.65,2025-11-30T09:04:37.815903+00:00,2025-11-30T09:04:37.815959+00:00
3835,333,34,0.0,0.0,18.41,2025-11-30T09:04:37.818453+00:00,2025-11-30T09:04:37.818459+00:00
3836,333,15,0.0,91.09,30.72,2025-11-30T09:04:37.821724+00:00,2025-11-30T09:04:37.821736+00:00
3837,333,22,0.0,0.0,18.88,2025-11-30T09:04:37.825187+00:00,2025-11-30T09:04:37.825198+00:00
3838,333,42,0.0,0.0,6.71,2025-11-30T09:04:37.827989+00:00,2025-11-30T09:04:37.827999+00:00
3839,333,23,0.0,0.0,4.16,2025-11-30T09:04:37.831249+00:00,2025-11-30T09:04:37.831259+00:00
3840,333,17,16.38,0.0,43.14,2025-11-30T09:04:37.833813+00:00,2025-11-30T09:04:37.833821+00:00
3841,334,41,107.08,0.0,45.99,2025-11-30T09:04:37.835868+00:00,2025-11-30T09:04:37.835876+00:00
3842,334,38,21.77,0.0,26.87,2025-11-30T09:04:37.839033+00:00,2025-11-30T09:04:37.839043+00:00
3843,334,36,0.0,63.22,95.62,2025-11-30T09:04:37.842450+00:00,2025-11-30T09:04:37.842459+00:00
3844,334,39,0.0,0.0,12.6,2025-11-30T09:04:37.845169+00:00,2025-11-30T09:04:37.845176+00:00
3845,334,26,0.0,0.0,46.7,2025-11-30T09:04:37.848878+00:00,2025-11-30T09:04:37.848886+00:00
3846,334,27,218.53,0.0,71.41,2025-11-30T09:04:37.852504+00:00,2025-11-30T09:04:37.852512+00:00
3847,334,32,0.0,0.0,32.01,2025-11-30T09:04:37.855617+00:00,2025-11-30T09:04:37.855628+00:00
3848,334,40,0.0,147.96,87.54,2025-11-30T09:04:37.859829+00:00,2025-11-30T09:04:37.859838+00:00
3849,334,29,54.82,0.0,48.53,2025-11-30T09:04:37.865747+00:00,2025-11-30T09:04:37.865756+00:00
3850,334,35,0.0,0.0,49.8,2025-11-30T09:04:37.868647+00:00,2025-11-30T09:04:37.868656+00:00
3851,334,20,0.0,0.0,18.43,2025-11-30T09:04:37.873032+00:00,2025-11-30T09:04:37.873044+00:00
3852,334,22,0.0,0.0,31.44,2025-11-30T09:04:37.877174+00:00,2025-11-30T09:04:37.877182+00:00
3853,334,18,0.0,0.0,22.66,2025-11-30T09:04:37.880261+00:00,2025-11-30T09:04:37.880268+00:00
3854,334,37,0.0,55.96,34.84,2025-11-30T09:04:37.884528+00:00,2025-11-30T09:04:37.884535+00:00
3855,334,25,0.0,57.99,22.43,2025-11-30T09:04:37.886629+00:00,2025-11-30T09:04:37.886636+00:00
3856,335,17,31.91,0.0,48.41,2025-11-30T09:04:37.892302+00:00,2025-11-30T09:04:37.892311+00:00
3857,335,41,0.0,0.0,43.39,2025-11-30T09:04:37.900357+00:00,2025-11-30T09:04:37.900366+00:00
3858,335,43,22.14,0.0,15.15,2025-11-30T09:04:37.905210+00:00,2025-11-30T09:04:37.905220+00:00
3859,335,22,0.0,81.36,24.49,2025-11-30T09:04:37.909354+00:00,2025-11-30T09:04:37.909363+00:00
3860,335,16,29.56,5.02,20.75,2025-11-30T09:04:37.913434+00:00,2025-11-30T09:04:37.913441+00:00
3861,335,28,0.0,0.0,46.98,2025-11-30T09:04:37.917520+00:00,2025-11-30T09:04:37.917528+00:00
3862,335,40,0.0,0.0,15.24,2025-11-30T09:04:37.919619+00:00,2025-11-30T09:04:37.919625+00:00
3863,335,36,0.0,0.0,59.45,2025-11-30T09:04:37.925114+00:00,2025-11-30T09:04:37.925123+00:00
3864,335,25,47.81,0.0,31.78,2025-11-30T09:04:37.929327+00:00,2025-11-30T09:04:37.929337+00:00
3865,335,19,12.55,0.0,33.23,2025-11-30T09:04:37.932526+00:00,2025-11-30T09:04:37.932535+00:00
3866,335,26,0.0,0.0,37.02,2025-11-30T09:04:37.935151+00:00,2025-11-30T09:04:37.935158+00:00
3867,335,27,0.0,3.68,58.2,2025-11-30T09:04:37.939824+00:00,2025-11-30T09:04:37.939835+00:00
3868,335,15,0.0,0.0,33.51,2025-11-30T09:04:37.943869+00:00,2025-11-30T09:04:37.943876+00:00
3869,335,24,0.0,0.0,2.66,2025-11-30T09:04:37.946054+00:00,2025-11-30T09:04:37.946060+00:00
3870,335,30,37.02,0.0,59.75,2025-11-30T09:04:37.948581+00:00,2025-11-30T09:04:37.948589+00:00
3871,335,42,86.65,0.0,39.64,2025-11-30T09:04:37.951322+00:00,2025-11-30T09:04:37.951328+00:00
3872,337,27,65.47,0.0,38.75,2025-11-30T09:04:37.953411+00:00,2025-11-30T09:04:37.953417+00:00
3873,337,44,0.0,0.0,35.37,2025-11-30T09:04:37.956676+00:00,2025-11-30T09:04:37.956687+00:00
3874,337,32,0.0,0.0,31.97,2025-11-30T09:04:37.959572+00:00,2025-11-30T09:04:37.959582+00:00
3875,337,33,0.0,116.12,37.2,2025-11-30T09:04:37.962836+00:00,2025-11-30T09:04:37.962846+00:00
3876,337,21,0.0,38.82,58.36,2025-11-30T09:04:37.965250+00:00,2025-11-30T09:04:37.965257+00:00
3877,337,28,114.23,0.0,45.94,2025-11-30T09:04:37.969645+00:00,2025-11-30T09:04:37.969652+00:00
3878,337,34,62.63,0.0,27.93,2025-11-30T09:04:37.973906+00:00,2025-11-30T09:04:37.973916+00:00
3879,337,23,0.0,0.0,59.85,2025-11-30T09:04:37.977642+00:00,2025-11-30T09:04:37.977673+00:00
3880,337,26,0.0,79.74,48.57,2025-11-30T09:04:37.980345+00:00,2025-11-30T09:04:37.980353+00:00
3881,337,20,0.0,0.0,46.47,2025-11-30T09:04:37.983856+00:00,2025-11-30T09:04:37.983863+00:00
3882,337,30,0.0,0.0,2.82,2025-11-30T09:04:37.990071+00:00,2025-11-30T09:04:37.990080+00:00
3883,337,40,0.0,60.75,23.85,2025-11-30T09:04:37.992987+00:00,2025-11-30T09:04:37.992995+00:00
3884,337,39,0.0,148.41,46.71,2025-11-30T09:04:37.996428+00:00,2025-11-30T09:04:37.996438+00:00
3885,337,17,0.0,0.0,22.94,2025-11-30T09:04:37.999578+00:00,2025-11-30T09:04:37.999588+00:00
3886,337,38,0.0,0.0,37.19,2025-11-30T09:04:38.005686+00:00,2025-11-30T09:04:38.005697+00:00
3887,337,36,74.42,71.91,82.22,2025-11-30T09:04:38.009102+00:00,2025-11-30T09:04:38.009112+00:00
3888,337,31,0.0,0.0,7.62,2025-11-30T09:04:38.012824+00:00,2025-11-30T09:04:38.012832+00:00
3889,337,29,0.0,0.0,46.61,2025-11-30T09:04:38.014960+00:00,2025-11-30T09:04:38.014967+00:00
3890,337,41,0.0,108.89,41.72,2025-11-30T09:04:38.017568+00:00,2025-11-30T09:04:38.017576+00:00
3891,337,42,0.0,99.72,43.45,2025-11-30T09:04:38.019939+00:00,2025-11-30T09:04:38.019947+00:00
3892,338,31,17.26,73.95,43.58,2025-11-30T09:04:38.023673+00:00,2025-11-30T09:04:38.023682+00:00
3893,338,21,0.0,0.0,2.6,2025-11-30T09:04:38.026261+00:00,2025-11-30T09:04:38.026270+00:00
3894,338,43,0.0,80.67,52.44,2025-11-30T09:04:38.030132+00:00,2025-11-30T09:04:38.030142+00:00
3895,338,35,25.7,0.0,47.12,2025-11-30T09:04:38.032554+00:00,2025-11-30T09:04:38.032561+00:00
3896,338,34,21.91,0.0,10.86,2025-11-30T09:04:38.034861+00:00,2025-11-30T09:04:38.034867+00:00
3897,338,41,0.0,0.0,25.73,2025-11-30T09:04:38.037292+00:00,2025-11-30T09:04:38.037306+00:00
3898,338,25,0.0,0.0,32.81,2025-11-30T09:04:38.041231+00:00,2025-11-30T09:04:38.041241+00:00
3899,338,20,0.0,0.0,66.3,2025-11-30T09:04:38.043824+00:00,2025-11-30T09:04:38.043832+00:00
3900,338,42,0.0,0.0,23.06,2025-11-30T09:04:38.046001+00:00,2025-11-30T09:04:38.046008+00:00
3901,338,32,19.21,0.0,10.79,2025-11-30T09:04:38.049758+00:00,2025-11-30T09:04:38.049768+00:00
3902,338,18,49.78,0.0,20.5,2025-11-30T09:04:38.051802+00:00,2025-11-30T09:04:38.051809+00:00
3903,338,28,67.18,0.0,43.57,2025-11-30T09:04:38.054126+00:00,2025-11-30T09:04:38.054140+00:00
3904,338,37,0.0,10.26,4.53,2025-11-30T09:04:38.057936+00:00,2025-11-30T09:04:38.057946+00:00
3905,338,33,55.76,46.71,52.62,2025-11-30T09:04:38.060547+00:00,2025-11-30T09:04:38.060556+00:00
3906,338,44,0.0,62.06,32.28,2025-11-30T09:04:38.064627+00:00,2025-11-30T09:04:38.064636+00:00
3907,338,24,34.21,0.0,16.83,2025-11-30T09:04:38.068071+00:00,2025-11-30T09:04:38.068079+00:00
3908,338,15,0.0,54.69,35.75,2025-11-30T09:04:38.073051+00:00,2025-11-30T09:04:38.073063+00:00
3909,338,30,0.0,92.74,43.5,2025-11-30T09:04:38.076144+00:00,2025-11-30T09:04:38.076153+00:00
3910,340,28,0.0,0.0,314.0,2025-11-30T09:04:38.080253+00:00,2025-11-30T09:04:38.080261+00:00
3911,340,29,1118.71,0.0,881.3,2025-11-30T09:04:38.084316+00:00,2025-11-30T09:04:38.084324+00:00
3912,340,23,769.01,0.0,262.38,2025-11-30T09:04:38.090400+00:00,2025-11-30T09:04:38.090409+00:00
3913,340,25,0.0,1018.99,374.18,2025-11-30T09:04:38.094899+00:00,2025-11-30T09:04:38.094912+00:00
3914,340,44,0.0,0.0,199.87,2025-11-30T09:04:38.098448+00:00,2025-11-30T09:04:38.098456+00:00
3915,340,37,365.23,0.0,177.04,2025-11-30T09:04:38.101209+00:00,2025-11-30T09:04:38.101216+00:00
3916,340,20,288.0,0.0,152.63,2025-11-30T09:04:38.104469+00:00,2025-11-30T09:04:38.104498+00:00
3917,340,36,717.47,0.0,621.05,2025-11-30T09:04:38.108810+00:00,2025-11-30T09:04:38.108819+00:00
3918,340,32,0.0,0.0,231.62,2025-11-30T09:04:38.111837+00:00,2025-11-30T09:04:38.111846+00:00
3919,340,41,0.0,690.13,703.14,2025-11-30T09:04:38.116624+00:00,2025-11-30T09:04:38.116633+00:00
3920,340,22,0.0,0.0,230.98,2025-11-30T09:04:38.119272+00:00,2025-11-30T09:04:38.119293+00:00
3921,340,43,576.66,0.0,401.67,2025-11-30T09:04:38.123965+00:00,2025-11-30T09:04:38.123976+00:00
3922,340,21,209.31,0.0,126.2,2025-11-30T09:04:38.128129+00:00,2025-11-30T09:04:38.128140+00:00
3923,340,27,629.36,0.0,241.58,2025-11-30T09:04:38.131517+00:00,2025-11-30T09:04:38.131527+00:00
3924,341,17,0.0,579.26,698.67,2025-11-30T09:04:38.134206+00:00,2025-11-30T09:04:38.134214+00:00
3925,341,29,0.0,369.44,480.62,2025-11-30T09:04:38.136359+00:00,2025-11-30T09:04:38.136366+00:00
3926,341,15,130.36,0.0,82.39,2025-11-30T09:04:38.141271+00:00,2025-11-30T09:04:38.141281+00:00
3927,341,19,0.0,0.0,281.15,2025-11-30T09:04:38.145455+00:00,2025-11-30T09:04:38.145463+00:00
3928,341,28,555.36,0.0,203.84,2025-11-30T09:04:38.147681+00:00,2025-11-30T09:04:38.147690+00:00
3929,341,30,0.0,245.14,143.49,2025-11-30T09:04:38.150192+00:00,2025-11-30T09:04:38.150200+00:00
3930,341,42,0.0,0.0,148.55,2025-11-30T09:04:38.152654+00:00,2025-11-30T09:04:38.152662+00:00
3931,341,31,0.0,0.0,422.58,2025-11-30T09:04:38.157494+00:00,2025-11-30T09:04:38.157504+00:00
3932,341,25,295.92,0.0,108.01,2025-11-30T09:04:38.160666+00:00,2025-11-30T09:04:38.160676+00:00
3933,341,37,0.0,0.0,452.47,2025-11-30T09:04:38.166693+00:00,2025-11-30T09:04:38.166704+00:00
3934,341,36,0.0,0.0,111.23,2025-11-30T09:04:38.173362+00:00,2025-11-30T09:04:38.173373+00:00
3935,341,33,0.0,0.0,248.96,2025-11-30T09:04:38.177687+00:00,2025-11-30T09:04:38.177696+00:00
3936,341,26,0.0,268.7,245.79,2025-11-30T09:04:38.180940+00:00,2025-11-30T09:04:38.180948+00:00
3937,341,44,0.0,0.0,450.83,2025-11-30T09:04:38.183119+00:00,2025-11-30T09:04:38.183127+00:00
3938,341,35,352.51,0.0,123.48,2025-11-30T09:04:38.186086+00:00,2025-11-30T09:04:38.186093+00:00
3939,342,24,0.0,0.0,36.42,2025-11-30T09:04:38.190337+00:00,2025-11-30T09:04:38.190347+00:00
3940,342,42,0.0,121.17,70.01,2025-11-30T09:04:38.196079+00:00,2025-11-30T09:04:38.196090+00:00
3941,342,20,0.0,104.56,41.97,2025-11-30T09:04:38.199682+00:00,2025-11-30T09:04:38.199692+00:00
3942,342,36,0.0,0.0,8.08,2025-11-30T09:04:38.205471+00:00,2025-11-30T09:04:38.205505+00:00
3943,342,41,0.0,16.92,60.89,2025-11-30T09:04:38.209761+00:00,2025-11-30T09:04:38.209769+00:00
3944,342,17,0.0,0.0,42.43,2025-11-30T09:04:38.215046+00:00,2025-11-30T09:04:38.215055+00:00
3945,342,18,34.74,18.97,36.98,2025-11-30T09:04:38.218427+00:00,2025-11-30T09:04:38.218435+00:00
3946,342,39,0.0,0.0,1.47,2025-11-30T09:04:38.222157+00:00,2025-11-30T09:04:38.222171+00:00
3947,342,35,0.0,0.0,37.4,2025-11-30T09:04:38.225233+00:00,2025-11-30T09:04:38.225242+00:00
3948,342,15,48.13,62.83,58.71,2025-11-30T09:04:38.228936+00:00,2025-11-30T09:04:38.228946+00:00
3949,342,25,0.0,0.0,3.62,2025-11-30T09:04:38.231992+00:00,2025-11-30T09:04:38.232002+00:00
3950,342,23,0.0,0.0,41.36,2025-11-30T09:04:38.234617+00:00,2025-11-30T09:04:38.234626+00:00
3951,342,31,0.0,94.29,41.97,2025-11-30T09:04:38.237639+00:00,2025-11-30T09:04:38.237674+00:00
3952,342,16,0.0,0.0,46.16,2025-11-30T09:04:38.241568+00:00,2025-11-30T09:04:38.241578+00:00
3953,342,38,0.0,0.0,20.51,2025-11-30T09:04:38.243917+00:00,2025-11-30T09:04:38.243924+00:00
3954,342,34,0.0,0.0,4.77,2025-11-30T09:04:38.247821+00:00,2025-11-30T09:04:38.247828+00:00
3955,342,27,0.0,0.0,26.13,2025-11-30T09:04:38.249887+00:00,2025-11-30T09:04:38.249893+00:00
3956,343,27,106.49,0.0,38.34,2025-11-30T09:04:38.255774+00:00,2025-11-30T09:04:38.255783+00:00
3957,343,44,0.0,122.51,44.03,2025-11-30T09:04:38.259815+00:00,2025-11-30T09:04:38.259823+00:00
3958,343,17,0.0,0.0,20.12,2025-11-30T09:04:38.264142+00:00,2025-11-30T09:04:38.264152+00:00
3959,343,37,0.0,0.0,47.2,2025-11-30T09:04:38.268340+00:00,2025-11-30T09:04:38.268348+00:00
3960,343,29,0.0,0.0,5.5,2025-11-30T09:04:38.273908+00:00,2025-11-30T09:04:38.273917+00:00
3961,343,30,19.42,0.0,10.88,2025-11-30T09:04:38.277505+00:00,2025-11-30T09:04:38.277515+00:00
3962,343,23,80.56,0.0,34.14,2025-11-30T09:04:38.280313+00:00,2025-11-30T09:04:38.280320+00:00
3963,343,20,0.0,0.0,30.1,2025-11-30T09:04:38.283098+00:00,2025-11-30T09:04:38.283104+00:00
3964,343,31,0.0,57.19,62.54,2025-11-30T09:04:38.285239+00:00,2025-11-30T09:04:38.285245+00:00
3965,343,36,0.0,52.43,33.49,2025-11-30T09:04:38.290217+00:00,2025-11-30T09:04:38.290228+00:00
3966,343,43,201.16,0.0,86.97,2025-11-30T09:04:38.292754+00:00,2025-11-30T09:04:38.292761+00:00
3967,343,34,0.0,0.0,15.47,2025-11-30T09:04:38.297283+00:00,2025-11-30T09:04:38.297293+00:00
3968,343,26,94.26,20.22,55.45,2025-11-30T09:04:38.302132+00:00,2025-11-30T09:04:38.302141+00:00
3969,343,39,0.0,26.31,9.36,2025-11-30T09:04:38.306099+00:00,2025-11-30T09:04:38.306110+00:00
3970,343,42,46.13,78.17,75.45,2025-11-30T09:04:38.310058+00:00,2025-11-30T09:04:38.310069+00:00
3971,343,33,35.35,0.0,24.52,2025-11-30T09:04:38.313156+00:00,2025-11-30T09:04:38.313165+00:00
3972,343,32,60.35,0.0,19.41,2025-11-30T09:04:38.315469+00:00,2025-11-30T09:04:38.315474+00:00
3973,343,21,0.0,35.01,19.25,2025-11-30T09:04:38.319450+00:00,2025-11-30T09:04:38.319456+00:00
3974,343,24,0.0,72.52,27.48,2025-11-30T09:04:38.322749+00:00,2025-11-30T09:04:38.322759+00:00
3975,345,27,0.0,11.73,49.61,2025-11-30T09:04:38.325695+00:00,2025-11-30T09:04:38.325704+00:00
3976,345,43,0.0,0.0,65.98,2025-11-30T09:04:38.331147+00:00,2025-11-30T09:04:38.331159+00:00
3977,345,31,136.14,0.0,86.35,2025-11-30T09:04:38.334344+00:00,2025-11-30T09:04:38.334353+00:00
3978,345,44,0.0,72.87,73.83,2025-11-30T09:04:38.340966+00:00,2025-11-30T09:04:38.340975+00:00
3979,345,18,0.0,37.02,11.6,2025-11-30T09:04:38.345895+00:00,2025-11-30T09:04:38.345903+00:00
3980,345,28,0.0,82.36,74.74,2025-11-30T09:04:38.349654+00:00,2025-11-30T09:04:38.349662+00:00
3981,345,17,62.56,0.0,36.21,2025-11-30T09:04:38.352092+00:00,2025-11-30T09:04:38.352099+00:00
3982,345,38,40.86,0.0,44.06,2025-11-30T09:04:38.354907+00:00,2025-11-30T09:04:38.354920+00:00
3983,345,23,45.35,0.0,24.9,2025-11-30T09:04:38.358414+00:00,2025-11-30T09:04:38.358423+00:00
3984,345,30,34.1,81.4,52.66,2025-11-30T09:04:38.363355+00:00,2025-11-30T09:04:38.363367+00:00
3985,345,40,0.0,0.0,24.55,2025-11-30T09:04:38.366452+00:00,2025-11-30T09:04:38.366462+00:00
3986,345,34,0.0,0.0,27.89,2025-11-30T09:04:38.371855+00:00,2025-11-30T09:04:38.371865+00:00
3987,345,25,0.0,89.54,46.1,2025-11-30T09:04:38.376075+00:00,2025-11-30T09:04:38.376084+00:00
3988,346,24,0.0,0.0,37.15,2025-11-30T09:04:38.382440+00:00,2025-11-30T09:04:38.382451+00:00
3989,346,33,0.0,0.0,57.04,2025-11-30T09:04:38.387092+00:00,2025-11-30T09:04:38.387108+00:00
3990,346,23,2.53,81.32,55.8,2025-11-30T09:04:38.392473+00:00,2025-11-30T09:04:38.392483+00:00
3991,346,28,0.0,0.0,13.34,2025-11-30T09:04:38.397149+00:00,2025-11-30T09:04:38.397167+00:00
3992,346,38,0.0,0.0,9.35,2025-11-30T09:04:38.401925+00:00,2025-11-30T09:04:38.401936+00:00
3993,346,19,0.0,0.0,44.46,2025-11-30T09:04:38.406895+00:00,2025-11-30T09:04:38.406936+00:00
3994,346,31,0.0,0.0,30.52,2025-11-30T09:04:38.411355+00:00,2025-11-30T09:04:38.411365+00:00
3995,346,36,0.0,0.0,18.29,2025-11-30T09:04:38.414374+00:00,2025-11-30T09:04:38.414381+00:00
3996,346,18,0.0,0.0,30.48,2025-11-30T09:04:38.416783+00:00,2025-11-30T09:04:38.416790+00:00
3997,346,29,0.0,0.0,13.58,2025-11-30T09:04:38.419441+00:00,2025-11-30T09:04:38.419449+00:00
3998,346,30,0.0,64.92,41.11,2025-11-30T09:04:38.423868+00:00,2025-11-30T09:04:38.423878+00:00
3999,346,43,101.33,0.0,35.33,2025-11-30T09:04:38.427507+00:00,2025-11-30T09:04:38.427555+00:00
4000,346,20,0.0,0.0,53.33,2025-11-30T09:04:38.431614+00:00,2025-11-30T09:04:38.431623+00:00
4001,346,17,78.34,0.0,43.33,2025-11-30T09:04:38.434366+00:00,2025-11-30T09:04:38.434373+00:00
4002,346,37,0.0,0.0,48.6,2025-11-30T09:04:38.439943+00:00,2025-11-30T09:04:38.439954+00:00
4003,346,22,0.0,0.0,28.46,2025-11-30T09:04:38.445447+00:00,2025-11-30T09:04:38.445456+00:00
4004,346,35,0.0,43.15,24.44,2025-11-30T09:04:38.448031+00:00,2025-11-30T09:04:38.448039+00:00
4005,346,40,0.0,0.0,46.34,2025-11-30T09:04:38.451256+00:00,2025-11-30T09:04:38.451264+00:00
4006,346,42,0.0,0.0,6.46,2025-11-30T09:04:38.456131+00:00,2025-11-30T09:04:38.456172+00:00
4007,346,39,55.18,0.0,29.83,2025-11-30T09:04:38.459675+00:00,2025-11-30T09:04:38.459684+00:00
4008,347,25,35.56,0.0,22.97,2025-11-30T09:04:38.464221+00:00,2025-11-30T09:04:38.464231+00:00
4009,347,15,0.0,0.0,37.85,2025-11-30T09:04:38.467228+00:00,2025-11-30T09:04:38.467239+00:00
4010,347,26,0.0,67.45,40.03,2025-11-30T09:04:38.470150+00:00,2025-11-30T09:04:38.470158+00:00
4011,347,30,0.0,0.0,42.93,2025-11-30T09:04:38.474549+00:00,2025-11-30T09:04:38.474558+00:00
4012,347,18,0.0,114.7,77.69,2025-11-30T09:04:38.477832+00:00,2025-11-30T09:04:38.477840+00:00
4013,347,19,0.0,79.19,35.16,2025-11-30T09:04:38.481683+00:00,2025-11-30T09:04:38.481692+00:00
4014,347,16,0.0,0.0,40.8,2025-11-30T09:04:38.485010+00:00,2025-11-30T09:04:38.485019+00:00
4015,347,23,0.0,0.0,43.55,2025-11-30T09:04:38.488865+00:00,2025-11-30T09:04:38.488878+00:00
4016,347,27,0.0,29.54,12.86,2025-11-30T09:04:38.493212+00:00,2025-11-30T09:04:38.493222+00:00
4017,347,43,0.0,75.8,49.98,2025-11-30T09:04:38.497332+00:00,2025-11-30T09:04:38.497343+00:00
4018,347,29,0.0,0.0,60.45,2025-11-30T09:04:38.501077+00:00,2025-11-30T09:04:38.501085+00:00
4019,347,39,0.0,0.0,20.06,2025-11-30T09:04:38.503780+00:00,2025-11-30T09:04:38.503788+00:00
4020,347,37,0.0,66.36,37.03,2025-11-30T09:04:38.511862+00:00,2025-11-30T09:04:38.511871+00:00
4021,347,22,0.0,0.0,40.74,2025-11-30T09:04:38.516807+00:00,2025-11-30T09:04:38.516816+00:00
4022,347,24,0.0,0.0,3.26,2025-11-30T09:04:38.519931+00:00,2025-11-30T09:04:38.519939+00:00
4023,347,36,0.0,48.09,17.81,2025-11-30T09:04:38.524834+00:00,2025-11-30T09:04:38.524843+00:00
4024,347,17,0.0,0.0,31.04,2025-11-30T09:04:38.529257+00:00,2025-11-30T09:04:38.529268+00:00
4025,347,21,0.0,0.0,33.82,2025-11-30T09:04:38.533392+00:00,2025-11-30T09:04:38.533400+00:00
4026,348,41,275.47,0.0,167.57,2025-11-30T09:04:38.537192+00:00,2025-11-30T09:04:38.537205+00:00
4027,348,28,0.0,0.0,341.88,2025-11-30T09:04:38.541921+00:00,2025-11-30T09:04:38.541931+00:00
4028,348,36,0.0,224.25,129.55,2025-11-30T09:04:38.544764+00:00,2025-11-30T09:04:38.544771+00:00
4029,348,43,0.0,264.03,425.52,2025-11-30T09:04:38.547851+00:00,2025-11-30T09:04:38.547859+00:00
4030,348,34,0.0,0.0,419.26,2025-11-30T09:04:38.550358+00:00,2025-11-30T09:04:38.550365+00:00
4031,348,19,813.27,0.0,427.09,2025-11-30T09:04:38.555414+00:00,2025-11-30T09:04:38.555435+00:00
4032,348,27,0.0,0.0,351.45,2025-11-30T09:04:38.559702+00:00,2025-11-30T09:04:38.559711+00:00
4033,348,24,864.35,0.0,382.82,2025-11-30T09:04:38.563696+00:00,2025-11-30T09:04:38.563705+00:00
4034,348,32,0.0,1279.24,388.75,2025-11-30T09:04:38.567950+00:00,2025-11-30T09:04:38.567959+00:00
4035,348,30,1594.46,0.0,1293.28,2025-11-30T09:04:38.573326+00:00,2025-11-30T09:04:38.573336+00:00
4036,348,26,0.0,0.0,228.05,2025-11-30T09:04:38.576937+00:00,2025-11-30T09:04:38.576946+00:00
4037,348,23,0.0,1035.75,370.21,2025-11-30T09:04:38.580512+00:00,2025-11-30T09:04:38.580520+00:00
4038,348,37,0.0,595.51,388.2,2025-11-30T09:04:38.585658+00:00,2025-11-30T09:04:38.585666+00:00
4039,348,42,639.16,0.0,439.11,2025-11-30T09:04:38.589699+00:00,2025-11-30T09:04:38.589710+00:00
4040,348,15,0.0,898.8,694.13,2025-11-30T09:04:38.592811+00:00,2025-11-30T09:04:38.592820+00:00
4041,348,22,335.78,0.0,139.1,2025-11-30T09:04:38.596358+00:00,2025-11-30T09:04:38.596368+00:00
4042,348,40,0.0,0.0,103.62,2025-11-30T09:04:38.599608+00:00,2025-11-30T09:04:38.599618+00:00
4043,348,44,0.0,0.0,340.54,2025-11-30T09:04:38.602487+00:00,2025-11-30T09:04:38.602494+00:00
4044,348,33,0.0,0.0,167.79,2025-11-30T09:04:38.605748+00:00,2025-11-30T09:04:38.605766+00:00
4045,348,38,0.0,0.0,235.14,2025-11-30T09:04:38.609387+00:00,2025-11-30T09:04:38.609395+00:00
4046,349,17,109.94,6.15,72.38,2025-11-30T09:04:38.612878+00:00,2025-11-30T09:04:38.612885+00:00
4047,349,18,0.0,124.16,67.03,2025-11-30T09:04:38.615509+00:00,2025-11-30T09:04:38.615518+00:00
4048,349,36,64.98,0.0,127.08,2025-11-30T09:04:38.623036+00:00,2025-11-30T09:04:38.623046+00:00
4049,349,33,0.0,0.0,8.67,2025-11-30T09:04:38.627797+00:00,2025-11-30T09:04:38.627810+00:00
4050,349,44,67.35,0.0,30.8,2025-11-30T09:04:38.631813+00:00,2025-11-30T09:04:38.631822+00:00
4051,349,25,0.0,0.0,46.4,2025-11-30T09:04:38.634409+00:00,2025-11-30T09:04:38.634417+00:00
4052,349,23,0.0,0.0,27.58,2025-11-30T09:04:38.638169+00:00,2025-11-30T09:04:38.638182+00:00
4053,349,41,0.0,0.0,32.96,2025-11-30T09:04:38.642126+00:00,2025-11-30T09:04:38.642135+00:00
4054,349,40,0.0,0.0,30.74,2025-11-30T09:04:38.645796+00:00,2025-11-30T09:04:38.645803+00:00
4055,349,20,0.0,0.0,43.38,2025-11-30T09:04:38.649479+00:00,2025-11-30T09:04:38.649485+00:00
4056,349,38,0.0,0.0,39.08,2025-11-30T09:04:38.651940+00:00,2025-11-30T09:04:38.651947+00:00
4057,349,32,0.0,0.0,44.49,2025-11-30T09:04:38.656254+00:00,2025-11-30T09:04:38.656265+00:00
4058,349,43,0.0,47.15,31.58,2025-11-30T09:04:38.659523+00:00,2025-11-30T09:04:38.659531+00:00
4059,349,30,55.22,0.0,35.3,2025-11-30T09:04:38.663556+00:00,2025-11-30T09:04:38.663566+00:00
4060,349,22,0.0,0.0,48.99,2025-11-30T09:04:38.666412+00:00,2025-11-30T09:04:38.666419+00:00
4061,349,29,0.0,0.0,8.01,2025-11-30T09:04:38.669561+00:00,2025-11-30T09:04:38.669569+00:00
4062,350,19,143.93,0.0,81.63,2025-11-30T09:04:38.674917+00:00,2025-11-30T09:04:38.674926+00:00
4063,350,18,0.0,53.89,16.8,2025-11-30T09:04:38.678608+00:00,2025-11-30T09:04:38.678619+00:00
4064,350,37,0.0,106.31,87.28,2025-11-30T09:04:38.681561+00:00,2025-11-30T09:04:38.681570+00:00
4065,350,15,0.0,0.0,69.28,2025-11-30T09:04:38.685055+00:00,2025-11-30T09:04:38.685064+00:00
4066,350,28,0.0,0.0,46.13,2025-11-30T09:04:38.688758+00:00,2025-11-30T09:04:38.688767+00:00
4067,350,42,15.81,0.0,23.95,2025-11-30T09:04:38.693480+00:00,2025-11-30T09:04:38.693491+00:00
4068,350,26,0.0,62.21,87.46,2025-11-30T09:04:38.696726+00:00,2025-11-30T09:04:38.696736+00:00
4069,350,21,0.0,0.0,45.67,2025-11-30T09:04:38.702023+00:00,2025-11-30T09:04:38.702033+00:00
4070,350,36,109.0,0.0,34.66,2025-11-30T09:04:38.706141+00:00,2025-11-30T09:04:38.706152+00:00
4071,350,40,92.7,0.0,69.84,2025-11-30T09:04:38.711495+00:00,2025-11-30T09:04:38.711503+00:00
4072,350,38,0.0,59.99,23.43,2025-11-30T09:04:38.714648+00:00,2025-11-30T09:04:38.714656+00:00
4073,350,43,0.0,0.0,7.04,2025-11-30T09:04:38.716850+00:00,2025-11-30T09:04:38.716858+00:00
4074,350,27,0.0,36.69,115.57,2025-11-30T09:04:38.719754+00:00,2025-11-30T09:04:38.719764+00:00
4075,350,41,0.0,0.0,44.71,2025-11-30T09:04:38.724434+00:00,2025-11-30T09:04:38.724443+00:00
4076,351,15,0.0,37.65,41.66,2025-11-30T09:04:38.727099+00:00,2025-11-30T09:04:38.727109+00:00
4077,351,26,0.0,0.0,14.85,2025-11-30T09:04:38.731426+00:00,2025-11-30T09:04:38.731436+00:00
4078,351,38,45.37,0.0,13.88,2025-11-30T09:04:38.734259+00:00,2025-11-30T09:04:38.734268+00:00
4079,351,16,0.0,129.45,44.96,2025-11-30T09:04:38.736964+00:00,2025-11-30T09:04:38.736976+00:00
4080,351,44,0.0,0.0,25.37,2025-11-30T09:04:38.741822+00:00,2025-11-30T09:04:38.741831+00:00
4081,351,32,0.0,79.9,24.75,2025-11-30T09:04:38.744619+00:00,2025-11-30T09:04:38.744626+00:00
4082,351,25,0.0,0.0,9.03,2025-11-30T09:04:38.748004+00:00,2025-11-30T09:04:38.748011+00:00
4083,351,19,45.48,0.0,77.11,2025-11-30T09:04:38.750583+00:00,2025-11-30T09:04:38.750591+00:00
4084,351,20,0.0,0.0,4.95,2025-11-30T09:04:38.753016+00:00,2025-11-30T09:04:38.753023+00:00
4085,351,39,0.0,103.95,36.26,2025-11-30T09:04:38.757652+00:00,2025-11-30T09:04:38.757662+00:00
4086,351,43,0.0,34.06,38.21,2025-11-30T09:04:38.762224+00:00,2025-11-30T09:04:38.762235+00:00
4087,351,17,0.0,0.0,29.44,2025-11-30T09:04:38.765837+00:00,2025-11-30T09:04:38.765846+00:00
4088,351,28,0.0,0.0,40.75,2025-11-30T09:04:38.769015+00:00,2025-11-30T09:04:38.769024+00:00
4089,351,42,44.82,0.0,24.38,2025-11-30T09:04:38.773262+00:00,2025-11-30T09:04:38.773274+00:00
4090,351,35,0.0,43.82,28.81,2025-11-30T09:04:38.775847+00:00,2025-11-30T09:04:38.775854+00:00
4091,351,21,0.0,0.0,11.17,2025-11-30T09:04:38.778349+00:00,2025-11-30T09:04:38.778356+00:00
4092,351,36,0.0,0.0,34.96,2025-11-30T09:04:38.782392+00:00,2025-11-30T09:04:38.782399+00:00
4093,353,26,0.0,0.0,49.62,2025-11-30T09:04:38.785482+00:00,2025-11-30T09:04:38.785488+00:00
4094,353,35,0.0,40.67,79.71,2025-11-30T09:04:38.789061+00:00,2025-11-30T09:04:38.789071+00:00
4095,353,36,26.01,0.0,10.73,2025-11-30T09:04:38.792048+00:00,2025-11-30T09:04:38.792058+00:00
4096,353,41,0.0,0.0,54.77,2025-11-30T09:04:38.794899+00:00,2025-11-30T09:04:38.794909+00:00
4097,353,15,0.0,0.0,1.79,2025-11-30T09:04:38.800608+00:00,2025-11-30T09:04:38.800619+00:00
4098,353,19,0.0,76.54,37.17,2025-11-30T09:04:38.805910+00:00,2025-11-30T09:04:38.805924+00:00
4099,353,28,0.0,68.2,51.49,2025-11-30T09:04:38.809487+00:00,2025-11-30T09:04:38.809497+00:00
4100,353,16,16.06,22.35,20.74,2025-11-30T09:04:38.813740+00:00,2025-11-30T09:04:38.813747+00:00
4101,353,34,0.0,0.0,25.15,2025-11-30T09:04:38.815706+00:00,2025-11-30T09:04:38.815712+00:00
4102,353,31,0.0,11.63,6.11,2025-11-30T09:04:38.818814+00:00,2025-11-30T09:04:38.818835+00:00
4103,353,43,0.0,120.63,43.89,2025-11-30T09:04:38.823522+00:00,2025-11-30T09:04:38.823530+00:00
4104,353,42,0.0,0.0,9.42,2025-11-30T09:04:38.826859+00:00,2025-11-30T09:04:38.826866+00:00
4105,353,23,0.0,0.0,44.37,2025-11-30T09:04:38.831878+00:00,2025-11-30T09:04:38.831888+00:00
4106,353,44,0.0,15.04,38.11,2025-11-30T09:04:38.835569+00:00,2025-11-30T09:04:38.835577+00:00
4107,353,37,0.0,0.0,35.46,2025-11-30T09:04:38.840079+00:00,2025-11-30T09:04:38.840090+00:00
4108,354,25,0.0,0.0,73.65,2025-11-30T09:04:38.843748+00:00,2025-11-30T09:04:38.843756+00:00
4109,354,21,0.0,0.0,89.94,2025-11-30T09:04:38.847232+00:00,2025-11-30T09:04:38.847240+00:00
4110,354,26,0.0,0.0,22.3,2025-11-30T09:04:38.849821+00:00,2025-11-30T09:04:38.849828+00:00
4111,354,31,0.0,0.0,13.4,2025-11-30T09:04:38.853452+00:00,2025-11-30T09:04:38.853460+00:00
4112,354,24,0.0,0.0,7.81,2025-11-30T09:04:38.858177+00:00,2025-11-30T09:04:38.858186+00:00
4113,354,19,0.0,0.0,79.55,2025-11-30T09:04:38.862590+00:00,2025-11-30T09:04:38.862600+00:00
4114,354,33,0.0,0.0,8.94,2025-11-30T09:04:38.866976+00:00,2025-11-30T09:04:38.866985+00:00
4115,354,16,0.0,8.41,5.85,2025-11-30T09:04:38.869315+00:00,2025-11-30T09:04:38.869322+00:00
4116,354,20,0.0,49.79,28.3,2025-11-30T09:04:38.872663+00:00,2025-11-30T09:04:38.872673+00:00
4117,354,38,0.0,43.49,28.59,2025-11-30T09:04:38.878557+00:00,2025-11-30T09:04:38.878566+00:00
4118,354,27,0.0,0.0,14.17,2025-11-30T09:04:38.881991+00:00,2025-11-30T09:04:38.881999+00:00
4119,354,35,0.0,104.71,74.52,2025-11-30T09:04:38.884146+00:00,2025-11-30T09:04:38.884154+00:00
4120,354,28,0.0,0.0,84.8,2025-11-30T09:04:38.886310+00:00,2025-11-30T09:04:38.886317+00:00
4121,354,17,0.0,44.74,28.76,2025-11-30T09:04:38.891930+00:00,2025-11-30T09:04:38.891942+00:00
4122,354,44,7.51,0.0,3.68,2025-11-30T09:04:38.895651+00:00,2025-11-30T09:04:38.895681+00:00
4123,355,20,0.0,0.0,359.39,2025-11-30T09:04:38.899560+00:00,2025-11-30T09:04:38.899569+00:00
4124,355,41,580.27,0.0,390.5,2025-11-30T09:04:38.904471+00:00,2025-11-30T09:04:38.904483+00:00
4125,355,26,0.0,0.0,577.71,2025-11-30T09:04:38.908504+00:00,2025-11-30T09:04:38.908513+00:00
4126,355,27,1250.52,0.0,421.78,2025-11-30T09:04:38.912248+00:00,2025-11-30T09:04:38.912256+00:00
4127,355,19,0.0,607.79,771.69,2025-11-30T09:04:38.915672+00:00,2025-11-30T09:04:38.915679+00:00
4128,355,44,0.0,396.61,210.25,2025-11-30T09:04:38.919331+00:00,2025-11-30T09:04:38.919338+00:00
4129,355,25,0.0,0.0,830.64,2025-11-30T09:04:38.924582+00:00,2025-11-30T09:04:38.924591+00:00
4130,355,24,0.0,0.0,362.2,2025-11-30T09:04:38.928054+00:00,2025-11-30T09:04:38.928064+00:00
4131,355,31,0.0,0.0,283.91,2025-11-30T09:04:38.931650+00:00,2025-11-30T09:04:38.931659+00:00
4132,355,38,0.0,0.0,450.27,2025-11-30T09:04:38.936076+00:00,2025-11-30T09:04:38.936120+00:00
4133,355,15,669.27,0.0,333.3,2025-11-30T09:04:38.940772+00:00,2025-11-30T09:04:38.940781+00:00
4134,355,39,0.0,299.34,175.72,2025-11-30T09:04:38.944079+00:00,2025-11-30T09:04:38.944088+00:00
4135,355,43,0.0,0.0,498.79,2025-11-30T09:04:38.949354+00:00,2025-11-30T09:04:38.949364+00:00
4136,355,35,0.0,0.0,463.67,2025-11-30T09:04:38.953168+00:00,2025-11-30T09:04:38.953177+00:00
4137,355,40,176.81,0.0,93.52,2025-11-30T09:04:38.957805+00:00,2025-11-30T09:04:38.957814+00:00
4138,355,34,194.31,0.0,107.73,2025-11-30T09:04:38.963097+00:00,2025-11-30T09:04:38.963107+00:00
4139,355,42,0.0,0.0,296.6,2025-11-30T09:04:38.966187+00:00,2025-11-30T09:04:38.966194+00:00
4140,355,33,0.0,0.0,402.15,2025-11-30T09:04:38.969601+00:00,2025-11-30T09:04:38.969609+00:00
4141,355,36,0.0,0.0,227.12,2025-11-30T09:04:38.973809+00:00,2025-11-30T09:04:38.973819+00:00
4142,355,21,0.0,0.0,103.47,2025-11-30T09:04:38.977056+00:00,2025-11-30T09:04:38.977065+00:00
4143,356,42,1199.79,0.0,474.8,2025-11-30T09:04:38.981427+00:00,2025-11-30T09:04:38.981435+00:00
4144,356,22,0.0,0.0,594.5,2025-11-30T09:04:38.984835+00:00,2025-11-30T09:04:38.984843+00:00
4145,356,15,0.0,843.34,498.66,2025-11-30T09:04:38.988515+00:00,2025-11-30T09:04:38.988526+00:00
4146,356,17,369.96,0.0,346.93,2025-11-30T09:04:38.991683+00:00,2025-11-30T09:04:38.991691+00:00
4147,356,39,0.0,0.0,101.78,2025-11-30T09:04:38.998699+00:00,2025-11-30T09:04:38.998709+00:00
4148,356,34,0.0,517.27,348.15,2025-11-30T09:04:39.001944+00:00,2025-11-30T09:04:39.001951+00:00
4149,356,29,0.0,804.93,471.3,2025-11-30T09:04:39.006936+00:00,2025-11-30T09:04:39.006946+00:00
4150,356,25,0.0,856.08,420.22,2025-11-30T09:04:39.010342+00:00,2025-11-30T09:04:39.010353+00:00
4151,356,38,0.0,1732.3,796.1,2025-11-30T09:04:39.013040+00:00,2025-11-30T09:04:39.013049+00:00
4152,356,33,0.0,391.02,243.3,2025-11-30T09:04:39.016549+00:00,2025-11-30T09:04:39.016557+00:00
4153,356,23,0.0,712.93,443.87,2025-11-30T09:04:39.022495+00:00,2025-11-30T09:04:39.022506+00:00
4154,356,44,0.0,0.0,488.7,2025-11-30T09:04:39.025512+00:00,2025-11-30T09:04:39.025524+00:00
4155,356,40,196.78,0.0,122.26,2025-11-30T09:04:39.028913+00:00,2025-11-30T09:04:39.028923+00:00
4156,356,35,413.0,194.19,237.19,2025-11-30T09:04:39.033531+00:00,2025-11-30T09:04:39.033539+00:00
4157,357,24,0.0,0.0,3.76,2025-11-30T09:04:39.038951+00:00,2025-11-30T09:04:39.038961+00:00
4158,357,22,0.0,0.0,10.47,2025-11-30T09:04:39.043152+00:00,2025-11-30T09:04:39.043161+00:00
4159,357,43,0.0,0.0,49.33,2025-11-30T09:04:39.045820+00:00,2025-11-30T09:04:39.045827+00:00
4160,357,33,0.0,0.0,15.06,2025-11-30T09:04:39.048409+00:00,2025-11-30T09:04:39.048417+00:00
4161,357,27,0.0,0.0,10.53,2025-11-30T09:04:39.055530+00:00,2025-11-30T09:04:39.055540+00:00
4162,357,39,0.0,0.0,7.57,2025-11-30T09:04:39.060113+00:00,2025-11-30T09:04:39.060123+00:00
4163,357,21,0.0,0.0,43.19,2025-11-30T09:04:39.064023+00:00,2025-11-30T09:04:39.064032+00:00
4164,357,40,0.0,0.0,44.32,2025-11-30T09:04:39.067434+00:00,2025-11-30T09:04:39.067444+00:00
4165,357,35,0.0,56.41,32.02,2025-11-30T09:04:39.071486+00:00,2025-11-30T09:04:39.071496+00:00
4166,357,44,0.0,0.0,49.76,2025-11-30T09:04:39.074997+00:00,2025-11-30T09:04:39.075005+00:00
4167,357,18,0.0,0.0,5.34,2025-11-30T09:04:39.077823+00:00,2025-11-30T09:04:39.077831+00:00
4168,357,17,0.0,0.0,7.4,2025-11-30T09:04:39.080366+00:00,2025-11-30T09:04:39.080374+00:00
4169,357,23,0.0,0.0,71.8,2025-11-30T09:04:39.082705+00:00,2025-11-30T09:04:39.082712+00:00
4170,357,38,0.0,0.0,40.01,2025-11-30T09:04:39.084720+00:00,2025-11-30T09:04:39.084726+00:00
4171,357,26,0.0,0.0,19.55,2025-11-30T09:04:39.087784+00:00,2025-11-30T09:04:39.087797+00:00
4172,357,42,0.0,0.0,37.56,2025-11-30T09:04:39.091342+00:00,2025-11-30T09:04:39.091354+00:00
4173,357,30,0.0,0.0,5.1,2025-11-30T09:04:39.094783+00:00,2025-11-30T09:04:39.094791+00:00
4174,357,34,39.84,0.0,12.82,2025-11-30T09:04:39.100031+00:00,2025-11-30T09:04:39.100041+00:00
4175,357,28,32.83,0.0,16.22,2025-11-30T09:04:39.105551+00:00,2025-11-30T09:04:39.105565+00:00
4176,357,41,0.0,0.0,11.79,2025-11-30T09:04:39.109063+00:00,2025-11-30T09:04:39.109071+00:00
4177,360,37,0.0,0.0,50.93,2025-11-30T09:04:39.111399+00:00,2025-11-30T09:04:39.111406+00:00
4178,360,18,0.0,38.03,29.38,2025-11-30T09:04:39.114048+00:00,2025-11-30T09:04:39.114056+00:00
4179,360,27,34.32,109.24,58.85,2025-11-30T09:04:39.117855+00:00,2025-11-30T09:04:39.117862+00:00
4180,360,23,37.03,0.0,23.55,2025-11-30T09:04:39.121544+00:00,2025-11-30T09:04:39.121554+00:00
4181,360,29,0.0,11.49,6.09,2025-11-30T09:04:39.124761+00:00,2025-11-30T09:04:39.124770+00:00
4182,360,33,0.0,68.38,27.93,2025-11-30T09:04:39.128557+00:00,2025-11-30T09:04:39.128567+00:00
4183,360,19,3.35,0.0,1.9,2025-11-30T09:04:39.132639+00:00,2025-11-30T09:04:39.132649+00:00
4184,360,21,0.0,0.0,31.46,2025-11-30T09:04:39.136109+00:00,2025-11-30T09:04:39.136118+00:00
4185,360,28,0.0,0.0,49.34,2025-11-30T09:04:39.140043+00:00,2025-11-30T09:04:39.140054+00:00
4186,360,42,0.0,0.0,4.18,2025-11-30T09:04:39.145001+00:00,2025-11-30T09:04:39.145010+00:00
4187,360,26,108.03,0.0,40.81,2025-11-30T09:04:39.148326+00:00,2025-11-30T09:04:39.148334+00:00
4188,360,39,0.0,0.0,48.84,2025-11-30T09:04:39.150563+00:00,2025-11-30T09:04:39.150569+00:00
4189,360,35,74.24,0.0,33.37,2025-11-30T09:04:39.157274+00:00,2025-11-30T09:04:39.157284+00:00
4190,360,30,12.09,0.0,6.79,2025-11-30T09:04:39.160148+00:00,2025-11-30T09:04:39.160157+00:00
4191,360,31,36.99,0.0,19.68,2025-11-30T09:04:39.164097+00:00,2025-11-30T09:04:39.164107+00:00
4192,360,34,0.0,0.0,22.18,2025-11-30T09:04:39.169932+00:00,2025-11-30T09:04:39.169942+00:00
4193,361,25,47.05,49.42,46.16,2025-11-30T09:04:39.175033+00:00,2025-11-30T09:04:39.175041+00:00
4194,361,42,34.98,0.0,22.27,2025-11-30T09:04:39.177941+00:00,2025-11-30T09:04:39.177950+00:00
4195,361,31,0.0,51.34,45.25,2025-11-30T09:04:39.180729+00:00,2025-11-30T09:04:39.180736+00:00
4196,361,24,0.0,39.64,22.02,2025-11-30T09:04:39.184219+00:00,2025-11-30T09:04:39.184226+00:00
4197,361,30,35.01,101.94,59.7,2025-11-30T09:04:39.187356+00:00,2025-11-30T09:04:39.187370+00:00
4198,361,36,36.61,0.0,60.12,2025-11-30T09:04:39.192429+00:00,2025-11-30T09:04:39.192437+00:00
4199,361,26,0.0,0.0,5.53,2025-11-30T09:04:39.195536+00:00,2025-11-30T09:04:39.195546+00:00
4200,361,39,0.0,0.0,71.42,2025-11-30T09:04:39.200490+00:00,2025-11-30T09:04:39.200500+00:00
4201,361,18,0.0,0.0,43.33,2025-11-30T09:04:39.205976+00:00,2025-11-30T09:04:39.205987+00:00
4202,361,33,2.31,0.0,41.28,2025-11-30T09:04:39.209488+00:00,2025-11-30T09:04:39.209497+00:00
4203,361,23,37.8,0.0,22.71,2025-11-30T09:04:39.212128+00:00,2025-11-30T09:04:39.212135+00:00
4204,361,32,0.0,0.0,42.67,2025-11-30T09:04:39.215886+00:00,2025-11-30T09:04:39.215893+00:00
4205,361,17,15.85,0.0,6.74,2025-11-30T09:04:39.221524+00:00,2025-11-30T09:04:39.221534+00:00
4206,361,34,0.0,75.71,33.94,2025-11-30T09:04:39.224815+00:00,2025-11-30T09:04:39.224825+00:00
4207,361,15,0.0,98.86,44.44,2025-11-30T09:04:39.229735+00:00,2025-11-30T09:04:39.229745+00:00
4208,362,39,69.73,40.34,187.68,2025-11-30T09:04:39.233116+00:00,2025-11-30T09:04:39.233125+00:00
4209,362,16,0.0,146.23,57.11,2025-11-30T09:04:39.235998+00:00,2025-11-30T09:04:39.236007+00:00
4210,362,38,72.54,34.95,54.78,2025-11-30T09:04:39.240734+00:00,2025-11-30T09:04:39.240744+00:00
4211,362,31,68.94,0.0,72.15,2025-11-30T09:04:39.243058+00:00,2025-11-30T09:04:39.243066+00:00
4212,362,17,0.0,76.95,42.66,2025-11-30T09:04:39.245357+00:00,2025-11-30T09:04:39.245364+00:00
4213,362,21,0.0,64.08,41.64,2025-11-30T09:04:39.248249+00:00,2025-11-30T09:04:39.248258+00:00
4214,362,32,0.0,41.46,26.73,2025-11-30T09:04:39.250573+00:00,2025-11-30T09:04:39.250580+00:00
4215,362,36,95.05,0.0,54.39,2025-11-30T09:04:39.256335+00:00,2025-11-30T09:04:39.256345+00:00
4216,362,30,0.0,0.0,40.52,2025-11-30T09:04:39.260272+00:00,2025-11-30T09:04:39.260282+00:00
4217,362,19,2.32,0.0,1.59,2025-11-30T09:04:39.265341+00:00,2025-11-30T09:04:39.265351+00:00
4218,362,27,0.0,0.0,35.01,2025-11-30T09:04:39.268669+00:00,2025-11-30T09:04:39.268679+00:00
4219,362,40,23.25,0.0,13.03,2025-11-30T09:04:39.272771+00:00,2025-11-30T09:04:39.272782+00:00
4220,362,34,0.0,18.4,53.6,2025-11-30T09:04:39.275607+00:00,2025-11-30T09:04:39.275616+00:00
4221,362,33,0.0,0.0,38.36,2025-11-30T09:04:39.279537+00:00,2025-11-30T09:04:39.279546+00:00
4222,362,24,114.42,0.0,35.5,2025-11-30T09:04:39.283729+00:00,2025-11-30T09:04:39.283738+00:00
4223,363,41,35.95,0.0,22.15,2025-11-30T09:04:39.288128+00:00,2025-11-30T09:04:39.288138+00:00
4224,363,28,118.55,0.0,39.01,2025-11-30T09:04:39.291427+00:00,2025-11-30T09:04:39.291436+00:00
4225,363,16,0.0,62.34,26.11,2025-11-30T09:04:39.294472+00:00,2025-11-30T09:04:39.294485+00:00
4226,363,30,0.0,0.0,47.97,2025-11-30T09:04:39.299595+00:00,2025-11-30T09:04:39.299604+00:00
4227,363,18,8.27,0.0,4.22,2025-11-30T09:04:39.304752+00:00,2025-11-30T09:04:39.304763+00:00
4228,363,20,0.0,0.0,25.0,2025-11-30T09:04:39.308608+00:00,2025-11-30T09:04:39.308617+00:00
4229,363,29,0.0,0.0,1.36,2025-11-30T09:04:39.311575+00:00,2025-11-30T09:04:39.311583+00:00
4230,363,17,0.0,38.2,22.94,2025-11-30T09:04:39.317330+00:00,2025-11-30T09:04:39.317340+00:00
4231,363,42,0.0,0.0,42.94,2025-11-30T09:04:39.320145+00:00,2025-11-30T09:04:39.320155+00:00
4232,363,32,24.09,5.63,13.73,2025-11-30T09:04:39.325464+00:00,2025-11-30T09:04:39.325473+00:00
4233,363,26,0.0,0.0,9.21,2025-11-30T09:04:39.329644+00:00,2025-11-30T09:04:39.329665+00:00
4234,363,33,0.0,0.0,53.97,2025-11-30T09:04:39.333995+00:00,2025-11-30T09:04:39.334004+00:00
4235,363,36,0.0,0.0,4.16,2025-11-30T09:04:39.338362+00:00,2025-11-30T09:04:39.338376+00:00
4236,363,27,130.37,0.0,40.98,2025-11-30T09:04:39.342580+00:00,2025-11-30T09:04:39.342589+00:00
4237,363,38,0.0,0.0,12.21,2025-11-30T09:04:39.345303+00:00,2025-11-30T09:04:39.345311+00:00
4238,363,37,0.0,0.0,7.47,2025-11-30T09:04:39.348229+00:00,2025-11-30T09:04:39.348237+00:00
4239,363,40,0.0,19.79,11.14,2025-11-30T09:04:39.351427+00:00,2025-11-30T09:04:39.351434+00:00
4240,364,42,0.0,0.0,48.8,2025-11-30T09:04:39.357647+00:00,2025-11-30T09:04:39.357657+00:00
4241,364,25,0.0,0.0,17.53,2025-11-30T09:04:39.360555+00:00,2025-11-30T09:04:39.360567+00:00
4242,364,22,0.0,0.0,14.62,2025-11-30T09:04:39.364426+00:00,2025-11-30T09:04:39.364439+00:00
4243,364,31,4.53,0.0,2.36,2025-11-30T09:04:39.368736+00:00,2025-11-30T09:04:39.368746+00:00
4244,364,27,0.0,0.0,35.22,2025-11-30T09:04:39.373552+00:00,2025-11-30T09:04:39.373563+00:00
4245,364,18,0.0,0.0,18.77,2025-11-30T09:04:39.377664+00:00,2025-11-30T09:04:39.377672+00:00
4246,364,23,0.0,0.0,26.03,2025-11-30T09:04:39.380943+00:00,2025-11-30T09:04:39.380951+00:00
4247,364,38,0.0,72.72,38.5,2025-11-30T09:04:39.384907+00:00,2025-11-30T09:04:39.384915+00:00
4248,364,15,27.49,0.0,9.29,2025-11-30T09:04:39.389234+00:00,2025-11-30T09:04:39.389244+00:00
4249,364,32,0.0,0.0,37.46,2025-11-30T09:04:39.392155+00:00,2025-11-30T09:04:39.392163+00:00
4250,364,26,0.0,0.0,48.48,2025-11-30T09:04:39.396299+00:00,2025-11-30T09:04:39.396310+00:00
4251,364,35,0.0,2.29,71.74,2025-11-30T09:04:39.400634+00:00,2025-11-30T09:04:39.400643+00:00
4252,364,34,0.0,0.0,21.82,2025-11-30T09:04:39.404382+00:00,2025-11-30T09:04:39.404393+00:00
4253,364,30,91.73,0.0,46.92,2025-11-30T09:04:39.411234+00:00,2025-11-30T09:04:39.411243+00:00
4254,364,17,0.0,0.0,29.44,2025-11-30T09:04:39.413747+00:00,2025-11-30T09:04:39.413755+00:00
4255,364,44,0.0,70.87,40.76,2025-11-30T09:04:39.416469+00:00,2025-11-30T09:04:39.416477+00:00
4256,367,16,23.8,0.0,26.93,2025-11-30T09:04:39.420548+00:00,2025-11-30T09:04:39.420563+00:00
4257,367,28,0.0,0.0,42.82,2025-11-30T09:04:39.423991+00:00,2025-11-30T09:04:39.424001+00:00
4258,367,18,0.0,231.19,88.33,2025-11-30T09:04:39.427503+00:00,2025-11-30T09:04:39.427515+00:00
4259,367,25,17.11,0.0,10.22,2025-11-30T09:04:39.432565+00:00,2025-11-30T09:04:39.432574+00:00
4260,367,32,18.35,0.0,37.09,2025-11-30T09:04:39.435812+00:00,2025-11-30T09:04:39.435820+00:00
4261,367,23,0.0,0.0,52.79,2025-11-30T09:04:39.441721+00:00,2025-11-30T09:04:39.441731+00:00
4262,367,38,0.0,3.43,2.29,2025-11-30T09:04:39.445223+00:00,2025-11-30T09:04:39.445231+00:00
4263,367,33,26.79,0.0,49.46,2025-11-30T09:04:39.448022+00:00,2025-11-30T09:04:39.448030+00:00
4264,367,27,0.0,0.0,14.61,2025-11-30T09:04:39.450469+00:00,2025-11-30T09:04:39.450476+00:00
4265,367,26,0.0,83.05,44.15,2025-11-30T09:04:39.454806+00:00,2025-11-30T09:04:39.454816+00:00
4266,367,15,0.0,0.0,31.8,2025-11-30T09:04:39.458696+00:00,2025-11-30T09:04:39.458706+00:00
4267,367,36,0.0,0.0,34.49,2025-11-30T09:04:39.464384+00:00,2025-11-30T09:04:39.464395+00:00
4268,367,42,0.0,3.68,43.55,2025-11-30T09:04:39.468933+00:00,2025-11-30T09:04:39.468943+00:00
4269,367,34,0.0,0.0,15.37,2025-11-30T09:04:39.472687+00:00,2025-11-30T09:04:39.472699+00:00
4270,367,29,0.0,0.0,11.16,2025-11-30T09:04:39.476853+00:00,2025-11-30T09:04:39.476861+00:00
4271,367,44,0.0,0.0,21.24,2025-11-30T09:04:39.481049+00:00,2025-11-30T09:04:39.481062+00:00
4272,368,33,41.71,95.0,57.8,2025-11-30T09:04:39.485431+00:00,2025-11-30T09:04:39.485442+00:00
4273,368,23,0.0,74.37,84.5,2025-11-30T09:04:39.490672+00:00,2025-11-30T09:04:39.490683+00:00
4274,368,36,0.0,0.0,21.04,2025-11-30T09:04:39.495974+00:00,2025-11-30T09:04:39.495985+00:00
4275,368,17,0.0,0.0,10.37,2025-11-30T09:04:39.500213+00:00,2025-11-30T09:04:39.500229+00:00
4276,368,22,0.0,0.0,19.85,2025-11-30T09:04:39.504406+00:00,2025-11-30T09:04:39.504419+00:00
4277,368,28,36.58,0.0,61.63,2025-11-30T09:04:39.509737+00:00,2025-11-30T09:04:39.509821+00:00
4278,368,15,70.11,26.21,62.67,2025-11-30T09:04:39.512501+00:00,2025-11-30T09:04:39.512507+00:00
4279,368,38,0.0,0.0,13.22,2025-11-30T09:04:39.515590+00:00,2025-11-30T09:04:39.515596+00:00
4280,368,21,0.0,15.89,10.23,2025-11-30T09:04:39.519276+00:00,2025-11-30T09:04:39.519282+00:00
4281,368,26,0.0,21.51,14.75,2025-11-30T09:04:39.524956+00:00,2025-11-30T09:04:39.524966+00:00
4282,368,42,0.0,0.0,45.23,2025-11-30T09:04:39.529391+00:00,2025-11-30T09:04:39.529401+00:00
4283,368,27,0.0,53.04,20.82,2025-11-30T09:04:39.532305+00:00,2025-11-30T09:04:39.532313+00:00
4284,368,32,0.0,87.67,27.89,2025-11-30T09:04:39.535480+00:00,2025-11-30T09:04:39.535488+00:00
4285,368,30,0.0,0.0,47.49,2025-11-30T09:04:39.540060+00:00,2025-11-30T09:04:39.540071+00:00
4286,368,40,0.0,47.23,25.9,2025-11-30T09:04:39.543710+00:00,2025-11-30T09:04:39.543717+00:00
4287,368,24,0.0,46.07,28.23,2025-11-30T09:04:39.548041+00:00,2025-11-30T09:04:39.548050+00:00
4288,368,29,78.51,0.0,29.88,2025-11-30T09:04:39.550551+00:00,2025-11-30T09:04:39.550559+00:00
4289,369,35,0.0,63.66,28.36,2025-11-30T09:04:39.554687+00:00,2025-11-30T09:04:39.554705+00:00
4290,369,26,139.23,0.0,51.34,2025-11-30T09:04:39.559826+00:00,2025-11-30T09:04:39.559836+00:00
4291,369,16,78.04,0.0,25.68,2025-11-30T09:04:39.564443+00:00,2025-11-30T09:04:39.564452+00:00
4292,369,29,0.0,17.23,8.57,2025-11-30T09:04:39.568038+00:00,2025-11-30T09:04:39.568046+00:00
4293,369,28,0.0,2.06,1.19,2025-11-30T09:04:39.573573+00:00,2025-11-30T09:04:39.573583+00:00
4294,369,30,47.6,0.0,27.02,2025-11-30T09:04:39.580101+00:00,2025-11-30T09:04:39.580113+00:00
4295,369,34,0.0,67.53,47.15,2025-11-30T09:04:39.583339+00:00,2025-11-30T09:04:39.583349+00:00
4296,369,40,0.0,0.0,81.14,2025-11-30T09:04:39.587113+00:00,2025-11-30T09:04:39.587230+00:00
4297,369,22,0.0,88.65,41.55,2025-11-30T09:04:39.592228+00:00,2025-11-30T09:04:39.592237+00:00
4298,369,39,40.67,31.26,37.45,2025-11-30T09:04:39.597313+00:00,2025-11-30T09:04:39.597324+00:00
4299,369,42,0.0,0.0,22.16,2025-11-30T09:04:39.600496+00:00,2025-11-30T09:04:39.600504+00:00
4300,369,20,90.14,0.0,41.06,2025-11-30T09:04:39.605595+00:00,2025-11-30T09:04:39.605607+00:00
4301,369,33,0.0,0.0,25.07,2025-11-30T09:04:39.609909+00:00,2025-11-30T09:04:39.609918+00:00
4302,369,19,0.0,0.0,15.45,2025-11-30T09:04:39.613352+00:00,2025-11-30T09:04:39.613360+00:00
4303,369,21,0.0,0.0,35.43,2025-11-30T09:04:39.615615+00:00,2025-11-30T09:04:39.615621+00:00
4304,369,43,0.0,0.0,82.23,2025-11-30T09:04:39.619011+00:00,2025-11-30T09:04:39.619019+00:00
4305,369,41,0.0,0.0,39.27,2025-11-30T09:04:39.623865+00:00,2025-11-30T09:04:39.623906+00:00
4306,370,29,0.0,0.0,44.57,2025-11-30T09:04:39.628496+00:00,2025-11-30T09:04:39.628506+00:00
4307,370,25,0.0,0.0,4.61,2025-11-30T09:04:39.633104+00:00,2025-11-30T09:04:39.633113+00:00
4308,370,21,0.0,0.0,79.3,2025-11-30T09:04:39.636235+00:00,2025-11-30T09:04:39.636243+00:00
4309,370,43,0.0,36.37,31.44,2025-11-30T09:04:39.643021+00:00,2025-11-30T09:04:39.643031+00:00
4310,370,41,0.0,0.0,32.38,2025-11-30T09:04:39.645362+00:00,2025-11-30T09:04:39.645369+00:00
4311,370,34,0.0,75.78,45.74,2025-11-30T09:04:39.648026+00:00,2025-11-30T09:04:39.648032+00:00
4312,370,38,0.0,71.76,38.44,2025-11-30T09:04:39.652595+00:00,2025-11-30T09:04:39.652601+00:00
4313,370,31,86.91,0.0,45.72,2025-11-30T09:04:39.657542+00:00,2025-11-30T09:04:39.657555+00:00
4314,370,42,0.0,0.0,45.98,2025-11-30T09:04:39.660729+00:00,2025-11-30T09:04:39.660742+00:00
4315,370,36,0.0,0.0,29.81,2025-11-30T09:04:39.666101+00:00,2025-11-30T09:04:39.666110+00:00
4316,370,26,0.0,0.0,18.88,2025-11-30T09:04:39.669855+00:00,2025-11-30T09:04:39.669864+00:00
4317,370,19,61.06,0.0,34.59,2025-11-30T09:04:39.674845+00:00,2025-11-30T09:04:39.674854+00:00
4318,370,40,0.0,0.0,24.18,2025-11-30T09:04:39.680439+00:00,2025-11-30T09:04:39.680449+00:00
4319,370,37,0.0,0.0,33.93,2025-11-30T09:04:39.683146+00:00,2025-11-30T09:04:39.683152+00:00
4320,370,44,0.0,30.44,20.99,2025-11-30T09:04:39.687303+00:00,2025-11-30T09:04:39.687354+00:00
4321,370,20,0.0,48.86,19.26,2025-11-30T09:04:39.692267+00:00,2025-11-30T09:04:39.692276+00:00
4322,371,34,14.66,0.0,39.79,2025-11-30T09:04:39.696363+00:00,2025-11-30T09:04:39.696373+00:00
4323,371,41,0.0,0.0,38.13,2025-11-30T09:04:39.700640+00:00,2025-11-30T09:04:39.700649+00:00
4324,371,35,55.32,0.0,21.53,2025-11-30T09:04:39.705615+00:00,2025-11-30T09:04:39.705625+00:00
4325,371,25,88.35,0.0,81.83,2025-11-30T09:04:39.709069+00:00,2025-11-30T09:04:39.709079+00:00
4326,371,21,0.0,0.0,17.19,2025-11-30T09:04:39.712195+00:00,2025-11-30T09:04:39.712205+00:00
4327,371,30,0.0,0.0,62.87,2025-11-30T09:04:39.715157+00:00,2025-11-30T09:04:39.715163+00:00
4328,371,19,20.7,0.0,37.09,2025-11-30T09:04:39.718795+00:00,2025-11-30T09:04:39.718802+00:00
4329,371,31,50.89,0.0,63.62,2025-11-30T09:04:39.726368+00:00,2025-11-30T09:04:39.726378+00:00
4330,371,24,42.62,0.0,81.0,2025-11-30T09:04:39.731395+00:00,2025-11-30T09:04:39.731406+00:00
4331,371,40,102.71,0.0,36.26,2025-11-30T09:04:39.735547+00:00,2025-11-30T09:04:39.735556+00:00
4332,371,29,0.0,109.8,67.84,2025-11-30T09:04:39.740842+00:00,2025-11-30T09:04:39.740852+00:00
4333,371,43,0.0,0.0,10.97,2025-11-30T09:04:39.744400+00:00,2025-11-30T09:04:39.744408+00:00
4334,371,33,0.0,0.0,29.0,2025-11-30T09:04:39.747003+00:00,2025-11-30T09:04:39.747011+00:00
4335,371,15,0.0,0.0,40.13,2025-11-30T09:04:39.750631+00:00,2025-11-30T09:04:39.750638+00:00
4336,371,22,0.0,56.92,37.55,2025-11-30T09:04:39.753527+00:00,2025-11-30T09:04:39.753548+00:00
4337,372,26,0.0,0.0,27.13,2025-11-30T09:04:39.757486+00:00,2025-11-30T09:04:39.757497+00:00
4338,372,34,0.0,8.68,23.17,2025-11-30T09:04:39.760666+00:00,2025-11-30T09:04:39.760675+00:00
4339,372,37,0.0,0.0,40.91,2025-11-30T09:04:39.765547+00:00,2025-11-30T09:04:39.765557+00:00
4340,372,31,0.0,124.33,53.84,2025-11-30T09:04:39.769748+00:00,2025-11-30T09:04:39.769757+00:00
4341,372,28,0.0,0.0,45.2,2025-11-30T09:04:39.773728+00:00,2025-11-30T09:04:39.773737+00:00
4342,372,40,3.98,132.43,42.01,2025-11-30T09:04:39.775821+00:00,2025-11-30T09:04:39.775828+00:00
4343,372,24,0.0,0.0,2.33,2025-11-30T09:04:39.779436+00:00,2025-11-30T09:04:39.779444+00:00
4344,372,23,0.0,0.0,2.49,2025-11-30T09:04:39.782090+00:00,2025-11-30T09:04:39.782097+00:00
4345,372,22,0.0,0.0,15.08,2025-11-30T09:04:39.784237+00:00,2025-11-30T09:04:39.784243+00:00
4346,372,16,54.72,0.0,35.33,2025-11-30T09:04:39.787274+00:00,2025-11-30T09:04:39.787293+00:00
4347,372,44,74.58,89.3,82.78,2025-11-30T09:04:39.791213+00:00,2025-11-30T09:04:39.791223+00:00
4348,372,35,0.0,0.0,26.19,2025-11-30T09:04:39.796230+00:00,2025-11-30T09:04:39.796241+00:00
4349,372,41,19.13,0.0,12.08,2025-11-30T09:04:39.800863+00:00,2025-11-30T09:04:39.800872+00:00
4350,372,43,13.73,0.0,5.59,2025-11-30T09:04:39.804222+00:00,2025-11-30T09:04:39.804264+00:00
4351,372,27,0.0,0.0,43.57,2025-11-30T09:04:39.809373+00:00,2025-11-30T09:04:39.809382+00:00
4352,374,35,0.0,60.77,33.75,2025-11-30T09:04:39.812542+00:00,2025-11-30T09:04:39.812552+00:00
4353,374,23,103.27,0.0,85.08,2025-11-30T09:04:39.814812+00:00,2025-11-30T09:04:39.814822+00:00
4354,374,19,74.09,0.0,38.28,2025-11-30T09:04:39.817326+00:00,2025-11-30T09:04:39.817332+00:00
4355,374,20,0.0,0.0,15.83,2025-11-30T09:04:39.820519+00:00,2025-11-30T09:04:39.820530+00:00
4356,374,34,78.24,0.0,44.74,2025-11-30T09:04:39.823938+00:00,2025-11-30T09:04:39.823948+00:00
4357,374,43,0.0,0.0,37.0,2025-11-30T09:04:39.829054+00:00,2025-11-30T09:04:39.829070+00:00
4358,374,32,0.0,36.4,25.33,2025-11-30T09:04:39.832337+00:00,2025-11-30T09:04:39.832346+00:00
4359,374,40,0.0,0.0,39.96,2025-11-30T09:04:39.834896+00:00,2025-11-30T09:04:39.834903+00:00
4360,374,39,129.71,0.0,97.84,2025-11-30T09:04:39.838990+00:00,2025-11-30T09:04:39.839001+00:00
4361,374,26,0.0,0.0,3.54,2025-11-30T09:04:39.843514+00:00,2025-11-30T09:04:39.843522+00:00
4362,374,37,0.0,16.13,7.43,2025-11-30T09:04:39.845892+00:00,2025-11-30T09:04:39.845900+00:00
4363,374,28,51.54,0.0,31.59,2025-11-30T09:04:39.848502+00:00,2025-11-30T09:04:39.848510+00:00
4364,374,21,0.0,27.72,17.08,2025-11-30T09:04:39.850858+00:00,2025-11-30T09:04:39.850865+00:00
4365,374,22,50.1,0.0,65.06,2025-11-30T09:04:39.853255+00:00,2025-11-30T09:04:39.853264+00:00
4366,374,36,0.0,96.8,84.22,2025-11-30T09:04:39.856996+00:00,2025-11-30T09:04:39.857007+00:00
4367,375,40,0.0,0.0,51.13,2025-11-30T09:04:39.860382+00:00,2025-11-30T09:04:39.860391+00:00
4368,375,29,15.83,0.0,98.88,2025-11-30T09:04:39.863909+00:00,2025-11-30T09:04:39.863919+00:00
4369,375,26,0.0,0.0,38.04,2025-11-30T09:04:39.866829+00:00,2025-11-30T09:04:39.866840+00:00
4370,375,39,0.0,0.0,43.59,2025-11-30T09:04:39.869458+00:00,2025-11-30T09:04:39.869467+00:00
4371,375,35,0.0,64.19,46.54,2025-11-30T09:04:39.875066+00:00,2025-11-30T09:04:39.875075+00:00
4372,375,42,6.16,0.0,2.69,2025-11-30T09:04:39.877839+00:00,2025-11-30T09:04:39.877846+00:00
4373,375,27,0.0,0.0,49.06,2025-11-30T09:04:39.881010+00:00,2025-11-30T09:04:39.881017+00:00
4374,375,23,0.0,85.27,106.01,2025-11-30T09:04:39.883310+00:00,2025-11-30T09:04:39.883316+00:00
4375,375,17,13.34,0.0,4.31,2025-11-30T09:04:39.885496+00:00,2025-11-30T09:04:39.885502+00:00
4376,375,44,67.62,0.0,37.01,2025-11-30T09:04:39.888668+00:00,2025-11-30T09:04:39.888677+00:00
4377,375,43,0.0,80.18,48.96,2025-11-30T09:04:39.891675+00:00,2025-11-30T09:04:39.891683+00:00
4378,375,18,110.54,0.0,44.73,2025-11-30T09:04:39.894274+00:00,2025-11-30T09:04:39.894282+00:00
4379,375,31,14.97,0.0,5.44,2025-11-30T09:04:39.897955+00:00,2025-11-30T09:04:39.897966+00:00
4380,375,30,0.0,89.48,40.56,2025-11-30T09:04:39.901025+00:00,2025-11-30T09:04:39.901033+00:00
4381,375,21,0.0,0.0,2.19,2025-11-30T09:04:39.905574+00:00,2025-11-30T09:04:39.905584+00:00
4382,376,34,68.63,0.0,72.82,2025-11-30T09:04:39.908478+00:00,2025-11-30T09:04:39.908486+00:00
4383,376,23,0.0,0.0,37.27,2025-11-30T09:04:39.911346+00:00,2025-11-30T09:04:39.911354+00:00
4384,376,29,103.78,0.0,40.47,2025-11-30T09:04:39.913757+00:00,2025-11-30T09:04:39.913764+00:00
4385,376,25,38.38,0.0,70.73,2025-11-30T09:04:39.915857+00:00,2025-11-30T09:04:39.915863+00:00
4386,376,39,0.0,0.0,34.15,2025-11-30T09:04:39.920737+00:00,2025-11-30T09:04:39.920746+00:00
4387,376,21,23.85,0.0,69.43,2025-11-30T09:04:39.924285+00:00,2025-11-30T09:04:39.924294+00:00
4388,376,15,0.0,0.0,37.68,2025-11-30T09:04:39.927132+00:00,2025-11-30T09:04:39.927147+00:00
4389,376,27,0.0,0.0,17.54,2025-11-30T09:04:39.931510+00:00,2025-11-30T09:04:39.931520+00:00
4390,376,22,65.66,0.0,39.36,2025-11-30T09:04:39.934285+00:00,2025-11-30T09:04:39.934292+00:00
4391,376,41,0.0,0.0,44.15,2025-11-30T09:04:39.938407+00:00,2025-11-30T09:04:39.938424+00:00
4392,376,31,43.44,0.0,28.67,2025-11-30T09:04:39.941701+00:00,2025-11-30T09:04:39.941709+00:00
4393,376,28,0.0,130.11,45.73,2025-11-30T09:04:39.944045+00:00,2025-11-30T09:04:39.944052+00:00
4394,376,30,0.0,0.0,50.48,2025-11-30T09:04:39.946914+00:00,2025-11-30T09:04:39.946922+00:00
4395,376,32,0.0,0.0,55.18,2025-11-30T09:04:39.949801+00:00,2025-11-30T09:04:39.949809+00:00
4396,377,16,86.97,26.08,66.94,2025-11-30T09:04:39.952328+00:00,2025-11-30T09:04:39.952334+00:00
4397,377,15,0.0,0.0,59.63,2025-11-30T09:04:39.955783+00:00,2025-11-30T09:04:39.955792+00:00
4398,377,38,21.35,0.0,11.96,2025-11-30T09:04:39.959157+00:00,2025-11-30T09:04:39.959166+00:00
4399,377,37,0.0,73.9,56.08,2025-11-30T09:04:39.962022+00:00,2025-11-30T09:04:39.962050+00:00
4400,377,36,80.49,0.0,40.41,2025-11-30T09:04:39.967134+00:00,2025-11-30T09:04:39.967148+00:00
4401,377,44,0.0,0.0,10.07,2025-11-30T09:04:39.970672+00:00,2025-11-30T09:04:39.970682+00:00
4402,377,32,0.0,0.0,96.3,2025-11-30T09:04:39.974378+00:00,2025-11-30T09:04:39.974387+00:00
4403,377,23,0.0,0.0,13.23,2025-11-30T09:04:39.977690+00:00,2025-11-30T09:04:39.977698+00:00
4404,377,30,0.0,41.71,14.93,2025-11-30T09:04:39.980386+00:00,2025-11-30T09:04:39.980393+00:00
4405,377,28,0.0,0.0,8.07,2025-11-30T09:04:39.982762+00:00,2025-11-30T09:04:39.982768+00:00
4406,377,31,0.0,0.0,26.6,2025-11-30T09:04:39.985017+00:00,2025-11-30T09:04:39.985023+00:00
4407,377,42,0.0,58.8,42.26,2025-11-30T09:04:39.988782+00:00,2025-11-30T09:04:39.988793+00:00
4408,377,24,0.0,0.0,26.78,2025-11-30T09:04:39.991946+00:00,2025-11-30T09:04:39.991955+00:00
4409,377,22,51.82,0.0,17.54,2025-11-30T09:04:39.994982+00:00,2025-11-30T09:04:39.994994+00:00
4410,377,34,0.0,0.0,13.8,2025-11-30T09:04:39.999553+00:00,2025-11-30T09:04:39.999562+00:00
4411,377,18,0.0,9.5,4.26,2025-11-30T09:04:40.006148+00:00,2025-11-30T09:04:40.006159+00:00
4412,377,25,28.1,0.0,18.37,2025-11-30T09:04:40.009604+00:00,2025-11-30T09:04:40.009613+00:00
4413,379,30,0.0,0.0,16.31,2025-11-30T09:04:40.011807+00:00,2025-11-30T09:04:40.011814+00:00
4414,379,36,20.58,0.0,9.76,2025-11-30T09:04:40.014913+00:00,2025-11-30T09:04:40.014919+00:00
4415,379,21,0.0,0.0,31.95,2025-11-30T09:04:40.017205+00:00,2025-11-30T09:04:40.017213+00:00
4416,379,26,71.28,0.0,84.77,2025-11-30T09:04:40.020575+00:00,2025-11-30T09:04:40.020584+00:00
4417,379,42,70.84,70.27,83.63,2025-11-30T09:04:40.024118+00:00,2025-11-30T09:04:40.024127+00:00
4418,379,37,0.0,0.0,20.96,2025-11-30T09:04:40.027022+00:00,2025-11-30T09:04:40.027030+00:00
4419,379,33,161.98,0.0,74.64,2025-11-30T09:04:40.030855+00:00,2025-11-30T09:04:40.030866+00:00
4420,379,25,0.0,0.0,60.8,2025-11-30T09:04:40.033838+00:00,2025-11-30T09:04:40.033847+00:00
4421,379,29,0.0,0.0,32.53,2025-11-30T09:04:40.037056+00:00,2025-11-30T09:04:40.037072+00:00
4422,379,27,57.84,72.33,63.11,2025-11-30T09:04:40.041029+00:00,2025-11-30T09:04:40.041038+00:00
4423,379,15,57.92,0.0,39.87,2025-11-30T09:04:40.045054+00:00,2025-11-30T09:04:40.045062+00:00
4424,379,20,106.9,0.0,43.25,2025-11-30T09:04:40.047796+00:00,2025-11-30T09:04:40.047804+00:00
4425,379,22,45.71,0.0,38.85,2025-11-30T09:04:40.050327+00:00,2025-11-30T09:04:40.050334+00:00
4426,379,28,18.95,0.0,11.05,2025-11-30T09:04:40.052938+00:00,2025-11-30T09:04:40.052946+00:00
4427,379,32,0.0,0.0,1.13,2025-11-30T09:04:40.056880+00:00,2025-11-30T09:04:40.056890+00:00
4428,380,41,0.0,1.39,64.62,2025-11-30T09:04:40.060330+00:00,2025-11-30T09:04:40.060338+00:00
4429,380,22,0.0,77.75,35.47,2025-11-30T09:04:40.064608+00:00,2025-11-30T09:04:40.064618+00:00
4430,380,39,20.55,0.0,22.77,2025-11-30T09:04:40.067745+00:00,2025-11-30T09:04:40.067754+00:00
4431,380,19,0.0,0.0,20.6,2025-11-30T09:04:40.071278+00:00,2025-11-30T09:04:40.071288+00:00
4432,380,43,0.0,107.73,33.47,2025-11-30T09:04:40.074286+00:00,2025-11-30T09:04:40.074296+00:00
4433,380,21,88.96,38.38,44.15,2025-11-30T09:04:40.077325+00:00,2025-11-30T09:04:40.077335+00:00
4434,380,35,38.79,0.0,23.75,2025-11-30T09:04:40.080022+00:00,2025-11-30T09:04:40.080030+00:00
4435,380,37,0.0,0.0,17.09,2025-11-30T09:04:40.082811+00:00,2025-11-30T09:04:40.082818+00:00
4436,380,32,0.0,0.0,61.45,2025-11-30T09:04:40.086747+00:00,2025-11-30T09:04:40.086772+00:00
4437,380,28,0.0,0.0,17.98,2025-11-30T09:04:40.091074+00:00,2025-11-30T09:04:40.091085+00:00
4438,380,15,29.67,0.0,18.42,2025-11-30T09:04:40.093587+00:00,2025-11-30T09:04:40.093594+00:00
4439,380,24,0.0,0.0,22.87,2025-11-30T09:04:40.097899+00:00,2025-11-30T09:04:40.097908+00:00
4440,380,26,0.0,0.0,25.51,2025-11-30T09:04:40.101240+00:00,2025-11-30T09:04:40.101252+00:00
4441,380,34,10.54,0.0,40.86,2025-11-30T09:04:40.104877+00:00,2025-11-30T09:04:40.104895+00:00
4442,380,40,0.0,1.78,1.23,2025-11-30T09:04:40.108605+00:00,2025-11-30T09:04:40.108614+00:00
4443,380,16,0.0,0.0,45.3,2025-11-30T09:04:40.111136+00:00,2025-11-30T09:04:40.111144+00:00
4444,380,30,0.0,0.0,19.93,2025-11-30T09:04:40.114002+00:00,2025-11-30T09:04:40.114009+00:00
4445,380,25,0.0,62.44,33.8,2025-11-30T09:04:40.116823+00:00,2025-11-30T09:04:40.116830+00:00
4446,380,36,57.12,0.0,36.09,2025-11-30T09:04:40.119696+00:00,2025-11-30T09:04:40.119709+00:00
4447,381,31,0.0,0.0,44.58,2025-11-30T09:04:40.123570+00:00,2025-11-30T09:04:40.123579+00:00
4448,381,15,0.0,0.0,43.91,2025-11-30T09:04:40.126421+00:00,2025-11-30T09:04:40.126428+00:00
4449,381,32,0.0,9.1,24.51,2025-11-30T09:04:40.131888+00:00,2025-11-30T09:04:40.131897+00:00
4450,381,19,0.0,33.09,62.56,2025-11-30T09:04:40.135685+00:00,2025-11-30T09:04:40.135693+00:00
4451,381,28,0.0,0.0,49.3,2025-11-30T09:04:40.139956+00:00,2025-11-30T09:04:40.139965+00:00
4452,381,24,0.0,66.01,29.1,2025-11-30T09:04:40.142801+00:00,2025-11-30T09:04:40.142808+00:00
4453,381,27,0.0,0.0,47.57,2025-11-30T09:04:40.145073+00:00,2025-11-30T09:04:40.145080+00:00
4454,381,16,0.0,0.0,32.79,2025-11-30T09:04:40.147394+00:00,2025-11-30T09:04:40.147403+00:00
4455,381,35,57.12,0.0,27.21,2025-11-30T09:04:40.150095+00:00,2025-11-30T09:04:40.150102+00:00
4456,381,25,0.0,19.09,9.73,2025-11-30T09:04:40.152963+00:00,2025-11-30T09:04:40.152973+00:00
4457,381,43,0.0,0.0,4.75,2025-11-30T09:04:40.157838+00:00,2025-11-30T09:04:40.157847+00:00
4458,381,38,41.08,0.0,26.47,2025-11-30T09:04:40.160587+00:00,2025-11-30T09:04:40.160594+00:00
4459,381,37,0.0,0.0,47.1,2025-11-30T09:04:40.163989+00:00,2025-11-30T09:04:40.163998+00:00
4460,381,34,0.0,0.0,30.58,2025-11-30T09:04:40.166961+00:00,2025-11-30T09:04:40.166969+00:00
4461,381,33,0.0,0.0,13.39,2025-11-30T09:04:40.170293+00:00,2025-11-30T09:04:40.170304+00:00
4462,381,36,0.0,0.0,19.77,2025-11-30T09:04:40.173864+00:00,2025-11-30T09:04:40.173873+00:00
4463,381,17,0.0,104.06,32.37,2025-11-30T09:04:40.176537+00:00,2025-11-30T09:04:40.176544+00:00
4464,382,44,0.0,6.99,30.58,2025-11-30T09:04:40.180427+00:00,2025-11-30T09:04:40.180435+00:00
4465,382,26,63.57,0.0,21.37,2025-11-30T09:04:40.182840+00:00,2025-11-30T09:04:40.182848+00:00
4466,382,29,67.96,0.0,39.28,2025-11-30T09:04:40.185028+00:00,2025-11-30T09:04:40.185034+00:00
4467,382,18,55.32,57.86,71.31,2025-11-30T09:04:40.188495+00:00,2025-11-30T09:04:40.188505+00:00
4468,382,21,0.0,0.0,34.96,2025-11-30T09:04:40.192231+00:00,2025-11-30T09:04:40.192240+00:00
4469,382,25,0.0,75.77,45.94,2025-11-30T09:04:40.194835+00:00,2025-11-30T09:04:40.194845+00:00
4470,382,23,0.0,0.0,6.03,2025-11-30T09:04:40.198640+00:00,2025-11-30T09:04:40.198650+00:00
4471,382,28,126.39,0.0,58.12,2025-11-30T09:04:40.201487+00:00,2025-11-30T09:04:40.201495+00:00
4472,382,35,81.01,0.0,26.71,2025-11-30T09:04:40.205204+00:00,2025-11-30T09:04:40.205213+00:00
4473,382,42,28.11,0.0,26.52,2025-11-30T09:04:40.208352+00:00,2025-11-30T09:04:40.208360+00:00
4474,382,38,0.0,0.0,23.91,2025-11-30T09:04:40.211145+00:00,2025-11-30T09:04:40.211153+00:00
4475,382,32,25.57,94.28,58.15,2025-11-30T09:04:40.213613+00:00,2025-11-30T09:04:40.213620+00:00
4476,382,43,0.0,0.0,34.22,2025-11-30T09:04:40.216124+00:00,2025-11-30T09:04:40.216131+00:00
4477,382,22,0.0,0.0,33.1,2025-11-30T09:04:40.221318+00:00,2025-11-30T09:04:40.221328+00:00
4478,382,15,0.0,32.96,34.81,2025-11-30T09:04:40.225501+00:00,2025-11-30T09:04:40.225510+00:00
4479,382,33,43.28,0.0,28.27,2025-11-30T09:04:40.228140+00:00,2025-11-30T09:04:40.228152+00:00
4480,382,24,0.0,7.19,3.15,2025-11-30T09:04:40.232126+00:00,2025-11-30T09:04:40.232137+00:00
4481,382,41,34.2,0.0,23.58,2025-11-30T09:04:40.234779+00:00,2025-11-30T09:04:40.234788+00:00
4482,383,25,0.0,0.0,18.0,2025-11-30T09:04:40.237912+00:00,2025-11-30T09:04:40.237922+00:00
4483,383,38,26.22,0.0,27.73,2025-11-30T09:04:40.241752+00:00,2025-11-30T09:04:40.241762+00:00
4484,383,16,0.0,65.74,34.82,2025-11-30T09:04:40.244120+00:00,2025-11-30T09:04:40.244127+00:00
4485,383,33,0.0,93.38,53.95,2025-11-30T09:04:40.246129+00:00,2025-11-30T09:04:40.246136+00:00
4486,383,17,0.0,0.0,49.12,2025-11-30T09:04:40.248231+00:00,2025-11-30T09:04:40.248239+00:00
4487,383,27,172.04,0.0,65.74,2025-11-30T09:04:40.250274+00:00,2025-11-30T09:04:40.250281+00:00
4488,383,44,0.0,0.0,1.1,2025-11-30T09:04:40.254721+00:00,2025-11-30T09:04:40.254731+00:00
4489,383,24,25.66,0.0,13.8,2025-11-30T09:04:40.257579+00:00,2025-11-30T09:04:40.257621+00:00
4490,383,19,79.53,0.0,61.11,2025-11-30T09:04:40.260891+00:00,2025-11-30T09:04:40.260902+00:00
4491,383,29,35.43,46.35,41.62,2025-11-30T09:04:40.265145+00:00,2025-11-30T09:04:40.265155+00:00
4492,383,30,21.61,0.0,21.82,2025-11-30T09:04:40.271517+00:00,2025-11-30T09:04:40.271538+00:00
4493,383,35,0.0,0.0,10.01,2025-11-30T09:04:40.275025+00:00,2025-11-30T09:04:40.275035+00:00
4494,383,28,0.0,0.0,15.01,2025-11-30T09:04:40.277683+00:00,2025-11-30T09:04:40.277692+00:00
4495,383,34,0.0,0.0,29.42,2025-11-30T09:04:40.280495+00:00,2025-11-30T09:04:40.280507+00:00
4496,383,15,102.72,0.0,32.45,2025-11-30T09:04:40.283811+00:00,2025-11-30T09:04:40.283819+00:00
4497,383,42,43.25,0.0,26.58,2025-11-30T09:04:40.286453+00:00,2025-11-30T09:04:40.286479+00:00
4498,385,21,0.0,40.17,19.85,2025-11-30T09:04:40.291230+00:00,2025-11-30T09:04:40.291242+00:00
4499,385,37,0.0,76.51,43.99,2025-11-30T09:04:40.295439+00:00,2025-11-30T09:04:40.295453+00:00
4500,385,24,0.0,14.52,10.09,2025-11-30T09:04:40.300260+00:00,2025-11-30T09:04:40.300270+00:00
4501,385,29,74.72,0.0,29.19,2025-11-30T09:04:40.303594+00:00,2025-11-30T09:04:40.303628+00:00
4502,385,23,115.6,64.19,118.79,2025-11-30T09:04:40.308740+00:00,2025-11-30T09:04:40.308750+00:00
4503,385,43,0.0,0.0,83.6,2025-11-30T09:04:40.311726+00:00,2025-11-30T09:04:40.311734+00:00
4504,385,34,29.22,0.0,17.68,2025-11-30T09:04:40.314018+00:00,2025-11-30T09:04:40.314026+00:00
4505,385,25,5.02,0.0,31.1,2025-11-30T09:04:40.316367+00:00,2025-11-30T09:04:40.316374+00:00
4506,385,44,0.0,20.15,12.02,2025-11-30T09:04:40.319469+00:00,2025-11-30T09:04:40.319480+00:00
4507,385,30,0.0,0.0,43.82,2025-11-30T09:04:40.324013+00:00,2025-11-30T09:04:40.324025+00:00
4508,385,31,0.0,0.0,34.38,2025-11-30T09:04:40.327402+00:00,2025-11-30T09:04:40.327419+00:00
4509,385,20,0.0,76.41,62.04,2025-11-30T09:04:40.331415+00:00,2025-11-30T09:04:40.331425+00:00
4510,385,16,53.58,94.33,55.35,2025-11-30T09:04:40.334845+00:00,2025-11-30T09:04:40.334855+00:00
4511,385,28,0.0,0.0,48.94,2025-11-30T09:04:40.338699+00:00,2025-11-30T09:04:40.338710+00:00
4512,385,19,0.0,39.79,15.45,2025-11-30T09:04:40.341783+00:00,2025-11-30T09:04:40.341792+00:00
4513,386,17,0.0,76.29,44.59,2025-11-30T09:04:40.344015+00:00,2025-11-30T09:04:40.344022+00:00
4514,386,34,0.0,53.88,70.72,2025-11-30T09:04:40.347694+00:00,2025-11-30T09:04:40.347702+00:00
4515,386,20,0.0,0.0,29.74,2025-11-30T09:04:40.350503+00:00,2025-11-30T09:04:40.350509+00:00
4516,386,29,0.0,0.0,14.81,2025-11-30T09:04:40.352810+00:00,2025-11-30T09:04:40.352818+00:00
4517,386,36,5.53,0.0,29.12,2025-11-30T09:04:40.355894+00:00,2025-11-30T09:04:40.355903+00:00
4518,386,18,0.0,0.0,70.31,2025-11-30T09:04:40.358922+00:00,2025-11-30T09:04:40.358932+00:00
4519,386,27,0.0,10.29,6.13,2025-11-30T09:04:40.361913+00:00,2025-11-30T09:04:40.361926+00:00
4520,386,35,27.53,0.0,14.69,2025-11-30T09:04:40.365447+00:00,2025-11-30T09:04:40.365456+00:00
4521,386,38,0.0,0.0,9.31,2025-11-30T09:04:40.368015+00:00,2025-11-30T09:04:40.368025+00:00
4522,386,24,27.54,0.0,14.88,2025-11-30T09:04:40.371876+00:00,2025-11-30T09:04:40.371886+00:00
4523,386,16,0.0,22.78,7.37,2025-11-30T09:04:40.374412+00:00,2025-11-30T09:04:40.374420+00:00
4524,386,26,0.0,0.0,9.59,2025-11-30T09:04:40.377100+00:00,2025-11-30T09:04:40.377145+00:00
4525,386,15,0.0,39.79,14.03,2025-11-30T09:04:40.379658+00:00,2025-11-30T09:04:40.379665+00:00
4526,386,19,0.0,0.0,39.14,2025-11-30T09:04:40.382075+00:00,2025-11-30T09:04:40.382082+00:00
4527,386,39,0.0,44.22,13.9,2025-11-30T09:04:40.385375+00:00,2025-11-30T09:04:40.385381+00:00
4528,386,25,0.0,0.0,47.74,2025-11-30T09:04:40.389034+00:00,2025-11-30T09:04:40.389047+00:00
4529,387,38,377.0,930.02,952.4,2025-11-30T09:04:40.392504+00:00,2025-11-30T09:04:40.392513+00:00
4530,387,32,0.0,241.38,796.54,2025-11-30T09:04:40.394907+00:00,2025-11-30T09:04:40.394917+00:00
4531,387,22,0.0,0.0,96.37,2025-11-30T09:04:40.398391+00:00,2025-11-30T09:04:40.398401+00:00
4532,387,33,801.62,0.0,429.92,2025-11-30T09:04:40.400967+00:00,2025-11-30T09:04:40.400976+00:00
4533,387,23,772.8,0.0,420.76,2025-11-30T09:04:40.404119+00:00,2025-11-30T09:04:40.404130+00:00
4534,387,35,0.0,0.0,440.2,2025-11-30T09:04:40.407684+00:00,2025-11-30T09:04:40.407693+00:00
4535,387,42,0.0,1025.49,416.22,2025-11-30T09:04:40.409978+00:00,2025-11-30T09:04:40.409986+00:00
4536,387,41,618.87,0.0,250.17,2025-11-30T09:04:40.412045+00:00,2025-11-30T09:04:40.412051+00:00
4537,387,44,0.0,0.0,432.74,2025-11-30T09:04:40.414090+00:00,2025-11-30T09:04:40.414096+00:00
4538,387,16,908.12,1302.63,892.33,2025-11-30T09:04:40.416135+00:00,2025-11-30T09:04:40.416141+00:00
4539,387,43,0.0,1128.99,424.06,2025-11-30T09:04:40.418511+00:00,2025-11-30T09:04:40.418517+00:00
4540,387,30,0.0,0.0,271.32,2025-11-30T09:04:40.421917+00:00,2025-11-30T09:04:40.421926+00:00
4541,387,37,0.0,0.0,483.47,2025-11-30T09:04:40.424549+00:00,2025-11-30T09:04:40.424559+00:00
4542,387,17,1156.34,0.0,391.81,2025-11-30T09:04:40.428516+00:00,2025-11-30T09:04:40.428527+00:00
4543,387,20,387.64,0.0,267.41,2025-11-30T09:04:40.431706+00:00,2025-11-30T09:04:40.431717+00:00
4544,387,15,1052.52,0.0,391.76,2025-11-30T09:04:40.434119+00:00,2025-11-30T09:04:40.434128+00:00
4545,387,27,0.0,1291.5,398.11,2025-11-30T09:04:40.437924+00:00,2025-11-30T09:04:40.437938+00:00
4546,388,41,0.0,34.72,20.17,2025-11-30T09:04:40.441576+00:00,2025-11-30T09:04:40.441588+00:00
4547,388,40,0.0,208.27,90.95,2025-11-30T09:04:40.444909+00:00,2025-11-30T09:04:40.444915+00:00
4548,388,44,87.86,0.0,27.87,2025-11-30T09:04:40.447163+00:00,2025-11-30T09:04:40.447170+00:00
4549,388,16,0.0,0.0,49.19,2025-11-30T09:04:40.449301+00:00,2025-11-30T09:04:40.449308+00:00
4550,388,17,0.0,104.75,42.37,2025-11-30T09:04:40.451320+00:00,2025-11-30T09:04:40.451326+00:00
4551,388,26,148.2,0.0,61.64,2025-11-30T09:04:40.454546+00:00,2025-11-30T09:04:40.454555+00:00
4552,388,27,289.53,0.0,115.0,2025-11-30T09:04:40.457521+00:00,2025-11-30T09:04:40.457534+00:00
4553,388,21,0.0,0.0,60.06,2025-11-30T09:04:40.460571+00:00,2025-11-30T09:04:40.460580+00:00
4554,388,29,0.0,0.0,28.61,2025-11-30T09:04:40.464800+00:00,2025-11-30T09:04:40.464810+00:00
4555,388,28,0.0,0.0,63.44,2025-11-30T09:04:40.469275+00:00,2025-11-30T09:04:40.469285+00:00
4556,388,39,74.91,0.0,25.14,2025-11-30T09:04:40.473522+00:00,2025-11-30T09:04:40.473531+00:00
4557,388,35,40.14,0.0,25.64,2025-11-30T09:04:40.475794+00:00,2025-11-30T09:04:40.475801+00:00
4558,388,23,0.0,0.0,44.89,2025-11-30T09:04:40.478185+00:00,2025-11-30T09:04:40.478194+00:00
4559,390,37,113.35,0.0,94.54,2025-11-30T09:04:40.480710+00:00,2025-11-30T09:04:40.480718+00:00
4560,390,41,0.0,72.01,22.14,2025-11-30T09:04:40.483073+00:00,2025-11-30T09:04:40.483081+00:00
4561,390,42,7.46,0.0,85.46,2025-11-30T09:04:40.485106+00:00,2025-11-30T09:04:40.485113+00:00
4562,390,24,0.0,0.0,36.33,2025-11-30T09:04:40.488157+00:00,2025-11-30T09:04:40.488169+00:00
4563,390,25,0.0,0.0,45.26,2025-11-30T09:04:40.492164+00:00,2025-11-30T09:04:40.492200+00:00
4564,390,20,0.0,0.0,28.27,2025-11-30T09:04:40.495038+00:00,2025-11-30T09:04:40.495050+00:00
4565,390,23,59.63,0.0,35.45,2025-11-30T09:04:40.498629+00:00,2025-11-30T09:04:40.498639+00:00
4566,390,35,54.89,0.0,26.09,2025-11-30T09:04:40.501295+00:00,2025-11-30T09:04:40.501303+00:00
4567,390,34,0.0,0.0,20.22,2025-11-30T09:04:40.504940+00:00,2025-11-30T09:04:40.504950+00:00
4568,390,32,0.0,101.64,42.5,2025-11-30T09:04:40.508153+00:00,2025-11-30T09:04:40.508163+00:00
4569,390,17,80.79,0.0,38.02,2025-11-30T09:04:40.510698+00:00,2025-11-30T09:04:40.510707+00:00
4570,390,31,0.0,11.83,58.24,2025-11-30T09:04:40.514819+00:00,2025-11-30T09:04:40.514828+00:00
4571,390,29,0.0,0.0,7.34,2025-11-30T09:04:40.517314+00:00,2025-11-30T09:04:40.517322+00:00
4572,390,39,0.0,0.0,13.28,2025-11-30T09:04:40.521004+00:00,2025-11-30T09:04:40.521013+00:00
4573,390,38,0.0,0.0,1.87,2025-11-30T09:04:40.524104+00:00,2025-11-30T09:04:40.524113+00:00
4574,390,27,0.0,19.11,9.98,2025-11-30T09:04:40.527207+00:00,2025-11-30T09:04:40.527221+00:00
4575,390,44,50.34,0.0,24.49,2025-11-30T09:04:40.532382+00:00,2025-11-30T09:04:40.532392+00:00
4576,390,16,0.0,0.0,26.3,2025-11-30T09:04:40.534939+00:00,2025-11-30T09:04:40.534948+00:00
4577,390,30,0.0,0.0,32.88,2025-11-30T09:04:40.538715+00:00,2025-11-30T09:04:40.538726+00:00
4578,391,40,0.0,75.86,26.79,2025-11-30T09:04:40.541771+00:00,2025-11-30T09:04:40.541781+00:00
4579,391,41,48.23,0.0,22.72,2025-11-30T09:04:40.545620+00:00,2025-11-30T09:04:40.545628+00:00
4580,391,16,0.0,113.74,48.62,2025-11-30T09:04:40.548039+00:00,2025-11-30T09:04:40.548046+00:00
4581,391,43,0.0,72.13,32.96,2025-11-30T09:04:40.550351+00:00,2025-11-30T09:04:40.550357+00:00
4582,391,17,0.0,119.07,56.97,2025-11-30T09:04:40.552596+00:00,2025-11-30T09:04:40.552604+00:00
4583,391,23,0.0,0.0,32.98,2025-11-30T09:04:40.556466+00:00,2025-11-30T09:04:40.556508+00:00
4584,391,31,0.0,0.0,34.38,2025-11-30T09:04:40.559572+00:00,2025-11-30T09:04:40.559582+00:00
4585,391,27,0.0,0.0,43.65,2025-11-30T09:04:40.563679+00:00,2025-11-30T09:04:40.563689+00:00
4586,391,39,0.0,0.0,16.02,2025-11-30T09:04:40.568539+00:00,2025-11-30T09:04:40.568550+00:00
4587,391,33,0.0,0.0,21.2,2025-11-30T09:04:40.573264+00:00,2025-11-30T09:04:40.573275+00:00
4588,391,44,0.0,57.18,22.86,2025-11-30T09:04:40.575588+00:00,2025-11-30T09:04:40.575595+00:00
4589,391,30,0.0,0.0,39.48,2025-11-30T09:04:40.578151+00:00,2025-11-30T09:04:40.578161+00:00
4590,391,24,0.0,92.39,44.41,2025-11-30T09:04:40.581301+00:00,2025-11-30T09:04:40.581309+00:00
4591,391,32,0.0,0.0,41.1,2025-11-30T09:04:40.583779+00:00,2025-11-30T09:04:40.583785+00:00
4592,391,20,106.1,0.0,67.41,2025-11-30T09:04:40.587069+00:00,2025-11-30T09:04:40.587079+00:00
4593,391,25,0.0,29.57,12.48,2025-11-30T09:04:40.590448+00:00,2025-11-30T09:04:40.590458+00:00
4594,391,22,0.0,0.0,31.39,2025-11-30T09:04:40.594233+00:00,2025-11-30T09:04:40.594243+00:00
4595,392,17,13.05,0.0,47.71,2025-11-30T09:04:40.597894+00:00,2025-11-30T09:04:40.597904+00:00
4596,392,23,0.0,0.0,69.77,2025-11-30T09:04:40.601076+00:00,2025-11-30T09:04:40.601086+00:00
4597,392,43,0.0,84.08,57.32,2025-11-30T09:04:40.605179+00:00,2025-11-30T09:04:40.605189+00:00
4598,392,19,0.0,65.78,51.67,2025-11-30T09:04:40.608124+00:00,2025-11-30T09:04:40.608133+00:00
4599,392,16,0.0,0.0,41.19,2025-11-30T09:04:40.611071+00:00,2025-11-30T09:04:40.611080+00:00
4600,392,31,0.0,57.06,27.42,2025-11-30T09:04:40.614121+00:00,2025-11-30T09:04:40.614130+00:00
4601,392,20,0.0,25.82,16.06,2025-11-30T09:04:40.617167+00:00,2025-11-30T09:04:40.617183+00:00
4602,392,32,0.0,36.24,24.54,2025-11-30T09:04:40.620997+00:00,2025-11-30T09:04:40.621010+00:00
4603,392,18,87.34,8.44,44.05,2025-11-30T09:04:40.625025+00:00,2025-11-30T09:04:40.625037+00:00
4604,392,22,0.0,13.28,4.09,2025-11-30T09:04:40.628873+00:00,2025-11-30T09:04:40.628884+00:00
4605,392,33,0.0,0.0,21.83,2025-11-30T09:04:40.632443+00:00,2025-11-30T09:04:40.632453+00:00
4606,392,24,0.0,0.0,24.5,2025-11-30T09:04:40.635868+00:00,2025-11-30T09:04:40.635877+00:00
4607,392,30,0.0,0.0,22.56,2025-11-30T09:04:40.641622+00:00,2025-11-30T09:04:40.641631+00:00
4608,392,29,0.0,24.45,36.84,2025-11-30T09:04:40.645449+00:00,2025-11-30T09:04:40.645458+00:00
4609,392,15,0.0,0.0,38.16,2025-11-30T09:04:40.648000+00:00,2025-11-30T09:04:40.648008+00:00
4610,392,25,0.0,0.0,5.51,2025-11-30T09:04:40.650279+00:00,2025-11-30T09:04:40.650287+00:00
4611,392,28,0.0,0.0,33.0,2025-11-30T09:04:40.652853+00:00,2025-11-30T09:04:40.652870+00:00
4612,392,21,0.0,0.0,44.6,2025-11-30T09:04:40.657342+00:00,2025-11-30T09:04:40.657352+00:00
4613,392,26,58.85,0.0,35.02,2025-11-30T09:04:40.660014+00:00,2025-11-30T09:04:40.660023+00:00
4614,393,24,113.33,0.0,62.15,2025-11-30T09:04:40.664962+00:00,2025-11-30T09:04:40.664971+00:00
4615,393,26,0.0,50.49,19.11,2025-11-30T09:04:40.667998+00:00,2025-11-30T09:04:40.668007+00:00
4616,393,40,62.31,0.0,57.21,2025-11-30T09:04:40.671714+00:00,2025-11-30T09:04:40.671728+00:00
4617,393,30,0.0,0.0,25.53,2025-11-30T09:04:40.675467+00:00,2025-11-30T09:04:40.675477+00:00
4618,393,36,0.0,0.0,92.06,2025-11-30T09:04:40.678065+00:00,2025-11-30T09:04:40.678073+00:00
4619,393,44,61.23,0.0,53.26,2025-11-30T09:04:40.680832+00:00,2025-11-30T09:04:40.680839+00:00
4620,393,35,0.0,0.0,100.14,2025-11-30T09:04:40.683388+00:00,2025-11-30T09:04:40.683396+00:00
4621,393,23,0.0,48.59,32.78,2025-11-30T09:04:40.685811+00:00,2025-11-30T09:04:40.685820+00:00
4622,393,16,0.0,0.0,7.59,2025-11-30T09:04:40.691237+00:00,2025-11-30T09:04:40.691245+00:00
4623,393,19,9.37,0.0,6.14,2025-11-30T09:04:40.693646+00:00,2025-11-30T09:04:40.693654+00:00
4624,393,39,0.0,0.0,26.13,2025-11-30T09:04:40.697438+00:00,2025-11-30T09:04:40.697447+00:00
4625,393,15,0.0,0.0,34.43,2025-11-30T09:04:40.700586+00:00,2025-11-30T09:04:40.700595+00:00
4626,393,34,0.0,93.42,30.51,2025-11-30T09:04:40.704108+00:00,2025-11-30T09:04:40.704133+00:00
4627,393,33,0.0,127.47,39.52,2025-11-30T09:04:40.709221+00:00,2025-11-30T09:04:40.709231+00:00
4628,393,28,59.09,0.0,53.37,2025-11-30T09:04:40.712117+00:00,2025-11-30T09:04:40.712125+00:00
4629,393,18,0.0,27.99,17.4,2025-11-30T09:04:40.714727+00:00,2025-11-30T09:04:40.714734+00:00
4630,394,28,0.0,0.0,34.18,2025-11-30T09:04:40.717142+00:00,2025-11-30T09:04:40.717151+00:00
4631,394,35,0.0,0.0,49.72,2025-11-30T09:04:40.720973+00:00,2025-11-30T09:04:40.720983+00:00
4632,394,43,0.0,0.0,18.46,2025-11-30T09:04:40.724323+00:00,2025-11-30T09:04:40.724332+00:00
4633,394,21,0.0,0.0,2.55,2025-11-30T09:04:40.726918+00:00,2025-11-30T09:04:40.726926+00:00
4634,394,39,0.0,0.0,27.54,2025-11-30T09:04:40.730426+00:00,2025-11-30T09:04:40.730436+00:00
4635,394,18,35.65,86.99,60.66,2025-11-30T09:04:40.732957+00:00,2025-11-30T09:04:40.732966+00:00
4636,394,31,0.0,0.0,27.0,2025-11-30T09:04:40.738335+00:00,2025-11-30T09:04:40.738348+00:00
4637,394,23,4.21,0.0,2.6,2025-11-30T09:04:40.742082+00:00,2025-11-30T09:04:40.742095+00:00
4638,394,19,0.0,0.0,24.72,2025-11-30T09:04:40.745155+00:00,2025-11-30T09:04:40.745161+00:00
4639,394,16,0.0,0.0,57.44,2025-11-30T09:04:40.747975+00:00,2025-11-30T09:04:40.747983+00:00
4640,394,15,0.0,151.42,46.29,2025-11-30T09:04:40.750681+00:00,2025-11-30T09:04:40.750727+00:00
4641,394,41,0.0,0.0,41.52,2025-11-30T09:04:40.753612+00:00,2025-11-30T09:04:40.753622+00:00
4642,394,36,0.0,0.0,25.81,2025-11-30T09:04:40.756425+00:00,2025-11-30T09:04:40.756434+00:00
4643,394,25,0.0,0.0,17.01,2025-11-30T09:04:40.759079+00:00,2025-11-30T09:04:40.759087+00:00
4644,394,37,0.0,6.4,4.07,2025-11-30T09:04:40.761801+00:00,2025-11-30T09:04:40.761813+00:00
4645,395,31,22.83,0.0,13.27,2025-11-30T09:04:40.765455+00:00,2025-11-30T09:04:40.765465+00:00
4646,395,44,108.38,32.48,94.16,2025-11-30T09:04:40.768412+00:00,2025-11-30T09:04:40.768422+00:00
4647,395,37,0.0,71.98,45.93,2025-11-30T09:04:40.772631+00:00,2025-11-30T09:04:40.772641+00:00
4648,395,20,158.1,0.0,48.88,2025-11-30T09:04:40.775699+00:00,2025-11-30T09:04:40.775708+00:00
4649,395,27,0.0,0.0,31.66,2025-11-30T09:04:40.779163+00:00,2025-11-30T09:04:40.779171+00:00
4650,395,32,0.0,0.0,25.74,2025-11-30T09:04:40.781466+00:00,2025-11-30T09:04:40.781474+00:00
4651,395,43,130.4,0.0,40.3,2025-11-30T09:04:40.783338+00:00,2025-11-30T09:04:40.783345+00:00
4652,395,35,0.0,0.0,76.72,2025-11-30T09:04:40.785448+00:00,2025-11-30T09:04:40.785457+00:00
4653,395,15,0.0,0.0,1.36,2025-11-30T09:04:40.790287+00:00,2025-11-30T09:04:40.790296+00:00
4654,395,17,0.0,0.0,10.07,2025-11-30T09:04:40.792489+00:00,2025-11-30T09:04:40.792497+00:00
4655,395,33,0.0,0.0,37.32,2025-11-30T09:04:40.794663+00:00,2025-11-30T09:04:40.794672+00:00
4656,395,38,0.0,0.0,17.64,2025-11-30T09:04:40.798354+00:00,2025-11-30T09:04:40.798364+00:00
4657,395,40,0.0,78.31,31.51,2025-11-30T09:04:40.801042+00:00,2025-11-30T09:04:40.801051+00:00
4658,395,18,0.0,17.24,7.28,2025-11-30T09:04:40.804074+00:00,2025-11-30T09:04:40.804085+00:00
4659,395,23,37.56,0.0,16.31,2025-11-30T09:04:40.808746+00:00,2025-11-30T09:04:40.808755+00:00
4660,395,22,11.14,0.0,22.74,2025-11-30T09:04:40.810754+00:00,2025-11-30T09:04:40.810761+00:00
4661,396,18,35.16,0.0,14.8,2025-11-30T09:04:40.812606+00:00,2025-11-30T09:04:40.812613+00:00
4662,396,22,114.96,0.0,64.04,2025-11-30T09:04:40.814483+00:00,2025-11-30T09:04:40.814489+00:00
4663,396,36,65.12,0.0,74.22,2025-11-30T09:04:40.816384+00:00,2025-11-30T09:04:40.816390+00:00
4664,396,16,0.0,21.53,27.86,2025-11-30T09:04:40.818731+00:00,2025-11-30T09:04:40.818737+00:00
4665,396,31,0.0,32.05,18.23,2025-11-30T09:04:40.822340+00:00,2025-11-30T09:04:40.822349+00:00
4666,396,17,28.12,0.0,18.04,2025-11-30T09:04:40.825561+00:00,2025-11-30T09:04:40.825570+00:00
4667,396,34,0.0,0.0,9.23,2025-11-30T09:04:40.828620+00:00,2025-11-30T09:04:40.828630+00:00
4668,396,28,0.0,0.0,71.96,2025-11-30T09:04:40.831552+00:00,2025-11-30T09:04:40.831561+00:00
4669,396,30,0.0,0.0,7.98,2025-11-30T09:04:40.833892+00:00,2025-11-30T09:04:40.833900+00:00
4670,396,40,0.0,49.11,72.5,2025-11-30T09:04:40.836569+00:00,2025-11-30T09:04:40.836578+00:00
4671,396,19,91.91,0.0,45.76,2025-11-30T09:04:40.840506+00:00,2025-11-30T09:04:40.840515+00:00
4672,396,27,58.82,0.0,20.71,2025-11-30T09:04:40.842859+00:00,2025-11-30T09:04:40.842865+00:00
4673,396,24,0.0,0.0,35.85,2025-11-30T09:04:40.846300+00:00,2025-11-30T09:04:40.846306+00:00
4674,396,26,0.0,6.25,4.31,2025-11-30T09:04:40.848593+00:00,2025-11-30T09:04:40.848598+00:00
4675,396,35,0.0,0.0,3.41,2025-11-30T09:04:40.850411+00:00,2025-11-30T09:04:40.850417+00:00
4676,397,20,30.27,61.16,133.9,2025-11-30T09:04:40.852793+00:00,2025-11-30T09:04:40.852804+00:00
4677,397,28,139.77,0.0,63.5,2025-11-30T09:04:40.856339+00:00,2025-11-30T09:04:40.856347+00:00
4678,397,18,0.0,0.0,40.02,2025-11-30T09:04:40.858949+00:00,2025-11-30T09:04:40.858957+00:00
4679,397,22,0.0,0.0,23.72,2025-11-30T09:04:40.861728+00:00,2025-11-30T09:04:40.861740+00:00
4680,397,26,0.0,0.0,81.59,2025-11-30T09:04:40.865121+00:00,2025-11-30T09:04:40.865130+00:00
4681,397,40,0.0,0.0,31.77,2025-11-30T09:04:40.867383+00:00,2025-11-30T09:04:40.867392+00:00
4682,397,34,0.0,67.48,36.47,2025-11-30T09:04:40.871937+00:00,2025-11-30T09:04:40.871947+00:00
4683,397,35,0.0,0.0,31.91,2025-11-30T09:04:40.874566+00:00,2025-11-30T09:04:40.874575+00:00
4684,397,30,96.4,0.0,39.03,2025-11-30T09:04:40.876908+00:00,2025-11-30T09:04:40.876913+00:00
4685,397,33,60.92,0.0,32.28,2025-11-30T09:04:40.879136+00:00,2025-11-30T09:04:40.879142+00:00
4686,397,37,0.0,0.0,3.56,2025-11-30T09:04:40.881094+00:00,2025-11-30T09:04:40.881099+00:00
4687,397,19,0.0,0.0,45.71,2025-11-30T09:04:40.884739+00:00,2025-11-30T09:04:40.884745+00:00
4688,397,24,127.06,0.0,39.32,2025-11-30T09:04:40.888296+00:00,2025-11-30T09:04:40.888306+00:00
4689,397,15,0.0,0.0,45.32,2025-11-30T09:04:40.891034+00:00,2025-11-30T09:04:40.891042+00:00
4690,397,29,0.0,0.0,9.34,2025-11-30T09:04:40.893951+00:00,2025-11-30T09:04:40.893961+00:00
4691,397,38,0.0,0.0,36.31,2025-11-30T09:04:40.898630+00:00,2025-11-30T09:04:40.898640+00:00
4692,397,44,0.0,10.17,6.07,2025-11-30T09:04:40.900927+00:00,2025-11-30T09:04:40.900935+00:00
4693,398,18,0.0,0.0,55.85,2025-11-30T09:04:40.904858+00:00,2025-11-30T09:04:40.904868+00:00
4694,398,31,0.0,0.0,58.75,2025-11-30T09:04:40.907600+00:00,2025-11-30T09:04:40.907608+00:00
4695,398,43,4.14,0.0,2.61,2025-11-30T09:04:40.909573+00:00,2025-11-30T09:04:40.909579+00:00
4696,398,36,0.0,75.15,63.44,2025-11-30T09:04:40.911714+00:00,2025-11-30T09:04:40.911720+00:00
4697,398,44,0.0,74.72,36.96,2025-11-30T09:04:40.913753+00:00,2025-11-30T09:04:40.913759+00:00
4698,398,27,54.34,0.0,24.82,2025-11-30T09:04:40.915964+00:00,2025-11-30T09:04:40.915970+00:00
4699,398,42,0.0,74.97,45.37,2025-11-30T09:04:40.918830+00:00,2025-11-30T09:04:40.918837+00:00
4700,398,17,89.44,0.0,32.99,2025-11-30T09:04:40.922683+00:00,2025-11-30T09:04:40.922692+00:00
4701,398,16,0.0,0.0,39.99,2025-11-30T09:04:40.927428+00:00,2025-11-30T09:04:40.927439+00:00
4702,398,20,0.0,0.0,27.96,2025-11-30T09:04:40.931284+00:00,2025-11-30T09:04:40.931293+00:00
4703,398,23,46.88,0.0,21.49,2025-11-30T09:04:40.933911+00:00,2025-11-30T09:04:40.933922+00:00
4704,398,24,0.0,9.62,34.86,2025-11-30T09:04:40.937163+00:00,2025-11-30T09:04:40.937177+00:00
4705,398,19,0.0,0.0,33.85,2025-11-30T09:04:40.940880+00:00,2025-11-30T09:04:40.940889+00:00
4706,398,39,0.0,0.0,24.21,2025-11-30T09:04:40.943117+00:00,2025-11-30T09:04:40.943124+00:00
4707,398,28,0.0,0.0,15.39,2025-11-30T09:04:40.945121+00:00,2025-11-30T09:04:40.945127+00:00
4708,398,21,0.0,0.0,43.48,2025-11-30T09:04:40.947679+00:00,2025-11-30T09:04:40.947687+00:00
4709,398,25,27.4,0.0,16.75,2025-11-30T09:04:40.950859+00:00,2025-11-30T09:04:40.950868+00:00
4710,398,41,0.0,0.0,20.45,2025-11-30T09:04:40.953915+00:00,2025-11-30T09:04:40.953925+00:00
4711,398,38,75.9,0.0,43.21,2025-11-30T09:04:40.957190+00:00,2025-11-30T09:04:40.957202+00:00
4712,399,43,0.0,0.0,13.09,2025-11-30T09:04:40.961308+00:00,2025-11-30T09:04:40.961318+00:00
4713,399,42,0.0,0.0,5.25,2025-11-30T09:04:40.964817+00:00,2025-11-30T09:04:40.964875+00:00
4714,399,36,0.0,0.0,42.19,2025-11-30T09:04:40.967436+00:00,2025-11-30T09:04:40.967445+00:00
4715,399,15,0.0,0.0,33.95,2025-11-30T09:04:40.971444+00:00,2025-11-30T09:04:40.971454+00:00
4716,399,41,25.24,0.0,39.93,2025-11-30T09:04:40.974350+00:00,2025-11-30T09:04:40.974361+00:00
4717,399,35,0.0,0.0,21.32,2025-11-30T09:04:40.976872+00:00,2025-11-30T09:04:40.976881+00:00
4718,399,19,0.0,85.53,40.74,2025-11-30T09:04:40.979339+00:00,2025-11-30T09:04:40.979345+00:00
4719,399,23,0.0,59.76,31.32,2025-11-30T09:04:40.981332+00:00,2025-11-30T09:04:40.981338+00:00
4720,399,17,0.0,89.11,34.43,2025-11-30T09:04:40.983330+00:00,2025-11-30T09:04:40.983335+00:00
4721,399,20,0.0,0.0,48.07,2025-11-30T09:04:40.985797+00:00,2025-11-30T09:04:40.985806+00:00
4722,399,31,0.0,0.0,13.74,2025-11-30T09:04:40.989361+00:00,2025-11-30T09:04:40.989370+00:00
4723,399,34,79.42,51.14,67.15,2025-11-30T09:04:40.991992+00:00,2025-11-30T09:04:40.992001+00:00
4724,399,24,0.0,0.0,9.52,2025-11-30T09:04:40.994243+00:00,2025-11-30T09:04:40.994252+00:00
4725,399,26,0.0,0.0,46.09,2025-11-30T09:04:40.999166+00:00,2025-11-30T09:04:40.999175+00:00
4726,399,29,0.0,0.0,39.11,2025-11-30T09:04:41.001692+00:00,2025-11-30T09:04:41.001702+00:00
4727,399,37,0.0,28.07,10.08,2025-11-30T09:04:41.005505+00:00,2025-11-30T09:04:41.005515+00:00
4728,400,28,0.0,100.42,58.03,2025-11-30T09:04:41.008235+00:00,2025-11-30T09:04:41.008242+00:00
4729,400,43,22.91,0.0,10.77,2025-11-30T09:04:41.010514+00:00,2025-11-30T09:04:41.010521+00:00
4730,400,25,0.0,84.39,91.6,2025-11-30T09:04:41.012649+00:00,2025-11-30T09:04:41.012654+00:00
4731,400,44,0.0,144.72,48.83,2025-11-30T09:04:41.014698+00:00,2025-11-30T09:04:41.014703+00:00
4732,400,36,0.0,67.32,46.67,2025-11-30T09:04:41.016835+00:00,2025-11-30T09:04:41.016841+00:00
4733,400,32,0.0,0.0,17.15,2025-11-30T09:04:41.020549+00:00,2025-11-30T09:04:41.020559+00:00
4734,400,26,0.0,87.49,47.14,2025-11-30T09:04:41.023448+00:00,2025-11-30T09:04:41.023457+00:00
4735,400,27,17.19,0.0,7.76,2025-11-30T09:04:41.027013+00:00,2025-11-30T09:04:41.027022+00:00
4736,400,40,0.0,108.0,42.53,2025-11-30T09:04:41.030850+00:00,2025-11-30T09:04:41.030859+00:00
4737,400,21,0.0,45.51,15.54,2025-11-30T09:04:41.034785+00:00,2025-11-30T09:04:41.034798+00:00
4738,400,18,0.0,0.0,31.43,2025-11-30T09:04:41.039071+00:00,2025-11-30T09:04:41.039080+00:00
4739,400,41,0.0,144.46,48.69,2025-11-30T09:04:41.042167+00:00,2025-11-30T09:04:41.042180+00:00
4740,400,15,0.0,0.0,22.74,2025-11-30T09:04:41.046416+00:00,2025-11-30T09:04:41.046424+00:00
4741,400,20,0.0,10.4,69.16,2025-11-30T09:04:41.049129+00:00,2025-11-30T09:04:41.049137+00:00
4742,400,17,0.0,0.0,12.28,2025-11-30T09:04:41.051425+00:00,2025-11-30T09:04:41.051431+00:00
4743,400,35,0.0,0.0,59.54,2025-11-30T09:04:41.054954+00:00,2025-11-30T09:04:41.054965+00:00
4744,400,37,39.75,0.0,20.5,2025-11-30T09:04:41.058015+00:00,2025-11-30T09:04:41.058025+00:00
4745,400,23,0.0,18.84,9.51,2025-11-30T09:04:41.061595+00:00,2025-11-30T09:04:41.061605+00:00
4746,401,18,679.74,0.0,466.67,2025-11-30T09:04:41.064927+00:00,2025-11-30T09:04:41.064938+00:00
4747,401,29,0.0,0.0,114.33,2025-11-30T09:04:41.067711+00:00,2025-11-30T09:04:41.067720+00:00
4748,401,22,0.0,0.0,479.28,2025-11-30T09:04:41.071726+00:00,2025-11-30T09:04:41.071737+00:00
4749,401,34,0.0,1130.67,868.39,2025-11-30T09:04:41.076149+00:00,2025-11-30T09:04:41.076159+00:00
4750,401,39,0.0,787.61,358.48,2025-11-30T09:04:41.078874+00:00,2025-11-30T09:04:41.078883+00:00
4751,401,28,0.0,1072.25,438.7,2025-11-30T09:04:41.081035+00:00,2025-11-30T09:04:41.081042+00:00
4752,401,21,535.19,397.17,522.43,2025-11-30T09:04:41.083437+00:00,2025-11-30T09:04:41.083443+00:00
4753,401,38,0.0,0.0,286.39,2025-11-30T09:04:41.085447+00:00,2025-11-30T09:04:41.085454+00:00
4754,401,19,0.0,0.0,183.64,2025-11-30T09:04:41.089218+00:00,2025-11-30T09:04:41.089227+00:00
4755,401,23,0.0,627.94,262.47,2025-11-30T09:04:41.091563+00:00,2025-11-30T09:04:41.091570+00:00
4756,401,43,0.0,269.88,175.21,2025-11-30T09:04:41.093683+00:00,2025-11-30T09:04:41.093690+00:00
4757,401,25,0.0,498.9,599.11,2025-11-30T09:04:41.097439+00:00,2025-11-30T09:04:41.097449+00:00
4758,401,17,0.0,406.77,229.43,2025-11-30T09:04:41.100669+00:00,2025-11-30T09:04:41.100678+00:00
4759,401,31,0.0,0.0,293.79,2025-11-30T09:04:41.103578+00:00,2025-11-30T09:04:41.103587+00:00
4760,401,44,0.0,238.51,139.54,2025-11-30T09:04:41.108086+00:00,2025-11-30T09:04:41.108096+00:00
4761,401,37,0.0,692.8,256.79,2025-11-30T09:04:41.110572+00:00,2025-11-30T09:04:41.110580+00:00
4762,401,40,0.0,0.0,235.78,2025-11-30T09:04:41.112612+00:00,2025-11-30T09:04:41.112618+00:00
4763,401,33,0.0,649.98,334.9,2025-11-30T09:04:41.116322+00:00,2025-11-30T09:04:41.116328+00:00
4764,402,37,0.0,0.0,52.15,2025-11-30T09:04:41.120043+00:00,2025-11-30T09:04:41.120055+00:00
4765,402,44,28.49,0.0,32.41,2025-11-30T09:04:41.123262+00:00,2025-11-30T09:04:41.123270+00:00
4766,402,41,0.0,241.68,85.58,2025-11-30T09:04:41.125820+00:00,2025-11-30T09:04:41.125828+00:00
4767,402,24,0.0,0.0,8.79,2025-11-30T09:04:41.128714+00:00,2025-11-30T09:04:41.128725+00:00
4768,402,40,55.81,0.0,100.64,2025-11-30T09:04:41.131845+00:00,2025-11-30T09:04:41.131854+00:00
4769,402,34,0.0,0.0,4.77,2025-11-30T09:04:41.134158+00:00,2025-11-30T09:04:41.134165+00:00
4770,402,35,0.0,76.12,31.45,2025-11-30T09:04:41.139256+00:00,2025-11-30T09:04:41.139266+00:00
4771,402,22,103.8,112.54,82.38,2025-11-30T09:04:41.142237+00:00,2025-11-30T09:04:41.142245+00:00
4772,402,17,0.0,49.79,26.16,2025-11-30T09:04:41.144557+00:00,2025-11-30T09:04:41.144565+00:00
4773,402,43,0.0,0.0,17.79,2025-11-30T09:04:41.146520+00:00,2025-11-30T09:04:41.146526+00:00
4774,402,32,67.97,0.0,28.4,2025-11-30T09:04:41.149020+00:00,2025-11-30T09:04:41.149027+00:00
4775,402,30,0.0,18.71,10.99,2025-11-30T09:04:41.151277+00:00,2025-11-30T09:04:41.151283+00:00
4776,402,42,70.82,0.0,40.24,2025-11-30T09:04:41.154675+00:00,2025-11-30T09:04:41.154685+00:00
4777,404,17,0.0,0.0,49.58,2025-11-30T09:04:41.157944+00:00,2025-11-30T09:04:41.157953+00:00
4778,404,40,13.21,0.0,8.56,2025-11-30T09:04:41.163089+00:00,2025-11-30T09:04:41.163101+00:00
4779,404,33,33.65,108.8,58.51,2025-11-30T09:04:41.165750+00:00,2025-11-30T09:04:41.165758+00:00
4780,404,29,0.0,0.0,70.48,2025-11-30T09:04:41.169727+00:00,2025-11-30T09:04:41.169737+00:00
4781,404,34,0.0,0.0,15.31,2025-11-30T09:04:41.173878+00:00,2025-11-30T09:04:41.173887+00:00
4782,404,22,0.0,52.17,16.0,2025-11-30T09:04:41.176437+00:00,2025-11-30T09:04:41.176445+00:00
4783,404,23,24.59,0.0,12.05,2025-11-30T09:04:41.179850+00:00,2025-11-30T09:04:41.179859+00:00
4784,404,25,98.47,0.0,30.47,2025-11-30T09:04:41.181992+00:00,2025-11-30T09:04:41.181999+00:00
4785,404,39,0.0,58.91,26.54,2025-11-30T09:04:41.184131+00:00,2025-11-30T09:04:41.184137+00:00
4786,404,20,1.61,0.0,49.62,2025-11-30T09:04:41.187682+00:00,2025-11-30T09:04:41.187692+00:00
4787,404,36,65.81,0.0,34.92,2025-11-30T09:04:41.190284+00:00,2025-11-30T09:04:41.190293+00:00
4788,404,37,108.3,0.0,48.18,2025-11-30T09:04:41.193142+00:00,2025-11-30T09:04:41.193154+00:00
4789,404,44,0.0,48.13,46.01,2025-11-30T09:04:41.196841+00:00,2025-11-30T09:04:41.196852+00:00
4790,404,19,0.0,0.0,14.28,2025-11-30T09:04:41.200038+00:00,2025-11-30T09:04:41.200047+00:00
4791,404,32,0.0,85.23,48.7,2025-11-30T09:04:41.204484+00:00,2025-11-30T09:04:41.204494+00:00
4792,404,43,3.29,0.0,2.28,2025-11-30T09:04:41.208938+00:00,2025-11-30T09:04:41.208949+00:00
4793,404,18,91.8,0.0,32.36,2025-11-30T09:04:41.211366+00:00,2025-11-30T09:04:41.211373+00:00
4794,405,21,0.0,104.14,50.63,2025-11-30T09:04:41.213394+00:00,2025-11-30T09:04:41.213400+00:00
4795,405,38,57.22,0.0,35.4,2025-11-30T09:04:41.215742+00:00,2025-11-30T09:04:41.215749+00:00
4796,405,27,0.0,0.0,41.95,2025-11-30T09:04:41.218673+00:00,2025-11-30T09:04:41.218681+00:00
4797,405,30,0.0,0.0,8.86,2025-11-30T09:04:41.222548+00:00,2025-11-30T09:04:41.222559+00:00
4798,405,43,0.0,47.6,32.31,2025-11-30T09:04:41.225642+00:00,2025-11-30T09:04:41.225651+00:00
4799,405,17,0.0,0.0,42.4,2025-11-30T09:04:41.229713+00:00,2025-11-30T09:04:41.229725+00:00
4800,405,24,0.0,0.0,55.34,2025-11-30T09:04:41.233397+00:00,2025-11-30T09:04:41.233406+00:00
4801,405,32,0.0,0.0,49.76,2025-11-30T09:04:41.237419+00:00,2025-11-30T09:04:41.237451+00:00
4802,405,25,4.31,0.0,38.77,2025-11-30T09:04:41.240990+00:00,2025-11-30T09:04:41.241002+00:00
4803,405,41,0.0,99.73,68.73,2025-11-30T09:04:41.243110+00:00,2025-11-30T09:04:41.243120+00:00
4804,405,42,0.0,0.0,31.52,2025-11-30T09:04:41.245008+00:00,2025-11-30T09:04:41.245014+00:00
4805,405,34,0.0,0.0,3.27,2025-11-30T09:04:41.247611+00:00,2025-11-30T09:04:41.247620+00:00
4806,405,37,0.0,0.0,44.67,2025-11-30T09:04:41.251294+00:00,2025-11-30T09:04:41.251302+00:00
4807,405,20,15.24,0.0,9.55,2025-11-30T09:04:41.255111+00:00,2025-11-30T09:04:41.255121+00:00
4808,405,19,0.0,0.0,19.12,2025-11-30T09:04:41.257618+00:00,2025-11-30T09:04:41.257630+00:00
4809,406,43,0.0,0.0,25.51,2025-11-30T09:04:41.260734+00:00,2025-11-30T09:04:41.260745+00:00
4810,406,34,0.0,12.86,37.47,2025-11-30T09:04:41.264898+00:00,2025-11-30T09:04:41.264908+00:00
4811,406,19,0.0,0.0,23.13,2025-11-30T09:04:41.267734+00:00,2025-11-30T09:04:41.267743+00:00
4812,406,29,16.87,86.19,56.36,2025-11-30T09:04:41.271648+00:00,2025-11-30T09:04:41.271658+00:00
4813,406,28,147.37,0.0,48.07,2025-11-30T09:04:41.274587+00:00,2025-11-30T09:04:41.274596+00:00
4814,406,39,0.0,0.0,32.12,2025-11-30T09:04:41.277758+00:00,2025-11-30T09:04:41.277767+00:00
4815,406,23,156.61,0.0,80.76,2025-11-30T09:04:41.280477+00:00,2025-11-30T09:04:41.280486+00:00
4816,406,21,0.0,0.0,18.52,2025-11-30T09:04:41.282741+00:00,2025-11-30T09:04:41.282750+00:00
4817,406,24,51.55,0.0,34.12,2025-11-30T09:04:41.285048+00:00,2025-11-30T09:04:41.285056+00:00
4818,406,20,0.0,0.0,14.3,2025-11-30T09:04:41.288936+00:00,2025-11-30T09:04:41.288947+00:00
4819,406,25,0.0,149.58,71.09,2025-11-30T09:04:41.291740+00:00,2025-11-30T09:04:41.291748+00:00
4820,406,33,0.0,72.36,41.42,2025-11-30T09:04:41.296424+00:00,2025-11-30T09:04:41.296441+00:00
4821,406,40,0.0,0.0,42.54,2025-11-30T09:04:41.300053+00:00,2025-11-30T09:04:41.300063+00:00
4822,406,41,0.0,41.58,24.73,2025-11-30T09:04:41.303841+00:00,2025-11-30T09:04:41.303851+00:00
4823,406,42,33.64,0.0,21.38,2025-11-30T09:04:41.308003+00:00,2025-11-30T09:04:41.308013+00:00
4824,407,21,0.0,0.0,18.57,2025-11-30T09:04:41.310593+00:00,2025-11-30T09:04:41.310601+00:00
4825,407,37,62.08,0.0,36.89,2025-11-30T09:04:41.314339+00:00,2025-11-30T09:04:41.314348+00:00
4826,407,15,56.4,0.0,31.86,2025-11-30T09:04:41.317324+00:00,2025-11-30T09:04:41.317335+00:00
4827,407,18,73.56,27.51,49.17,2025-11-30T09:04:41.321319+00:00,2025-11-30T09:04:41.321334+00:00
4828,407,43,50.58,0.0,24.99,2025-11-30T09:04:41.325101+00:00,2025-11-30T09:04:41.325111+00:00
4829,407,38,0.0,103.37,62.29,2025-11-30T09:04:41.329212+00:00,2025-11-30T09:04:41.329241+00:00
4830,407,20,0.0,0.0,48.35,2025-11-30T09:04:41.333233+00:00,2025-11-30T09:04:41.333243+00:00
4831,407,41,0.0,0.0,7.98,2025-11-30T09:04:41.340133+00:00,2025-11-30T09:04:41.340144+00:00
4832,407,28,5.99,0.0,27.61,2025-11-30T09:04:41.343346+00:00,2025-11-30T09:04:41.343355+00:00
4833,407,36,0.0,2.82,1.73,2025-11-30T09:04:41.346333+00:00,2025-11-30T09:04:41.346342+00:00
4834,407,39,25.54,0.0,12.69,2025-11-30T09:04:41.350604+00:00,2025-11-30T09:04:41.350612+00:00
4835,407,22,0.0,94.13,69.22,2025-11-30T09:04:41.354424+00:00,2025-11-30T09:04:41.354434+00:00
4836,407,35,0.0,0.0,11.94,2025-11-30T09:04:41.358596+00:00,2025-11-30T09:04:41.358605+00:00
4837,407,44,0.0,0.0,28.1,2025-11-30T09:04:41.362194+00:00,2025-11-30T09:04:41.362206+00:00
4838,407,27,0.0,116.31,61.97,2025-11-30T09:04:41.366540+00:00,2025-11-30T09:04:41.366550+00:00
4839,407,24,0.0,0.0,14.31,2025-11-30T09:04:41.371598+00:00,2025-11-30T09:04:41.371608+00:00
4840,407,29,0.0,0.0,15.44,2025-11-30T09:04:41.375193+00:00,2025-11-30T09:04:41.375203+00:00
4841,407,30,0.0,0.0,49.59,2025-11-30T09:04:41.378432+00:00,2025-11-30T09:04:41.378444+00:00
4842,408,33,73.72,0.0,86.53,2025-11-30T09:04:41.381088+00:00,2025-11-30T09:04:41.381096+00:00
4843,408,28,92.82,0.0,63.59,2025-11-30T09:04:41.384829+00:00,2025-11-30T09:04:41.384838+00:00
4844,408,25,0.0,0.0,45.1,2025-11-30T09:04:41.388852+00:00,2025-11-30T09:04:41.388862+00:00
4845,408,43,0.0,0.0,12.67,2025-11-30T09:04:41.391761+00:00,2025-11-30T09:04:41.391770+00:00
4846,408,22,67.23,0.0,39.07,2025-11-30T09:04:41.394165+00:00,2025-11-30T09:04:41.394176+00:00
4847,408,31,50.46,0.0,24.9,2025-11-30T09:04:41.397931+00:00,2025-11-30T09:04:41.397940+00:00
4848,408,38,0.0,0.0,13.32,2025-11-30T09:04:41.400832+00:00,2025-11-30T09:04:41.400841+00:00
4849,408,39,74.86,77.54,74.39,2025-11-30T09:04:41.404368+00:00,2025-11-30T09:04:41.404379+00:00
4850,408,24,0.0,14.26,9.84,2025-11-30T09:04:41.407423+00:00,2025-11-30T09:04:41.407434+00:00
4851,408,16,0.0,0.0,58.36,2025-11-30T09:04:41.410160+00:00,2025-11-30T09:04:41.410167+00:00
4852,408,32,0.0,0.0,52.36,2025-11-30T09:04:41.412458+00:00,2025-11-30T09:04:41.412465+00:00
4853,408,26,64.47,0.0,28.28,2025-11-30T09:04:41.414480+00:00,2025-11-30T09:04:41.414487+00:00
4854,408,35,0.0,0.0,13.51,2025-11-30T09:04:41.417037+00:00,2025-11-30T09:04:41.417047+00:00
4855,408,20,0.0,38.51,14.57,2025-11-30T09:04:41.420785+00:00,2025-11-30T09:04:41.420795+00:00
4856,409,34,0.0,0.0,12.02,2025-11-30T09:04:41.424032+00:00,2025-11-30T09:04:41.424043+00:00
4857,409,22,0.0,0.0,38.48,2025-11-30T09:04:41.428870+00:00,2025-11-30T09:04:41.428884+00:00
4858,409,41,22.72,0.0,64.07,2025-11-30T09:04:41.432019+00:00,2025-11-30T09:04:41.432029+00:00
4859,409,40,0.0,8.16,3.44,2025-11-30T09:04:41.434674+00:00,2025-11-30T09:04:41.434683+00:00
4860,409,20,0.0,0.0,19.81,2025-11-30T09:04:41.438986+00:00,2025-11-30T09:04:41.438996+00:00
4861,409,26,0.0,0.0,20.88,2025-11-30T09:04:41.442300+00:00,2025-11-30T09:04:41.442307+00:00
4862,409,16,0.0,0.0,14.53,2025-11-30T09:04:41.444733+00:00,2025-11-30T09:04:41.444740+00:00
4863,409,27,95.84,0.0,61.89,2025-11-30T09:04:41.446625+00:00,2025-11-30T09:04:41.446631+00:00
4864,409,28,0.0,0.0,43.19,2025-11-30T09:04:41.449451+00:00,2025-11-30T09:04:41.449458+00:00
4865,409,32,0.0,0.0,48.61,2025-11-30T09:04:41.451456+00:00,2025-11-30T09:04:41.451462+00:00
4866,409,23,0.0,111.12,43.42,2025-11-30T09:04:41.454468+00:00,2025-11-30T09:04:41.454478+00:00
4867,409,33,27.58,0.0,10.41,2025-11-30T09:04:41.457614+00:00,2025-11-30T09:04:41.457625+00:00
4868,409,39,23.7,0.0,8.56,2025-11-30T09:04:41.460379+00:00,2025-11-30T09:04:41.460387+00:00
4869,409,19,0.0,0.0,14.79,2025-11-30T09:04:41.463745+00:00,2025-11-30T09:04:41.463755+00:00
4870,409,37,0.0,0.0,19.43,2025-11-30T09:04:41.466134+00:00,2025-11-30T09:04:41.466161+00:00
4871,410,43,50.91,0.0,19.86,2025-11-30T09:04:41.468596+00:00,2025-11-30T09:04:41.468604+00:00
4872,410,20,0.0,0.0,33.43,2025-11-30T09:04:41.473429+00:00,2025-11-30T09:04:41.473438+00:00
4873,410,27,36.36,0.0,21.06,2025-11-30T09:04:41.475641+00:00,2025-11-30T09:04:41.475649+00:00
4874,410,35,0.0,33.01,57.27,2025-11-30T09:04:41.477944+00:00,2025-11-30T09:04:41.477952+00:00
4875,410,39,0.0,0.0,36.48,2025-11-30T09:04:41.479984+00:00,2025-11-30T09:04:41.479991+00:00
4876,410,28,0.0,8.51,32.82,2025-11-30T09:04:41.482005+00:00,2025-11-30T09:04:41.482012+00:00
4877,410,22,0.0,46.15,31.25,2025-11-30T09:04:41.483828+00:00,2025-11-30T09:04:41.483833+00:00
4878,410,17,0.0,0.0,3.27,2025-11-30T09:04:41.486513+00:00,2025-11-30T09:04:41.486522+00:00
4879,410,34,0.0,137.2,46.42,2025-11-30T09:04:41.489501+00:00,2025-11-30T09:04:41.489510+00:00
4880,410,25,0.0,40.02,13.5,2025-11-30T09:04:41.492066+00:00,2025-11-30T09:04:41.492075+00:00
4881,410,21,0.0,76.08,35.48,2025-11-30T09:04:41.494269+00:00,2025-11-30T09:04:41.494285+00:00
4882,410,31,0.0,0.0,26.84,2025-11-30T09:04:41.497782+00:00,2025-11-30T09:04:41.497793+00:00
4883,410,33,0.0,0.0,7.52,2025-11-30T09:04:41.500524+00:00,2025-11-30T09:04:41.500533+00:00
4884,410,16,0.0,54.08,19.85,2025-11-30T09:04:41.503582+00:00,2025-11-30T09:04:41.503606+00:00
4885,410,23,0.0,0.0,4.02,2025-11-30T09:04:41.507076+00:00,2025-11-30T09:04:41.507086+00:00
4886,410,42,0.0,0.0,46.39,2025-11-30T09:04:41.510721+00:00,2025-11-30T09:04:41.510728+00:00
4887,410,18,0.0,59.83,27.62,2025-11-30T09:04:41.512653+00:00,2025-11-30T09:04:41.512659+00:00
4888,410,44,0.0,0.0,6.31,2025-11-30T09:04:41.514675+00:00,2025-11-30T09:04:41.514681+00:00
4889,410,19,0.0,0.0,9.38,2025-11-30T09:04:41.516528+00:00,2025-11-30T09:04:41.516534+00:00
4890,411,38,620.64,0.0,537.87,2025-11-30T09:04:41.519448+00:00,2025-11-30T09:04:41.519461+00:00
4891,411,26,0.0,0.0,626.16,2025-11-30T09:04:41.522747+00:00,2025-11-30T09:04:41.522758+00:00
4892,411,27,1192.26,0.0,367.28,2025-11-30T09:04:41.525379+00:00,2025-11-30T09:04:41.525389+00:00
4893,411,23,357.38,0.0,922.45,2025-11-30T09:04:41.527862+00:00,2025-11-30T09:04:41.527872+00:00
4894,411,16,0.0,0.0,287.09,2025-11-30T09:04:41.531376+00:00,2025-11-30T09:04:41.531386+00:00
4895,411,39,0.0,0.0,91.74,2025-11-30T09:04:41.533760+00:00,2025-11-30T09:04:41.533769+00:00
4896,411,29,0.0,0.0,279.96,2025-11-30T09:04:41.536515+00:00,2025-11-30T09:04:41.536526+00:00
4897,411,28,526.6,0.0,539.55,2025-11-30T09:04:41.540252+00:00,2025-11-30T09:04:41.540261+00:00
4898,411,17,361.88,1226.36,1249.42,2025-11-30T09:04:41.542533+00:00,2025-11-30T09:04:41.542541+00:00
4899,411,24,680.0,0.0,329.65,2025-11-30T09:04:41.544495+00:00,2025-11-30T09:04:41.544502+00:00
4900,411,31,0.0,1329.05,420.52,2025-11-30T09:04:41.547748+00:00,2025-11-30T09:04:41.547756+00:00
4901,411,18,1119.44,0.0,395.12,2025-11-30T09:04:41.549963+00:00,2025-11-30T09:04:41.549969+00:00
4902,411,32,335.18,0.0,213.83,2025-11-30T09:04:41.552909+00:00,2025-11-30T09:04:41.552924+00:00
4903,411,40,0.0,0.0,480.55,2025-11-30T09:04:41.556236+00:00,2025-11-30T09:04:41.556245+00:00
4904,411,41,0.0,0.0,337.83,2025-11-30T09:04:41.558709+00:00,2025-11-30T09:04:41.558717+00:00
4905,411,20,733.49,0.0,464.69,2025-11-30T09:04:41.561116+00:00,2025-11-30T09:04:41.561125+00:00
4906,411,25,0.0,0.0,339.43,2025-11-30T09:04:41.564630+00:00,2025-11-30T09:04:41.564642+00:00
4907,412,28,129.86,0.0,48.28,2025-11-30T09:04:41.567524+00:00,2025-11-30T09:04:41.567533+00:00
4908,412,25,0.0,17.35,35.66,2025-11-30T09:04:41.570860+00:00,2025-11-30T09:04:41.570877+00:00
4909,412,19,77.34,0.0,86.29,2025-11-30T09:04:41.573981+00:00,2025-11-30T09:04:41.573991+00:00
4910,412,22,0.0,0.0,23.03,2025-11-30T09:04:41.576538+00:00,2025-11-30T09:04:41.576546+00:00
4911,412,24,75.64,0.0,39.59,2025-11-30T09:04:41.579439+00:00,2025-11-30T09:04:41.579447+00:00
4912,412,34,69.97,0.0,95.52,2025-11-30T09:04:41.581757+00:00,2025-11-30T09:04:41.581767+00:00
4913,412,37,0.0,0.0,20.18,2025-11-30T09:04:41.583780+00:00,2025-11-30T09:04:41.583787+00:00
4914,412,27,81.25,0.0,47.42,2025-11-30T09:04:41.587863+00:00,2025-11-30T09:04:41.587873+00:00
4915,412,38,38.79,0.0,35.97,2025-11-30T09:04:41.590559+00:00,2025-11-30T09:04:41.590568+00:00
4916,412,43,127.4,44.49,67.06,2025-11-30T09:04:41.593252+00:00,2025-11-30T09:04:41.593260+00:00
4917,412,21,0.0,0.0,38.72,2025-11-30T09:04:41.596085+00:00,2025-11-30T09:04:41.596095+00:00
4918,412,29,0.0,0.0,48.08,2025-11-30T09:04:41.599619+00:00,2025-11-30T09:04:41.599628+00:00
4919,412,18,0.0,46.1,19.85,2025-11-30T09:04:41.602461+00:00,2025-11-30T09:04:41.602495+00:00
4920,412,39,0.0,0.0,38.75,2025-11-30T09:04:41.606134+00:00,2025-11-30T09:04:41.606144+00:00
4921,412,40,0.0,0.0,4.59,2025-11-30T09:04:41.608794+00:00,2025-11-30T09:04:41.608802+00:00
4922,413,44,0.0,20.02,6.64,2025-11-30T09:04:41.610861+00:00,2025-11-30T09:04:41.610869+00:00
4923,413,35,0.0,25.78,54.69,2025-11-30T09:04:41.612817+00:00,2025-11-30T09:04:41.612824+00:00
4924,413,17,0.0,0.0,27.72,2025-11-30T09:04:41.616200+00:00,2025-11-30T09:04:41.616206+00:00
4925,413,39,0.0,0.0,10.9,2025-11-30T09:04:41.619487+00:00,2025-11-30T09:04:41.619497+00:00
4926,413,43,0.0,11.14,54.0,2025-11-30T09:04:41.622623+00:00,2025-11-30T09:04:41.622631+00:00
4927,413,32,116.38,0.0,48.85,2025-11-30T09:04:41.625161+00:00,2025-11-30T09:04:41.625170+00:00
4928,413,16,0.0,0.0,24.92,2025-11-30T09:04:41.627488+00:00,2025-11-30T09:04:41.627499+00:00
4929,413,27,60.32,49.18,61.17,2025-11-30T09:04:41.630794+00:00,2025-11-30T09:04:41.630804+00:00
4930,413,38,13.3,22.98,12.28,2025-11-30T09:04:41.633675+00:00,2025-11-30T09:04:41.633684+00:00
4931,413,22,0.0,0.0,58.52,2025-11-30T09:04:41.637253+00:00,2025-11-30T09:04:41.637271+00:00
4932,413,19,70.25,0.0,39.91,2025-11-30T09:04:41.641731+00:00,2025-11-30T09:04:41.641740+00:00
4933,413,31,0.0,0.0,25.36,2025-11-30T09:04:41.644302+00:00,2025-11-30T09:04:41.644308+00:00
4934,413,34,0.0,0.0,43.73,2025-11-30T09:04:41.646338+00:00,2025-11-30T09:04:41.646344+00:00
4935,413,41,0.0,0.0,17.35,2025-11-30T09:04:41.649582+00:00,2025-11-30T09:04:41.649589+00:00
4936,415,21,0.0,0.0,56.31,2025-11-30T09:04:41.653120+00:00,2025-11-30T09:04:41.653131+00:00
4937,415,38,0.0,40.47,71.33,2025-11-30T09:04:41.657826+00:00,2025-11-30T09:04:41.657836+00:00
4938,415,44,97.49,0.0,54.42,2025-11-30T09:04:41.662655+00:00,2025-11-30T09:04:41.662666+00:00
4939,415,26,0.0,0.0,43.17,2025-11-30T09:04:41.665445+00:00,2025-11-30T09:04:41.665455+00:00
4940,415,24,0.0,0.0,40.53,2025-11-30T09:04:41.667829+00:00,2025-11-30T09:04:41.667837+00:00
4941,415,17,0.0,0.0,6.97,2025-11-30T09:04:41.672350+00:00,2025-11-30T09:04:41.672359+00:00
4942,415,28,27.49,0.0,65.88,2025-11-30T09:04:41.674777+00:00,2025-11-30T09:04:41.674784+00:00
4943,415,36,74.65,0.0,45.79,2025-11-30T09:04:41.676929+00:00,2025-11-30T09:04:41.676936+00:00
4944,415,39,0.0,0.0,22.23,2025-11-30T09:04:41.679853+00:00,2025-11-30T09:04:41.679861+00:00
4945,415,40,0.0,89.25,33.99,2025-11-30T09:04:41.682364+00:00,2025-11-30T09:04:41.682371+00:00
4946,415,19,99.79,0.0,46.73,2025-11-30T09:04:41.687045+00:00,2025-11-30T09:04:41.687056+00:00
4947,415,30,0.0,68.88,33.67,2025-11-30T09:04:41.690353+00:00,2025-11-30T09:04:41.690363+00:00
4948,415,27,0.0,68.19,37.83,2025-11-30T09:04:41.692813+00:00,2025-11-30T09:04:41.692823+00:00
4949,415,33,8.87,0.0,5.87,2025-11-30T09:04:41.695898+00:00,2025-11-30T09:04:41.695910+00:00
4950,415,35,0.0,0.0,48.25,2025-11-30T09:04:41.699396+00:00,2025-11-30T09:04:41.699405+00:00
4951,415,31,0.0,0.0,36.11,2025-11-30T09:04:41.703242+00:00,2025-11-30T09:04:41.703254+00:00
4952,418,34,0.0,0.0,424.04,2025-11-30T09:04:41.706756+00:00,2025-11-30T09:04:41.706764+00:00
4953,418,41,0.0,1679.0,706.39,2025-11-30T09:04:41.709571+00:00,2025-11-30T09:04:41.709578+00:00
4954,418,24,0.0,0.0,614.41,2025-11-30T09:04:41.711775+00:00,2025-11-30T09:04:41.711782+00:00
4955,418,35,0.0,0.0,422.25,2025-11-30T09:04:41.713846+00:00,2025-11-30T09:04:41.713852+00:00
4956,418,44,0.0,843.96,352.27,2025-11-30T09:04:41.715778+00:00,2025-11-30T09:04:41.715783+00:00
4957,418,43,0.0,647.82,440.93,2025-11-30T09:04:41.718057+00:00,2025-11-30T09:04:41.718064+00:00
4958,418,16,864.67,0.0,1206.05,2025-11-30T09:04:41.721516+00:00,2025-11-30T09:04:41.721525+00:00
4959,418,42,0.0,0.0,889.39,2025-11-30T09:04:41.724436+00:00,2025-11-30T09:04:41.724445+00:00
4960,418,27,0.0,0.0,98.74,2025-11-30T09:04:41.726654+00:00,2025-11-30T09:04:41.726662+00:00
4961,418,31,0.0,1009.15,501.89,2025-11-30T09:04:41.731331+00:00,2025-11-30T09:04:41.731341+00:00
4962,418,26,0.0,226.5,137.1,2025-11-30T09:04:41.733905+00:00,2025-11-30T09:04:41.733914+00:00
4963,418,18,0.0,381.28,155.87,2025-11-30T09:04:41.738658+00:00,2025-11-30T09:04:41.738669+00:00
4964,418,21,0.0,0.0,296.21,2025-11-30T09:04:41.741730+00:00,2025-11-30T09:04:41.741738+00:00
4965,418,37,0.0,0.0,114.11,2025-11-30T09:04:41.744205+00:00,2025-11-30T09:04:41.744212+00:00
4966,418,32,0.0,0.0,447.6,2025-11-30T09:04:41.746407+00:00,2025-11-30T09:04:41.746414+00:00
4967,419,25,22.01,0.0,94.02,2025-11-30T09:04:41.748895+00:00,2025-11-30T09:04:41.748904+00:00
4968,419,39,0.0,0.0,69.98,2025-11-30T09:04:41.751257+00:00,2025-11-30T09:04:41.751264+00:00
4969,419,38,0.0,0.0,47.16,2025-11-30T09:04:41.754622+00:00,2025-11-30T09:04:41.754631+00:00
4970,419,30,0.0,53.05,73.65,2025-11-30T09:04:41.757800+00:00,2025-11-30T09:04:41.757808+00:00
4971,419,43,0.0,44.93,36.09,2025-11-30T09:04:41.760383+00:00,2025-11-30T09:04:41.760391+00:00
4972,419,18,0.0,0.0,27.21,2025-11-30T09:04:41.763782+00:00,2025-11-30T09:04:41.763794+00:00
4973,419,27,0.0,0.0,39.5,2025-11-30T09:04:41.766535+00:00,2025-11-30T09:04:41.766545+00:00
4974,419,23,40.04,0.0,26.25,2025-11-30T09:04:41.771898+00:00,2025-11-30T09:04:41.771907+00:00
4975,419,36,58.0,0.0,38.15,2025-11-30T09:04:41.774454+00:00,2025-11-30T09:04:41.774462+00:00
4976,419,17,0.0,0.0,38.44,2025-11-30T09:04:41.776647+00:00,2025-11-30T09:04:41.776655+00:00
4977,419,28,0.0,0.0,31.36,2025-11-30T09:04:41.779347+00:00,2025-11-30T09:04:41.779355+00:00
4978,419,29,0.0,0.0,21.66,2025-11-30T09:04:41.782569+00:00,2025-11-30T09:04:41.782576+00:00
4979,419,31,116.76,0.0,45.2,2025-11-30T09:04:41.784642+00:00,2025-11-30T09:04:41.784648+00:00
4980,419,22,0.0,42.52,24.39,2025-11-30T09:04:41.788588+00:00,2025-11-30T09:04:41.788597+00:00
4981,419,44,20.06,0.0,11.35,2025-11-30T09:04:41.791192+00:00,2025-11-30T09:04:41.791201+00:00
4982,420,18,0.0,62.13,51.22,2025-11-30T09:04:41.793357+00:00,2025-11-30T09:04:41.793364+00:00
4983,420,31,0.0,0.0,42.82,2025-11-30T09:04:41.796938+00:00,2025-11-30T09:04:41.796950+00:00
4984,420,43,0.0,0.0,35.33,2025-11-30T09:04:41.800126+00:00,2025-11-30T09:04:41.800135+00:00
4985,420,17,0.0,0.0,21.42,2025-11-30T09:04:41.803738+00:00,2025-11-30T09:04:41.803749+00:00
4986,420,33,61.11,0.0,32.29,2025-11-30T09:04:41.807370+00:00,2025-11-30T09:04:41.807379+00:00
4987,420,42,0.0,0.0,77.73,2025-11-30T09:04:41.809438+00:00,2025-11-30T09:04:41.809446+00:00
4988,420,28,0.0,4.78,1.87,2025-11-30T09:04:41.813538+00:00,2025-11-30T09:04:41.813546+00:00
4989,420,35,60.12,0.0,47.66,2025-11-30T09:04:41.815825+00:00,2025-11-30T09:04:41.815833+00:00
4990,420,39,52.9,23.63,53.26,2025-11-30T09:04:41.818314+00:00,2025-11-30T09:04:41.818325+00:00
4991,420,22,0.0,0.0,9.71,2025-11-30T09:04:41.821935+00:00,2025-11-30T09:04:41.821944+00:00
4992,420,16,0.0,0.0,43.28,2025-11-30T09:04:41.824596+00:00,2025-11-30T09:04:41.824605+00:00
4993,420,29,0.0,13.37,8.03,2025-11-30T09:04:41.827164+00:00,2025-11-30T09:04:41.827174+00:00
4994,420,19,31.55,0.0,17.43,2025-11-30T09:04:41.830890+00:00,2025-11-30T09:04:41.830900+00:00
4995,420,38,58.62,86.45,70.81,2025-11-30T09:04:41.833820+00:00,2025-11-30T09:04:41.833829+00:00
4996,420,36,0.0,19.66,24.54,2025-11-30T09:04:41.837320+00:00,2025-11-30T09:04:41.837330+00:00
4997,420,24,0.0,76.17,40.29,2025-11-30T09:04:41.841202+00:00,2025-11-30T09:04:41.841212+00:00
4998,421,43,0.0,3.39,50.45,2025-11-30T09:04:41.843539+00:00,2025-11-30T09:04:41.843546+00:00
4999,421,22,0.0,0.0,46.77,2025-11-30T09:04:41.846324+00:00,2025-11-30T09:04:41.846331+00:00
5000,421,33,42.72,67.3,56.63,2025-11-30T09:04:41.848680+00:00,2025-11-30T09:04:41.848689+00:00
5001,421,34,0.0,0.0,9.41,2025-11-30T09:04:41.851160+00:00,2025-11-30T09:04:41.851167+00:00
5002,421,25,0.0,0.0,8.98,2025-11-30T09:04:41.854539+00:00,2025-11-30T09:04:41.854553+00:00
5003,421,26,0.0,0.0,5.73,2025-11-30T09:04:41.859191+00:00,2025-11-30T09:04:41.859202+00:00
5004,421,39,0.0,2.9,17.07,2025-11-30T09:04:41.863432+00:00,2025-11-30T09:04:41.863442+00:00
5005,421,15,81.41,0.0,38.04,2025-11-30T09:04:41.867108+00:00,2025-11-30T09:04:41.867123+00:00
5006,421,40,0.0,0.0,107.01,2025-11-30T09:04:41.871312+00:00,2025-11-30T09:04:41.871324+00:00
5007,421,17,51.28,0.0,52.11,2025-11-30T09:04:41.874651+00:00,2025-11-30T09:04:41.874659+00:00
5008,421,21,21.16,0.0,11.27,2025-11-30T09:04:41.876878+00:00,2025-11-30T09:04:41.876887+00:00
5009,421,44,0.0,0.0,2.26,2025-11-30T09:04:41.879812+00:00,2025-11-30T09:04:41.879821+00:00
5010,421,38,0.0,0.0,42.08,2025-11-30T09:04:41.883473+00:00,2025-11-30T09:04:41.883482+00:00
5011,421,31,0.0,0.0,48.13,2025-11-30T09:04:41.887074+00:00,2025-11-30T09:04:41.887088+00:00
5012,422,23,0.0,0.0,514.08,2025-11-30T09:04:41.892120+00:00,2025-11-30T09:04:41.892129+00:00
5013,422,30,729.12,0.0,397.46,2025-11-30T09:04:41.895068+00:00,2025-11-30T09:04:41.895078+00:00
5014,422,38,0.0,0.0,423.95,2025-11-30T09:04:41.898572+00:00,2025-11-30T09:04:41.898583+00:00
5015,422,27,0.0,0.0,783.47,2025-11-30T09:04:41.901515+00:00,2025-11-30T09:04:41.901528+00:00
5016,422,28,0.0,0.0,365.33,2025-11-30T09:04:41.906370+00:00,2025-11-30T09:04:41.906380+00:00
5017,422,40,0.0,0.0,308.24,2025-11-30T09:04:41.909572+00:00,2025-11-30T09:04:41.909581+00:00
5018,422,18,0.0,0.0,475.64,2025-11-30T09:04:41.912403+00:00,2025-11-30T09:04:41.912411+00:00
5019,422,21,0.0,0.0,154.13,2025-11-30T09:04:41.915115+00:00,2025-11-30T09:04:41.915123+00:00
5020,422,16,0.0,0.0,283.42,2025-11-30T09:04:41.918315+00:00,2025-11-30T09:04:41.918329+00:00
5021,422,20,564.53,0.0,268.8,2025-11-30T09:04:41.922983+00:00,2025-11-30T09:04:41.922997+00:00
5022,422,32,0.0,0.0,361.69,2025-11-30T09:04:41.927238+00:00,2025-11-30T09:04:41.927251+00:00
5023,422,17,0.0,0.0,353.87,2025-11-30T09:04:41.931061+00:00,2025-11-30T09:04:41.931072+00:00
5024,422,33,243.03,0.0,93.86,2025-11-30T09:04:41.933760+00:00,2025-11-30T09:04:41.933770+00:00
5025,422,34,0.0,0.0,938.12,2025-11-30T09:04:41.938427+00:00,2025-11-30T09:04:41.938444+00:00
5026,422,31,0.0,166.46,91.35,2025-11-30T09:04:41.942952+00:00,2025-11-30T09:04:41.942961+00:00
5027,422,43,0.0,0.0,350.85,2025-11-30T09:04:41.945580+00:00,2025-11-30T09:04:41.945589+00:00
5028,422,25,0.0,0.0,338.86,2025-11-30T09:04:41.948058+00:00,2025-11-30T09:04:41.948067+00:00
5029,422,26,0.0,0.0,194.75,2025-11-30T09:04:41.950358+00:00,2025-11-30T09:04:41.950365+00:00
5030,422,41,0.0,0.0,122.14,2025-11-30T09:04:41.953913+00:00,2025-11-30T09:04:41.953923+00:00
5031,424,39,0.0,77.82,38.37,2025-11-30T09:04:41.957963+00:00,2025-11-30T09:04:41.957973+00:00
5032,424,29,65.23,81.45,80.41,2025-11-30T09:04:41.961493+00:00,2025-11-30T09:04:41.961504+00:00
5033,424,30,0.0,82.47,83.8,2025-11-30T09:04:41.965090+00:00,2025-11-30T09:04:41.965101+00:00
5034,424,22,0.0,14.2,6.73,2025-11-30T09:04:41.968121+00:00,2025-11-30T09:04:41.968133+00:00
5035,424,26,0.0,0.0,46.47,2025-11-30T09:04:41.972609+00:00,2025-11-30T09:04:41.972619+00:00
5036,424,19,0.0,0.0,70.41,2025-11-30T09:04:41.975358+00:00,2025-11-30T09:04:41.975365+00:00
5037,424,17,0.0,0.0,106.86,2025-11-30T09:04:41.977992+00:00,2025-11-30T09:04:41.978000+00:00
5038,424,21,65.69,0.0,28.03,2025-11-30T09:04:41.980557+00:00,2025-11-30T09:04:41.980564+00:00
5039,424,40,0.0,0.0,35.5,2025-11-30T09:04:41.983004+00:00,2025-11-30T09:04:41.983011+00:00
5040,424,20,0.0,56.6,18.67,2025-11-30T09:04:41.987307+00:00,2025-11-30T09:04:41.987318+00:00
5041,424,42,70.9,0.0,37.46,2025-11-30T09:04:41.990763+00:00,2025-11-30T09:04:41.990772+00:00
5042,424,23,40.88,0.0,44.61,2025-11-30T09:04:41.993096+00:00,2025-11-30T09:04:41.993105+00:00
5043,425,26,11.88,0.0,7.79,2025-11-30T09:04:41.996500+00:00,2025-11-30T09:04:41.996510+00:00
5044,425,22,44.71,38.89,52.43,2025-11-30T09:04:41.999748+00:00,2025-11-30T09:04:41.999756+00:00
5045,425,42,0.0,90.01,49.24,2025-11-30T09:04:42.002776+00:00,2025-11-30T09:04:42.002789+00:00
5046,425,35,15.01,0.0,26.93,2025-11-30T09:04:42.007286+00:00,2025-11-30T09:04:42.007295+00:00
5047,425,30,109.62,0.0,65.08,2025-11-30T09:04:42.010415+00:00,2025-11-30T09:04:42.010424+00:00
5048,425,43,46.96,0.0,16.95,2025-11-30T09:04:42.012606+00:00,2025-11-30T09:04:42.012613+00:00
5049,425,33,0.0,96.63,30.03,2025-11-30T09:04:42.014872+00:00,2025-11-30T09:04:42.014879+00:00
5050,425,23,0.0,74.95,74.37,2025-11-30T09:04:42.017017+00:00,2025-11-30T09:04:42.017023+00:00
5051,425,28,0.0,26.02,32.64,2025-11-30T09:04:42.020992+00:00,2025-11-30T09:04:42.021001+00:00
5052,425,20,0.0,0.0,27.17,2025-11-30T09:04:42.023896+00:00,2025-11-30T09:04:42.023905+00:00
5053,425,21,64.65,0.0,26.23,2025-11-30T09:04:42.026463+00:00,2025-11-30T09:04:42.026471+00:00
5054,425,25,0.0,70.62,60.37,2025-11-30T09:04:42.030895+00:00,2025-11-30T09:04:42.030905+00:00
5055,425,16,54.39,0.0,36.06,2025-11-30T09:04:42.033696+00:00,2025-11-30T09:04:42.033705+00:00
5056,425,39,26.94,0.0,17.05,2025-11-30T09:04:42.038461+00:00,2025-11-30T09:04:42.038480+00:00
5057,425,34,0.0,61.6,40.16,2025-11-30T09:04:42.041877+00:00,2025-11-30T09:04:42.041885+00:00
5058,425,36,0.0,0.0,14.28,2025-11-30T09:04:42.044215+00:00,2025-11-30T09:04:42.044222+00:00
5059,426,23,0.0,20.01,12.42,2025-11-30T09:04:42.046315+00:00,2025-11-30T09:04:42.046321+00:00
5060,426,20,0.0,0.0,48.65,2025-11-30T09:04:42.048711+00:00,2025-11-30T09:04:42.048717+00:00
5061,426,31,0.0,24.89,16.29,2025-11-30T09:04:42.051259+00:00,2025-11-30T09:04:42.051266+00:00
5062,426,21,53.44,55.43,65.39,2025-11-30T09:04:42.055141+00:00,2025-11-30T09:04:42.055151+00:00
5063,426,17,81.21,0.0,38.71,2025-11-30T09:04:42.058352+00:00,2025-11-30T09:04:42.058362+00:00
5064,426,29,59.57,0.0,24.77,2025-11-30T09:04:42.061275+00:00,2025-11-30T09:04:42.061285+00:00
5065,426,41,0.0,0.0,9.37,2025-11-30T09:04:42.065132+00:00,2025-11-30T09:04:42.065142+00:00
5066,426,38,0.0,0.0,38.42,2025-11-30T09:04:42.068097+00:00,2025-11-30T09:04:42.068107+00:00
5067,426,43,0.0,0.0,26.59,2025-11-30T09:04:42.072102+00:00,2025-11-30T09:04:42.072111+00:00
5068,426,24,0.0,0.0,16.06,2025-11-30T09:04:42.075827+00:00,2025-11-30T09:04:42.075835+00:00
5069,426,19,0.0,85.56,37.55,2025-11-30T09:04:42.077992+00:00,2025-11-30T09:04:42.077999+00:00
5070,426,33,0.0,0.0,13.23,2025-11-30T09:04:42.080170+00:00,2025-11-30T09:04:42.080208+00:00
5071,426,25,47.87,0.0,25.8,2025-11-30T09:04:42.081917+00:00,2025-11-30T09:04:42.081923+00:00
5072,426,32,0.0,9.08,4.27,2025-11-30T09:04:42.083649+00:00,2025-11-30T09:04:42.083654+00:00
5073,426,16,0.0,0.0,30.74,2025-11-30T09:04:42.086146+00:00,2025-11-30T09:04:42.086155+00:00
5074,426,30,0.0,3.15,1.98,2025-11-30T09:04:42.089356+00:00,2025-11-30T09:04:42.089365+00:00
5075,426,28,0.0,0.0,34.56,2025-11-30T09:04:42.092057+00:00,2025-11-30T09:04:42.092066+00:00
5076,426,22,0.0,0.0,21.85,2025-11-30T09:04:42.095003+00:00,2025-11-30T09:04:42.095016+00:00
5077,427,33,0.0,307.24,547.3,2025-11-30T09:04:42.098727+00:00,2025-11-30T09:04:42.098736+00:00
5078,427,39,0.0,0.0,440.14,2025-11-30T09:04:42.101219+00:00,2025-11-30T09:04:42.101227+00:00
5079,427,27,868.41,857.74,854.12,2025-11-30T09:04:42.104972+00:00,2025-11-30T09:04:42.104982+00:00
5080,427,31,0.0,0.0,604.59,2025-11-30T09:04:42.107540+00:00,2025-11-30T09:04:42.107549+00:00
5081,427,20,786.0,0.0,1066.8,2025-11-30T09:04:42.109869+00:00,2025-11-30T09:04:42.109876+00:00
5082,427,38,0.0,0.0,185.31,2025-11-30T09:04:42.113328+00:00,2025-11-30T09:04:42.113336+00:00
5083,427,36,0.0,0.0,434.51,2025-11-30T09:04:42.115462+00:00,2025-11-30T09:04:42.115469+00:00
5084,427,22,0.0,0.0,104.89,2025-11-30T09:04:42.117417+00:00,2025-11-30T09:04:42.117425+00:00
5085,427,16,0.0,481.16,189.35,2025-11-30T09:04:42.121828+00:00,2025-11-30T09:04:42.121840+00:00
5086,427,42,0.0,0.0,453.22,2025-11-30T09:04:42.124044+00:00,2025-11-30T09:04:42.124051+00:00
5087,427,37,0.0,0.0,145.66,2025-11-30T09:04:42.126310+00:00,2025-11-30T09:04:42.126317+00:00
5088,427,23,1022.83,0.0,465.08,2025-11-30T09:04:42.128885+00:00,2025-11-30T09:04:42.128980+00:00
5089,427,34,560.67,0.0,262.37,2025-11-30T09:04:42.132045+00:00,2025-11-30T09:04:42.132056+00:00
5090,427,32,394.95,0.0,159.52,2025-11-30T09:04:42.134710+00:00,2025-11-30T09:04:42.134720+00:00
5091,427,44,0.0,0.0,467.99,2025-11-30T09:04:42.139057+00:00,2025-11-30T09:04:42.139066+00:00
5092,427,25,0.0,0.0,197.07,2025-11-30T09:04:42.142238+00:00,2025-11-30T09:04:42.142245+00:00
5093,427,29,0.0,0.0,247.22,2025-11-30T09:04:42.144280+00:00,2025-11-30T09:04:42.144287+00:00
5094,428,28,108.6,0.0,52.46,2025-11-30T09:04:42.146258+00:00,2025-11-30T09:04:42.146264+00:00
5095,428,21,0.0,55.54,67.96,2025-11-30T09:04:42.148446+00:00,2025-11-30T09:04:42.148453+00:00
5096,428,39,0.0,0.0,54.66,2025-11-30T09:04:42.152416+00:00,2025-11-30T09:04:42.152425+00:00
5097,428,17,0.0,129.72,118.83,2025-11-30T09:04:42.156332+00:00,2025-11-30T09:04:42.156340+00:00
5098,428,42,0.0,0.0,34.77,2025-11-30T09:04:42.159429+00:00,2025-11-30T09:04:42.159437+00:00
5099,428,15,52.16,120.88,80.13,2025-11-30T09:04:42.162836+00:00,2025-11-30T09:04:42.162847+00:00
5100,428,25,0.0,5.78,1.84,2025-11-30T09:04:42.165655+00:00,2025-11-30T09:04:42.165663+00:00
5101,428,41,28.74,0.0,9.8,2025-11-30T09:04:42.168002+00:00,2025-11-30T09:04:42.168010+00:00
5102,428,26,9.16,0.0,5.73,2025-11-30T09:04:42.171978+00:00,2025-11-30T09:04:42.171988+00:00
5103,428,22,0.0,0.0,37.45,2025-11-30T09:04:42.174376+00:00,2025-11-30T09:04:42.174382+00:00
5104,428,27,0.0,0.0,25.19,2025-11-30T09:04:42.176540+00:00,2025-11-30T09:04:42.176547+00:00
5105,428,36,0.0,0.0,38.32,2025-11-30T09:04:42.180279+00:00,2025-11-30T09:04:42.180287+00:00
5106,428,20,77.87,0.0,35.61,2025-11-30T09:04:42.182362+00:00,2025-11-30T09:04:42.182368+00:00
5107,428,32,0.0,0.0,15.37,2025-11-30T09:04:42.184414+00:00,2025-11-30T09:04:42.184420+00:00
5108,429,36,104.34,0.0,52.42,2025-11-30T09:04:42.188075+00:00,2025-11-30T09:04:42.188083+00:00
5109,429,29,0.0,0.0,6.77,2025-11-30T09:04:42.190732+00:00,2025-11-30T09:04:42.190740+00:00
5110,429,44,81.97,0.0,95.32,2025-11-30T09:04:42.193183+00:00,2025-11-30T09:04:42.193191+00:00
5111,429,21,0.0,0.0,2.68,2025-11-30T09:04:42.196342+00:00,2025-11-30T09:04:42.196352+00:00
5112,429,28,0.0,0.0,40.66,2025-11-30T09:04:42.199252+00:00,2025-11-30T09:04:42.199260+00:00
5113,429,38,0.0,9.71,4.41,2025-11-30T09:04:42.202664+00:00,2025-11-30T09:04:42.202674+00:00
5114,429,37,38.93,0.0,58.28,2025-11-30T09:04:42.206204+00:00,2025-11-30T09:04:42.206213+00:00
5115,429,41,0.0,58.71,39.57,2025-11-30T09:04:42.208557+00:00,2025-11-30T09:04:42.208566+00:00
5116,429,24,0.94,0.0,4.17,2025-11-30T09:04:42.210885+00:00,2025-11-30T09:04:42.210891+00:00
5117,429,16,0.0,0.0,30.88,2025-11-30T09:04:42.212825+00:00,2025-11-30T09:04:42.212832+00:00
5118,429,23,0.0,0.0,39.85,2025-11-30T09:04:42.214617+00:00,2025-11-30T09:04:42.214623+00:00
5119,429,18,0.0,0.0,35.65,2025-11-30T09:04:42.216484+00:00,2025-11-30T09:04:42.216490+00:00
5120,429,19,48.93,0.0,28.03,2025-11-30T09:04:42.220920+00:00,2025-11-30T09:04:42.220930+00:00
5121,429,42,0.0,0.0,7.08,2025-11-30T09:04:42.223173+00:00,2025-11-30T09:04:42.223181+00:00
5122,429,26,0.0,0.0,1.7,2025-11-30T09:04:42.226034+00:00,2025-11-30T09:04:42.226042+00:00
5123,429,35,0.0,84.39,48.54,2025-11-30T09:04:42.229105+00:00,2025-11-30T09:04:42.229117+00:00
5124,429,17,95.85,0.0,40.38,2025-11-30T09:04:42.232160+00:00,2025-11-30T09:04:42.232170+00:00
5125,429,40,0.0,0.0,37.82,2025-11-30T09:04:42.234441+00:00,2025-11-30T09:04:42.234450+00:00
5126,429,31,55.56,0.0,28.85,2025-11-30T09:04:42.239058+00:00,2025-11-30T09:04:42.239067+00:00
5127,431,27,0.0,0.0,44.3,2025-11-30T09:04:42.241734+00:00,2025-11-30T09:04:42.241742+00:00
5128,431,30,2.3,0.0,1.39,2025-11-30T09:04:42.243820+00:00,2025-11-30T09:04:42.243827+00:00
5129,431,34,42.86,27.86,42.53,2025-11-30T09:04:42.245861+00:00,2025-11-30T09:04:42.245867+00:00
5130,431,19,0.0,23.58,12.72,2025-11-30T09:04:42.247957+00:00,2025-11-30T09:04:42.247965+00:00
5131,431,24,7.53,0.0,43.13,2025-11-30T09:04:42.251252+00:00,2025-11-30T09:04:42.251260+00:00
5132,431,26,0.0,0.0,5.23,2025-11-30T09:04:42.254587+00:00,2025-11-30T09:04:42.254596+00:00
5133,431,22,2.03,12.6,8.2,2025-11-30T09:04:42.257762+00:00,2025-11-30T09:04:42.257772+00:00
5134,431,33,0.0,0.0,22.81,2025-11-30T09:04:42.260589+00:00,2025-11-30T09:04:42.260601+00:00
5135,431,17,0.0,0.0,8.48,2025-11-30T09:04:42.263913+00:00,2025-11-30T09:04:42.263921+00:00
5136,431,39,0.0,14.06,7.91,2025-11-30T09:04:42.266364+00:00,2025-11-30T09:04:42.266372+00:00
5137,431,43,47.45,0.0,31.77,2025-11-30T09:04:42.269686+00:00,2025-11-30T09:04:42.269701+00:00
5138,431,41,0.0,0.0,25.31,2025-11-30T09:04:42.272988+00:00,2025-11-30T09:04:42.272999+00:00
5139,431,21,0.0,89.4,37.6,2025-11-30T09:04:42.275546+00:00,2025-11-30T09:04:42.275553+00:00
5140,431,35,18.18,0.0,7.82,2025-11-30T09:04:42.278085+00:00,2025-11-30T09:04:42.278094+00:00
5141,431,36,0.0,76.86,41.37,2025-11-30T09:04:42.280744+00:00,2025-11-30T09:04:42.280751+00:00
5142,431,37,0.0,0.0,18.41,2025-11-30T09:04:42.282677+00:00,2025-11-30T09:04:42.282683+00:00
5143,431,15,0.0,0.0,5.33,2025-11-30T09:04:42.284730+00:00,2025-11-30T09:04:42.284737+00:00
5144,432,33,0.0,0.0,52.06,2025-11-30T09:04:42.288547+00:00,2025-11-30T09:04:42.288559+00:00
5145,432,35,79.6,88.62,85.03,2025-11-30T09:04:42.292654+00:00,2025-11-30T09:04:42.292665+00:00
5146,432,38,98.7,0.0,45.65,2025-11-30T09:04:42.295528+00:00,2025-11-30T09:04:42.295556+00:00
5147,432,21,21.67,0.0,34.37,2025-11-30T09:04:42.298801+00:00,2025-11-30T09:04:42.298810+00:00
5148,432,30,131.71,0.0,70.61,2025-11-30T09:04:42.301083+00:00,2025-11-30T09:04:42.301091+00:00
5149,432,28,133.25,0.0,44.72,2025-11-30T09:04:42.304805+00:00,2025-11-30T09:04:42.304814+00:00
5150,432,32,0.0,51.0,22.27,2025-11-30T09:04:42.307430+00:00,2025-11-30T09:04:42.307438+00:00
5151,432,16,0.0,0.0,29.57,2025-11-30T09:04:42.309872+00:00,2025-11-30T09:04:42.309880+00:00
5152,432,41,0.0,61.3,79.25,2025-11-30T09:04:42.311951+00:00,2025-11-30T09:04:42.311957+00:00
5153,432,27,0.0,0.0,39.16,2025-11-30T09:04:42.313990+00:00,2025-11-30T09:04:42.313999+00:00
5154,432,36,0.0,83.54,31.41,2025-11-30T09:04:42.316254+00:00,2025-11-30T09:04:42.316260+00:00
5155,432,31,0.0,0.0,40.05,2025-11-30T09:04:42.319141+00:00,2025-11-30T09:04:42.319151+00:00
5156,432,39,28.23,0.0,10.02,2025-11-30T09:04:42.321908+00:00,2025-11-30T09:04:42.321916+00:00
5157,432,25,83.04,0.0,30.03,2025-11-30T09:04:42.324033+00:00,2025-11-30T09:04:42.324040+00:00
5158,433,32,0.0,0.0,49.03,2025-11-30T09:04:42.327727+00:00,2025-11-30T09:04:42.327742+00:00
5159,433,15,0.0,95.2,57.32,2025-11-30T09:04:42.333433+00:00,2025-11-30T09:04:42.333442+00:00
5160,433,28,0.0,27.71,15.92,2025-11-30T09:04:42.338643+00:00,2025-11-30T09:04:42.338653+00:00
5161,433,29,17.7,4.68,11.65,2025-11-30T09:04:42.341922+00:00,2025-11-30T09:04:42.341931+00:00
5162,433,17,0.0,0.0,40.66,2025-11-30T09:04:42.345579+00:00,2025-11-30T09:04:42.345588+00:00
5163,433,39,74.65,0.0,54.41,2025-11-30T09:04:42.347884+00:00,2025-11-30T09:04:42.347892+00:00
5164,433,33,79.55,0.0,43.3,2025-11-30T09:04:42.350173+00:00,2025-11-30T09:04:42.350180+00:00
5165,433,42,0.0,0.0,12.71,2025-11-30T09:04:42.352621+00:00,2025-11-30T09:04:42.352631+00:00
5166,433,40,0.0,63.4,34.03,2025-11-30T09:04:42.355493+00:00,2025-11-30T09:04:42.355502+00:00
5167,433,23,0.0,112.24,90.44,2025-11-30T09:04:42.358417+00:00,2025-11-30T09:04:42.358426+00:00
5168,433,19,34.66,0.0,10.59,2025-11-30T09:04:42.362013+00:00,2025-11-30T09:04:42.362038+00:00
5169,433,36,0.0,5.81,2.85,2025-11-30T09:04:42.365375+00:00,2025-11-30T09:04:42.365385+00:00
5170,433,38,0.0,0.0,6.99,2025-11-30T09:04:42.368135+00:00,2025-11-30T09:04:42.368146+00:00
5171,433,31,0.0,102.41,40.32,2025-11-30T09:04:42.372664+00:00,2025-11-30T09:04:42.372674+00:00
5172,433,18,0.0,0.0,39.58,2025-11-30T09:04:42.375658+00:00,2025-11-30T09:04:42.375665+00:00
5173,433,44,0.0,80.92,42.11,2025-11-30T09:04:42.380065+00:00,2025-11-30T09:04:42.380075+00:00
5174,435,24,91.63,0.0,82.87,2025-11-30T09:04:42.384267+00:00,2025-11-30T09:04:42.384277+00:00
5175,435,35,3.75,88.27,30.54,2025-11-30T09:04:42.388899+00:00,2025-11-30T09:04:42.388909+00:00
5176,435,18,44.72,0.0,17.49,2025-11-30T09:04:42.392373+00:00,2025-11-30T09:04:42.392383+00:00
5177,435,27,0.0,23.67,42.58,2025-11-30T09:04:42.396381+00:00,2025-11-30T09:04:42.396392+00:00
5178,435,31,71.21,0.0,64.87,2025-11-30T09:04:42.399785+00:00,2025-11-30T09:04:42.399794+00:00
5179,435,42,28.27,0.0,16.05,2025-11-30T09:04:42.403848+00:00,2025-11-30T09:04:42.403862+00:00
5180,435,17,0.0,0.0,24.24,2025-11-30T09:04:42.407523+00:00,2025-11-30T09:04:42.407535+00:00
5181,435,20,0.0,99.25,41.72,2025-11-30T09:04:42.410436+00:00,2025-11-30T09:04:42.410443+00:00
5182,435,25,0.0,23.36,15.72,2025-11-30T09:04:42.413194+00:00,2025-11-30T09:04:42.413229+00:00
5183,435,44,0.0,0.0,21.57,2025-11-30T09:04:42.416332+00:00,2025-11-30T09:04:42.416341+00:00
5184,435,26,24.96,0.0,13.66,2025-11-30T09:04:42.421115+00:00,2025-11-30T09:04:42.421168+00:00
5185,435,23,0.0,0.0,3.73,2025-11-30T09:04:42.425033+00:00,2025-11-30T09:04:42.425042+00:00
5186,435,30,0.0,13.01,5.06,2025-11-30T09:04:42.427788+00:00,2025-11-30T09:04:42.427802+00:00
5187,437,18,0.0,132.44,43.35,2025-11-30T09:04:42.433109+00:00,2025-11-30T09:04:42.433120+00:00
5188,437,16,0.0,0.0,49.44,2025-11-30T09:04:42.436822+00:00,2025-11-30T09:04:42.436841+00:00
5189,437,19,0.0,0.0,39.55,2025-11-30T09:04:42.440217+00:00,2025-11-30T09:04:42.440227+00:00
5190,437,38,0.0,0.0,24.59,2025-11-30T09:04:42.442531+00:00,2025-11-30T09:04:42.442538+00:00
5191,437,41,0.0,0.0,16.56,2025-11-30T09:04:42.444707+00:00,2025-11-30T09:04:42.444714+00:00
5192,437,23,0.0,0.0,20.67,2025-11-30T09:04:42.447086+00:00,2025-11-30T09:04:42.447093+00:00
5193,437,39,115.94,0.0,41.29,2025-11-30T09:04:42.449529+00:00,2025-11-30T09:04:42.449536+00:00
5194,437,37,0.0,0.0,31.67,2025-11-30T09:04:42.451725+00:00,2025-11-30T09:04:42.451734+00:00
5195,437,28,0.0,61.8,40.4,2025-11-30T09:04:42.455115+00:00,2025-11-30T09:04:42.455125+00:00
5196,437,25,0.0,0.0,23.56,2025-11-30T09:04:42.459687+00:00,2025-11-30T09:04:42.459696+00:00
5197,437,43,28.59,0.0,18.01,2025-11-30T09:04:42.463076+00:00,2025-11-30T09:04:42.463085+00:00
5198,437,31,107.79,0.0,41.14,2025-11-30T09:04:42.466907+00:00,2025-11-30T09:04:42.466916+00:00
5199,437,42,0.0,0.0,11.63,2025-11-30T09:04:42.471078+00:00,2025-11-30T09:04:42.471087+00:00
5200,437,17,87.22,0.0,45.15,2025-11-30T09:04:42.473491+00:00,2025-11-30T09:04:42.473498+00:00
5201,437,15,0.0,0.0,36.83,2025-11-30T09:04:42.475563+00:00,2025-11-30T09:04:42.475569+00:00
5202,437,24,141.0,0.0,44.69,2025-11-30T09:04:42.477755+00:00,2025-11-30T09:04:42.477763+00:00
5203,437,34,0.0,0.0,30.92,2025-11-30T09:04:42.480369+00:00,2025-11-30T09:04:42.480376+00:00
5204,437,33,82.59,0.0,38.65,2025-11-30T09:04:42.482522+00:00,2025-11-30T09:04:42.482529+00:00
5205,437,21,0.0,31.67,21.02,2025-11-30T09:04:42.484527+00:00,2025-11-30T09:04:42.484534+00:00
5206,438,29,0.0,39.95,23.32,2025-11-30T09:04:42.488769+00:00,2025-11-30T09:04:42.488779+00:00
5207,438,37,0.0,63.3,34.76,2025-11-30T09:04:42.493091+00:00,2025-11-30T09:04:42.493100+00:00
5208,438,32,0.0,83.54,33.91,2025-11-30T09:04:42.496058+00:00,2025-11-30T09:04:42.496079+00:00
5209,438,41,80.74,42.83,175.87,2025-11-30T09:04:42.499445+00:00,2025-11-30T09:04:42.499454+00:00
5210,438,40,0.0,0.0,46.67,2025-11-30T09:04:42.504342+00:00,2025-11-30T09:04:42.504352+00:00
5211,438,18,139.33,0.0,57.64,2025-11-30T09:04:42.507404+00:00,2025-11-30T09:04:42.507416+00:00
5212,438,44,0.0,0.0,1.82,2025-11-30T09:04:42.510170+00:00,2025-11-30T09:04:42.510177+00:00
5213,438,36,0.0,0.0,42.19,2025-11-30T09:04:42.513131+00:00,2025-11-30T09:04:42.513137+00:00
5214,438,20,0.0,24.77,12.4,2025-11-30T09:04:42.515189+00:00,2025-11-30T09:04:42.515195+00:00
5215,438,25,0.0,0.0,20.44,2025-11-30T09:04:42.517382+00:00,2025-11-30T09:04:42.517389+00:00
5216,438,28,0.0,0.0,23.56,2025-11-30T09:04:42.521474+00:00,2025-11-30T09:04:42.521484+00:00
5217,438,33,59.58,0.0,35.06,2025-11-30T09:04:42.524550+00:00,2025-11-30T09:04:42.524559+00:00
5218,438,35,0.0,0.0,22.85,2025-11-30T09:04:42.527074+00:00,2025-11-30T09:04:42.527083+00:00
5219,438,30,0.0,6.33,4.38,2025-11-30T09:04:42.530739+00:00,2025-11-30T09:04:42.530748+00:00
5220,438,19,0.0,0.0,23.23,2025-11-30T09:04:42.533674+00:00,2025-11-30T09:04:42.533682+00:00
5221,438,15,91.83,0.0,38.49,2025-11-30T09:04:42.537350+00:00,2025-11-30T09:04:42.537360+00:00
5222,439,16,0.0,0.0,44.9,2025-11-30T09:04:42.540595+00:00,2025-11-30T09:04:42.540604+00:00
5223,439,20,15.36,0.0,6.57,2025-11-30T09:04:42.542934+00:00,2025-11-30T09:04:42.542942+00:00
5224,439,21,0.0,0.0,36.95,2025-11-30T09:04:42.545355+00:00,2025-11-30T09:04:42.545362+00:00
5225,439,37,0.0,85.44,56.1,2025-11-30T09:04:42.548899+00:00,2025-11-30T09:04:42.548907+00:00
5226,439,35,0.0,0.0,45.91,2025-11-30T09:04:42.551220+00:00,2025-11-30T09:04:42.551228+00:00
5227,439,44,0.0,0.0,43.4,2025-11-30T09:04:42.555491+00:00,2025-11-30T09:04:42.555500+00:00
5228,439,39,0.0,0.0,8.65,2025-11-30T09:04:42.559533+00:00,2025-11-30T09:04:42.559542+00:00
5229,439,38,0.0,0.0,22.62,2025-11-30T09:04:42.563645+00:00,2025-11-30T09:04:42.563654+00:00
5230,439,26,0.0,0.0,27.91,2025-11-30T09:04:42.566532+00:00,2025-11-30T09:04:42.566540+00:00
5231,439,19,0.0,57.39,20.53,2025-11-30T09:04:42.570442+00:00,2025-11-30T09:04:42.570452+00:00
5232,439,25,21.86,0.0,52.05,2025-11-30T09:04:42.573367+00:00,2025-11-30T09:04:42.573376+00:00
5233,439,17,0.0,29.88,42.26,2025-11-30T09:04:42.575785+00:00,2025-11-30T09:04:42.575791+00:00
5234,439,28,40.66,0.0,58.5,2025-11-30T09:04:42.578076+00:00,2025-11-30T09:04:42.578083+00:00
5235,439,32,0.0,0.0,41.8,2025-11-30T09:04:42.580662+00:00,2025-11-30T09:04:42.580669+00:00
5236,439,36,63.51,0.0,65.51,2025-11-30T09:04:42.582885+00:00,2025-11-30T09:04:42.582890+00:00
5237,439,42,0.0,53.72,17.96,2025-11-30T09:04:42.586259+00:00,2025-11-30T09:04:42.586268+00:00
5238,440,29,1307.58,583.15,1036.12,2025-11-30T09:04:42.588997+00:00,2025-11-30T09:04:42.589004+00:00
5239,440,20,0.0,0.0,300.63,2025-11-30T09:04:42.592735+00:00,2025-11-30T09:04:42.592743+00:00
5240,440,25,0.0,0.0,649.26,2025-11-30T09:04:42.595921+00:00,2025-11-30T09:04:42.595932+00:00
5241,440,18,0.0,0.0,287.99,2025-11-30T09:04:42.599266+00:00,2025-11-30T09:04:42.599275+00:00
5242,440,38,0.0,154.13,93.39,2025-11-30T09:04:42.602632+00:00,2025-11-30T09:04:42.602642+00:00
5243,440,19,1378.02,334.01,869.64,2025-11-30T09:04:42.606248+00:00,2025-11-30T09:04:42.606257+00:00
5244,440,32,0.0,0.0,243.9,2025-11-30T09:04:42.609515+00:00,2025-11-30T09:04:42.609524+00:00
5245,440,26,0.0,0.0,243.82,2025-11-30T09:04:42.611941+00:00,2025-11-30T09:04:42.611948+00:00
5246,440,33,0.0,1213.51,788.5,2025-11-30T09:04:42.614073+00:00,2025-11-30T09:04:42.614079+00:00
5247,440,43,0.0,0.0,102.4,2025-11-30T09:04:42.616225+00:00,2025-11-30T09:04:42.616231+00:00
5248,440,31,0.0,0.0,316.87,2025-11-30T09:04:42.619233+00:00,2025-11-30T09:04:42.619242+00:00
5249,440,27,0.0,659.08,320.94,2025-11-30T09:04:42.622668+00:00,2025-11-30T09:04:42.622678+00:00
5250,440,17,140.54,0.0,510.6,2025-11-30T09:04:42.625650+00:00,2025-11-30T09:04:42.625659+00:00
5251,440,42,0.0,0.0,279.96,2025-11-30T09:04:42.628822+00:00,2025-11-30T09:04:42.628835+00:00
5252,440,24,379.72,0.0,258.99,2025-11-30T09:04:42.632562+00:00,2025-11-30T09:04:42.632571+00:00
5253,441,17,648.4,0.0,1069.77,2025-11-30T09:04:42.637836+00:00,2025-11-30T09:04:42.637846+00:00
5254,441,40,0.0,29.05,600.15,2025-11-30T09:04:42.640806+00:00,2025-11-30T09:04:42.640832+00:00
5255,441,26,1221.3,239.61,572.33,2025-11-30T09:04:42.642997+00:00,2025-11-30T09:04:42.643004+00:00
5256,441,34,685.33,361.42,641.29,2025-11-30T09:04:42.645049+00:00,2025-11-30T09:04:42.645055+00:00
5257,441,21,0.0,0.0,315.79,2025-11-30T09:04:42.647408+00:00,2025-11-30T09:04:42.647415+00:00
5258,441,39,0.0,0.0,88.71,2025-11-30T09:04:42.649664+00:00,2025-11-30T09:04:42.649670+00:00
5259,441,30,0.0,0.0,109.15,2025-11-30T09:04:42.652801+00:00,2025-11-30T09:04:42.652812+00:00
5260,441,37,0.0,0.0,266.15,2025-11-30T09:04:42.655425+00:00,2025-11-30T09:04:42.655432+00:00
5261,441,28,0.0,0.0,295.69,2025-11-30T09:04:42.658575+00:00,2025-11-30T09:04:42.658586+00:00
5262,441,15,0.0,0.0,745.57,2025-11-30T09:04:42.661723+00:00,2025-11-30T09:04:42.661741+00:00
5263,441,19,0.0,0.0,157.39,2025-11-30T09:04:42.665627+00:00,2025-11-30T09:04:42.665636+00:00
5264,441,29,601.88,0.0,285.22,2025-11-30T09:04:42.669216+00:00,2025-11-30T09:04:42.669227+00:00
5265,441,38,0.0,0.0,253.9,2025-11-30T09:04:42.672800+00:00,2025-11-30T09:04:42.672809+00:00
5266,441,20,725.33,0.0,321.86,2025-11-30T09:04:42.676691+00:00,2025-11-30T09:04:42.676699+00:00
5267,441,31,0.0,0.0,258.36,2025-11-30T09:04:42.679584+00:00,2025-11-30T09:04:42.679592+00:00
5268,442,38,40.12,0.0,71.42,2025-11-30T09:04:42.682436+00:00,2025-11-30T09:04:42.682443+00:00
5269,442,18,42.88,18.26,38.63,2025-11-30T09:04:42.684752+00:00,2025-11-30T09:04:42.684759+00:00
5270,442,43,0.0,109.5,52.86,2025-11-30T09:04:42.688953+00:00,2025-11-30T09:04:42.688962+00:00
5271,442,40,0.0,0.0,8.57,2025-11-30T09:04:42.692111+00:00,2025-11-30T09:04:42.692119+00:00
5272,442,34,0.0,0.0,22.13,2025-11-30T09:04:42.695498+00:00,2025-11-30T09:04:42.695508+00:00
5273,442,27,0.0,0.0,31.09,2025-11-30T09:04:42.699777+00:00,2025-11-30T09:04:42.699786+00:00
5274,442,24,1.89,0.0,1.25,2025-11-30T09:04:42.703407+00:00,2025-11-30T09:04:42.703417+00:00
5275,442,21,0.0,65.24,69.88,2025-11-30T09:04:42.707130+00:00,2025-11-30T09:04:42.707139+00:00
5276,442,39,0.0,69.67,25.87,2025-11-30T09:04:42.710823+00:00,2025-11-30T09:04:42.710831+00:00
5277,442,42,44.56,0.0,14.16,2025-11-30T09:04:42.712930+00:00,2025-11-30T09:04:42.712937+00:00
5278,442,30,0.0,0.0,23.63,2025-11-30T09:04:42.714824+00:00,2025-11-30T09:04:42.714830+00:00
5279,442,37,4.38,0.0,1.93,2025-11-30T09:04:42.716960+00:00,2025-11-30T09:04:42.716966+00:00
5280,442,33,0.0,12.2,5.22,2025-11-30T09:04:42.720562+00:00,2025-11-30T09:04:42.720571+00:00
5281,442,36,57.27,0.0,25.67,2025-11-30T09:04:42.722882+00:00,2025-11-30T09:04:42.722891+00:00
5282,442,44,0.0,16.24,6.16,2025-11-30T09:04:42.725223+00:00,2025-11-30T09:04:42.725232+00:00
5283,442,26,0.0,65.91,27.91,2025-11-30T09:04:42.727566+00:00,2025-11-30T09:04:42.727576+00:00
5284,443,17,0.0,0.0,18.71,2025-11-30T09:04:42.730715+00:00,2025-11-30T09:04:42.730726+00:00
5285,443,41,33.2,18.85,28.42,2025-11-30T09:04:42.733133+00:00,2025-11-30T09:04:42.733141+00:00
5286,443,19,0.0,0.0,59.63,2025-11-30T09:04:42.736483+00:00,2025-11-30T09:04:42.736494+00:00
5287,443,44,0.0,30.36,50.2,2025-11-30T09:04:42.740159+00:00,2025-11-30T09:04:42.740169+00:00
5288,443,27,0.0,0.0,19.83,2025-11-30T09:04:42.742424+00:00,2025-11-30T09:04:42.742434+00:00
5289,443,42,64.37,0.0,47.55,2025-11-30T09:04:42.744398+00:00,2025-11-30T09:04:42.744404+00:00
5290,443,24,0.0,0.0,28.54,2025-11-30T09:04:42.748032+00:00,2025-11-30T09:04:42.748039+00:00
5291,443,21,140.06,0.0,86.85,2025-11-30T09:04:42.749996+00:00,2025-11-30T09:04:42.750002+00:00
5292,443,28,0.0,0.0,6.88,2025-11-30T09:04:42.753084+00:00,2025-11-30T09:04:42.753094+00:00
5293,443,20,33.9,0.0,21.39,2025-11-30T09:04:42.755782+00:00,2025-11-30T09:04:42.755791+00:00
5294,443,26,0.0,0.0,19.04,2025-11-30T09:04:42.758680+00:00,2025-11-30T09:04:42.758689+00:00
5295,443,34,58.83,0.0,25.84,2025-11-30T09:04:42.761482+00:00,2025-11-30T09:04:42.761492+00:00
5296,443,22,32.48,0.0,22.59,2025-11-30T09:04:42.765115+00:00,2025-11-30T09:04:42.765124+00:00
5297,443,29,3.21,0.0,1.33,2025-11-30T09:04:42.767657+00:00,2025-11-30T09:04:42.767667+00:00
5298,443,30,0.0,0.0,32.3,2025-11-30T09:04:42.771934+00:00,2025-11-30T09:04:42.771944+00:00
5299,443,15,20.05,0.0,12.7,2025-11-30T09:04:42.774306+00:00,2025-11-30T09:04:42.774315+00:00
5300,443,18,0.0,44.56,13.51,2025-11-30T09:04:42.776163+00:00,2025-11-30T09:04:42.776170+00:00
5301,444,19,21.02,0.0,24.91,2025-11-30T09:04:42.778457+00:00,2025-11-30T09:04:42.778464+00:00
5302,444,17,0.0,0.0,28.48,2025-11-30T09:04:42.781505+00:00,2025-11-30T09:04:42.781513+00:00
5303,444,38,57.14,93.11,204.28,2025-11-30T09:04:42.784629+00:00,2025-11-30T09:04:42.784638+00:00
5304,444,30,31.53,0.0,26.76,2025-11-30T09:04:42.790910+00:00,2025-11-30T09:04:42.790920+00:00
5305,444,37,23.42,0.0,11.92,2025-11-30T09:04:42.793708+00:00,2025-11-30T09:04:42.793718+00:00
5306,444,26,0.0,55.97,28.76,2025-11-30T09:04:42.797350+00:00,2025-11-30T09:04:42.797376+00:00
5307,444,32,112.83,0.0,68.64,2025-11-30T09:04:42.800156+00:00,2025-11-30T09:04:42.800166+00:00
5308,444,35,0.0,0.0,18.4,2025-11-30T09:04:42.804023+00:00,2025-11-30T09:04:42.804038+00:00
5309,444,16,0.0,0.0,2.67,2025-11-30T09:04:42.807578+00:00,2025-11-30T09:04:42.807589+00:00
5310,444,39,0.0,78.97,46.4,2025-11-30T09:04:42.810231+00:00,2025-11-30T09:04:42.810239+00:00
5311,444,27,0.0,0.0,3.56,2025-11-30T09:04:42.812352+00:00,2025-11-30T09:04:42.812358+00:00
5312,444,23,0.0,62.2,37.45,2025-11-30T09:04:42.814279+00:00,2025-11-30T09:04:42.814286+00:00
5313,444,33,0.0,0.0,39.08,2025-11-30T09:04:42.816120+00:00,2025-11-30T09:04:42.816126+00:00
5314,444,21,44.31,0.0,25.41,2025-11-30T09:04:42.819745+00:00,2025-11-30T09:04:42.819827+00:00
5315,444,24,0.0,46.86,32.27,2025-11-30T09:04:42.823475+00:00,2025-11-30T09:04:42.823485+00:00
5316,446,18,0.0,82.24,47.29,2025-11-30T09:04:42.825641+00:00,2025-11-30T09:04:42.825649+00:00
5317,446,22,30.01,129.63,87.92,2025-11-30T09:04:42.829055+00:00,2025-11-30T09:04:42.829066+00:00
5318,446,23,0.0,0.0,76.44,2025-11-30T09:04:42.833903+00:00,2025-11-30T09:04:42.833912+00:00
5319,446,36,0.0,0.0,6.82,2025-11-30T09:04:42.838302+00:00,2025-11-30T09:04:42.838311+00:00
5320,446,34,73.45,0.0,24.34,2025-11-30T09:04:42.840709+00:00,2025-11-30T09:04:42.840717+00:00
5321,446,15,14.22,0.0,4.86,2025-11-30T09:04:42.842848+00:00,2025-11-30T09:04:42.842855+00:00
5322,446,16,0.0,24.35,10.35,2025-11-30T09:04:42.844588+00:00,2025-11-30T09:04:42.844594+00:00
5323,446,21,0.0,0.0,29.76,2025-11-30T09:04:42.847114+00:00,2025-11-30T09:04:42.847120+00:00
5324,446,17,27.86,0.0,36.56,2025-11-30T09:04:42.849323+00:00,2025-11-30T09:04:42.849330+00:00
5325,446,31,0.0,0.0,25.94,2025-11-30T09:04:42.851607+00:00,2025-11-30T09:04:42.851728+00:00
5326,446,33,0.0,0.0,18.93,2025-11-30T09:04:42.855107+00:00,2025-11-30T09:04:42.855117+00:00
5327,446,35,32.98,0.0,56.33,2025-11-30T09:04:42.857375+00:00,2025-11-30T09:04:42.857384+00:00
5328,446,44,89.19,0.0,33.76,2025-11-30T09:04:42.859736+00:00,2025-11-30T09:04:42.859745+00:00
5329,446,41,0.0,105.06,47.43,2025-11-30T09:04:42.862080+00:00,2025-11-30T09:04:42.862090+00:00
5330,446,37,0.0,0.0,18.84,2025-11-30T09:04:42.865172+00:00,2025-11-30T09:04:42.865182+00:00
5331,448,31,0.0,0.0,35.85,2025-11-30T09:04:42.868610+00:00,2025-11-30T09:04:42.868620+00:00
5332,448,20,0.0,48.72,34.45,2025-11-30T09:04:42.872905+00:00,2025-11-30T09:04:42.872914+00:00
5333,448,36,66.24,40.2,66.17,2025-11-30T09:04:42.876460+00:00,2025-11-30T09:04:42.876467+00:00
5334,448,19,0.0,24.08,56.29,2025-11-30T09:04:42.879290+00:00,2025-11-30T09:04:42.879297+00:00
5335,448,28,110.56,0.0,38.15,2025-11-30T09:04:42.881393+00:00,2025-11-30T09:04:42.881400+00:00
5336,448,23,0.0,40.34,21.31,2025-11-30T09:04:42.883307+00:00,2025-11-30T09:04:42.883313+00:00
5337,448,44,17.59,0.0,12.19,2025-11-30T09:04:42.886237+00:00,2025-11-30T09:04:42.886246+00:00
5338,448,38,51.75,0.0,28.79,2025-11-30T09:04:42.890426+00:00,2025-11-30T09:04:42.890435+00:00
5339,448,37,0.0,65.78,65.92,2025-11-30T09:04:42.892839+00:00,2025-11-30T09:04:42.892847+00:00
5340,448,39,0.0,40.63,53.51,2025-11-30T09:04:42.895547+00:00,2025-11-30T09:04:42.895558+00:00
5341,448,17,0.0,49.75,27.06,2025-11-30T09:04:42.899124+00:00,2025-11-30T09:04:42.899134+00:00
5342,448,29,0.0,46.54,19.95,2025-11-30T09:04:42.902448+00:00,2025-11-30T09:04:42.902460+00:00
5343,448,33,22.29,0.0,14.14,2025-11-30T09:04:42.907871+00:00,2025-11-30T09:04:42.907881+00:00
5344,449,18,0.0,0.0,84.05,2025-11-30T09:04:42.910154+00:00,2025-11-30T09:04:42.910162+00:00
5345,449,30,0.0,0.0,59.69,2025-11-30T09:04:42.912305+00:00,2025-11-30T09:04:42.912312+00:00
5346,449,36,0.0,97.29,45.67,2025-11-30T09:04:42.914402+00:00,2025-11-30T09:04:42.914409+00:00
5347,449,19,0.0,26.97,18.08,2025-11-30T09:04:42.916793+00:00,2025-11-30T09:04:42.916803+00:00
5348,449,15,0.0,149.44,81.01,2025-11-30T09:04:42.920257+00:00,2025-11-30T09:04:42.920266+00:00
5349,449,20,33.54,19.44,63.26,2025-11-30T09:04:42.922659+00:00,2025-11-30T09:04:42.922667+00:00
5350,449,33,0.0,0.0,39.89,2025-11-30T09:04:42.925330+00:00,2025-11-30T09:04:42.925339+00:00
5351,449,21,40.89,0.0,25.0,2025-11-30T09:04:42.928097+00:00,2025-11-30T09:04:42.928107+00:00
5352,449,34,0.0,0.0,42.04,2025-11-30T09:04:42.932540+00:00,2025-11-30T09:04:42.932550+00:00
5353,449,43,0.0,0.0,39.65,2025-11-30T09:04:42.936765+00:00,2025-11-30T09:04:42.936776+00:00
5354,449,42,0.0,0.0,32.45,2025-11-30T09:04:42.940674+00:00,2025-11-30T09:04:42.940684+00:00
5355,449,17,64.79,0.0,32.66,2025-11-30T09:04:42.942907+00:00,2025-11-30T09:04:42.942915+00:00
5356,449,26,32.98,0.0,20.88,2025-11-30T09:04:42.944864+00:00,2025-11-30T09:04:42.944870+00:00
5357,450,34,64.85,0.0,58.19,2025-11-30T09:04:42.947251+00:00,2025-11-30T09:04:42.947257+00:00
5358,450,33,0.0,0.0,62.86,2025-11-30T09:04:42.951179+00:00,2025-11-30T09:04:42.951188+00:00
5359,450,40,0.0,0.0,40.36,2025-11-30T09:04:42.954574+00:00,2025-11-30T09:04:42.954583+00:00
5360,450,42,0.0,4.58,3.18,2025-11-30T09:04:42.957495+00:00,2025-11-30T09:04:42.957510+00:00
5361,450,35,48.92,0.0,18.96,2025-11-30T09:04:42.960979+00:00,2025-11-30T09:04:42.960991+00:00
5362,450,39,0.0,0.0,16.71,2025-11-30T09:04:42.964636+00:00,2025-11-30T09:04:42.964645+00:00
5363,450,22,0.0,0.0,33.67,2025-11-30T09:04:42.969040+00:00,2025-11-30T09:04:42.969051+00:00
5364,450,25,0.0,61.56,43.05,2025-11-30T09:04:42.972435+00:00,2025-11-30T09:04:42.972445+00:00
5365,450,31,0.0,0.0,55.8,2025-11-30T09:04:42.974904+00:00,2025-11-30T09:04:42.974912+00:00
5366,450,27,0.0,0.0,55.06,2025-11-30T09:04:42.977289+00:00,2025-11-30T09:04:42.977297+00:00
5367,450,24,0.0,49.14,38.63,2025-11-30T09:04:42.981093+00:00,2025-11-30T09:04:42.981101+00:00
5368,450,38,89.01,0.0,28.77,2025-11-30T09:04:42.983179+00:00,2025-11-30T09:04:42.983187+00:00
5369,450,43,0.0,75.74,47.2,2025-11-30T09:04:42.986089+00:00,2025-11-30T09:04:42.986102+00:00
5370,450,18,0.0,0.0,43.75,2025-11-30T09:04:42.988813+00:00,2025-11-30T09:04:42.988823+00:00
5371,450,44,38.23,0.0,20.48,2025-11-30T09:04:42.991516+00:00,2025-11-30T09:04:42.991525+00:00
5372,451,15,0.0,0.0,134.07,2025-11-30T09:04:42.993930+00:00,2025-11-30T09:04:42.993941+00:00
5373,451,33,0.0,0.0,31.57,2025-11-30T09:04:42.997820+00:00,2025-11-30T09:04:42.997830+00:00
5374,451,34,63.72,57.8,67.39,2025-11-30T09:04:43.000863+00:00,2025-11-30T09:04:43.000873+00:00
5375,451,23,0.0,0.0,35.93,2025-11-30T09:04:43.004843+00:00,2025-11-30T09:04:43.004854+00:00
5376,451,42,0.0,0.0,36.91,2025-11-30T09:04:43.007606+00:00,2025-11-30T09:04:43.007615+00:00
5377,451,31,83.34,0.0,38.68,2025-11-30T09:04:43.009788+00:00,2025-11-30T09:04:43.009795+00:00
5378,451,17,0.0,230.69,80.33,2025-11-30T09:04:43.011949+00:00,2025-11-30T09:04:43.011956+00:00
5379,451,18,0.0,0.0,7.3,2025-11-30T09:04:43.015314+00:00,2025-11-30T09:04:43.015322+00:00
5380,451,32,55.72,0.0,61.53,2025-11-30T09:04:43.019337+00:00,2025-11-30T09:04:43.019349+00:00
5381,451,38,0.0,0.0,21.51,2025-11-30T09:04:43.022242+00:00,2025-11-30T09:04:43.022250+00:00
5382,451,29,0.0,0.0,7.21,2025-11-30T09:04:43.025040+00:00,2025-11-30T09:04:43.025048+00:00
5383,451,43,0.0,0.0,62.76,2025-11-30T09:04:43.027850+00:00,2025-11-30T09:04:43.027861+00:00
5384,451,20,0.0,88.77,41.58,2025-11-30T09:04:43.031746+00:00,2025-11-30T09:04:43.031756+00:00
5385,451,35,0.0,2.65,1.69,2025-11-30T09:04:43.034660+00:00,2025-11-30T09:04:43.034671+00:00
5386,451,30,0.0,31.49,20.81,2025-11-30T09:04:43.038717+00:00,2025-11-30T09:04:43.038727+00:00
5387,452,26,0.0,0.0,263.82,2025-11-30T09:04:43.041327+00:00,2025-11-30T09:04:43.041336+00:00
5388,452,40,0.0,847.82,447.25,2025-11-30T09:04:43.043599+00:00,2025-11-30T09:04:43.043606+00:00
5389,452,39,0.0,294.06,329.59,2025-11-30T09:04:43.045848+00:00,2025-11-30T09:04:43.045856+00:00
5390,452,20,0.0,165.45,115.64,2025-11-30T09:04:43.048274+00:00,2025-11-30T09:04:43.048286+00:00
5391,452,25,0.0,1003.29,1314.55,2025-11-30T09:04:43.050673+00:00,2025-11-30T09:04:43.050681+00:00
5392,452,32,270.47,0.0,164.95,2025-11-30T09:04:43.054079+00:00,2025-11-30T09:04:43.054090+00:00
5393,452,16,324.13,0.0,216.2,2025-11-30T09:04:43.058412+00:00,2025-11-30T09:04:43.058422+00:00
5394,452,42,455.26,0.0,627.42,2025-11-30T09:04:43.062317+00:00,2025-11-30T09:04:43.062329+00:00
5395,452,31,0.0,0.0,437.06,2025-11-30T09:04:43.065879+00:00,2025-11-30T09:04:43.065888+00:00
5396,452,29,0.0,603.12,368.3,2025-11-30T09:04:43.069693+00:00,2025-11-30T09:04:43.069704+00:00
5397,452,37,0.0,0.0,314.12,2025-11-30T09:04:43.073061+00:00,2025-11-30T09:04:43.073070+00:00
5398,452,21,473.47,0.0,167.15,2025-11-30T09:04:43.075269+00:00,2025-11-30T09:04:43.075276+00:00
5399,452,43,0.0,0.0,285.53,2025-11-30T09:04:43.078529+00:00,2025-11-30T09:04:43.078538+00:00
5400,452,19,0.0,698.02,407.54,2025-11-30T09:04:43.081619+00:00,2025-11-30T09:04:43.081628+00:00
5401,452,15,0.0,0.0,321.52,2025-11-30T09:04:43.085628+00:00,2025-11-30T09:04:43.085638+00:00
5402,453,22,206.73,0.0,482.46,2025-11-30T09:04:43.090108+00:00,2025-11-30T09:04:43.090119+00:00
5403,453,25,0.0,0.0,796.02,2025-11-30T09:04:43.093957+00:00,2025-11-30T09:04:43.093969+00:00
5404,453,16,546.37,0.0,202.87,2025-11-30T09:04:43.098122+00:00,2025-11-30T09:04:43.098132+00:00
5405,453,27,0.0,876.34,494.98,2025-11-30T09:04:43.101765+00:00,2025-11-30T09:04:43.101782+00:00
5406,453,37,0.0,766.19,420.66,2025-11-30T09:04:43.105716+00:00,2025-11-30T09:04:43.105727+00:00
5407,453,44,308.04,0.0,108.86,2025-11-30T09:04:43.110091+00:00,2025-11-30T09:04:43.110100+00:00
5408,453,42,1244.96,0.0,635.29,2025-11-30T09:04:43.112574+00:00,2025-11-30T09:04:43.112584+00:00
5409,453,19,1143.04,0.0,385.63,2025-11-30T09:04:43.114854+00:00,2025-11-30T09:04:43.114862+00:00
5410,453,23,0.0,231.57,100.18,2025-11-30T09:04:43.117391+00:00,2025-11-30T09:04:43.117403+00:00
5411,453,32,365.6,503.13,419.21,2025-11-30T09:04:43.122004+00:00,2025-11-30T09:04:43.122014+00:00
5412,453,39,1285.61,0.0,757.05,2025-11-30T09:04:43.124545+00:00,2025-11-30T09:04:43.124554+00:00
5413,453,24,0.0,409.93,286.52,2025-11-30T09:04:43.126646+00:00,2025-11-30T09:04:43.126653+00:00
5414,453,28,0.0,0.0,278.71,2025-11-30T09:04:43.130433+00:00,2025-11-30T09:04:43.130443+00:00
5415,453,34,475.77,0.0,187.65,2025-11-30T09:04:43.133145+00:00,2025-11-30T09:04:43.133155+00:00
5416,453,35,0.0,0.0,270.72,2025-11-30T09:04:43.137264+00:00,2025-11-30T09:04:43.137291+00:00
5417,453,31,0.0,0.0,406.89,2025-11-30T09:04:43.140549+00:00,2025-11-30T09:04:43.140559+00:00
5418,454,20,765.28,334.98,935.77,2025-11-30T09:04:43.143433+00:00,2025-11-30T09:04:43.143441+00:00
5419,454,27,0.0,0.0,106.97,2025-11-30T09:04:43.145855+00:00,2025-11-30T09:04:43.145863+00:00
5420,454,43,0.0,0.0,249.35,2025-11-30T09:04:43.148536+00:00,2025-11-30T09:04:43.148545+00:00
5421,454,19,569.94,0.0,596.82,2025-11-30T09:04:43.151168+00:00,2025-11-30T09:04:43.151181+00:00
5422,454,38,417.64,0.0,265.43,2025-11-30T09:04:43.156230+00:00,2025-11-30T09:04:43.156240+00:00
5423,454,29,0.0,192.14,105.31,2025-11-30T09:04:43.159612+00:00,2025-11-30T09:04:43.159621+00:00
5424,454,22,170.99,0.0,338.14,2025-11-30T09:04:43.163309+00:00,2025-11-30T09:04:43.163362+00:00
5425,454,21,131.57,0.0,614.53,2025-11-30T09:04:43.166350+00:00,2025-11-30T09:04:43.166359+00:00
5426,454,31,0.0,472.25,388.56,2025-11-30T09:04:43.170949+00:00,2025-11-30T09:04:43.170961+00:00
5427,454,18,0.0,0.0,254.09,2025-11-30T09:04:43.174823+00:00,2025-11-30T09:04:43.174832+00:00
5428,454,35,202.68,163.21,220.82,2025-11-30T09:04:43.177491+00:00,2025-11-30T09:04:43.177500+00:00
5429,454,23,0.0,0.0,610.28,2025-11-30T09:04:43.180013+00:00,2025-11-30T09:04:43.180021+00:00
5430,455,16,0.0,96.65,93.1,2025-11-30T09:04:43.182474+00:00,2025-11-30T09:04:43.182482+00:00
5431,455,29,0.0,112.25,34.5,2025-11-30T09:04:43.185835+00:00,2025-11-30T09:04:43.185846+00:00
5432,455,30,0.0,26.62,17.06,2025-11-30T09:04:43.189154+00:00,2025-11-30T09:04:43.189168+00:00
5433,455,26,0.0,0.0,134.24,2025-11-30T09:04:43.191627+00:00,2025-11-30T09:04:43.191635+00:00
5434,455,27,0.0,50.57,23.79,2025-11-30T09:04:43.193867+00:00,2025-11-30T09:04:43.193874+00:00
5435,455,24,0.0,33.84,11.32,2025-11-30T09:04:43.198732+00:00,2025-11-30T09:04:43.198742+00:00
5436,455,17,0.0,0.0,47.67,2025-11-30T09:04:43.204144+00:00,2025-11-30T09:04:43.204156+00:00
5437,455,38,0.0,0.0,16.54,2025-11-30T09:04:43.207871+00:00,2025-11-30T09:04:43.207880+00:00
5438,455,20,0.0,0.0,39.3,2025-11-30T09:04:43.210286+00:00,2025-11-30T09:04:43.210295+00:00
5439,455,41,0.0,0.0,27.65,2025-11-30T09:04:43.212515+00:00,2025-11-30T09:04:43.212522+00:00
5440,455,36,0.0,65.16,26.98,2025-11-30T09:04:43.214811+00:00,2025-11-30T09:04:43.214818+00:00
5441,455,25,79.96,0.0,37.59,2025-11-30T09:04:43.217237+00:00,2025-11-30T09:04:43.217248+00:00
5442,455,43,77.85,0.0,43.87,2025-11-30T09:04:43.221298+00:00,2025-11-30T09:04:43.221307+00:00
5443,455,34,0.0,0.0,36.98,2025-11-30T09:04:43.224098+00:00,2025-11-30T09:04:43.224108+00:00
5444,455,31,0.0,77.15,46.98,2025-11-30T09:04:43.226919+00:00,2025-11-30T09:04:43.226928+00:00
5445,455,23,0.0,0.0,28.25,2025-11-30T09:04:43.230667+00:00,2025-11-30T09:04:43.230677+00:00
5446,455,18,0.0,0.0,48.42,2025-11-30T09:04:43.233392+00:00,2025-11-30T09:04:43.233402+00:00
5447,455,44,0.0,0.0,40.93,2025-11-30T09:04:43.237312+00:00,2025-11-30T09:04:43.237324+00:00
5448,456,34,113.29,0.0,58.29,2025-11-30T09:04:43.240104+00:00,2025-11-30T09:04:43.240114+00:00
5449,456,33,121.52,0.0,68.27,2025-11-30T09:04:43.242398+00:00,2025-11-30T09:04:43.242407+00:00
5450,456,30,118.89,20.02,49.98,2025-11-30T09:04:43.245753+00:00,2025-11-30T09:04:43.245761+00:00
5451,456,39,0.0,0.0,6.02,2025-11-30T09:04:43.248051+00:00,2025-11-30T09:04:43.248059+00:00
5452,456,43,0.0,35.26,23.9,2025-11-30T09:04:43.250286+00:00,2025-11-30T09:04:43.250293+00:00
5453,456,29,0.0,56.05,22.24,2025-11-30T09:04:43.253226+00:00,2025-11-30T09:04:43.253236+00:00
5454,456,38,55.62,0.0,45.14,2025-11-30T09:04:43.256239+00:00,2025-11-30T09:04:43.256249+00:00
5455,456,27,0.0,36.46,20.46,2025-11-30T09:04:43.259335+00:00,2025-11-30T09:04:43.259343+00:00
5456,456,40,0.0,0.0,63.73,2025-11-30T09:04:43.262666+00:00,2025-11-30T09:04:43.262677+00:00
5457,456,31,0.0,0.0,25.04,2025-11-30T09:04:43.265536+00:00,2025-11-30T09:04:43.265544+00:00
5458,456,36,74.64,0.0,39.46,2025-11-30T09:04:43.269209+00:00,2025-11-30T09:04:43.269223+00:00
5459,456,16,117.32,0.0,37.33,2025-11-30T09:04:43.273049+00:00,2025-11-30T09:04:43.273058+00:00
5460,456,24,0.0,0.0,35.31,2025-11-30T09:04:43.276338+00:00,2025-11-30T09:04:43.276345+00:00
5461,456,28,0.0,0.0,44.42,2025-11-30T09:04:43.278738+00:00,2025-11-30T09:04:43.278745+00:00
5462,456,17,0.0,0.0,16.78,2025-11-30T09:04:43.281430+00:00,2025-11-30T09:04:43.281436+00:00
5463,456,23,0.0,0.0,34.27,2025-11-30T09:04:43.283636+00:00,2025-11-30T09:04:43.283641+00:00
5464,456,35,0.0,0.0,20.53,2025-11-30T09:04:43.287858+00:00,2025-11-30T09:04:43.287868+00:00
5465,456,15,0.0,80.66,29.01,2025-11-30T09:04:43.290918+00:00,2025-11-30T09:04:43.290927+00:00
5466,456,37,0.0,0.0,48.84,2025-11-30T09:04:43.293548+00:00,2025-11-30T09:04:43.293559+00:00
5467,456,41,0.0,0.0,18.17,2025-11-30T09:04:43.297463+00:00,2025-11-30T09:04:43.297476+00:00
5468,457,36,89.47,5.15,73.02,2025-11-30T09:04:43.300790+00:00,2025-11-30T09:04:43.300801+00:00
5469,457,40,0.0,87.65,52.84,2025-11-30T09:04:43.304827+00:00,2025-11-30T09:04:43.304838+00:00
5470,457,35,0.0,0.0,85.0,2025-11-30T09:04:43.308054+00:00,2025-11-30T09:04:43.308062+00:00
5471,457,39,96.17,0.0,34.49,2025-11-30T09:04:43.310617+00:00,2025-11-30T09:04:43.310624+00:00
5472,457,19,0.0,0.0,16.39,2025-11-30T09:04:43.312689+00:00,2025-11-30T09:04:43.312696+00:00
5473,457,20,13.99,0.0,7.26,2025-11-30T09:04:43.315739+00:00,2025-11-30T09:04:43.315746+00:00
5474,457,30,44.87,0.0,15.94,2025-11-30T09:04:43.318693+00:00,2025-11-30T09:04:43.318704+00:00
5475,457,42,41.94,0.0,28.25,2025-11-30T09:04:43.322359+00:00,2025-11-30T09:04:43.322369+00:00
5476,457,32,0.0,135.52,49.55,2025-11-30T09:04:43.324608+00:00,2025-11-30T09:04:43.324615+00:00
5477,457,31,0.0,0.0,37.96,2025-11-30T09:04:43.327804+00:00,2025-11-30T09:04:43.327815+00:00
5478,457,29,118.48,0.0,50.34,2025-11-30T09:04:43.331674+00:00,2025-11-30T09:04:43.331684+00:00
5479,457,44,67.97,0.0,71.36,2025-11-30T09:04:43.335442+00:00,2025-11-30T09:04:43.335452+00:00
5480,457,16,0.0,0.0,42.15,2025-11-30T09:04:43.339731+00:00,2025-11-30T09:04:43.339741+00:00
5481,457,43,0.0,0.0,33.28,2025-11-30T09:04:43.342978+00:00,2025-11-30T09:04:43.342986+00:00
5482,457,26,0.0,0.0,45.34,2025-11-30T09:04:43.345397+00:00,2025-11-30T09:04:43.345405+00:00
5483,457,25,0.0,27.92,12.09,2025-11-30T09:04:43.349277+00:00,2025-11-30T09:04:43.349285+00:00
5484,458,20,0.0,0.0,39.29,2025-11-30T09:04:43.352158+00:00,2025-11-30T09:04:43.352168+00:00
5485,458,36,0.0,0.0,55.4,2025-11-30T09:04:43.355167+00:00,2025-11-30T09:04:43.355176+00:00
5486,458,43,61.79,72.29,80.21,2025-11-30T09:04:43.357939+00:00,2025-11-30T09:04:43.357948+00:00
5487,458,19,202.22,169.06,157.29,2025-11-30T09:04:43.361401+00:00,2025-11-30T09:04:43.361411+00:00
5488,458,29,0.0,0.0,17.31,2025-11-30T09:04:43.366087+00:00,2025-11-30T09:04:43.366097+00:00
5489,458,26,92.68,9.23,50.78,2025-11-30T09:04:43.369457+00:00,2025-11-30T09:04:43.369469+00:00
5490,458,34,0.0,0.0,47.51,2025-11-30T09:04:43.372448+00:00,2025-11-30T09:04:43.372456+00:00
5491,458,21,99.74,0.0,39.09,2025-11-30T09:04:43.374664+00:00,2025-11-30T09:04:43.374675+00:00
5492,458,32,0.0,0.0,64.75,2025-11-30T09:04:43.376933+00:00,2025-11-30T09:04:43.376939+00:00
5493,458,37,89.08,0.0,43.86,2025-11-30T09:04:43.379419+00:00,2025-11-30T09:04:43.379427+00:00
5494,458,44,0.0,0.0,11.32,2025-11-30T09:04:43.382107+00:00,2025-11-30T09:04:43.382114+00:00
5495,458,15,0.0,0.0,41.69,2025-11-30T09:04:43.384422+00:00,2025-11-30T09:04:43.384430+00:00
5496,458,30,0.0,0.0,32.8,2025-11-30T09:04:43.388372+00:00,2025-11-30T09:04:43.388383+00:00
5497,458,42,0.0,0.0,41.44,2025-11-30T09:04:43.391296+00:00,2025-11-30T09:04:43.391304+00:00
5498,458,16,0.0,0.0,13.87,2025-11-30T09:04:43.395105+00:00,2025-11-30T09:04:43.395122+00:00
5499,459,25,0.0,139.79,42.86,2025-11-30T09:04:43.400359+00:00,2025-11-30T09:04:43.400369+00:00
5500,459,44,0.0,0.0,51.15,2025-11-30T09:04:43.404815+00:00,2025-11-30T09:04:43.404825+00:00
5501,459,41,0.0,0.0,39.15,2025-11-30T09:04:43.409066+00:00,2025-11-30T09:04:43.409078+00:00
5502,459,42,0.0,0.0,11.86,2025-11-30T09:04:43.412204+00:00,2025-11-30T09:04:43.412215+00:00
5503,459,32,0.0,0.0,23.64,2025-11-30T09:04:43.414293+00:00,2025-11-30T09:04:43.414302+00:00
5504,459,29,0.0,0.0,6.37,2025-11-30T09:04:43.416502+00:00,2025-11-30T09:04:43.416509+00:00
5505,459,26,0.0,0.0,47.68,2025-11-30T09:04:43.420606+00:00,2025-11-30T09:04:43.420615+00:00
5506,459,24,0.0,0.0,39.83,2025-11-30T09:04:43.423464+00:00,2025-11-30T09:04:43.423474+00:00
5507,459,40,0.0,52.7,21.93,2025-11-30T09:04:43.425727+00:00,2025-11-30T09:04:43.425734+00:00
5508,459,19,0.0,0.0,73.2,2025-11-30T09:04:43.428086+00:00,2025-11-30T09:04:43.428097+00:00
5509,459,39,16.98,0.0,5.18,2025-11-30T09:04:43.431845+00:00,2025-11-30T09:04:43.431855+00:00
5510,459,30,97.78,60.24,79.36,2025-11-30T09:04:43.434378+00:00,2025-11-30T09:04:43.434393+00:00
5511,459,20,0.0,110.08,36.92,2025-11-30T09:04:43.438688+00:00,2025-11-30T09:04:43.438697+00:00
5512,459,37,0.0,0.0,53.52,2025-11-30T09:04:43.441225+00:00,2025-11-30T09:04:43.441233+00:00
5513,459,33,0.0,75.99,43.5,2025-11-30T09:04:43.443142+00:00,2025-11-30T09:04:43.443149+00:00
5514,459,28,69.37,0.0,23.18,2025-11-30T09:04:43.445053+00:00,2025-11-30T09:04:43.445059+00:00
5515,459,34,131.74,0.0,53.2,2025-11-30T09:04:43.448527+00:00,2025-11-30T09:04:43.448533+00:00
5516,459,21,0.0,38.47,18.9,2025-11-30T09:04:43.450754+00:00,2025-11-30T09:04:43.450762+00:00
5517,460,37,0.0,2282.34,808.31,2025-11-30T09:04:43.454845+00:00,2025-11-30T09:04:43.454856+00:00
5518,460,31,304.16,0.0,379.0,2025-11-30T09:04:43.457927+00:00,2025-11-30T09:04:43.457936+00:00
5519,460,44,0.0,1262.51,474.97,2025-11-30T09:04:43.460861+00:00,2025-11-30T09:04:43.460872+00:00
5520,460,19,511.27,0.0,191.46,2025-11-30T09:04:43.464550+00:00,2025-11-30T09:04:43.464561+00:00
5521,460,23,913.31,0.0,632.62,2025-11-30T09:04:43.467553+00:00,2025-11-30T09:04:43.467566+00:00
5522,460,43,0.0,0.0,842.24,2025-11-30T09:04:43.471832+00:00,2025-11-30T09:04:43.471842+00:00
5523,460,30,0.0,631.86,757.25,2025-11-30T09:04:43.474190+00:00,2025-11-30T09:04:43.474200+00:00
5524,460,26,0.0,0.0,396.59,2025-11-30T09:04:43.476484+00:00,2025-11-30T09:04:43.476491+00:00
5525,460,20,0.0,0.0,149.13,2025-11-30T09:04:43.478958+00:00,2025-11-30T09:04:43.478965+00:00
5526,460,36,0.0,362.49,134.08,2025-11-30T09:04:43.481492+00:00,2025-11-30T09:04:43.481499+00:00
5527,460,40,1209.49,0.0,452.18,2025-11-30T09:04:43.483533+00:00,2025-11-30T09:04:43.483540+00:00
5528,460,33,0.0,357.01,218.72,2025-11-30T09:04:43.486600+00:00,2025-11-30T09:04:43.486609+00:00
5529,460,34,0.0,0.0,360.13,2025-11-30T09:04:43.489249+00:00,2025-11-30T09:04:43.489257+00:00
5530,460,29,575.41,0.0,339.26,2025-11-30T09:04:43.493065+00:00,2025-11-30T09:04:43.493074+00:00
5531,461,27,0.0,0.0,69.23,2025-11-30T09:04:43.496017+00:00,2025-11-30T09:04:43.496026+00:00
5532,461,37,83.97,0.0,50.76,2025-11-30T09:04:43.499161+00:00,2025-11-30T09:04:43.499170+00:00
5533,461,41,0.0,0.0,73.69,2025-11-30T09:04:43.502983+00:00,2025-11-30T09:04:43.502998+00:00
5534,461,40,71.8,0.0,42.02,2025-11-30T09:04:43.506002+00:00,2025-11-30T09:04:43.506011+00:00
5535,461,35,0.0,25.57,31.87,2025-11-30T09:04:43.508280+00:00,2025-11-30T09:04:43.508289+00:00
5536,461,32,0.0,0.0,63.12,2025-11-30T09:04:43.511477+00:00,2025-11-30T09:04:43.511484+00:00
5537,461,22,0.0,45.83,24.86,2025-11-30T09:04:43.513522+00:00,2025-11-30T09:04:43.513528+00:00
5538,461,44,43.7,0.0,27.51,2025-11-30T09:04:43.515705+00:00,2025-11-30T09:04:43.515711+00:00
5539,461,17,0.0,0.0,34.43,2025-11-30T09:04:43.518901+00:00,2025-11-30T09:04:43.518912+00:00
5540,461,25,42.66,0.0,47.79,2025-11-30T09:04:43.523071+00:00,2025-11-30T09:04:43.523081+00:00
5541,461,33,0.0,46.76,21.87,2025-11-30T09:04:43.525664+00:00,2025-11-30T09:04:43.525673+00:00
5542,461,39,0.0,0.0,16.58,2025-11-30T09:04:43.528519+00:00,2025-11-30T09:04:43.528531+00:00
5543,461,26,0.0,0.0,23.24,2025-11-30T09:04:43.531883+00:00,2025-11-30T09:04:43.531893+00:00
5544,461,20,0.0,0.0,44.5,2025-11-30T09:04:43.534936+00:00,2025-11-30T09:04:43.534946+00:00
5545,462,29,7.46,0.0,48.7,2025-11-30T09:04:43.538876+00:00,2025-11-30T09:04:43.538886+00:00
5546,462,28,0.0,13.9,11.15,2025-11-30T09:04:43.541227+00:00,2025-11-30T09:04:43.541234+00:00
5547,462,39,29.27,0.0,12.7,2025-11-30T09:04:43.543530+00:00,2025-11-30T09:04:43.543537+00:00
5548,462,31,36.09,0.0,12.11,2025-11-30T09:04:43.545467+00:00,2025-11-30T09:04:43.545474+00:00
5549,462,26,0.0,0.0,46.62,2025-11-30T09:04:43.547845+00:00,2025-11-30T09:04:43.547851+00:00
5550,462,20,0.0,105.46,60.19,2025-11-30T09:04:43.553176+00:00,2025-11-30T09:04:43.553188+00:00
5551,462,44,93.33,0.0,28.8,2025-11-30T09:04:43.556345+00:00,2025-11-30T09:04:43.556355+00:00
5552,462,15,30.13,0.0,11.06,2025-11-30T09:04:43.560088+00:00,2025-11-30T09:04:43.560097+00:00
5553,462,17,0.0,51.33,25.9,2025-11-30T09:04:43.563530+00:00,2025-11-30T09:04:43.563541+00:00
5554,462,37,0.0,0.0,48.67,2025-11-30T09:04:43.566413+00:00,2025-11-30T09:04:43.566423+00:00
5555,462,21,67.0,33.64,66.35,2025-11-30T09:04:43.571326+00:00,2025-11-30T09:04:43.571337+00:00
5556,462,40,78.54,0.0,27.0,2025-11-30T09:04:43.573799+00:00,2025-11-30T09:04:43.573809+00:00
5557,462,30,37.37,0.0,22.49,2025-11-30T09:04:43.576117+00:00,2025-11-30T09:04:43.576124+00:00
5558,462,32,0.0,0.0,49.54,2025-11-30T09:04:43.579058+00:00,2025-11-30T09:04:43.579068+00:00
5559,462,38,0.0,0.0,50.21,2025-11-30T09:04:43.581632+00:00,2025-11-30T09:04:43.581640+00:00
5560,462,27,101.31,0.0,42.01,2025-11-30T09:04:43.583977+00:00,2025-11-30T09:04:43.583986+00:00
5561,462,35,0.0,0.0,18.07,2025-11-30T09:04:43.587552+00:00,2025-11-30T09:04:43.587565+00:00
5562,463,35,0.0,0.0,26.93,2025-11-30T09:04:43.590323+00:00,2025-11-30T09:04:43.590332+00:00
5563,463,34,0.0,66.53,63.15,2025-11-30T09:04:43.592405+00:00,2025-11-30T09:04:43.592412+00:00
5564,463,17,58.47,0.0,46.8,2025-11-30T09:04:43.596821+00:00,2025-11-30T09:04:43.596833+00:00
5565,463,44,0.0,25.63,16.76,2025-11-30T09:04:43.600396+00:00,2025-11-30T09:04:43.600405+00:00
5566,463,15,0.0,0.0,18.88,2025-11-30T09:04:43.604873+00:00,2025-11-30T09:04:43.604882+00:00
5567,463,19,13.85,0.0,7.7,2025-11-30T09:04:43.607374+00:00,2025-11-30T09:04:43.607382+00:00
5568,463,30,42.31,0.0,20.57,2025-11-30T09:04:43.609587+00:00,2025-11-30T09:04:43.609594+00:00
5569,463,24,11.87,0.0,7.92,2025-11-30T09:04:43.611611+00:00,2025-11-30T09:04:43.611618+00:00
5570,463,28,0.0,0.0,27.92,2025-11-30T09:04:43.613742+00:00,2025-11-30T09:04:43.613748+00:00
5571,463,31,0.0,18.21,9.96,2025-11-30T09:04:43.615621+00:00,2025-11-30T09:04:43.615626+00:00
5572,463,23,0.0,76.66,23.54,2025-11-30T09:04:43.618732+00:00,2025-11-30T09:04:43.618751+00:00
5573,463,38,56.47,0.0,35.2,2025-11-30T09:04:43.622261+00:00,2025-11-30T09:04:43.622271+00:00
5574,463,16,0.0,104.45,41.83,2025-11-30T09:04:43.624973+00:00,2025-11-30T09:04:43.624981+00:00
5575,463,37,0.0,0.0,38.18,2025-11-30T09:04:43.627491+00:00,2025-11-30T09:04:43.627506+00:00
5576,463,32,0.0,53.04,23.64,2025-11-30T09:04:43.631447+00:00,2025-11-30T09:04:43.631458+00:00
5577,463,27,0.0,0.0,43.89,2025-11-30T09:04:43.633966+00:00,2025-11-30T09:04:43.634012+00:00
5578,463,20,0.0,0.0,11.58,2025-11-30T09:04:43.638871+00:00,2025-11-30T09:04:43.638881+00:00
5579,463,40,37.28,0.0,17.53,2025-11-30T09:04:43.641471+00:00,2025-11-30T09:04:43.641478+00:00
5580,463,21,0.0,78.96,45.17,2025-11-30T09:04:43.643551+00:00,2025-11-30T09:04:43.643557+00:00
5581,464,38,0.0,47.63,27.53,2025-11-30T09:04:43.645642+00:00,2025-11-30T09:04:43.645648+00:00
5582,464,18,113.4,0.0,34.91,2025-11-30T09:04:43.648061+00:00,2025-11-30T09:04:43.648068+00:00
5583,464,16,0.0,92.14,29.61,2025-11-30T09:04:43.649863+00:00,2025-11-30T09:04:43.649869+00:00
5584,464,22,0.0,52.74,33.52,2025-11-30T09:04:43.653155+00:00,2025-11-30T09:04:43.653165+00:00
5585,464,31,0.0,0.0,25.69,2025-11-30T09:04:43.655655+00:00,2025-11-30T09:04:43.655663+00:00
5586,464,36,0.0,116.79,56.26,2025-11-30T09:04:43.658540+00:00,2025-11-30T09:04:43.658549+00:00
5587,464,26,0.0,0.0,60.35,2025-11-30T09:04:43.661345+00:00,2025-11-30T09:04:43.661356+00:00
5588,464,33,0.0,0.0,59.31,2025-11-30T09:04:43.665353+00:00,2025-11-30T09:04:43.665365+00:00
5589,464,39,173.29,0.0,67.86,2025-11-30T09:04:43.669010+00:00,2025-11-30T09:04:43.669024+00:00
5590,464,40,0.0,0.0,30.84,2025-11-30T09:04:43.672661+00:00,2025-11-30T09:04:43.672672+00:00
5591,464,15,0.0,0.0,61.28,2025-11-30T09:04:43.676629+00:00,2025-11-30T09:04:43.676639+00:00
5592,464,23,0.0,0.0,29.89,2025-11-30T09:04:43.681163+00:00,2025-11-30T09:04:43.681172+00:00
5593,464,29,0.0,0.0,45.73,2025-11-30T09:04:43.683478+00:00,2025-11-30T09:04:43.683485+00:00
5594,464,42,0.0,0.0,48.85,2025-11-30T09:04:43.686567+00:00,2025-11-30T09:04:43.686576+00:00
5595,464,28,0.0,0.0,46.27,2025-11-30T09:04:43.689878+00:00,2025-11-30T09:04:43.689888+00:00
5596,465,18,0.0,0.0,16.35,2025-11-30T09:04:43.692497+00:00,2025-11-30T09:04:43.692505+00:00
5597,465,26,0.0,81.02,73.12,2025-11-30T09:04:43.695232+00:00,2025-11-30T09:04:43.695243+00:00
5598,465,32,41.96,31.66,83.02,2025-11-30T09:04:43.699199+00:00,2025-11-30T09:04:43.699209+00:00
5599,465,29,56.26,0.0,36.73,2025-11-30T09:04:43.703298+00:00,2025-11-30T09:04:43.703309+00:00
5600,465,35,34.23,0.0,20.79,2025-11-30T09:04:43.705946+00:00,2025-11-30T09:04:43.705954+00:00
5601,465,25,0.0,48.08,17.35,2025-11-30T09:04:43.708349+00:00,2025-11-30T09:04:43.708357+00:00
5602,465,38,0.0,0.0,35.81,2025-11-30T09:04:43.710781+00:00,2025-11-30T09:04:43.710787+00:00
5603,465,36,74.03,0.0,25.33,2025-11-30T09:04:43.712689+00:00,2025-11-30T09:04:43.712696+00:00
5604,465,22,85.74,0.0,90.73,2025-11-30T09:04:43.714590+00:00,2025-11-30T09:04:43.714596+00:00
5605,465,16,0.0,0.0,35.93,2025-11-30T09:04:43.716402+00:00,2025-11-30T09:04:43.716408+00:00
5606,465,39,79.28,0.0,32.66,2025-11-30T09:04:43.720536+00:00,2025-11-30T09:04:43.720545+00:00
5607,465,17,0.0,0.0,38.33,2025-11-30T09:04:43.723383+00:00,2025-11-30T09:04:43.723392+00:00
5608,465,21,35.17,0.0,11.89,2025-11-30T09:04:43.726104+00:00,2025-11-30T09:04:43.726113+00:00
5609,465,15,0.0,0.0,85.21,2025-11-30T09:04:43.729787+00:00,2025-11-30T09:04:43.729797+00:00
5610,465,43,0.0,51.76,60.93,2025-11-30T09:04:43.733360+00:00,2025-11-30T09:04:43.733370+00:00
5611,465,33,0.0,36.53,21.04,2025-11-30T09:04:43.738258+00:00,2025-11-30T09:04:43.738293+00:00
5612,466,20,46.07,0.0,22.73,2025-11-30T09:04:43.740916+00:00,2025-11-30T09:04:43.740922+00:00
5613,466,18,0.0,0.0,38.12,2025-11-30T09:04:43.743443+00:00,2025-11-30T09:04:43.743449+00:00
5614,466,33,0.0,0.0,13.47,2025-11-30T09:04:43.745552+00:00,2025-11-30T09:04:43.745558+00:00
5615,466,16,0.0,0.0,24.95,2025-11-30T09:04:43.748080+00:00,2025-11-30T09:04:43.748089+00:00
5616,466,42,36.27,0.0,21.38,2025-11-30T09:04:43.750421+00:00,2025-11-30T09:04:43.750430+00:00
5617,466,30,67.9,0.0,34.46,2025-11-30T09:04:43.753971+00:00,2025-11-30T09:04:43.753981+00:00
5618,466,38,121.23,0.0,47.04,2025-11-30T09:04:43.756513+00:00,2025-11-30T09:04:43.756521+00:00
5619,466,23,0.0,70.43,48.9,2025-11-30T09:04:43.759830+00:00,2025-11-30T09:04:43.759840+00:00
5620,466,41,20.55,0.0,8.9,2025-11-30T09:04:43.762917+00:00,2025-11-30T09:04:43.762927+00:00
5621,466,15,100.98,0.0,49.29,2025-11-30T09:04:43.768419+00:00,2025-11-30T09:04:43.768434+00:00
5622,466,43,0.0,0.0,26.87,2025-11-30T09:04:43.772551+00:00,2025-11-30T09:04:43.772561+00:00
5623,466,25,29.85,0.0,9.94,2025-11-30T09:04:43.774962+00:00,2025-11-30T09:04:43.774969+00:00
5624,466,19,19.14,0.0,12.08,2025-11-30T09:04:43.777151+00:00,2025-11-30T09:04:43.777158+00:00
5625,466,24,0.0,59.36,18.59,2025-11-30T09:04:43.779663+00:00,2025-11-30T09:04:43.779670+00:00
5626,466,36,0.0,59.87,27.61,2025-11-30T09:04:43.782794+00:00,2025-11-30T09:04:43.782801+00:00
5627,466,39,0.0,0.0,43.7,2025-11-30T09:04:43.785822+00:00,2025-11-30T09:04:43.785832+00:00
5628,466,34,0.0,0.0,27.56,2025-11-30T09:04:43.788583+00:00,2025-11-30T09:04:43.788592+00:00
5629,466,22,0.0,0.0,40.26,2025-11-30T09:04:43.791267+00:00,2025-11-30T09:04:43.791276+00:00
5630,466,27,0.0,0.0,10.3,2025-11-30T09:04:43.795176+00:00,2025-11-30T09:04:43.795189+00:00
5631,466,32,49.61,0.0,25.67,2025-11-30T09:04:43.799216+00:00,2025-11-30T09:04:43.799225+00:00
5632,467,22,0.0,0.0,157.6,2025-11-30T09:04:43.803245+00:00,2025-11-30T09:04:43.803255+00:00
5633,467,25,0.0,430.8,364.84,2025-11-30T09:04:43.806129+00:00,2025-11-30T09:04:43.806136+00:00
5634,467,15,0.0,0.0,777.52,2025-11-30T09:04:43.810193+00:00,2025-11-30T09:04:43.810201+00:00
5635,467,16,0.0,0.0,350.06,2025-11-30T09:04:43.812558+00:00,2025-11-30T09:04:43.812565+00:00
5636,467,44,0.0,0.0,516.39,2025-11-30T09:04:43.815756+00:00,2025-11-30T09:04:43.815763+00:00
5637,467,21,0.0,0.0,284.51,2025-11-30T09:04:43.819177+00:00,2025-11-30T09:04:43.819187+00:00
5638,467,38,0.0,0.0,115.18,2025-11-30T09:04:43.822211+00:00,2025-11-30T09:04:43.822220+00:00
5639,467,39,0.0,0.0,121.0,2025-11-30T09:04:43.824909+00:00,2025-11-30T09:04:43.824918+00:00
5640,467,33,377.53,0.0,328.66,2025-11-30T09:04:43.827155+00:00,2025-11-30T09:04:43.827162+00:00
5641,467,35,0.0,0.0,481.39,2025-11-30T09:04:43.830887+00:00,2025-11-30T09:04:43.830897+00:00
5642,467,34,194.3,0.0,115.3,2025-11-30T09:04:43.833692+00:00,2025-11-30T09:04:43.833702+00:00
5643,467,31,0.0,0.0,533.48,2025-11-30T09:04:43.837647+00:00,2025-11-30T09:04:43.837657+00:00
5644,467,27,0.0,0.0,566.62,2025-11-30T09:04:43.840302+00:00,2025-11-30T09:04:43.840310+00:00
5645,467,30,0.0,0.0,368.34,2025-11-30T09:04:43.842481+00:00,2025-11-30T09:04:43.842488+00:00
5646,467,32,0.0,0.0,479.99,2025-11-30T09:04:43.844335+00:00,2025-11-30T09:04:43.844341+00:00
5647,467,17,695.09,0.0,655.81,2025-11-30T09:04:43.848182+00:00,2025-11-30T09:04:43.848189+00:00
5648,468,22,6.62,0.0,2.81,2025-11-30T09:04:43.850140+00:00,2025-11-30T09:04:43.850146+00:00
5649,468,16,62.14,0.0,27.56,2025-11-30T09:04:43.853514+00:00,2025-11-30T09:04:43.853524+00:00
5650,468,38,0.0,31.78,20.62,2025-11-30T09:04:43.856523+00:00,2025-11-30T09:04:43.856532+00:00
5651,468,31,0.0,0.0,85.88,2025-11-30T09:04:43.859617+00:00,2025-11-30T09:04:43.859629+00:00
5652,468,39,0.0,0.0,41.45,2025-11-30T09:04:43.863486+00:00,2025-11-30T09:04:43.863497+00:00
5653,468,36,0.0,0.0,14.27,2025-11-30T09:04:43.866002+00:00,2025-11-30T09:04:43.866010+00:00
5654,468,26,0.0,0.0,20.52,2025-11-30T09:04:43.869852+00:00,2025-11-30T09:04:43.869863+00:00
5655,468,28,0.0,58.08,39.55,2025-11-30T09:04:43.872949+00:00,2025-11-30T09:04:43.872957+00:00
5656,468,27,0.0,0.0,38.53,2025-11-30T09:04:43.875170+00:00,2025-11-30T09:04:43.875177+00:00
5657,468,21,0.0,10.07,6.43,2025-11-30T09:04:43.877597+00:00,2025-11-30T09:04:43.877604+00:00
5658,468,30,0.0,0.0,24.0,2025-11-30T09:04:43.880968+00:00,2025-11-30T09:04:43.880977+00:00
5659,468,40,0.0,68.41,56.99,2025-11-30T09:04:43.885291+00:00,2025-11-30T09:04:43.885301+00:00
5660,468,25,0.0,0.0,49.0,2025-11-30T09:04:43.888972+00:00,2025-11-30T09:04:43.888983+00:00
5661,468,19,0.0,0.0,38.54,2025-11-30T09:04:43.898154+00:00,2025-11-30T09:04:43.898184+00:00
5662,468,35,0.0,83.01,43.85,2025-11-30T09:04:43.904750+00:00,2025-11-30T09:04:43.904764+00:00
5663,468,15,0.0,0.0,49.23,2025-11-30T09:04:43.909916+00:00,2025-11-30T09:04:43.909929+00:00
5664,468,32,128.53,0.0,83.0,2025-11-30T09:04:43.914537+00:00,2025-11-30T09:04:43.914551+00:00
5665,468,17,0.0,0.0,27.37,2025-11-30T09:04:43.920108+00:00,2025-11-30T09:04:43.920125+00:00
5666,468,18,28.61,0.0,13.32,2025-11-30T09:04:43.925401+00:00,2025-11-30T09:04:43.925417+00:00
5667,472,43,0.0,55.75,147.26,2025-11-30T09:04:43.930860+00:00,2025-11-30T09:04:43.930875+00:00
5668,472,41,30.71,0.0,15.81,2025-11-30T09:04:43.937639+00:00,2025-11-30T09:04:43.937648+00:00
5669,472,30,25.11,0.0,9.55,2025-11-30T09:04:43.942199+00:00,2025-11-30T09:04:43.942211+00:00
5670,472,33,0.0,90.76,64.43,2025-11-30T09:04:43.947237+00:00,2025-11-30T09:04:43.947257+00:00
5671,472,20,47.83,0.0,31.34,2025-11-30T09:04:43.953109+00:00,2025-11-30T09:04:43.953124+00:00
5672,472,15,0.0,0.0,44.29,2025-11-30T09:04:43.957553+00:00,2025-11-30T09:04:43.957565+00:00
5673,472,17,59.37,0.0,30.6,2025-11-30T09:04:43.960989+00:00,2025-11-30T09:04:43.960998+00:00
5674,472,38,0.0,77.3,27.76,2025-11-30T09:04:43.965462+00:00,2025-11-30T09:04:43.965476+00:00
5675,472,22,92.97,0.0,73.61,2025-11-30T09:04:43.971248+00:00,2025-11-30T09:04:43.971258+00:00
5676,472,24,0.0,0.0,51.01,2025-11-30T09:04:43.974976+00:00,2025-11-30T09:04:43.974986+00:00
5677,472,35,30.05,0.0,20.5,2025-11-30T09:04:43.977588+00:00,2025-11-30T09:04:43.977597+00:00
5678,472,40,143.24,0.0,46.61,2025-11-30T09:04:43.980604+00:00,2025-11-30T09:04:43.980612+00:00
5679,472,32,62.67,0.0,24.56,2025-11-30T09:04:43.983168+00:00,2025-11-30T09:04:43.983176+00:00
5680,472,34,0.0,0.0,7.06,2025-11-30T09:04:43.987831+00:00,2025-11-30T09:04:43.987843+00:00
5681,472,23,0.0,35.67,17.63,2025-11-30T09:04:43.990717+00:00,2025-11-30T09:04:43.990727+00:00
5682,473,33,9.24,0.0,5.0,2025-11-30T09:04:43.993175+00:00,2025-11-30T09:04:43.993181+00:00
5683,473,34,38.69,0.0,15.32,2025-11-30T09:04:43.996249+00:00,2025-11-30T09:04:43.996261+00:00
5684,473,37,73.47,0.0,48.5,2025-11-30T09:04:43.999645+00:00,2025-11-30T09:04:43.999656+00:00
5685,473,19,0.0,42.12,18.06,2025-11-30T09:04:44.004103+00:00,2025-11-30T09:04:44.004113+00:00
5686,473,16,7.97,41.53,25.69,2025-11-30T09:04:44.007748+00:00,2025-11-30T09:04:44.007756+00:00
5687,473,29,0.0,58.99,79.2,2025-11-30T09:04:44.010504+00:00,2025-11-30T09:04:44.010512+00:00
5688,473,30,0.0,0.0,35.39,2025-11-30T09:04:44.012772+00:00,2025-11-30T09:04:44.012779+00:00
5689,473,15,0.0,77.77,38.65,2025-11-30T09:04:44.016576+00:00,2025-11-30T09:04:44.016583+00:00
5690,473,17,52.94,0.0,34.74,2025-11-30T09:04:44.021078+00:00,2025-11-30T09:04:44.021088+00:00
5691,473,31,0.0,0.0,52.79,2025-11-30T09:04:44.023597+00:00,2025-11-30T09:04:44.023606+00:00
5692,473,18,0.0,0.0,21.26,2025-11-30T09:04:44.026028+00:00,2025-11-30T09:04:44.026036+00:00
5693,473,25,116.23,0.0,49.28,2025-11-30T09:04:44.029305+00:00,2025-11-30T09:04:44.029316+00:00
5694,473,23,0.0,60.84,19.3,2025-11-30T09:04:44.032373+00:00,2025-11-30T09:04:44.032383+00:00
5695,473,38,0.0,36.39,24.26,2025-11-30T09:04:44.037929+00:00,2025-11-30T09:04:44.037939+00:00
5696,473,39,0.0,0.0,11.32,2025-11-30T09:04:44.040724+00:00,2025-11-30T09:04:44.040733+00:00
5697,473,32,0.0,0.0,46.5,2025-11-30T09:04:44.042907+00:00,2025-11-30T09:04:44.042913+00:00
5698,473,22,0.0,0.0,27.59,2025-11-30T09:04:44.044908+00:00,2025-11-30T09:04:44.044914+00:00
5699,473,43,56.58,0.0,25.87,2025-11-30T09:04:44.047238+00:00,2025-11-30T09:04:44.047246+00:00
5700,474,22,0.0,0.0,11.77,2025-11-30T09:04:44.049546+00:00,2025-11-30T09:04:44.049553+00:00
5701,474,35,0.0,0.0,41.41,2025-11-30T09:04:44.052461+00:00,2025-11-30T09:04:44.052469+00:00
5702,474,28,0.0,27.02,10.6,2025-11-30T09:04:44.054583+00:00,2025-11-30T09:04:44.054590+00:00
5703,474,43,0.0,0.0,27.83,2025-11-30T09:04:44.058513+00:00,2025-11-30T09:04:44.058522+00:00
5704,474,26,0.0,0.0,1.16,2025-11-30T09:04:44.060860+00:00,2025-11-30T09:04:44.060868+00:00
5705,474,41,0.0,0.0,31.0,2025-11-30T09:04:44.064923+00:00,2025-11-30T09:04:44.064932+00:00
5706,474,39,0.0,0.0,87.25,2025-11-30T09:04:44.068252+00:00,2025-11-30T09:04:44.068268+00:00
5707,474,34,0.0,30.54,48.72,2025-11-30T09:04:44.072577+00:00,2025-11-30T09:04:44.072586+00:00
5708,474,25,199.95,0.0,79.16,2025-11-30T09:04:44.074944+00:00,2025-11-30T09:04:44.074952+00:00
5709,474,32,0.0,59.34,87.73,2025-11-30T09:04:44.077245+00:00,2025-11-30T09:04:44.077255+00:00
5710,474,18,16.25,0.0,6.6,2025-11-30T09:04:44.080378+00:00,2025-11-30T09:04:44.080386+00:00
5711,474,44,0.0,0.0,1.89,2025-11-30T09:04:44.082466+00:00,2025-11-30T09:04:44.082473+00:00
5712,474,36,14.35,18.88,13.5,2025-11-30T09:04:44.085651+00:00,2025-11-30T09:04:44.085660+00:00
5713,474,21,48.99,0.0,19.04,2025-11-30T09:04:44.089122+00:00,2025-11-30T09:04:44.089131+00:00
5714,474,40,0.0,0.0,10.9,2025-11-30T09:04:44.093027+00:00,2025-11-30T09:04:44.093035+00:00
5715,475,32,139.4,9.69,80.0,2025-11-30T09:04:44.095182+00:00,2025-11-30T09:04:44.095191+00:00
5716,475,23,0.0,0.0,19.23,2025-11-30T09:04:44.099594+00:00,2025-11-30T09:04:44.099603+00:00
5717,475,42,32.6,0.0,17.97,2025-11-30T09:04:44.103555+00:00,2025-11-30T09:04:44.103565+00:00
5718,475,20,130.64,0.0,57.79,2025-11-30T09:04:44.105846+00:00,2025-11-30T09:04:44.105853+00:00
5719,475,37,0.0,50.89,20.0,2025-11-30T09:04:44.108159+00:00,2025-11-30T09:04:44.108166+00:00
5720,475,30,0.0,45.13,24.76,2025-11-30T09:04:44.110441+00:00,2025-11-30T09:04:44.110447+00:00
5721,475,38,2.86,172.0,88.01,2025-11-30T09:04:44.112608+00:00,2025-11-30T09:04:44.112614+00:00
5722,475,22,44.94,0.0,39.44,2025-11-30T09:04:44.114861+00:00,2025-11-30T09:04:44.114866+00:00
5723,475,44,88.29,0.0,48.76,2025-11-30T09:04:44.116728+00:00,2025-11-30T09:04:44.116734+00:00
5724,475,17,106.56,0.0,32.5,2025-11-30T09:04:44.120970+00:00,2025-11-30T09:04:44.120979+00:00
5725,475,35,0.0,0.0,44.73,2025-11-30T09:04:44.123721+00:00,2025-11-30T09:04:44.123729+00:00
5726,475,43,0.0,40.62,25.04,2025-11-30T09:04:44.126010+00:00,2025-11-30T09:04:44.126018+00:00
5727,475,18,0.0,0.0,11.94,2025-11-30T09:04:44.130766+00:00,2025-11-30T09:04:44.130775+00:00
5728,475,41,0.0,69.26,38.28,2025-11-30T09:04:44.133508+00:00,2025-11-30T09:04:44.133517+00:00
5729,475,39,0.0,0.0,3.97,2025-11-30T09:04:44.138083+00:00,2025-11-30T09:04:44.138093+00:00
5730,475,24,44.86,0.0,19.61,2025-11-30T09:04:44.140599+00:00,2025-11-30T09:04:44.140607+00:00
5731,475,26,21.25,0.0,12.55,2025-11-30T09:04:44.142614+00:00,2025-11-30T09:04:44.142621+00:00
5732,476,35,0.0,68.62,41.07,2025-11-30T09:04:44.144485+00:00,2025-11-30T09:04:44.144491+00:00
5733,476,36,0.0,0.0,57.63,2025-11-30T09:04:44.146452+00:00,2025-11-30T09:04:44.146458+00:00
5734,476,16,0.0,0.0,65.8,2025-11-30T09:04:44.148960+00:00,2025-11-30T09:04:44.148966+00:00
5735,476,17,49.19,0.0,15.51,2025-11-30T09:04:44.151909+00:00,2025-11-30T09:04:44.151917+00:00
5736,476,28,28.72,60.7,38.7,2025-11-30T09:04:44.155119+00:00,2025-11-30T09:04:44.155127+00:00
5737,476,30,0.0,0.0,90.6,2025-11-30T09:04:44.158230+00:00,2025-11-30T09:04:44.158240+00:00
5738,476,37,0.0,29.34,15.25,2025-11-30T09:04:44.160675+00:00,2025-11-30T09:04:44.160683+00:00
5739,476,26,0.0,0.0,76.51,2025-11-30T09:04:44.163889+00:00,2025-11-30T09:04:44.163899+00:00
5740,476,33,148.34,0.0,76.43,2025-11-30T09:04:44.166347+00:00,2025-11-30T09:04:44.166356+00:00
5741,476,15,0.0,0.0,43.66,2025-11-30T09:04:44.170644+00:00,2025-11-30T09:04:44.170653+00:00
5742,476,22,0.0,0.0,42.5,2025-11-30T09:04:44.173227+00:00,2025-11-30T09:04:44.173236+00:00
5743,476,20,0.0,0.0,20.31,2025-11-30T09:04:44.175373+00:00,2025-11-30T09:04:44.175379+00:00
5744,476,34,0.0,100.46,40.48,2025-11-30T09:04:44.177292+00:00,2025-11-30T09:04:44.177299+00:00
5745,476,44,0.0,25.45,8.31,2025-11-30T09:04:44.179544+00:00,2025-11-30T09:04:44.179553+00:00
5746,476,25,0.0,0.0,24.38,2025-11-30T09:04:44.182001+00:00,2025-11-30T09:04:44.182006+00:00
5747,476,40,0.0,0.0,11.73,2025-11-30T09:04:44.184521+00:00,2025-11-30T09:04:44.184530+00:00
5748,476,18,0.0,0.0,8.33,2025-11-30T09:04:44.188463+00:00,2025-11-30T09:04:44.188472+00:00
5749,476,42,78.4,0.0,46.56,2025-11-30T09:04:44.191216+00:00,2025-11-30T09:04:44.191225+00:00
5750,477,28,9.25,0.0,16.36,2025-11-30T09:04:44.193457+00:00,2025-11-30T09:04:44.193464+00:00
5751,477,29,64.27,0.0,65.62,2025-11-30T09:04:44.196246+00:00,2025-11-30T09:04:44.196258+00:00
5752,477,38,88.47,0.0,80.19,2025-11-30T09:04:44.201142+00:00,2025-11-30T09:04:44.201157+00:00
5753,477,27,0.0,98.86,35.1,2025-11-30T09:04:44.204416+00:00,2025-11-30T09:04:44.204426+00:00
5754,477,23,0.0,0.0,33.27,2025-11-30T09:04:44.207039+00:00,2025-11-30T09:04:44.207047+00:00
5755,477,43,0.0,0.0,25.51,2025-11-30T09:04:44.209264+00:00,2025-11-30T09:04:44.209273+00:00
5756,477,18,0.0,28.78,19.77,2025-11-30T09:04:44.211430+00:00,2025-11-30T09:04:44.211436+00:00
5757,477,22,9.95,105.39,50.76,2025-11-30T09:04:44.213414+00:00,2025-11-30T09:04:44.213419+00:00
5758,477,34,0.0,25.56,15.65,2025-11-30T09:04:44.215603+00:00,2025-11-30T09:04:44.215612+00:00
5759,477,15,0.0,0.0,22.97,2025-11-30T09:04:44.219492+00:00,2025-11-30T09:04:44.219501+00:00
5760,477,42,93.13,78.29,88.27,2025-11-30T09:04:44.222622+00:00,2025-11-30T09:04:44.222631+00:00
5761,477,33,0.0,0.0,27.44,2025-11-30T09:04:44.225475+00:00,2025-11-30T09:04:44.225484+00:00
5762,477,26,0.0,0.0,14.14,2025-11-30T09:04:44.228657+00:00,2025-11-30T09:04:44.228670+00:00
5763,477,19,0.0,0.0,30.26,2025-11-30T09:04:44.233462+00:00,2025-11-30T09:04:44.233473+00:00
5764,478,18,0.0,0.0,21.3,2025-11-30T09:04:44.237849+00:00,2025-11-30T09:04:44.237859+00:00
5765,478,32,63.96,0.0,57.0,2025-11-30T09:04:44.240740+00:00,2025-11-30T09:04:44.240749+00:00
5766,478,36,0.0,0.0,42.21,2025-11-30T09:04:44.243017+00:00,2025-11-30T09:04:44.243024+00:00
5767,478,30,85.7,0.0,68.96,2025-11-30T09:04:44.244979+00:00,2025-11-30T09:04:44.244986+00:00
5768,478,41,0.0,0.0,51.87,2025-11-30T09:04:44.247294+00:00,2025-11-30T09:04:44.247305+00:00
5769,478,33,145.93,0.0,88.24,2025-11-30T09:04:44.249896+00:00,2025-11-30T09:04:44.249903+00:00
5770,478,23,0.0,40.3,39.92,2025-11-30T09:04:44.253163+00:00,2025-11-30T09:04:44.253172+00:00
5771,478,25,0.0,59.92,34.28,2025-11-30T09:04:44.255697+00:00,2025-11-30T09:04:44.255705+00:00
5772,478,44,0.0,0.0,47.98,2025-11-30T09:04:44.259252+00:00,2025-11-30T09:04:44.259261+00:00
5773,478,42,0.0,0.0,40.52,2025-11-30T09:04:44.262187+00:00,2025-11-30T09:04:44.262231+00:00
5774,478,20,81.93,0.0,32.77,2025-11-30T09:04:44.265859+00:00,2025-11-30T09:04:44.265868+00:00
5775,478,19,17.58,0.0,7.69,2025-11-30T09:04:44.269337+00:00,2025-11-30T09:04:44.269347+00:00
5776,478,24,121.75,0.0,70.48,2025-11-30T09:04:44.272960+00:00,2025-11-30T09:04:44.272970+00:00
5777,478,35,34.98,0.0,51.72,2025-11-30T09:04:44.276516+00:00,2025-11-30T09:04:44.276524+00:00
5778,478,28,0.0,0.0,15.86,2025-11-30T09:04:44.279235+00:00,2025-11-30T09:04:44.279244+00:00
5779,478,26,0.0,0.0,2.92,2025-11-30T09:04:44.282952+00:00,2025-11-30T09:04:44.282961+00:00
5780,479,32,81.03,0.0,39.62,2025-11-30T09:04:44.286523+00:00,2025-11-30T09:04:44.286533+00:00
5781,479,16,0.0,10.1,109.57,2025-11-30T09:04:44.289938+00:00,2025-11-30T09:04:44.289952+00:00
5782,479,34,0.0,0.0,35.8,2025-11-30T09:04:44.293363+00:00,2025-11-30T09:04:44.293374+00:00
5783,479,44,85.01,0.0,30.34,2025-11-30T09:04:44.297070+00:00,2025-11-30T09:04:44.297081+00:00
5784,479,30,0.0,0.0,10.36,2025-11-30T09:04:44.300220+00:00,2025-11-30T09:04:44.300232+00:00
5785,479,38,0.0,91.79,36.78,2025-11-30T09:04:44.304605+00:00,2025-11-30T09:04:44.304617+00:00
5786,479,35,43.66,0.0,28.85,2025-11-30T09:04:44.307806+00:00,2025-11-30T09:04:44.307815+00:00
5787,479,21,42.63,0.0,80.2,2025-11-30T09:04:44.310493+00:00,2025-11-30T09:04:44.310502+00:00
5788,479,18,0.0,61.16,63.5,2025-11-30T09:04:44.313090+00:00,2025-11-30T09:04:44.313098+00:00
5789,479,23,0.0,74.31,31.16,2025-11-30T09:04:44.315243+00:00,2025-11-30T09:04:44.315250+00:00
5790,479,29,0.0,0.0,23.97,2025-11-30T09:04:44.319094+00:00,2025-11-30T09:04:44.319113+00:00
5791,479,25,0.0,0.0,6.34,2025-11-30T09:04:44.324101+00:00,2025-11-30T09:04:44.324111+00:00
5792,479,42,40.88,0.0,14.71,2025-11-30T09:04:44.326399+00:00,2025-11-30T09:04:44.326407+00:00
5793,479,19,0.0,0.0,40.7,2025-11-30T09:04:44.329889+00:00,2025-11-30T09:04:44.329899+00:00
5794,479,22,0.0,113.04,35.68,2025-11-30T09:04:44.332846+00:00,2025-11-30T09:04:44.332856+00:00
5795,479,40,0.0,0.0,6.73,2025-11-30T09:04:44.336992+00:00,2025-11-30T09:04:44.337002+00:00
5796,479,37,63.77,0.0,40.39,2025-11-30T09:04:44.340120+00:00,2025-11-30T09:04:44.340129+00:00
5797,479,39,222.59,0.0,75.09,2025-11-30T09:04:44.342540+00:00,2025-11-30T09:04:44.342548+00:00
5798,479,28,0.0,0.0,10.2,2025-11-30T09:04:44.344677+00:00,2025-11-30T09:04:44.344685+00:00
5799,480,36,0.0,0.0,17.32,2025-11-30T09:04:44.346766+00:00,2025-11-30T09:04:44.346774+00:00
5800,480,27,0.0,0.0,78.08,2025-11-30T09:04:44.349297+00:00,2025-11-30T09:04:44.349306+00:00
5801,480,44,0.0,0.0,39.13,2025-11-30T09:04:44.353547+00:00,2025-11-30T09:04:44.353556+00:00
5802,480,31,0.0,47.92,85.19,2025-11-30T09:04:44.356256+00:00,2025-11-30T09:04:44.356264+00:00
5803,480,43,4.35,0.0,2.74,2025-11-30T09:04:44.359066+00:00,2025-11-30T09:04:44.359075+00:00
5804,480,34,0.0,34.46,11.34,2025-11-30T09:04:44.362290+00:00,2025-11-30T09:04:44.362322+00:00
5805,480,35,20.69,0.0,45.36,2025-11-30T09:04:44.365433+00:00,2025-11-30T09:04:44.365442+00:00
5806,480,26,0.0,0.0,16.83,2025-11-30T09:04:44.370574+00:00,2025-11-30T09:04:44.370600+00:00
5807,480,41,0.0,0.0,29.11,2025-11-30T09:04:44.373913+00:00,2025-11-30T09:04:44.373921+00:00
5808,480,33,74.13,0.0,45.82,2025-11-30T09:04:44.376145+00:00,2025-11-30T09:04:44.376152+00:00
5809,480,16,0.0,0.0,12.26,2025-11-30T09:04:44.378782+00:00,2025-11-30T09:04:44.378790+00:00
5810,480,22,0.0,99.42,35.56,2025-11-30T09:04:44.381352+00:00,2025-11-30T09:04:44.381360+00:00
5811,480,19,98.34,0.0,33.91,2025-11-30T09:04:44.383965+00:00,2025-11-30T09:04:44.384004+00:00
5812,482,35,0.0,0.0,32.7,2025-11-30T09:04:44.388042+00:00,2025-11-30T09:04:44.388053+00:00
5813,482,24,0.0,3.3,1.9,2025-11-30T09:04:44.392195+00:00,2025-11-30T09:04:44.392207+00:00
5814,482,43,0.0,0.0,46.17,2025-11-30T09:04:44.394508+00:00,2025-11-30T09:04:44.394518+00:00
5815,482,38,0.0,0.0,35.37,2025-11-30T09:04:44.398207+00:00,2025-11-30T09:04:44.398217+00:00
5816,482,37,0.0,0.0,10.24,2025-11-30T09:04:44.402780+00:00,2025-11-30T09:04:44.402812+00:00
5817,482,16,76.53,0.0,47.1,2025-11-30T09:04:44.407122+00:00,2025-11-30T09:04:44.407133+00:00
5818,482,18,52.18,67.71,62.22,2025-11-30T09:04:44.409741+00:00,2025-11-30T09:04:44.409750+00:00
5819,482,21,0.0,50.3,20.6,2025-11-30T09:04:44.412104+00:00,2025-11-30T09:04:44.412112+00:00
5820,482,20,70.39,0.0,51.62,2025-11-30T09:04:44.414593+00:00,2025-11-30T09:04:44.414601+00:00
5821,482,28,0.0,0.0,56.7,2025-11-30T09:04:44.418000+00:00,2025-11-30T09:04:44.418011+00:00
5822,482,31,0.0,0.0,38.72,2025-11-30T09:04:44.421189+00:00,2025-11-30T09:04:44.421198+00:00
5823,482,36,0.0,0.0,47.38,2025-11-30T09:04:44.423844+00:00,2025-11-30T09:04:44.423855+00:00
5824,482,23,82.28,0.0,32.81,2025-11-30T09:04:44.426186+00:00,2025-11-30T09:04:44.426194+00:00
5825,482,44,0.0,45.87,26.33,2025-11-30T09:04:44.429362+00:00,2025-11-30T09:04:44.429373+00:00
5826,482,26,0.0,113.89,45.66,2025-11-30T09:04:44.432353+00:00,2025-11-30T09:04:44.432362+00:00
5827,483,21,0.0,62.48,31.8,2025-11-30T09:04:44.435554+00:00,2025-11-30T09:04:44.435564+00:00
5828,483,25,36.52,0.0,16.68,2025-11-30T09:04:44.440674+00:00,2025-11-30T09:04:44.440683+00:00
5829,483,30,0.0,37.46,15.69,2025-11-30T09:04:44.443045+00:00,2025-11-30T09:04:44.443052+00:00
5830,483,24,0.0,0.0,16.44,2025-11-30T09:04:44.445223+00:00,2025-11-30T09:04:44.445230+00:00
5831,483,27,0.0,3.93,2.31,2025-11-30T09:04:44.447433+00:00,2025-11-30T09:04:44.447442+00:00
5832,483,43,0.0,0.0,48.62,2025-11-30T09:04:44.449681+00:00,2025-11-30T09:04:44.449688+00:00
5833,483,17,0.0,0.0,38.08,2025-11-30T09:04:44.453080+00:00,2025-11-30T09:04:44.453093+00:00
5834,483,40,0.0,0.0,24.15,2025-11-30T09:04:44.455818+00:00,2025-11-30T09:04:44.455826+00:00
5835,483,38,0.0,0.0,9.27,2025-11-30T09:04:44.459150+00:00,2025-11-30T09:04:44.459159+00:00
5836,483,42,0.0,0.0,90.28,2025-11-30T09:04:44.461987+00:00,2025-11-30T09:04:44.461997+00:00
5837,483,31,0.0,3.87,86.22,2025-11-30T09:04:44.465662+00:00,2025-11-30T09:04:44.465672+00:00
5838,483,32,0.0,0.0,41.83,2025-11-30T09:04:44.470152+00:00,2025-11-30T09:04:44.470162+00:00
5839,483,26,0.0,76.45,47.04,2025-11-30T09:04:44.473289+00:00,2025-11-30T09:04:44.473297+00:00
5840,483,28,0.0,150.11,46.57,2025-11-30T09:04:44.475722+00:00,2025-11-30T09:04:44.475730+00:00
5841,483,19,39.53,0.0,45.19,2025-11-30T09:04:44.478934+00:00,2025-11-30T09:04:44.478942+00:00
5842,483,15,0.0,0.0,75.04,2025-11-30T09:04:44.482534+00:00,2025-11-30T09:04:44.482541+00:00
5843,483,22,79.09,0.0,40.81,2025-11-30T09:04:44.485856+00:00,2025-11-30T09:04:44.485865+00:00
5844,483,44,0.0,0.0,15.44,2025-11-30T09:04:44.488658+00:00,2025-11-30T09:04:44.488667+00:00
5845,484,40,66.24,0.0,36.9,2025-11-30T09:04:44.491138+00:00,2025-11-30T09:04:44.491147+00:00
5846,484,32,0.0,0.0,69.23,2025-11-30T09:04:44.493185+00:00,2025-11-30T09:04:44.493193+00:00
5847,484,31,0.0,0.0,49.73,2025-11-30T09:04:44.496092+00:00,2025-11-30T09:04:44.496102+00:00
5848,484,41,0.0,27.0,9.26,2025-11-30T09:04:44.499808+00:00,2025-11-30T09:04:44.499817+00:00
5849,484,36,75.56,0.0,41.08,2025-11-30T09:04:44.504291+00:00,2025-11-30T09:04:44.504301+00:00
5850,484,17,0.0,0.0,45.69,2025-11-30T09:04:44.506959+00:00,2025-11-30T09:04:44.506967+00:00
5851,484,18,0.0,34.07,68.33,2025-11-30T09:04:44.509993+00:00,2025-11-30T09:04:44.510000+00:00
5852,484,22,0.0,0.0,20.04,2025-11-30T09:04:44.512334+00:00,2025-11-30T09:04:44.512341+00:00
5853,484,21,0.0,0.0,35.35,2025-11-30T09:04:44.514677+00:00,2025-11-30T09:04:44.514686+00:00
5854,484,28,0.0,0.0,40.8,2025-11-30T09:04:44.517631+00:00,2025-11-30T09:04:44.517642+00:00
5855,484,24,0.0,0.0,22.5,2025-11-30T09:04:44.521013+00:00,2025-11-30T09:04:44.521022+00:00
5856,484,39,0.0,0.0,46.7,2025-11-30T09:04:44.524796+00:00,2025-11-30T09:04:44.524805+00:00
5857,484,42,0.0,0.0,12.15,2025-11-30T09:04:44.528732+00:00,2025-11-30T09:04:44.528743+00:00
5858,484,29,0.0,71.56,47.3,2025-11-30T09:04:44.533052+00:00,2025-11-30T09:04:44.533062+00:00
5859,484,33,0.0,61.58,47.31,2025-11-30T09:04:44.537653+00:00,2025-11-30T09:04:44.537663+00:00
5860,484,30,0.0,0.0,32.97,2025-11-30T09:04:44.540346+00:00,2025-11-30T09:04:44.540355+00:00
5861,484,23,0.0,0.0,28.54,2025-11-30T09:04:44.542655+00:00,2025-11-30T09:04:44.542662+00:00
5862,484,15,0.0,0.0,6.21,2025-11-30T09:04:44.545001+00:00,2025-11-30T09:04:44.545007+00:00
5863,484,38,0.0,86.1,28.09,2025-11-30T09:04:44.546898+00:00,2025-11-30T09:04:44.546904+00:00
5864,485,40,60.67,0.0,39.38,2025-11-30T09:04:44.549560+00:00,2025-11-30T09:04:44.549567+00:00
5865,485,27,0.0,0.0,11.1,2025-11-30T09:04:44.552862+00:00,2025-11-30T09:04:44.552871+00:00
5866,485,29,0.0,0.0,53.05,2025-11-30T09:04:44.555686+00:00,2025-11-30T09:04:44.555696+00:00
5867,485,41,0.0,0.0,22.32,2025-11-30T09:04:44.559824+00:00,2025-11-30T09:04:44.559833+00:00
5868,485,35,0.0,0.0,20.89,2025-11-30T09:04:44.564159+00:00,2025-11-30T09:04:44.564237+00:00
5869,485,43,0.0,47.69,22.23,2025-11-30T09:04:44.567151+00:00,2025-11-30T09:04:44.567190+00:00
5870,485,39,0.0,0.0,63.19,2025-11-30T09:04:44.571023+00:00,2025-11-30T09:04:44.571033+00:00
5871,485,30,39.83,0.0,31.73,2025-11-30T09:04:44.573431+00:00,2025-11-30T09:04:44.573439+00:00
5872,485,33,139.96,0.0,44.49,2025-11-30T09:04:44.575853+00:00,2025-11-30T09:04:44.575859+00:00
5873,485,24,0.0,8.35,4.57,2025-11-30T09:04:44.578375+00:00,2025-11-30T09:04:44.578383+00:00
5874,485,44,148.89,0.0,91.63,2025-11-30T09:04:44.580723+00:00,2025-11-30T09:04:44.580730+00:00
5875,485,37,0.0,0.0,31.31,2025-11-30T09:04:44.582970+00:00,2025-11-30T09:04:44.582976+00:00
5876,485,21,0.0,2.35,1.06,2025-11-30T09:04:44.586611+00:00,2025-11-30T09:04:44.586623+00:00
5877,486,35,85.47,0.0,47.75,2025-11-30T09:04:44.589836+00:00,2025-11-30T09:04:44.589844+00:00
5878,486,30,30.86,0.0,12.53,2025-11-30T09:04:44.593616+00:00,2025-11-30T09:04:44.593624+00:00
5879,486,43,0.0,0.0,30.59,2025-11-30T09:04:44.597345+00:00,2025-11-30T09:04:44.597355+00:00
5880,486,38,0.0,0.0,33.84,2025-11-30T09:04:44.601303+00:00,2025-11-30T09:04:44.601314+00:00
5881,486,22,0.0,0.0,35.42,2025-11-30T09:04:44.605442+00:00,2025-11-30T09:04:44.605451+00:00
5882,486,27,19.82,0.0,13.21,2025-11-30T09:04:44.608135+00:00,2025-11-30T09:04:44.608143+00:00
5883,486,15,0.0,75.5,30.51,2025-11-30T09:04:44.610717+00:00,2025-11-30T09:04:44.610724+00:00
5884,486,31,0.0,0.0,20.43,2025-11-30T09:04:44.612965+00:00,2025-11-30T09:04:44.612971+00:00
5885,486,37,0.0,0.0,1.76,2025-11-30T09:04:44.615036+00:00,2025-11-30T09:04:44.615042+00:00
5886,486,44,0.0,0.0,16.27,2025-11-30T09:04:44.618674+00:00,2025-11-30T09:04:44.618684+00:00
5887,486,20,51.83,0.0,97.74,2025-11-30T09:04:44.621623+00:00,2025-11-30T09:04:44.621631+00:00
5888,486,40,0.0,7.81,2.95,2025-11-30T09:04:44.624430+00:00,2025-11-30T09:04:44.624439+00:00
5889,486,42,0.0,0.0,8.35,2025-11-30T09:04:44.627378+00:00,2025-11-30T09:04:44.627387+00:00
5890,486,25,49.18,0.0,31.38,2025-11-30T09:04:44.632316+00:00,2025-11-30T09:04:44.632358+00:00
5891,486,16,0.0,0.0,58.19,2025-11-30T09:04:44.636014+00:00,2025-11-30T09:04:44.636024+00:00
5892,486,41,76.63,0.0,30.44,2025-11-30T09:04:44.640799+00:00,2025-11-30T09:04:44.640809+00:00
5893,486,17,0.0,106.64,38.82,2025-11-30T09:04:44.643038+00:00,2025-11-30T09:04:44.643046+00:00
5894,486,32,0.0,0.0,18.2,2025-11-30T09:04:44.644992+00:00,2025-11-30T09:04:44.644998+00:00
5895,486,23,0.0,0.0,22.17,2025-11-30T09:04:44.646774+00:00,2025-11-30T09:04:44.646780+00:00
5896,487,41,0.0,46.77,28.04,2025-11-30T09:04:44.650491+00:00,2025-11-30T09:04:44.650502+00:00
5897,487,43,102.7,41.66,52.14,2025-11-30T09:04:44.653727+00:00,2025-11-30T09:04:44.653736+00:00
5898,487,30,15.7,0.0,39.44,2025-11-30T09:04:44.655833+00:00,2025-11-30T09:04:44.655841+00:00
5899,487,20,165.35,11.25,63.49,2025-11-30T09:04:44.659030+00:00,2025-11-30T09:04:44.659038+00:00
5900,487,21,0.0,0.0,56.07,2025-11-30T09:04:44.661502+00:00,2025-11-30T09:04:44.661511+00:00
5901,487,38,75.6,0.0,56.15,2025-11-30T09:04:44.665021+00:00,2025-11-30T09:04:44.665031+00:00
5902,487,15,0.0,80.68,39.68,2025-11-30T09:04:44.668907+00:00,2025-11-30T09:04:44.668917+00:00
5903,487,34,0.0,0.0,35.71,2025-11-30T09:04:44.672360+00:00,2025-11-30T09:04:44.672370+00:00
5904,487,16,0.0,85.13,79.29,2025-11-30T09:04:44.674409+00:00,2025-11-30T09:04:44.674417+00:00
5905,487,32,0.0,63.37,39.32,2025-11-30T09:04:44.676417+00:00,2025-11-30T09:04:44.676424+00:00
5906,487,37,5.77,0.0,3.63,2025-11-30T09:04:44.680445+00:00,2025-11-30T09:04:44.680453+00:00
5907,487,19,0.0,40.08,26.93,2025-11-30T09:04:44.682512+00:00,2025-11-30T09:04:44.682518+00:00
5908,487,28,0.0,55.62,36.18,2025-11-30T09:04:44.685782+00:00,2025-11-30T09:04:44.685794+00:00
5909,487,31,0.0,0.0,65.08,2025-11-30T09:04:44.688557+00:00,2025-11-30T09:04:44.688567+00:00
5910,487,23,0.0,0.0,40.62,2025-11-30T09:04:44.690996+00:00,2025-11-30T09:04:44.691005+00:00
5911,488,18,29.68,0.0,73.42,2025-11-30T09:04:44.693036+00:00,2025-11-30T09:04:44.693043+00:00
5912,488,35,0.0,0.0,34.04,2025-11-30T09:04:44.695682+00:00,2025-11-30T09:04:44.695703+00:00
5913,488,36,0.0,0.0,13.29,2025-11-30T09:04:44.699192+00:00,2025-11-30T09:04:44.699203+00:00
5914,488,39,0.0,0.0,39.9,2025-11-30T09:04:44.702567+00:00,2025-11-30T09:04:44.702577+00:00
5915,488,30,68.72,0.0,48.26,2025-11-30T09:04:44.706185+00:00,2025-11-30T09:04:44.706193+00:00
5916,488,28,0.0,0.0,49.03,2025-11-30T09:04:44.708660+00:00,2025-11-30T09:04:44.708668+00:00
5917,488,34,0.0,0.0,3.31,2025-11-30T09:04:44.710909+00:00,2025-11-30T09:04:44.710916+00:00
5918,488,37,0.0,62.94,84.42,2025-11-30T09:04:44.712885+00:00,2025-11-30T09:04:44.712891+00:00
5919,488,23,0.0,133.14,48.54,2025-11-30T09:04:44.715007+00:00,2025-11-30T09:04:44.715013+00:00
5920,488,33,53.35,0.0,36.57,2025-11-30T09:04:44.718349+00:00,2025-11-30T09:04:44.718358+00:00
5921,488,41,0.0,32.13,12.55,2025-11-30T09:04:44.722622+00:00,2025-11-30T09:04:44.722631+00:00
5922,488,26,0.0,20.2,38.78,2025-11-30T09:04:44.724729+00:00,2025-11-30T09:04:44.724736+00:00
5923,488,40,0.0,0.0,40.04,2025-11-30T09:04:44.727345+00:00,2025-11-30T09:04:44.727359+00:00
5924,489,15,0.0,4.13,26.85,2025-11-30T09:04:44.730918+00:00,2025-11-30T09:04:44.730928+00:00
5925,489,37,0.0,0.0,8.91,2025-11-30T09:04:44.734372+00:00,2025-11-30T09:04:44.734383+00:00
5926,489,19,0.0,23.73,8.91,2025-11-30T09:04:44.738204+00:00,2025-11-30T09:04:44.738213+00:00
5927,489,35,78.11,0.0,62.1,2025-11-30T09:04:44.740801+00:00,2025-11-30T09:04:44.740808+00:00
5928,489,26,0.0,0.0,22.92,2025-11-30T09:04:44.742833+00:00,2025-11-30T09:04:44.742839+00:00
5929,489,36,0.0,0.0,36.95,2025-11-30T09:04:44.744795+00:00,2025-11-30T09:04:44.744800+00:00
5930,489,18,0.0,0.0,34.18,2025-11-30T09:04:44.746714+00:00,2025-11-30T09:04:44.746720+00:00
5931,489,32,0.0,0.0,37.51,2025-11-30T09:04:44.749036+00:00,2025-11-30T09:04:44.749042+00:00
5932,489,31,0.0,0.0,65.27,2025-11-30T09:04:44.752288+00:00,2025-11-30T09:04:44.752298+00:00
5933,489,25,0.0,0.0,43.01,2025-11-30T09:04:44.754646+00:00,2025-11-30T09:04:44.754653+00:00
5934,489,41,33.26,0.0,11.93,2025-11-30T09:04:44.757245+00:00,2025-11-30T09:04:44.757254+00:00
5935,489,29,0.0,0.0,47.51,2025-11-30T09:04:44.760937+00:00,2025-11-30T09:04:44.760949+00:00
5936,489,40,0.0,0.0,16.92,2025-11-30T09:04:44.764502+00:00,2025-11-30T09:04:44.764512+00:00
5937,489,21,0.0,19.52,13.17,2025-11-30T09:04:44.767800+00:00,2025-11-30T09:04:44.767812+00:00
5938,489,23,0.0,42.6,19.68,2025-11-30T09:04:44.771525+00:00,2025-11-30T09:04:44.771534+00:00
5939,491,22,82.28,97.91,88.67,2025-11-30T09:04:44.773760+00:00,2025-11-30T09:04:44.773766+00:00
5940,491,33,0.0,110.21,37.85,2025-11-30T09:04:44.775868+00:00,2025-11-30T09:04:44.775877+00:00
5941,491,16,0.0,45.88,27.23,2025-11-30T09:04:44.778142+00:00,2025-11-30T09:04:44.778152+00:00
5942,491,26,0.0,21.26,41.78,2025-11-30T09:04:44.780575+00:00,2025-11-30T09:04:44.780585+00:00
5943,491,39,0.0,0.0,10.56,2025-11-30T09:04:44.782585+00:00,2025-11-30T09:04:44.782594+00:00
5944,491,19,0.0,0.0,31.15,2025-11-30T09:04:44.785619+00:00,2025-11-30T09:04:44.785629+00:00
5945,491,30,61.44,101.7,86.78,2025-11-30T09:04:44.788523+00:00,2025-11-30T09:04:44.788532+00:00
5946,491,18,0.0,0.0,28.19,2025-11-30T09:04:44.791044+00:00,2025-11-30T09:04:44.791053+00:00
5947,491,42,0.0,0.0,3.78,2025-11-30T09:04:44.793095+00:00,2025-11-30T09:04:44.793102+00:00
5948,491,25,47.49,61.7,59.06,2025-11-30T09:04:44.796110+00:00,2025-11-30T09:04:44.796121+00:00
5949,491,34,0.0,0.0,37.47,2025-11-30T09:04:44.801678+00:00,2025-11-30T09:04:44.801696+00:00
5950,491,15,0.0,0.0,9.08,2025-11-30T09:04:44.804696+00:00,2025-11-30T09:04:44.804703+00:00
5951,491,20,74.29,0.0,26.37,2025-11-30T09:04:44.807772+00:00,2025-11-30T09:04:44.807779+00:00
5952,491,35,0.0,0.0,23.32,2025-11-30T09:04:44.810016+00:00,2025-11-30T09:04:44.810023+00:00
5953,491,37,0.0,0.0,8.3,2025-11-30T09:04:44.812015+00:00,2025-11-30T09:04:44.812021+00:00
5954,492,40,0.0,0.0,32.13,2025-11-30T09:04:44.813827+00:00,2025-11-30T09:04:44.813833+00:00
5955,492,18,0.0,67.25,39.58,2025-11-30T09:04:44.817565+00:00,2025-11-30T09:04:44.817578+00:00
5956,492,43,0.0,2.15,1.11,2025-11-30T09:04:44.821024+00:00,2025-11-30T09:04:44.821034+00:00
5957,492,38,0.0,0.0,42.7,2025-11-30T09:04:44.823609+00:00,2025-11-30T09:04:44.823619+00:00
5958,492,26,0.0,0.0,29.37,2025-11-30T09:04:44.825953+00:00,2025-11-30T09:04:44.825961+00:00
5959,492,33,4.95,0.0,35.57,2025-11-30T09:04:44.828669+00:00,2025-11-30T09:04:44.828680+00:00
5960,492,42,0.0,156.71,95.78,2025-11-30T09:04:44.832532+00:00,2025-11-30T09:04:44.832542+00:00
5961,492,35,0.0,89.57,48.48,2025-11-30T09:04:44.836735+00:00,2025-11-30T09:04:44.836746+00:00
5962,492,23,0.0,22.32,9.93,2025-11-30T09:04:44.839570+00:00,2025-11-30T09:04:44.839578+00:00
5963,492,16,0.0,0.0,9.69,2025-11-30T09:04:44.841949+00:00,2025-11-30T09:04:44.841957+00:00
5964,492,21,0.0,50.41,19.66,2025-11-30T09:04:44.844152+00:00,2025-11-30T09:04:44.844158+00:00
5965,492,41,0.0,0.0,2.29,2025-11-30T09:04:44.846129+00:00,2025-11-30T09:04:44.846135+00:00
5966,492,15,0.0,0.0,43.48,2025-11-30T09:04:44.848665+00:00,2025-11-30T09:04:44.848672+00:00
5967,492,28,0.0,45.0,19.32,2025-11-30T09:04:44.851312+00:00,2025-11-30T09:04:44.851322+00:00
5968,492,22,55.25,0.0,30.43,2025-11-30T09:04:44.853798+00:00,2025-11-30T09:04:44.853806+00:00
5969,492,19,81.29,0.0,28.21,2025-11-30T09:04:44.857455+00:00,2025-11-30T09:04:44.857465+00:00
5970,492,30,65.58,0.0,44.52,2025-11-30T09:04:44.860145+00:00,2025-11-30T09:04:44.860152+00:00
5971,492,34,0.0,0.0,28.05,2025-11-30T09:04:44.863866+00:00,2025-11-30T09:04:44.863877+00:00
5972,493,31,0.0,0.0,914.79,2025-11-30T09:04:44.866446+00:00,2025-11-30T09:04:44.866455+00:00
5973,493,32,1401.64,0.0,457.51,2025-11-30T09:04:44.870168+00:00,2025-11-30T09:04:44.870178+00:00
5974,493,24,1066.24,0.0,434.79,2025-11-30T09:04:44.873063+00:00,2025-11-30T09:04:44.873073+00:00
5975,493,22,0.0,525.08,813.35,2025-11-30T09:04:44.875283+00:00,2025-11-30T09:04:44.875291+00:00
5976,493,38,975.95,0.0,424.05,2025-11-30T09:04:44.877113+00:00,2025-11-30T09:04:44.877121+00:00
5977,493,16,215.72,0.0,126.89,2025-11-30T09:04:44.879736+00:00,2025-11-30T09:04:44.879744+00:00
5978,493,43,0.0,876.11,434.97,2025-11-30T09:04:44.881839+00:00,2025-11-30T09:04:44.881846+00:00
5979,493,26,0.0,0.0,100.71,2025-11-30T09:04:44.884942+00:00,2025-11-30T09:04:44.884951+00:00
5980,493,44,599.99,0.0,658.29,2025-11-30T09:04:44.887876+00:00,2025-11-30T09:04:44.887886+00:00
5981,493,19,0.0,0.0,175.18,2025-11-30T09:04:44.890698+00:00,2025-11-30T09:04:44.890707+00:00
5982,493,23,1171.15,0.0,578.92,2025-11-30T09:04:44.892846+00:00,2025-11-30T09:04:44.892854+00:00
5983,493,27,0.0,385.45,165.22,2025-11-30T09:04:44.897480+00:00,2025-11-30T09:04:44.897490+00:00
5984,493,17,0.0,0.0,396.73,2025-11-30T09:04:44.901078+00:00,2025-11-30T09:04:44.901088+00:00
5985,493,29,0.0,0.0,664.85,2025-11-30T09:04:44.906021+00:00,2025-11-30T09:04:44.906030+00:00
5986,493,21,0.0,1094.56,339.41,2025-11-30T09:04:44.909465+00:00,2025-11-30T09:04:44.909474+00:00
5987,493,33,0.0,0.0,308.5,2025-11-30T09:04:44.911613+00:00,2025-11-30T09:04:44.911620+00:00
5988,494,32,64.45,0.0,22.19,2025-11-30T09:04:44.913682+00:00,2025-11-30T09:04:44.913688+00:00
5989,494,24,50.25,0.0,19.81,2025-11-30T09:04:44.915544+00:00,2025-11-30T09:04:44.915550+00:00
5990,494,29,33.26,0.0,49.6,2025-11-30T09:04:44.918788+00:00,2025-11-30T09:04:44.918798+00:00
5991,494,42,0.0,0.0,42.22,2025-11-30T09:04:44.921193+00:00,2025-11-30T09:04:44.921200+00:00
5992,494,30,0.0,0.0,31.14,2025-11-30T09:04:44.924088+00:00,2025-11-30T09:04:44.924097+00:00
5993,494,41,190.39,96.91,131.14,2025-11-30T09:04:44.926261+00:00,2025-11-30T09:04:44.926268+00:00
5994,494,28,0.0,39.67,13.22,2025-11-30T09:04:44.928423+00:00,2025-11-30T09:04:44.928431+00:00
5995,494,33,0.0,19.2,9.03,2025-11-30T09:04:44.932157+00:00,2025-11-30T09:04:44.932167+00:00
5996,494,27,31.35,0.0,12.38,2025-11-30T09:04:44.936720+00:00,2025-11-30T09:04:44.936729+00:00
5997,494,36,0.0,16.09,17.57,2025-11-30T09:04:44.940902+00:00,2025-11-30T09:04:44.940911+00:00
5998,494,26,0.0,23.04,11.24,2025-11-30T09:04:44.943126+00:00,2025-11-30T09:04:44.943132+00:00
5999,494,16,0.0,0.0,4.86,2025-11-30T09:04:44.945296+00:00,2025-11-30T09:04:44.945302+00:00
6000,494,23,0.0,0.0,49.59,2025-11-30T09:04:44.947883+00:00,2025-11-30T09:04:44.947889+00:00
6001,494,39,2.7,0.0,1.25,2025-11-30T09:04:44.950420+00:00,2025-11-30T09:04:44.950454+00:00
6002,494,17,0.0,0.0,46.65,2025-11-30T09:04:44.953985+00:00,2025-11-30T09:04:44.953997+00:00
6003,494,21,0.0,90.72,44.64,2025-11-30T09:04:44.956659+00:00,2025-11-30T09:04:44.956665+00:00
6004,494,44,116.99,0.0,40.97,2025-11-30T09:04:44.960681+00:00,2025-11-30T09:04:44.960694+00:00
6005,495,18,0.0,0.0,9.29,2025-11-30T09:04:44.964337+00:00,2025-11-30T09:04:44.964348+00:00
6006,495,36,0.0,0.0,14.14,2025-11-30T09:04:44.970106+00:00,2025-11-30T09:04:44.970117+00:00
6007,495,31,0.0,0.0,69.69,2025-11-30T09:04:44.972919+00:00,2025-11-30T09:04:44.972927+00:00
6008,495,37,79.03,0.0,86.52,2025-11-30T09:04:44.974899+00:00,2025-11-30T09:04:44.974906+00:00
6009,495,28,20.78,35.31,22.94,2025-11-30T09:04:44.977600+00:00,2025-11-30T09:04:44.977613+00:00
6010,495,44,0.0,26.14,64.41,2025-11-30T09:04:44.980361+00:00,2025-11-30T09:04:44.980368+00:00
6011,495,33,0.0,0.0,25.12,2025-11-30T09:04:44.983056+00:00,2025-11-30T09:04:44.983064+00:00
6012,495,17,8.65,0.0,4.94,2025-11-30T09:04:44.987996+00:00,2025-11-30T09:04:44.988006+00:00
6013,495,32,0.0,20.59,14.32,2025-11-30T09:04:44.991257+00:00,2025-11-30T09:04:44.991266+00:00
6014,495,27,0.0,0.0,2.19,2025-11-30T09:04:44.993480+00:00,2025-11-30T09:04:44.993487+00:00
6015,495,24,0.0,0.0,28.45,2025-11-30T09:04:44.996575+00:00,2025-11-30T09:04:44.996586+00:00
6016,495,34,0.0,0.0,5.66,2025-11-30T09:04:44.999917+00:00,2025-11-30T09:04:44.999928+00:00
6017,495,26,0.0,6.89,3.23,2025-11-30T09:04:45.004527+00:00,2025-11-30T09:04:45.004536+00:00
6018,495,19,26.67,0.0,62.47,2025-11-30T09:04:45.007197+00:00,2025-11-30T09:04:45.007204+00:00
6019,495,29,31.64,0.0,10.95,2025-11-30T09:04:45.009673+00:00,2025-11-30T09:04:45.009680+00:00
6020,495,41,0.0,0.0,1.13,2025-11-30T09:04:45.012060+00:00,2025-11-30T09:04:45.012070+00:00
6021,496,20,70.19,0.0,36.49,2025-11-30T09:04:45.014313+00:00,2025-11-30T09:04:45.014320+00:00
6022,496,29,0.0,0.0,40.29,2025-11-30T09:04:45.016397+00:00,2025-11-30T09:04:45.016403+00:00
6023,496,26,0.0,35.46,18.83,2025-11-30T09:04:45.020293+00:00,2025-11-30T09:04:45.020304+00:00
6024,496,25,0.0,0.0,38.99,2025-11-30T09:04:45.023114+00:00,2025-11-30T09:04:45.023121+00:00
6025,496,31,69.01,0.0,36.18,2025-11-30T09:04:45.025304+00:00,2025-11-30T09:04:45.025312+00:00
6026,496,18,0.0,27.54,14.64,2025-11-30T09:04:45.030214+00:00,2025-11-30T09:04:45.030224+00:00
6027,496,24,0.0,0.0,73.53,2025-11-30T09:04:45.032785+00:00,2025-11-30T09:04:45.032793+00:00
6028,496,21,0.0,4.57,2.75,2025-11-30T09:04:45.037239+00:00,2025-11-30T09:04:45.037249+00:00
6029,496,37,55.89,0.0,29.34,2025-11-30T09:04:45.040125+00:00,2025-11-30T09:04:45.040133+00:00
6030,496,32,0.0,0.0,2.91,2025-11-30T09:04:45.042522+00:00,2025-11-30T09:04:45.042531+00:00
6031,496,40,5.34,0.0,44.27,2025-11-30T09:04:45.044639+00:00,2025-11-30T09:04:45.044646+00:00
6032,496,23,42.67,0.0,29.85,2025-11-30T09:04:45.047077+00:00,2025-11-30T09:04:45.047084+00:00
6033,496,38,0.0,41.06,25.35,2025-11-30T09:04:45.049910+00:00,2025-11-30T09:04:45.049922+00:00
6034,496,42,0.0,0.0,44.83,2025-11-30T09:04:45.053150+00:00,2025-11-30T09:04:45.053159+00:00
6035,496,41,77.99,0.0,46.69,2025-11-30T09:04:45.055622+00:00,2025-11-30T09:04:45.055628+00:00
6036,496,27,0.0,60.63,30.15,2025-11-30T09:04:45.058560+00:00,2025-11-30T09:04:45.058568+00:00
6037,496,17,0.0,0.0,41.55,2025-11-30T09:04:45.061373+00:00,2025-11-30T09:04:45.061382+00:00
6038,497,41,46.27,0.0,84.48,2025-11-30T09:04:45.065058+00:00,2025-11-30T09:04:45.065069+00:00
6039,497,15,0.0,63.11,107.41,2025-11-30T09:04:45.070587+00:00,2025-11-30T09:04:45.070596+00:00
6040,497,20,8.76,0.0,3.31,2025-11-30T09:04:45.073318+00:00,2025-11-30T09:04:45.073327+00:00
6041,497,16,0.0,0.0,13.59,2025-11-30T09:04:45.075840+00:00,2025-11-30T09:04:45.075848+00:00
6042,497,40,0.0,71.87,35.69,2025-11-30T09:04:45.078044+00:00,2025-11-30T09:04:45.078052+00:00
6043,497,29,0.0,0.0,57.64,2025-11-30T09:04:45.080828+00:00,2025-11-30T09:04:45.080837+00:00
6044,497,28,0.0,0.0,14.09,2025-11-30T09:04:45.086216+00:00,2025-11-30T09:04:45.086228+00:00
6045,497,38,0.0,0.0,4.59,2025-11-30T09:04:45.090241+00:00,2025-11-30T09:04:45.090251+00:00
6046,497,21,0.0,129.85,81.96,2025-11-30T09:04:45.093299+00:00,2025-11-30T09:04:45.093308+00:00
6047,497,34,67.01,0.0,25.24,2025-11-30T09:04:45.096542+00:00,2025-11-30T09:04:45.096552+00:00
6048,497,24,0.0,0.0,6.61,2025-11-30T09:04:45.102650+00:00,2025-11-30T09:04:45.102665+00:00
6049,497,30,0.0,0.0,33.7,2025-11-30T09:04:45.105995+00:00,2025-11-30T09:04:45.106004+00:00
6050,497,43,0.0,96.8,39.89,2025-11-30T09:04:45.108354+00:00,2025-11-30T09:04:45.108362+00:00
6051,497,37,0.0,0.0,62.01,2025-11-30T09:04:45.110761+00:00,2025-11-30T09:04:45.110768+00:00
6052,497,44,0.0,0.0,32.2,2025-11-30T09:04:45.112840+00:00,2025-11-30T09:04:45.112847+00:00
6053,497,27,0.0,0.0,40.42,2025-11-30T09:04:45.114939+00:00,2025-11-30T09:04:45.114944+00:00
6054,497,26,105.79,0.0,43.74,2025-11-30T09:04:45.119165+00:00,2025-11-30T09:04:45.119176+00:00
6055,499,27,3.4,9.39,7.11,2025-11-30T09:04:45.123152+00:00,2025-11-30T09:04:45.123162+00:00
6056,499,16,0.0,0.0,94.59,2025-11-30T09:04:45.125432+00:00,2025-11-30T09:04:45.125439+00:00
6057,499,26,0.0,0.0,25.06,2025-11-30T09:04:45.129636+00:00,2025-11-30T09:04:45.129647+00:00
6058,499,44,0.0,0.0,21.22,2025-11-30T09:04:45.132490+00:00,2025-11-30T09:04:45.132498+00:00
6059,499,25,0.0,0.0,47.2,2025-11-30T09:04:45.136641+00:00,2025-11-30T09:04:45.136650+00:00
6060,499,37,0.0,134.72,48.46,2025-11-30T09:04:45.139476+00:00,2025-11-30T09:04:45.139484+00:00
6061,499,32,0.0,0.0,1.13,2025-11-30T09:04:45.142001+00:00,2025-11-30T09:04:45.142009+00:00
6062,499,39,23.17,0.0,24.87,2025-11-30T09:04:45.144229+00:00,2025-11-30T09:04:45.144235+00:00
6063,499,21,0.0,0.0,7.51,2025-11-30T09:04:45.147819+00:00,2025-11-30T09:04:45.147826+00:00
6064,499,18,0.0,73.59,41.34,2025-11-30T09:04:45.151956+00:00,2025-11-30T09:04:45.151966+00:00
6065,499,42,48.98,0.0,22.09,2025-11-30T09:04:45.155032+00:00,2025-11-30T09:04:45.155041+00:00
6066,499,20,0.0,17.24,6.79,2025-11-30T09:04:45.157892+00:00,2025-11-30T09:04:45.157901+00:00
6067,500,41,751.02,0.0,467.27,2025-11-30T09:04:45.160612+00:00,2025-11-30T09:04:45.160622+00:00
6068,500,33,0.0,0.0,86.08,2025-11-30T09:04:45.164788+00:00,2025-11-30T09:04:45.164798+00:00
6069,500,28,142.87,1013.12,529.76,2025-11-30T09:04:45.168836+00:00,2025-11-30T09:04:45.168851+00:00
6070,500,24,1164.0,0.0,673.49,2025-11-30T09:04:45.172903+00:00,2025-11-30T09:04:45.172913+00:00
6071,500,29,0.0,467.01,475.89,2025-11-30T09:04:45.175234+00:00,2025-11-30T09:04:45.175241+00:00
6072,500,22,0.0,0.0,117.05,2025-11-30T09:04:45.177602+00:00,2025-11-30T09:04:45.177610+00:00
6073,500,30,0.0,0.0,81.9,2025-11-30T09:04:45.180269+00:00,2025-11-30T09:04:45.180278+00:00
6074,500,16,0.0,465.43,317.56,2025-11-30T09:04:45.184389+00:00,2025-11-30T09:04:45.184400+00:00
6075,500,40,0.0,549.42,553.51,2025-11-30T09:04:45.189059+00:00,2025-11-30T09:04:45.189070+00:00
6076,500,38,0.0,806.22,369.74,2025-11-30T09:04:45.191985+00:00,2025-11-30T09:04:45.191994+00:00
6077,500,25,0.0,0.0,89.71,2025-11-30T09:04:45.196646+00:00,2025-11-30T09:04:45.196656+00:00
6078,500,42,0.0,1166.76,456.13,2025-11-30T09:04:45.200700+00:00,2025-11-30T09:04:45.200710+00:00
6079,500,20,616.09,0.0,402.75,2025-11-30T09:04:45.205490+00:00,2025-11-30T09:04:45.205501+00:00
6080,500,31,321.88,0.0,192.62,2025-11-30T09:04:45.208934+00:00,2025-11-30T09:04:45.208943+00:00
6081,500,39,0.0,0.0,309.45,2025-11-30T09:04:45.212263+00:00,2025-11-30T09:04:45.212277+00:00
6082,500,19,621.26,0.0,331.82,2025-11-30T09:04:45.215824+00:00,2025-11-30T09:04:45.215834+00:00
6083,500,36,0.0,0.0,229.05,2025-11-30T09:04:45.219895+00:00,2025-11-30T09:04:45.219904+00:00
6084,500,37,641.12,0.0,358.78,2025-11-30T09:04:45.222587+00:00,2025-11-30T09:04:45.222595+00:00
6085,501,33,0.0,0.0,30.27,2025-11-30T09:04:45.224858+00:00,2025-11-30T09:04:45.224866+00:00
6086,501,35,0.0,0.0,15.45,2025-11-30T09:04:45.227234+00:00,2025-11-30T09:04:45.227241+00:00
6087,501,29,21.71,48.63,39.18,2025-11-30T09:04:45.231123+00:00,2025-11-30T09:04:45.231132+00:00
6088,501,18,0.0,106.41,41.6,2025-11-30T09:04:45.235755+00:00,2025-11-30T09:04:45.235767+00:00
6089,501,30,13.67,0.0,6.85,2025-11-30T09:04:45.239747+00:00,2025-11-30T09:04:45.239756+00:00
6090,501,39,0.0,0.0,69.47,2025-11-30T09:04:45.242094+00:00,2025-11-30T09:04:45.242102+00:00
6091,501,36,0.0,0.0,69.96,2025-11-30T09:04:45.245462+00:00,2025-11-30T09:04:45.245469+00:00
6092,501,31,0.0,0.0,31.37,2025-11-30T09:04:45.248266+00:00,2025-11-30T09:04:45.248274+00:00
6093,501,42,0.0,72.99,48.15,2025-11-30T09:04:45.252487+00:00,2025-11-30T09:04:45.252497+00:00
6094,501,27,0.0,110.47,42.76,2025-11-30T09:04:45.255466+00:00,2025-11-30T09:04:45.255475+00:00
6095,501,26,0.0,0.0,39.52,2025-11-30T09:04:45.258819+00:00,2025-11-30T09:04:45.258828+00:00
6096,501,34,0.0,48.99,31.5,2025-11-30T09:04:45.262098+00:00,2025-11-30T09:04:45.262112+00:00
6097,501,37,0.0,0.0,8.34,2025-11-30T09:04:45.265586+00:00,2025-11-30T09:04:45.265595+00:00
6098,501,20,0.0,0.0,30.17,2025-11-30T09:04:45.270639+00:00,2025-11-30T09:04:45.270649+00:00
6099,501,40,35.35,0.0,69.81,2025-11-30T09:04:45.273194+00:00,2025-11-30T09:04:45.273201+00:00
6100,501,38,0.0,65.14,42.17,2025-11-30T09:04:45.275395+00:00,2025-11-30T09:04:45.275401+00:00
6101,503,38,36.83,0.0,28.7,2025-11-30T09:04:45.277595+00:00,2025-11-30T09:04:45.277602+00:00
6102,503,42,0.0,0.0,96.86,2025-11-30T09:04:45.280848+00:00,2025-11-30T09:04:45.280857+00:00
6103,503,43,0.0,43.51,30.6,2025-11-30T09:04:45.284669+00:00,2025-11-30T09:04:45.284679+00:00
6104,503,35,0.0,0.0,80.39,2025-11-30T09:04:45.288622+00:00,2025-11-30T09:04:45.288633+00:00
6105,503,30,84.41,0.0,32.5,2025-11-30T09:04:45.293581+00:00,2025-11-30T09:04:45.293590+00:00
6106,503,28,39.46,0.0,33.32,2025-11-30T09:04:45.296898+00:00,2025-11-30T09:04:45.296908+00:00
6107,503,25,0.0,25.26,17.35,2025-11-30T09:04:45.300557+00:00,2025-11-30T09:04:45.300569+00:00
6108,503,18,0.0,36.11,23.64,2025-11-30T09:04:45.304833+00:00,2025-11-30T09:04:45.304842+00:00
6109,503,17,0.0,0.0,43.42,2025-11-30T09:04:45.307635+00:00,2025-11-30T09:04:45.307646+00:00
6110,503,29,51.88,0.0,25.84,2025-11-30T09:04:45.310592+00:00,2025-11-30T09:04:45.310600+00:00
6111,503,20,0.0,58.48,40.19,2025-11-30T09:04:45.312438+00:00,2025-11-30T09:04:45.312443+00:00
6112,503,40,0.0,0.0,2.43,2025-11-30T09:04:45.314095+00:00,2025-11-30T09:04:45.314100+00:00
6113,504,27,0.0,57.94,40.16,2025-11-30T09:04:45.316049+00:00,2025-11-30T09:04:45.316054+00:00
6114,504,15,0.0,0.0,20.94,2025-11-30T09:04:45.320552+00:00,2025-11-30T09:04:45.320561+00:00
6115,504,41,54.16,0.0,62.41,2025-11-30T09:04:45.323055+00:00,2025-11-30T09:04:45.323063+00:00
6116,504,44,0.0,0.0,12.03,2025-11-30T09:04:45.324949+00:00,2025-11-30T09:04:45.324956+00:00
6117,504,28,0.0,0.0,47.53,2025-11-30T09:04:45.327087+00:00,2025-11-30T09:04:45.327093+00:00
6118,504,17,140.69,0.0,46.65,2025-11-30T09:04:45.330494+00:00,2025-11-30T09:04:45.330504+00:00
6119,504,19,0.0,96.46,43.78,2025-11-30T09:04:45.336487+00:00,2025-11-30T09:04:45.336498+00:00
6120,504,35,0.0,0.0,12.75,2025-11-30T09:04:45.339621+00:00,2025-11-30T09:04:45.339629+00:00
6121,504,30,0.0,0.0,28.69,2025-11-30T09:04:45.342104+00:00,2025-11-30T09:04:45.342113+00:00
6122,504,23,0.0,0.0,31.22,2025-11-30T09:04:45.344294+00:00,2025-11-30T09:04:45.344313+00:00
6123,504,25,0.0,33.16,28.97,2025-11-30T09:04:45.346195+00:00,2025-11-30T09:04:45.346202+00:00
6124,504,40,37.75,143.31,88.97,2025-11-30T09:04:45.348364+00:00,2025-11-30T09:04:45.348370+00:00
6125,504,31,58.21,0.0,35.06,2025-11-30T09:04:45.351793+00:00,2025-11-30T09:04:45.351803+00:00
6126,504,18,0.0,0.0,23.49,2025-11-30T09:04:45.354246+00:00,2025-11-30T09:04:45.354255+00:00
6127,504,26,0.0,0.0,7.56,2025-11-30T09:04:45.356608+00:00,2025-11-30T09:04:45.356615+00:00
6128,504,36,0.0,0.0,18.33,2025-11-30T09:04:45.360740+00:00,2025-11-30T09:04:45.360751+00:00
6129,504,20,60.06,0.0,25.85,2025-11-30T09:04:45.364451+00:00,2025-11-30T09:04:45.364461+00:00
6130,505,17,0.0,26.25,21.33,2025-11-30T09:04:45.367639+00:00,2025-11-30T09:04:45.367674+00:00
6131,505,44,33.2,2.52,32.39,2025-11-30T09:04:45.372035+00:00,2025-11-30T09:04:45.372045+00:00
6132,505,36,46.93,0.0,22.93,2025-11-30T09:04:45.374122+00:00,2025-11-30T09:04:45.374129+00:00
6133,505,40,0.0,0.0,34.83,2025-11-30T09:04:45.376165+00:00,2025-11-30T09:04:45.376199+00:00
6134,505,42,0.0,78.83,42.69,2025-11-30T09:04:45.378948+00:00,2025-11-30T09:04:45.378954+00:00
6135,505,32,53.21,0.0,40.05,2025-11-30T09:04:45.381819+00:00,2025-11-30T09:04:45.381825+00:00
6136,505,39,0.0,0.0,89.06,2025-11-30T09:04:45.385335+00:00,2025-11-30T09:04:45.385345+00:00
6137,505,23,0.0,0.0,39.51,2025-11-30T09:04:45.388438+00:00,2025-11-30T09:04:45.388447+00:00
6138,505,28,0.0,16.51,7.42,2025-11-30T09:04:45.390946+00:00,2025-11-30T09:04:45.390955+00:00
6139,505,15,0.0,0.0,56.55,2025-11-30T09:04:45.393281+00:00,2025-11-30T09:04:45.393288+00:00
6140,505,41,62.88,0.0,27.94,2025-11-30T09:04:45.396278+00:00,2025-11-30T09:04:45.396288+00:00
6141,505,37,0.0,0.0,12.21,2025-11-30T09:04:45.399319+00:00,2025-11-30T09:04:45.399328+00:00
6142,505,19,54.22,0.0,33.89,2025-11-30T09:04:45.403560+00:00,2025-11-30T09:04:45.403569+00:00
6143,505,20,0.0,101.42,42.97,2025-11-30T09:04:45.407732+00:00,2025-11-30T09:04:45.407741+00:00
6144,505,24,0.0,0.0,46.66,2025-11-30T09:04:45.409941+00:00,2025-11-30T09:04:45.409950+00:00
6145,505,29,0.0,0.0,48.85,2025-11-30T09:04:45.411897+00:00,2025-11-30T09:04:45.411904+00:00
6146,506,28,0.0,34.0,19.37,2025-11-30T09:04:45.413906+00:00,2025-11-30T09:04:45.413913+00:00
6147,506,32,0.0,0.0,64.21,2025-11-30T09:04:45.415910+00:00,2025-11-30T09:04:45.415917+00:00
6148,506,33,0.0,0.0,3.55,2025-11-30T09:04:45.420238+00:00,2025-11-30T09:04:45.420278+00:00
6149,506,19,0.0,96.96,47.6,2025-11-30T09:04:45.423346+00:00,2025-11-30T09:04:45.423352+00:00
6150,506,37,0.0,0.0,8.15,2025-11-30T09:04:45.426017+00:00,2025-11-30T09:04:45.426026+00:00
6151,506,44,0.0,34.43,14.67,2025-11-30T09:04:45.429040+00:00,2025-11-30T09:04:45.429050+00:00
6152,506,16,0.0,0.0,36.01,2025-11-30T09:04:45.432610+00:00,2025-11-30T09:04:45.432619+00:00
6153,506,39,0.0,62.3,35.88,2025-11-30T09:04:45.438578+00:00,2025-11-30T09:04:45.438587+00:00
6154,506,40,24.57,0.0,8.01,2025-11-30T09:04:45.440884+00:00,2025-11-30T09:04:45.440891+00:00
6155,506,27,134.18,0.0,49.14,2025-11-30T09:04:45.442973+00:00,2025-11-30T09:04:45.442979+00:00
6156,506,31,0.0,0.0,7.88,2025-11-30T09:04:45.445921+00:00,2025-11-30T09:04:45.445927+00:00
6157,506,17,0.0,20.58,13.43,2025-11-30T09:04:45.449517+00:00,2025-11-30T09:04:45.449524+00:00
6158,506,24,0.0,0.0,44.05,2025-11-30T09:04:45.452978+00:00,2025-11-30T09:04:45.452987+00:00
6159,506,36,0.0,85.54,47.68,2025-11-30T09:04:45.455358+00:00,2025-11-30T09:04:45.455365+00:00
6160,506,25,0.0,0.0,34.95,2025-11-30T09:04:45.458440+00:00,2025-11-30T09:04:45.458449+00:00
6161,506,26,53.61,0.0,33.61,2025-11-30T09:04:45.460957+00:00,2025-11-30T09:04:45.460965+00:00
6162,506,22,0.0,0.0,37.86,2025-11-30T09:04:45.464791+00:00,2025-11-30T09:04:45.464799+00:00
6163,507,20,0.0,72.21,48.24,2025-11-30T09:04:45.468834+00:00,2025-11-30T09:04:45.468844+00:00
6164,507,24,0.0,21.26,50.19,2025-11-30T09:04:45.471574+00:00,2025-11-30T09:04:45.471583+00:00
6165,507,40,138.76,123.3,118.02,2025-11-30T09:04:45.473640+00:00,2025-11-30T09:04:45.473647+00:00
6166,507,37,0.0,0.0,12.13,2025-11-30T09:04:45.475461+00:00,2025-11-30T09:04:45.475467+00:00
6167,507,38,0.0,3.84,2.06,2025-11-30T09:04:45.479250+00:00,2025-11-30T09:04:45.479258+00:00
6168,507,30,0.0,0.0,30.84,2025-11-30T09:04:45.481377+00:00,2025-11-30T09:04:45.481383+00:00
6169,507,23,0.0,26.53,10.47,2025-11-30T09:04:45.484052+00:00,2025-11-30T09:04:45.484066+00:00
6170,507,43,5.86,0.0,21.98,2025-11-30T09:04:45.486846+00:00,2025-11-30T09:04:45.486855+00:00
6171,507,39,0.0,12.65,8.25,2025-11-30T09:04:45.490077+00:00,2025-11-30T09:04:45.490087+00:00
6172,507,18,63.6,0.0,41.81,2025-11-30T09:04:45.492649+00:00,2025-11-30T09:04:45.492657+00:00
6173,507,21,0.0,103.29,73.39,2025-11-30T09:04:45.495235+00:00,2025-11-30T09:04:45.495245+00:00
6174,507,31,104.75,0.0,33.47,2025-11-30T09:04:45.498697+00:00,2025-11-30T09:04:45.498732+00:00
6175,507,35,0.0,0.0,41.27,2025-11-30T09:04:45.502830+00:00,2025-11-30T09:04:45.502841+00:00
6176,507,19,0.0,68.24,27.73,2025-11-30T09:04:45.505252+00:00,2025-11-30T09:04:45.505260+00:00
6177,508,32,0.0,0.0,33.29,2025-11-30T09:04:45.507962+00:00,2025-11-30T09:04:45.507971+00:00
6178,508,28,0.0,23.56,9.74,2025-11-30T09:04:45.510378+00:00,2025-11-30T09:04:45.510387+00:00
6179,508,35,0.0,0.0,14.32,2025-11-30T09:04:45.512470+00:00,2025-11-30T09:04:45.512478+00:00
6180,508,33,120.87,0.0,47.88,2025-11-30T09:04:45.514362+00:00,2025-11-30T09:04:45.514369+00:00
6181,508,23,107.21,0.0,55.57,2025-11-30T09:04:45.516867+00:00,2025-11-30T09:04:45.516876+00:00
6182,508,17,0.0,0.0,34.89,2025-11-30T09:04:45.521300+00:00,2025-11-30T09:04:45.521309+00:00
6183,508,41,0.0,60.29,32.72,2025-11-30T09:04:45.524411+00:00,2025-11-30T09:04:45.524420+00:00
6184,508,27,0.0,0.0,21.41,2025-11-30T09:04:45.526639+00:00,2025-11-30T09:04:45.526647+00:00
6185,508,22,0.0,0.0,44.49,2025-11-30T09:04:45.530004+00:00,2025-11-30T09:04:45.530014+00:00
6186,508,16,104.0,0.0,46.15,2025-11-30T09:04:45.532576+00:00,2025-11-30T09:04:45.532585+00:00
6187,508,40,0.0,0.0,15.99,2025-11-30T09:04:45.536479+00:00,2025-11-30T09:04:45.536488+00:00
6188,508,44,0.0,146.98,76.3,2025-11-30T09:04:45.539074+00:00,2025-11-30T09:04:45.539083+00:00
6189,508,20,0.0,71.8,30.18,2025-11-30T09:04:45.541425+00:00,2025-11-30T09:04:45.541433+00:00
6190,508,38,0.0,0.0,27.16,2025-11-30T09:04:45.543605+00:00,2025-11-30T09:04:45.543612+00:00
6191,508,19,0.0,74.16,40.0,2025-11-30T09:04:45.545903+00:00,2025-11-30T09:04:45.545913+00:00
6192,509,29,27.98,0.0,35.58,2025-11-30T09:04:45.548154+00:00,2025-11-30T09:04:45.548162+00:00
6193,509,33,0.0,38.4,16.7,2025-11-30T09:04:45.551595+00:00,2025-11-30T09:04:45.551604+00:00
6194,509,41,15.28,0.0,10.54,2025-11-30T09:04:45.554260+00:00,2025-11-30T09:04:45.554268+00:00
6195,509,38,0.0,0.0,54.9,2025-11-30T09:04:45.558590+00:00,2025-11-30T09:04:45.558599+00:00
6196,509,28,50.83,0.0,25.55,2025-11-30T09:04:45.561355+00:00,2025-11-30T09:04:45.561364+00:00
6197,509,39,58.61,0.0,74.73,2025-11-30T09:04:45.564986+00:00,2025-11-30T09:04:45.564996+00:00
6198,509,31,0.0,29.75,48.37,2025-11-30T09:04:45.569605+00:00,2025-11-30T09:04:45.569615+00:00
6199,509,37,0.0,0.0,24.21,2025-11-30T09:04:45.572283+00:00,2025-11-30T09:04:45.572292+00:00
6200,509,26,0.0,3.3,1.91,2025-11-30T09:04:45.574363+00:00,2025-11-30T09:04:45.574371+00:00
6201,509,42,0.0,0.0,9.07,2025-11-30T09:04:45.576532+00:00,2025-11-30T09:04:45.576539+00:00
6202,509,32,42.42,0.0,23.7,2025-11-30T09:04:45.579254+00:00,2025-11-30T09:04:45.579263+00:00
6203,509,19,0.0,0.0,35.23,2025-11-30T09:04:45.582073+00:00,2025-11-30T09:04:45.582082+00:00
6204,509,22,0.0,0.0,36.95,2025-11-30T09:04:45.585048+00:00,2025-11-30T09:04:45.585058+00:00
6205,509,35,0.0,0.0,49.55,2025-11-30T09:04:45.589087+00:00,2025-11-30T09:04:45.589097+00:00
6206,509,25,0.0,28.17,16.25,2025-11-30T09:04:45.591598+00:00,2025-11-30T09:04:45.591606+00:00
6207,509,23,0.0,12.29,7.07,2025-11-30T09:04:45.593540+00:00,2025-11-30T09:04:45.593547+00:00
6208,511,33,0.0,0.0,83.46,2025-11-30T09:04:45.596449+00:00,2025-11-30T09:04:45.596459+00:00
6209,511,41,0.0,0.0,5.11,2025-11-30T09:04:45.600764+00:00,2025-11-30T09:04:45.600776+00:00
6210,511,25,0.0,0.0,2.84,2025-11-30T09:04:45.604557+00:00,2025-11-30T09:04:45.604566+00:00
6211,511,40,0.0,0.0,40.01,2025-11-30T09:04:45.606710+00:00,2025-11-30T09:04:45.606719+00:00
6212,511,37,0.0,0.0,34.67,2025-11-30T09:04:45.609461+00:00,2025-11-30T09:04:45.609469+00:00
6213,511,20,0.0,34.2,20.04,2025-11-30T09:04:45.611714+00:00,2025-11-30T09:04:45.611722+00:00
6214,511,15,0.0,81.71,47.38,2025-11-30T09:04:45.613830+00:00,2025-11-30T09:04:45.613838+00:00
6215,511,18,0.0,0.0,44.09,2025-11-30T09:04:45.616412+00:00,2025-11-30T09:04:45.616424+00:00
6216,511,34,0.0,61.88,36.06,2025-11-30T09:04:45.619943+00:00,2025-11-30T09:04:45.619951+00:00
6217,511,24,99.56,0.0,106.61,2025-11-30T09:04:45.622260+00:00,2025-11-30T09:04:45.622268+00:00
6218,511,19,0.0,33.8,18.91,2025-11-30T09:04:45.625026+00:00,2025-11-30T09:04:45.625035+00:00
6219,511,31,0.0,57.54,37.85,2025-11-30T09:04:45.627526+00:00,2025-11-30T09:04:45.627535+00:00
6220,511,36,0.0,42.13,27.24,2025-11-30T09:04:45.631770+00:00,2025-11-30T09:04:45.631780+00:00
6221,511,29,0.0,26.66,9.61,2025-11-30T09:04:45.635797+00:00,2025-11-30T09:04:45.635806+00:00
6222,511,42,0.0,56.82,44.36,2025-11-30T09:04:45.638598+00:00,2025-11-30T09:04:45.638606+00:00
6223,511,35,13.86,0.0,9.27,2025-11-30T09:04:45.640975+00:00,2025-11-30T09:04:45.640984+00:00
6224,512,23,492.43,0.0,315.35,2025-11-30T09:04:45.643148+00:00,2025-11-30T09:04:45.643155+00:00
6225,512,35,630.43,0.0,407.58,2025-11-30T09:04:45.645478+00:00,2025-11-30T09:04:45.645485+00:00
6226,512,38,991.93,0.0,416.53,2025-11-30T09:04:45.648314+00:00,2025-11-30T09:04:45.648336+00:00
6227,512,18,539.35,726.13,588.66,2025-11-30T09:04:45.651515+00:00,2025-11-30T09:04:45.651524+00:00
6228,512,36,0.0,371.3,197.35,2025-11-30T09:04:45.654270+00:00,2025-11-30T09:04:45.654279+00:00
6229,512,39,574.79,0.0,809.35,2025-11-30T09:04:45.657163+00:00,2025-11-30T09:04:45.657173+00:00
6230,512,20,0.0,0.0,127.33,2025-11-30T09:04:45.660518+00:00,2025-11-30T09:04:45.660528+00:00
6231,512,26,227.98,0.0,90.71,2025-11-30T09:04:45.664080+00:00,2025-11-30T09:04:45.664090+00:00
6232,512,44,0.0,0.0,492.04,2025-11-30T09:04:45.667602+00:00,2025-11-30T09:04:45.667615+00:00
6233,512,41,443.08,534.84,617.37,2025-11-30T09:04:45.671742+00:00,2025-11-30T09:04:45.671752+00:00
6234,512,31,0.0,656.13,421.49,2025-11-30T09:04:45.675955+00:00,2025-11-30T09:04:45.675965+00:00
6235,512,24,0.0,0.0,433.08,2025-11-30T09:04:45.678568+00:00,2025-11-30T09:04:45.678576+00:00
6236,512,37,0.0,0.0,476.44,2025-11-30T09:04:45.681925+00:00,2025-11-30T09:04:45.681935+00:00
6237,512,15,898.61,0.0,470.76,2025-11-30T09:04:45.686135+00:00,2025-11-30T09:04:45.686144+00:00
6238,512,28,0.0,270.8,112.91,2025-11-30T09:04:45.689176+00:00,2025-11-30T09:04:45.689185+00:00
6239,512,19,0.0,0.0,134.94,2025-11-30T09:04:45.691943+00:00,2025-11-30T09:04:45.691952+00:00
6240,514,27,0.0,0.0,78.04,2025-11-30T09:04:45.694368+00:00,2025-11-30T09:04:45.694378+00:00
6241,514,28,0.0,125.46,44.78,2025-11-30T09:04:45.698266+00:00,2025-11-30T09:04:45.698275+00:00
6242,514,24,0.0,18.63,5.75,2025-11-30T09:04:45.702227+00:00,2025-11-30T09:04:45.702236+00:00
6243,514,40,0.0,102.62,98.01,2025-11-30T09:04:45.704726+00:00,2025-11-30T09:04:45.704733+00:00
6244,514,31,0.0,0.0,41.55,2025-11-30T09:04:45.706713+00:00,2025-11-30T09:04:45.706719+00:00
6245,514,43,63.06,0.0,72.89,2025-11-30T09:04:45.709241+00:00,2025-11-30T09:04:45.709248+00:00
6246,514,36,35.2,123.75,54.63,2025-11-30T09:04:45.711588+00:00,2025-11-30T09:04:45.711596+00:00
6247,514,35,0.0,0.0,27.92,2025-11-30T09:04:45.713605+00:00,2025-11-30T09:04:45.713611+00:00
6248,514,38,78.31,0.0,73.78,2025-11-30T09:04:45.718477+00:00,2025-11-30T09:04:45.718492+00:00
6249,514,33,40.79,0.0,20.61,2025-11-30T09:04:45.722669+00:00,2025-11-30T09:04:45.722680+00:00
6250,514,23,98.8,24.81,48.37,2025-11-30T09:04:45.726556+00:00,2025-11-30T09:04:45.726565+00:00
6251,514,19,0.0,0.0,75.25,2025-11-30T09:04:45.730296+00:00,2025-11-30T09:04:45.730306+00:00
6252,514,20,0.0,0.0,34.69,2025-11-30T09:04:45.734103+00:00,2025-11-30T09:04:45.734115+00:00
6253,514,34,42.56,20.45,26.95,2025-11-30T09:04:45.737631+00:00,2025-11-30T09:04:45.737641+00:00
6254,514,26,0.0,60.64,29.61,2025-11-30T09:04:45.740581+00:00,2025-11-30T09:04:45.740590+00:00
6255,514,15,0.0,0.0,27.04,2025-11-30T09:04:45.742852+00:00,2025-11-30T09:04:45.742859+00:00
6256,515,31,71.71,68.72,72.81,2025-11-30T09:04:45.745029+00:00,2025-11-30T09:04:45.745035+00:00
6257,515,20,0.0,25.97,9.04,2025-11-30T09:04:45.747101+00:00,2025-11-30T09:04:45.747107+00:00
6258,515,24,26.0,37.97,29.66,2025-11-30T09:04:45.751174+00:00,2025-11-30T09:04:45.751183+00:00
6259,515,26,0.0,0.0,11.92,2025-11-30T09:04:45.754245+00:00,2025-11-30T09:04:45.754253+00:00
6260,515,41,0.0,35.64,23.46,2025-11-30T09:04:45.757047+00:00,2025-11-30T09:04:45.757056+00:00
6261,515,37,0.0,0.0,42.62,2025-11-30T09:04:45.762066+00:00,2025-11-30T09:04:45.762078+00:00
6262,515,21,0.0,92.1,34.82,2025-11-30T09:04:45.765556+00:00,2025-11-30T09:04:45.765565+00:00
6263,515,40,0.0,0.0,37.98,2025-11-30T09:04:45.769376+00:00,2025-11-30T09:04:45.769386+00:00
6264,515,27,0.0,0.0,46.1,2025-11-30T09:04:45.772227+00:00,2025-11-30T09:04:45.772237+00:00
6265,515,43,0.0,0.0,16.19,2025-11-30T09:04:45.774515+00:00,2025-11-30T09:04:45.774522+00:00
6266,515,29,0.0,37.94,35.56,2025-11-30T09:04:45.776569+00:00,2025-11-30T09:04:45.776576+00:00
6267,515,44,0.0,0.0,50.2,2025-11-30T09:04:45.779237+00:00,2025-11-30T09:04:45.779245+00:00
6268,515,17,0.0,0.0,10.1,2025-11-30T09:04:45.782518+00:00,2025-11-30T09:04:45.782525+00:00
6269,515,38,7.4,0.0,3.61,2025-11-30T09:04:45.786125+00:00,2025-11-30T09:04:45.786134+00:00
6270,515,39,0.0,0.0,11.52,2025-11-30T09:04:45.789022+00:00,2025-11-30T09:04:45.789031+00:00
6271,515,34,0.0,0.0,6.35,2025-11-30T09:04:45.791817+00:00,2025-11-30T09:04:45.791825+00:00
6272,515,42,0.0,0.0,1.3,2025-11-30T09:04:45.794620+00:00,2025-11-30T09:04:45.794630+00:00
6273,516,40,65.71,0.0,42.75,2025-11-30T09:04:45.798368+00:00,2025-11-30T09:04:45.798376+00:00
6274,516,19,0.0,0.0,9.75,2025-11-30T09:04:45.802993+00:00,2025-11-30T09:04:45.803059+00:00
6275,516,29,0.0,0.0,31.41,2025-11-30T09:04:45.805685+00:00,2025-11-30T09:04:45.805691+00:00
6276,516,34,0.0,0.0,71.86,2025-11-30T09:04:45.809343+00:00,2025-11-30T09:04:45.809350+00:00
6277,516,30,0.0,81.96,59.93,2025-11-30T09:04:45.811747+00:00,2025-11-30T09:04:45.811752+00:00
6278,516,28,0.0,0.0,23.52,2025-11-30T09:04:45.814476+00:00,2025-11-30T09:04:45.814481+00:00
6279,516,36,107.84,0.0,53.69,2025-11-30T09:04:45.818111+00:00,2025-11-30T09:04:45.818122+00:00
6280,516,38,0.0,34.74,14.07,2025-11-30T09:04:45.821609+00:00,2025-11-30T09:04:45.821617+00:00
6281,516,32,0.0,0.0,5.72,2025-11-30T09:04:45.824083+00:00,2025-11-30T09:04:45.824091+00:00
6282,516,35,0.0,0.0,49.75,2025-11-30T09:04:45.827304+00:00,2025-11-30T09:04:45.827313+00:00
6283,516,27,0.0,0.0,1.46,2025-11-30T09:04:45.831119+00:00,2025-11-30T09:04:45.831128+00:00
6284,516,16,0.0,67.27,36.16,2025-11-30T09:04:45.835429+00:00,2025-11-30T09:04:45.835438+00:00
6285,516,33,8.21,29.37,19.17,2025-11-30T09:04:45.838573+00:00,2025-11-30T09:04:45.838582+00:00
6286,516,21,0.0,52.99,31.84,2025-11-30T09:04:45.841630+00:00,2025-11-30T09:04:45.841637+00:00
6287,516,31,29.25,0.0,16.41,2025-11-30T09:04:45.843649+00:00,2025-11-30T09:04:45.843655+00:00
6288,516,37,0.0,0.0,26.97,2025-11-30T09:04:45.846866+00:00,2025-11-30T09:04:45.846872+00:00
6289,517,39,0.0,654.72,418.63,2025-11-30T09:04:45.849695+00:00,2025-11-30T09:04:45.849707+00:00
6290,517,29,1082.49,0.0,1095.78,2025-11-30T09:04:45.853398+00:00,2025-11-30T09:04:45.853408+00:00
6291,517,25,0.0,333.75,572.99,2025-11-30T09:04:45.855808+00:00,2025-11-30T09:04:45.855815+00:00
6292,517,18,0.0,405.97,246.24,2025-11-30T09:04:45.859781+00:00,2025-11-30T09:04:45.859790+00:00
6293,517,16,0.0,207.13,138.08,2025-11-30T09:04:45.863817+00:00,2025-11-30T09:04:45.863827+00:00
6294,517,34,0.0,1378.38,860.18,2025-11-30T09:04:45.867514+00:00,2025-11-30T09:04:45.867530+00:00
6295,517,21,0.0,0.0,311.38,2025-11-30T09:04:45.871896+00:00,2025-11-30T09:04:45.871908+00:00
6296,517,23,1056.43,0.0,497.96,2025-11-30T09:04:45.874467+00:00,2025-11-30T09:04:45.874476+00:00
6297,517,41,742.18,0.0,348.77,2025-11-30T09:04:45.876621+00:00,2025-11-30T09:04:45.876626+00:00
6298,517,26,0.0,0.0,415.31,2025-11-30T09:04:45.879412+00:00,2025-11-30T09:04:45.879419+00:00
6299,517,36,0.0,0.0,696.34,2025-11-30T09:04:45.883672+00:00,2025-11-30T09:04:45.883680+00:00
6300,517,44,0.0,288.68,196.66,2025-11-30T09:04:45.887033+00:00,2025-11-30T09:04:45.887045+00:00
6301,517,15,0.0,150.83,87.26,2025-11-30T09:04:45.890347+00:00,2025-11-30T09:04:45.890358+00:00
6302,517,20,503.93,0.0,155.52,2025-11-30T09:04:45.893710+00:00,2025-11-30T09:04:45.893719+00:00
6303,518,29,140.86,74.28,124.14,2025-11-30T09:04:45.898433+00:00,2025-11-30T09:04:45.898444+00:00
6304,518,21,0.0,8.79,3.15,2025-11-30T09:04:45.903744+00:00,2025-11-30T09:04:45.903754+00:00
6305,518,31,0.0,146.44,53.31,2025-11-30T09:04:45.906702+00:00,2025-11-30T09:04:45.906711+00:00
6306,518,35,0.0,0.0,58.62,2025-11-30T09:04:45.909624+00:00,2025-11-30T09:04:45.909633+00:00
6307,518,41,0.0,0.0,39.69,2025-11-30T09:04:45.912284+00:00,2025-11-30T09:04:45.912293+00:00
6308,518,28,0.0,156.11,57.04,2025-11-30T09:04:45.914785+00:00,2025-11-30T09:04:45.914793+00:00
6309,518,30,66.08,0.0,45.13,2025-11-30T09:04:45.919172+00:00,2025-11-30T09:04:45.919181+00:00
6310,518,26,0.0,22.49,14.84,2025-11-30T09:04:45.922442+00:00,2025-11-30T09:04:45.922451+00:00
6311,518,23,37.62,0.0,18.99,2025-11-30T09:04:45.926868+00:00,2025-11-30T09:04:45.926883+00:00
6312,518,18,0.0,0.0,38.98,2025-11-30T09:04:45.931082+00:00,2025-11-30T09:04:45.931091+00:00
6313,518,40,0.0,0.0,37.5,2025-11-30T09:04:45.935846+00:00,2025-11-30T09:04:45.935855+00:00
6314,518,37,56.41,0.0,33.32,2025-11-30T09:04:45.938704+00:00,2025-11-30T09:04:45.938712+00:00
6315,518,16,0.0,0.0,37.76,2025-11-30T09:04:45.941199+00:00,2025-11-30T09:04:45.941207+00:00
6316,518,43,0.0,89.03,34.41,2025-11-30T09:04:45.943453+00:00,2025-11-30T09:04:45.943460+00:00
6317,518,44,0.0,100.26,46.56,2025-11-30T09:04:45.945753+00:00,2025-11-30T09:04:45.945759+00:00
6318,518,17,0.0,0.0,25.64,2025-11-30T09:04:45.948419+00:00,2025-11-30T09:04:45.948426+00:00
6319,518,19,0.0,0.0,26.22,2025-11-30T09:04:45.952509+00:00,2025-11-30T09:04:45.952522+00:00
6320,518,15,0.0,0.0,16.99,2025-11-30T09:04:45.955580+00:00,2025-11-30T09:04:45.955589+00:00
6321,519,40,0.0,67.84,27.94,2025-11-30T09:04:45.958975+00:00,2025-11-30T09:04:45.958985+00:00
6322,519,30,0.0,17.05,12.11,2025-11-30T09:04:45.961550+00:00,2025-11-30T09:04:45.961566+00:00
6323,519,24,0.0,0.0,49.65,2025-11-30T09:04:45.965571+00:00,2025-11-30T09:04:45.965581+00:00
6324,519,42,0.0,0.0,11.69,2025-11-30T09:04:45.970560+00:00,2025-11-30T09:04:45.970569+00:00
6325,519,38,0.0,0.0,17.51,2025-11-30T09:04:45.974182+00:00,2025-11-30T09:04:45.974195+00:00
6326,519,27,0.0,35.81,21.9,2025-11-30T09:04:45.977194+00:00,2025-11-30T09:04:45.977204+00:00
6327,519,18,54.89,0.0,45.49,2025-11-30T09:04:45.981469+00:00,2025-11-30T09:04:45.981478+00:00
6328,519,33,0.0,0.0,75.78,2025-11-30T09:04:45.985115+00:00,2025-11-30T09:04:45.985124+00:00
6329,519,34,0.0,148.97,60.51,2025-11-30T09:04:45.987855+00:00,2025-11-30T09:04:45.987862+00:00
6330,519,44,51.73,0.0,65.92,2025-11-30T09:04:45.989877+00:00,2025-11-30T09:04:45.989884+00:00
6331,519,15,22.23,0.0,12.07,2025-11-30T09:04:45.992457+00:00,2025-11-30T09:04:45.992466+00:00
6332,519,22,0.0,0.0,68.02,2025-11-30T09:04:45.995525+00:00,2025-11-30T09:04:45.995535+00:00
6333,519,29,0.0,57.17,19.81,2025-11-30T09:04:45.998709+00:00,2025-11-30T09:04:45.998718+00:00
6334,519,16,0.0,49.74,32.88,2025-11-30T09:04:46.003043+00:00,2025-11-30T09:04:46.003053+00:00
6335,519,39,0.0,190.03,84.54,2025-11-30T09:04:46.005692+00:00,2025-11-30T09:04:46.005699+00:00
6336,519,31,0.0,0.0,33.42,2025-11-30T09:04:46.008104+00:00,2025-11-30T09:04:46.008113+00:00
6337,520,21,0.0,0.0,33.28,2025-11-30T09:04:46.010278+00:00,2025-11-30T09:04:46.010286+00:00
6338,520,24,0.0,0.0,40.99,2025-11-30T09:04:46.012296+00:00,2025-11-30T09:04:46.012303+00:00
6339,520,25,0.0,0.0,41.04,2025-11-30T09:04:46.014183+00:00,2025-11-30T09:04:46.014189+00:00
6340,520,39,0.0,138.87,50.2,2025-11-30T09:04:46.016856+00:00,2025-11-30T09:04:46.016865+00:00
6341,520,43,0.0,0.0,29.58,2025-11-30T09:04:46.022002+00:00,2025-11-30T09:04:46.022012+00:00
6342,520,19,0.0,0.0,8.53,2025-11-30T09:04:46.024885+00:00,2025-11-30T09:04:46.024894+00:00
6343,520,41,0.0,0.0,70.38,2025-11-30T09:04:46.027692+00:00,2025-11-30T09:04:46.027702+00:00
6344,520,44,0.0,0.0,38.99,2025-11-30T09:04:46.031319+00:00,2025-11-30T09:04:46.031333+00:00
6345,520,17,0.0,0.0,78.59,2025-11-30T09:04:46.035531+00:00,2025-11-30T09:04:46.035541+00:00
6346,520,26,0.0,59.13,34.72,2025-11-30T09:04:46.038616+00:00,2025-11-30T09:04:46.038624+00:00
6347,520,40,0.0,0.0,7.81,2025-11-30T09:04:46.041201+00:00,2025-11-30T09:04:46.041211+00:00
6348,520,31,0.0,59.46,29.18,2025-11-30T09:04:46.043461+00:00,2025-11-30T09:04:46.043467+00:00
6349,520,37,0.0,0.0,3.18,2025-11-30T09:04:46.045332+00:00,2025-11-30T09:04:46.045338+00:00
6350,520,33,21.96,0.0,10.49,2025-11-30T09:04:46.047231+00:00,2025-11-30T09:04:46.047236+00:00
6351,520,42,0.0,0.0,9.49,2025-11-30T09:04:46.049482+00:00,2025-11-30T09:04:46.049490+00:00
6352,520,28,9.92,0.0,6.42,2025-11-30T09:04:46.053521+00:00,2025-11-30T09:04:46.053530+00:00
6353,521,36,0.0,0.0,44.28,2025-11-30T09:04:46.056097+00:00,2025-11-30T09:04:46.056106+00:00
6354,521,27,0.0,98.53,44.84,2025-11-30T09:04:46.058962+00:00,2025-11-30T09:04:46.058971+00:00
6355,521,19,53.87,48.82,93.26,2025-11-30T09:04:46.062434+00:00,2025-11-30T09:04:46.062444+00:00
6356,521,37,0.0,144.67,49.74,2025-11-30T09:04:46.068664+00:00,2025-11-30T09:04:46.068676+00:00
6357,521,33,0.0,57.42,33.51,2025-11-30T09:04:46.072017+00:00,2025-11-30T09:04:46.072025+00:00
6358,521,20,0.0,38.8,25.4,2025-11-30T09:04:46.074005+00:00,2025-11-30T09:04:46.074012+00:00
6359,521,42,0.0,0.0,17.23,2025-11-30T09:04:46.075815+00:00,2025-11-30T09:04:46.075821+00:00
6360,521,32,32.89,0.0,36.74,2025-11-30T09:04:46.078192+00:00,2025-11-30T09:04:46.078198+00:00
6361,521,17,0.0,0.0,3.43,2025-11-30T09:04:46.080710+00:00,2025-11-30T09:04:46.080716+00:00
6362,521,40,0.0,0.0,24.83,2025-11-30T09:04:46.083386+00:00,2025-11-30T09:04:46.083399+00:00
6363,521,28,0.0,0.0,2.68,2025-11-30T09:04:46.086335+00:00,2025-11-30T09:04:46.086345+00:00
6364,521,34,0.0,0.0,34.05,2025-11-30T09:04:46.088881+00:00,2025-11-30T09:04:46.088891+00:00
6365,521,15,0.0,0.0,37.79,2025-11-30T09:04:46.091280+00:00,2025-11-30T09:04:46.091288+00:00
6366,521,30,0.0,49.47,23.84,2025-11-30T09:04:46.093697+00:00,2025-11-30T09:04:46.093704+00:00
6367,521,38,101.87,0.0,45.95,2025-11-30T09:04:46.096457+00:00,2025-11-30T09:04:46.096469+00:00
6368,521,24,0.0,0.0,30.28,2025-11-30T09:04:46.099776+00:00,2025-11-30T09:04:46.099806+00:00
6369,521,39,0.0,0.0,36.21,2025-11-30T09:04:46.103736+00:00,2025-11-30T09:04:46.103747+00:00
6370,522,15,0.0,0.0,16.08,2025-11-30T09:04:46.108090+00:00,2025-11-30T09:04:46.108099+00:00
6371,522,27,0.0,56.52,21.99,2025-11-30T09:04:46.110340+00:00,2025-11-30T09:04:46.110347+00:00
6372,522,23,0.0,2.23,25.51,2025-11-30T09:04:46.112310+00:00,2025-11-30T09:04:46.112316+00:00
6373,522,22,0.0,0.0,50.27,2025-11-30T09:04:46.114715+00:00,2025-11-30T09:04:46.114722+00:00
6374,522,25,0.0,0.0,39.43,2025-11-30T09:04:46.117215+00:00,2025-11-30T09:04:46.117223+00:00
6375,522,39,99.97,0.0,46.78,2025-11-30T09:04:46.120758+00:00,2025-11-30T09:04:46.120767+00:00
6376,522,43,0.0,4.2,1.87,2025-11-30T09:04:46.124558+00:00,2025-11-30T09:04:46.124568+00:00
6377,522,30,0.0,0.0,12.99,2025-11-30T09:04:46.126769+00:00,2025-11-30T09:04:46.126776+00:00
6378,522,36,0.0,0.0,37.14,2025-11-30T09:04:46.130581+00:00,2025-11-30T09:04:46.130592+00:00
6379,522,21,67.16,0.0,26.46,2025-11-30T09:04:46.134128+00:00,2025-11-30T09:04:46.134139+00:00
6380,522,32,0.0,55.83,68.84,2025-11-30T09:04:46.137392+00:00,2025-11-30T09:04:46.137401+00:00
6381,522,37,0.0,0.0,52.47,2025-11-30T09:04:46.140237+00:00,2025-11-30T09:04:46.140248+00:00
6382,522,42,0.0,98.83,37.42,2025-11-30T09:04:46.142528+00:00,2025-11-30T09:04:46.142535+00:00
6383,522,34,19.52,0.0,9.04,2025-11-30T09:04:46.144504+00:00,2025-11-30T09:04:46.144511+00:00
6384,522,35,0.0,0.0,9.43,2025-11-30T09:04:46.146604+00:00,2025-11-30T09:04:46.146610+00:00
6385,522,33,0.0,116.98,36.45,2025-11-30T09:04:46.149157+00:00,2025-11-30T09:04:46.149165+00:00
6386,522,24,28.07,0.0,12.31,2025-11-30T09:04:46.152644+00:00,2025-11-30T09:04:46.152653+00:00
6387,522,28,0.0,74.08,35.31,2025-11-30T09:04:46.155158+00:00,2025-11-30T09:04:46.155166+00:00
6388,522,20,0.0,0.0,27.03,2025-11-30T09:04:46.157968+00:00,2025-11-30T09:04:46.157976+00:00
6389,523,35,66.76,0.0,44.54,2025-11-30T09:04:46.161199+00:00,2025-11-30T09:04:46.161209+00:00
6390,523,31,86.88,8.8,36.93,2025-11-30T09:04:46.166158+00:00,2025-11-30T09:04:46.166192+00:00
6391,523,38,0.0,0.0,47.27,2025-11-30T09:04:46.170235+00:00,2025-11-30T09:04:46.170244+00:00
6392,523,29,0.0,0.0,9.75,2025-11-30T09:04:46.172752+00:00,2025-11-30T09:04:46.172760+00:00
6393,523,16,52.21,67.16,69.27,2025-11-30T09:04:46.174900+00:00,2025-11-30T09:04:46.174906+00:00
6394,523,15,0.0,24.98,9.11,2025-11-30T09:04:46.176963+00:00,2025-11-30T09:04:46.176969+00:00
6395,523,17,94.06,0.0,45.36,2025-11-30T09:04:46.179774+00:00,2025-11-30T09:04:46.179782+00:00
6396,523,20,0.0,0.0,40.3,2025-11-30T09:04:46.182449+00:00,2025-11-30T09:04:46.182456+00:00
6397,523,32,0.0,0.0,84.63,2025-11-30T09:04:46.185761+00:00,2025-11-30T09:04:46.185770+00:00
6398,523,34,42.17,0.0,14.52,2025-11-30T09:04:46.188334+00:00,2025-11-30T09:04:46.188342+00:00
6399,523,22,0.0,32.74,17.63,2025-11-30T09:04:46.190702+00:00,2025-11-30T09:04:46.190710+00:00
6400,523,43,0.0,0.0,37.51,2025-11-30T09:04:46.193340+00:00,2025-11-30T09:04:46.193348+00:00
6401,523,30,0.0,67.03,40.45,2025-11-30T09:04:46.196326+00:00,2025-11-30T09:04:46.196338+00:00
6402,523,23,0.0,0.0,26.85,2025-11-30T09:04:46.200413+00:00,2025-11-30T09:04:46.200426+00:00
6403,523,26,0.0,0.0,74.13,2025-11-30T09:04:46.205290+00:00,2025-11-30T09:04:46.205299+00:00
6404,524,18,0.0,0.0,84.97,2025-11-30T09:04:46.208114+00:00,2025-11-30T09:04:46.208123+00:00
6405,524,44,0.0,55.77,28.53,2025-11-30T09:04:46.210635+00:00,2025-11-30T09:04:46.210643+00:00
6406,524,41,0.0,3.0,1.46,2025-11-30T09:04:46.212869+00:00,2025-11-30T09:04:46.212876+00:00
6407,524,43,0.0,0.0,30.64,2025-11-30T09:04:46.214796+00:00,2025-11-30T09:04:46.214802+00:00
6408,524,37,0.0,0.0,23.31,2025-11-30T09:04:46.218211+00:00,2025-11-30T09:04:46.218220+00:00
6409,524,24,0.0,94.77,38.37,2025-11-30T09:04:46.220581+00:00,2025-11-30T09:04:46.220589+00:00
6410,524,27,0.0,55.06,21.29,2025-11-30T09:04:46.222566+00:00,2025-11-30T09:04:46.222573+00:00
6411,524,31,40.61,0.0,27.18,2025-11-30T09:04:46.225144+00:00,2025-11-30T09:04:46.225153+00:00
6412,524,42,0.0,38.22,40.22,2025-11-30T09:04:46.227788+00:00,2025-11-30T09:04:46.227797+00:00
6413,524,32,0.0,100.57,45.95,2025-11-30T09:04:46.231760+00:00,2025-11-30T09:04:46.231770+00:00
6414,524,40,0.0,73.15,29.01,2025-11-30T09:04:46.236032+00:00,2025-11-30T09:04:46.236042+00:00
6415,524,29,0.0,78.86,41.14,2025-11-30T09:04:46.238451+00:00,2025-11-30T09:04:46.238458+00:00
6416,524,34,0.0,44.97,70.81,2025-11-30T09:04:46.241058+00:00,2025-11-30T09:04:46.241066+00:00
6417,524,28,0.0,0.0,3.14,2025-11-30T09:04:46.244485+00:00,2025-11-30T09:04:46.244492+00:00
6418,524,15,0.0,0.0,37.31,2025-11-30T09:04:46.246338+00:00,2025-11-30T09:04:46.246344+00:00
6419,524,23,23.3,0.0,9.49,2025-11-30T09:04:46.248231+00:00,2025-11-30T09:04:46.248238+00:00
6420,524,39,187.89,0.0,62.93,2025-11-30T09:04:46.251143+00:00,2025-11-30T09:04:46.251152+00:00
6421,524,20,27.44,0.0,13.17,2025-11-30T09:04:46.253970+00:00,2025-11-30T09:04:46.253980+00:00
6422,525,25,47.38,0.0,24.73,2025-11-30T09:04:46.257164+00:00,2025-11-30T09:04:46.257173+00:00
6423,525,32,15.97,0.0,5.01,2025-11-30T09:04:46.259798+00:00,2025-11-30T09:04:46.259806+00:00
6424,525,44,0.0,32.41,20.82,2025-11-30T09:04:46.262773+00:00,2025-11-30T09:04:46.262782+00:00
6425,525,39,0.0,0.0,29.06,2025-11-30T09:04:46.265533+00:00,2025-11-30T09:04:46.265542+00:00
6426,525,18,84.03,0.0,69.16,2025-11-30T09:04:46.269689+00:00,2025-11-30T09:04:46.269698+00:00
6427,525,29,188.24,0.0,95.4,2025-11-30T09:04:46.272448+00:00,2025-11-30T09:04:46.272456+00:00
6428,525,37,0.0,75.82,42.73,2025-11-30T09:04:46.274632+00:00,2025-11-30T09:04:46.274638+00:00
6429,525,43,0.0,0.0,89.44,2025-11-30T09:04:46.276691+00:00,2025-11-30T09:04:46.276696+00:00
6430,525,23,82.08,38.72,54.79,2025-11-30T09:04:46.279136+00:00,2025-11-30T09:04:46.279144+00:00
6431,525,42,0.0,7.81,3.77,2025-11-30T09:04:46.284095+00:00,2025-11-30T09:04:46.284106+00:00
6432,525,28,0.0,30.71,16.36,2025-11-30T09:04:46.286644+00:00,2025-11-30T09:04:46.286652+00:00
6433,525,31,0.0,0.0,38.28,2025-11-30T09:04:46.289208+00:00,2025-11-30T09:04:46.289215+00:00
6434,525,21,76.07,0.0,90.29,2025-11-30T09:04:46.291674+00:00,2025-11-30T09:04:46.291683+00:00
6435,525,27,0.0,0.0,32.76,2025-11-30T09:04:46.294086+00:00,2025-11-30T09:04:46.294092+00:00
6436,525,34,0.0,0.0,40.98,2025-11-30T09:04:46.297574+00:00,2025-11-30T09:04:46.297588+00:00
6437,526,19,0.0,0.0,129.11,2025-11-30T09:04:46.302050+00:00,2025-11-30T09:04:46.302061+00:00
6438,526,41,0.0,0.0,440.74,2025-11-30T09:04:46.305327+00:00,2025-11-30T09:04:46.305336+00:00
6439,526,35,357.04,0.0,170.31,2025-11-30T09:04:46.307632+00:00,2025-11-30T09:04:46.307640+00:00
6440,526,24,0.0,0.0,636.97,2025-11-30T09:04:46.310390+00:00,2025-11-30T09:04:46.310397+00:00
6441,526,42,534.23,0.0,364.95,2025-11-30T09:04:46.312470+00:00,2025-11-30T09:04:46.312478+00:00
6442,526,22,0.0,643.23,417.12,2025-11-30T09:04:46.314695+00:00,2025-11-30T09:04:46.314701+00:00
6443,526,31,0.0,0.0,261.87,2025-11-30T09:04:46.318174+00:00,2025-11-30T09:04:46.318184+00:00
6444,526,40,381.85,0.0,170.45,2025-11-30T09:04:46.320902+00:00,2025-11-30T09:04:46.320910+00:00
6445,526,21,0.0,0.0,804.53,2025-11-30T09:04:46.323428+00:00,2025-11-30T09:04:46.323437+00:00
6446,526,34,0.0,0.0,559.96,2025-11-30T09:04:46.327764+00:00,2025-11-30T09:04:46.327776+00:00
6447,526,26,0.0,581.61,632.01,2025-11-30T09:04:46.331603+00:00,2025-11-30T09:04:46.331615+00:00
6448,526,23,1358.23,0.0,824.58,2025-11-30T09:04:46.336117+00:00,2025-11-30T09:04:46.336126+00:00
6449,526,27,0.0,0.0,210.19,2025-11-30T09:04:46.338535+00:00,2025-11-30T09:04:46.338544+00:00
6450,526,36,0.0,0.0,474.62,2025-11-30T09:04:46.341181+00:00,2025-11-30T09:04:46.341190+00:00
6451,526,20,383.4,0.0,265.22,2025-11-30T09:04:46.343365+00:00,2025-11-30T09:04:46.343372+00:00
6452,526,32,0.0,0.0,412.58,2025-11-30T09:04:46.345308+00:00,2025-11-30T09:04:46.345314+00:00
6453,526,33,536.45,0.0,311.41,2025-11-30T09:04:46.347642+00:00,2025-11-30T09:04:46.347649+00:00
6454,527,41,0.0,0.0,20.67,2025-11-30T09:04:46.351005+00:00,2025-11-30T09:04:46.351013+00:00
6455,527,28,0.0,0.0,25.03,2025-11-30T09:04:46.353709+00:00,2025-11-30T09:04:46.353717+00:00
6456,527,22,40.39,97.92,62.51,2025-11-30T09:04:46.355916+00:00,2025-11-30T09:04:46.355925+00:00
6457,527,32,44.08,0.0,20.27,2025-11-30T09:04:46.358905+00:00,2025-11-30T09:04:46.358936+00:00
6458,527,27,0.0,73.4,79.57,2025-11-30T09:04:46.361904+00:00,2025-11-30T09:04:46.361915+00:00
6459,527,20,109.11,116.18,100.3,2025-11-30T09:04:46.368507+00:00,2025-11-30T09:04:46.368517+00:00
6460,527,24,0.0,0.0,23.04,2025-11-30T09:04:46.371542+00:00,2025-11-30T09:04:46.371551+00:00
6461,527,15,68.34,0.0,48.95,2025-11-30T09:04:46.373600+00:00,2025-11-30T09:04:46.373608+00:00
6462,527,36,35.47,0.0,36.48,2025-11-30T09:04:46.376048+00:00,2025-11-30T09:04:46.376055+00:00
6463,527,18,0.0,0.0,14.62,2025-11-30T09:04:46.378354+00:00,2025-11-30T09:04:46.378360+00:00
6464,527,23,38.77,0.0,19.95,2025-11-30T09:04:46.380989+00:00,2025-11-30T09:04:46.380998+00:00
6465,527,43,13.61,0.0,7.67,2025-11-30T09:04:46.384675+00:00,2025-11-30T09:04:46.384685+00:00
6466,527,35,0.0,39.04,15.96,2025-11-30T09:04:46.388305+00:00,2025-11-30T09:04:46.388314+00:00
6467,527,40,44.1,0.0,29.86,2025-11-30T09:04:46.391485+00:00,2025-11-30T09:04:46.391497+00:00
6468,527,39,0.0,0.0,38.65,2025-11-30T09:04:46.394892+00:00,2025-11-30T09:04:46.394902+00:00
6469,527,26,0.0,0.0,38.73,2025-11-30T09:04:46.400669+00:00,2025-11-30T09:04:46.400679+00:00
6470,527,19,0.0,52.98,24.97,2025-11-30T09:04:46.404798+00:00,2025-11-30T09:04:46.404807+00:00
6471,528,32,56.14,0.0,24.77,2025-11-30T09:04:46.407458+00:00,2025-11-30T09:04:46.407471+00:00
6472,528,42,0.0,0.0,27.53,2025-11-30T09:04:46.410166+00:00,2025-11-30T09:04:46.410172+00:00
6473,528,18,0.0,0.0,11.56,2025-11-30T09:04:46.412455+00:00,2025-11-30T09:04:46.412460+00:00
6474,528,37,0.0,0.0,45.61,2025-11-30T09:04:46.414515+00:00,2025-11-30T09:04:46.414520+00:00
6475,528,41,0.0,33.53,38.35,2025-11-30T09:04:46.418057+00:00,2025-11-30T09:04:46.418069+00:00
6476,528,40,51.64,22.31,69.66,2025-11-30T09:04:46.421212+00:00,2025-11-30T09:04:46.421221+00:00
6477,528,25,156.42,0.0,59.62,2025-11-30T09:04:46.423694+00:00,2025-11-30T09:04:46.423702+00:00
6478,528,16,60.7,0.0,41.64,2025-11-30T09:04:46.426048+00:00,2025-11-30T09:04:46.426055+00:00
6479,528,19,22.45,0.0,50.04,2025-11-30T09:04:46.429291+00:00,2025-11-30T09:04:46.429304+00:00
6480,528,20,0.0,0.0,38.96,2025-11-30T09:04:46.432604+00:00,2025-11-30T09:04:46.432619+00:00
6481,528,35,0.0,0.0,12.29,2025-11-30T09:04:46.436866+00:00,2025-11-30T09:04:46.436876+00:00
6482,528,29,0.0,0.0,28.47,2025-11-30T09:04:46.440087+00:00,2025-11-30T09:04:46.440096+00:00
6483,528,21,0.0,0.0,1.7,2025-11-30T09:04:46.442932+00:00,2025-11-30T09:04:46.442940+00:00
6484,528,39,17.42,0.0,9.41,2025-11-30T09:04:46.446438+00:00,2025-11-30T09:04:46.446445+00:00
6485,528,17,0.0,0.0,41.62,2025-11-30T09:04:46.448982+00:00,2025-11-30T09:04:46.448990+00:00
6486,530,33,86.93,0.0,28.28,2025-11-30T09:04:46.453236+00:00,2025-11-30T09:04:46.453245+00:00
6487,530,20,0.0,80.47,51.07,2025-11-30T09:04:46.455670+00:00,2025-11-30T09:04:46.455677+00:00
6488,530,24,15.64,0.0,10.86,2025-11-30T09:04:46.458312+00:00,2025-11-30T09:04:46.458320+00:00
6489,530,43,0.0,0.0,11.42,2025-11-30T09:04:46.460808+00:00,2025-11-30T09:04:46.460815+00:00
6490,530,18,97.03,15.62,52.82,2025-11-30T09:04:46.464291+00:00,2025-11-30T09:04:46.464301+00:00
6491,530,41,106.17,0.0,37.14,2025-11-30T09:04:46.469446+00:00,2025-11-30T09:04:46.469456+00:00
6492,530,36,0.0,113.56,62.17,2025-11-30T09:04:46.472415+00:00,2025-11-30T09:04:46.472424+00:00
6493,530,37,12.01,0.0,7.19,2025-11-30T09:04:46.474778+00:00,2025-11-30T09:04:46.474786+00:00
6494,530,26,66.5,0.0,45.82,2025-11-30T09:04:46.477201+00:00,2025-11-30T09:04:46.477209+00:00
6495,530,40,0.0,0.0,34.14,2025-11-30T09:04:46.479977+00:00,2025-11-30T09:04:46.479988+00:00
6496,530,16,0.0,0.0,41.84,2025-11-30T09:04:46.484202+00:00,2025-11-30T09:04:46.484214+00:00
6497,530,42,0.0,19.67,7.59,2025-11-30T09:04:46.487918+00:00,2025-11-30T09:04:46.487928+00:00
6498,530,19,0.0,0.0,22.18,2025-11-30T09:04:46.491514+00:00,2025-11-30T09:04:46.491523+00:00
6499,530,31,37.79,0.0,37.23,2025-11-30T09:04:46.494217+00:00,2025-11-30T09:04:46.494226+00:00
6500,531,19,0.0,62.77,53.01,2025-11-30T09:04:46.498526+00:00,2025-11-30T09:04:46.498535+00:00
6501,531,36,0.0,0.0,7.68,2025-11-30T09:04:46.502929+00:00,2025-11-30T09:04:46.502940+00:00
6502,531,41,0.0,0.0,23.37,2025-11-30T09:04:46.506171+00:00,2025-11-30T09:04:46.506179+00:00
6503,531,23,100.63,0.0,44.81,2025-11-30T09:04:46.508916+00:00,2025-11-30T09:04:46.508923+00:00
6504,531,39,0.0,0.0,21.64,2025-11-30T09:04:46.511302+00:00,2025-11-30T09:04:46.511309+00:00
6505,531,24,66.83,0.0,68.94,2025-11-30T09:04:46.513756+00:00,2025-11-30T09:04:46.513765+00:00
6506,531,34,0.0,0.0,20.1,2025-11-30T09:04:46.516669+00:00,2025-11-30T09:04:46.516681+00:00
6507,531,29,0.0,0.0,6.61,2025-11-30T09:04:46.520518+00:00,2025-11-30T09:04:46.520528+00:00
6508,531,44,0.0,0.0,19.52,2025-11-30T09:04:46.523034+00:00,2025-11-30T09:04:46.523042+00:00
6509,531,26,76.81,0.0,27.96,2025-11-30T09:04:46.525898+00:00,2025-11-30T09:04:46.525907+00:00
6510,531,28,0.0,153.84,65.05,2025-11-30T09:04:46.529317+00:00,2025-11-30T09:04:46.529336+00:00
6511,531,30,0.0,28.39,18.74,2025-11-30T09:04:46.534003+00:00,2025-11-30T09:04:46.534022+00:00
6512,531,31,43.45,0.0,24.77,2025-11-30T09:04:46.539294+00:00,2025-11-30T09:04:46.539304+00:00
6513,531,16,0.0,0.0,7.59,2025-11-30T09:04:46.541821+00:00,2025-11-30T09:04:46.541831+00:00
6514,531,43,13.55,0.0,8.11,2025-11-30T09:04:46.544234+00:00,2025-11-30T09:04:46.544243+00:00
6515,531,21,0.0,0.0,23.72,2025-11-30T09:04:46.546364+00:00,2025-11-30T09:04:46.546370+00:00
6516,532,41,0.0,19.64,9.84,2025-11-30T09:04:46.549188+00:00,2025-11-30T09:04:46.549198+00:00
6517,532,34,0.0,0.0,50.73,2025-11-30T09:04:46.552641+00:00,2025-11-30T09:04:46.552651+00:00
6518,532,18,60.4,0.0,19.83,2025-11-30T09:04:46.555445+00:00,2025-11-30T09:04:46.555456+00:00
6519,532,38,0.0,0.0,20.06,2025-11-30T09:04:46.558903+00:00,2025-11-30T09:04:46.558914+00:00
6520,532,19,0.0,0.0,16.81,2025-11-30T09:04:46.561987+00:00,2025-11-30T09:04:46.561999+00:00
6521,532,42,0.0,0.0,42.22,2025-11-30T09:04:46.566371+00:00,2025-11-30T09:04:46.566384+00:00
6522,532,17,0.0,47.69,18.8,2025-11-30T09:04:46.570470+00:00,2025-11-30T09:04:46.570480+00:00
6523,532,39,0.0,127.57,38.59,2025-11-30T09:04:46.573164+00:00,2025-11-30T09:04:46.573172+00:00
6524,532,16,101.88,73.57,72.35,2025-11-30T09:04:46.575572+00:00,2025-11-30T09:04:46.575579+00:00
6525,532,31,0.0,0.0,30.32,2025-11-30T09:04:46.578318+00:00,2025-11-30T09:04:46.578325+00:00
6526,532,35,0.0,0.0,47.27,2025-11-30T09:04:46.582459+00:00,2025-11-30T09:04:46.582468+00:00
6527,532,28,8.58,0.0,5.44,2025-11-30T09:04:46.586095+00:00,2025-11-30T09:04:46.586104+00:00
6528,532,29,0.0,77.61,76.31,2025-11-30T09:04:46.588932+00:00,2025-11-30T09:04:46.588941+00:00
6529,532,33,71.97,0.0,29.61,2025-11-30T09:04:46.591625+00:00,2025-11-30T09:04:46.591634+00:00
6530,532,37,0.0,0.0,5.19,2025-11-30T09:04:46.593788+00:00,2025-11-30T09:04:46.593795+00:00
6531,532,22,46.83,0.0,19.51,2025-11-30T09:04:46.596982+00:00,2025-11-30T09:04:46.596992+00:00
6532,533,36,16.1,0.0,9.72,2025-11-30T09:04:46.601199+00:00,2025-11-30T09:04:46.601212+00:00
6533,533,26,0.0,0.0,15.8,2025-11-30T09:04:46.603794+00:00,2025-11-30T09:04:46.603802+00:00
6534,533,43,0.0,0.0,28.03,2025-11-30T09:04:46.606008+00:00,2025-11-30T09:04:46.606015+00:00
6535,533,29,0.0,55.29,36.17,2025-11-30T09:04:46.608251+00:00,2025-11-30T09:04:46.608260+00:00
6536,533,23,0.0,130.05,61.79,2025-11-30T09:04:46.610413+00:00,2025-11-30T09:04:46.610420+00:00
6537,533,27,0.0,68.38,53.41,2025-11-30T09:04:46.612443+00:00,2025-11-30T09:04:46.612449+00:00
6538,533,20,0.0,0.0,56.87,2025-11-30T09:04:46.614391+00:00,2025-11-30T09:04:46.614398+00:00
6539,533,40,0.0,57.17,32.92,2025-11-30T09:04:46.616971+00:00,2025-11-30T09:04:46.616980+00:00
6540,533,33,0.0,17.58,7.89,2025-11-30T09:04:46.621061+00:00,2025-11-30T09:04:46.621070+00:00
6541,533,19,57.38,0.0,19.72,2025-11-30T09:04:46.623484+00:00,2025-11-30T09:04:46.623493+00:00
6542,533,21,0.0,46.59,30.74,2025-11-30T09:04:46.625952+00:00,2025-11-30T09:04:46.625960+00:00
6543,533,35,0.0,0.0,47.78,2025-11-30T09:04:46.628743+00:00,2025-11-30T09:04:46.628753+00:00
6544,533,18,17.06,0.0,6.35,2025-11-30T09:04:46.632969+00:00,2025-11-30T09:04:46.632998+00:00
6545,533,44,0.0,78.2,61.47,2025-11-30T09:04:46.636657+00:00,2025-11-30T09:04:46.636666+00:00
6546,534,33,0.0,0.0,540.14,2025-11-30T09:04:46.639019+00:00,2025-11-30T09:04:46.639027+00:00
6547,534,25,853.55,0.0,482.15,2025-11-30T09:04:46.641396+00:00,2025-11-30T09:04:46.641403+00:00
6548,534,20,1130.12,270.8,995.09,2025-11-30T09:04:46.643547+00:00,2025-11-30T09:04:46.643554+00:00
6549,534,17,0.0,871.01,699.26,2025-11-30T09:04:46.645318+00:00,2025-11-30T09:04:46.645324+00:00
6550,534,42,0.0,0.0,790.21,2025-11-30T09:04:46.647834+00:00,2025-11-30T09:04:46.647841+00:00
6551,534,36,705.05,0.0,412.01,2025-11-30T09:04:46.650768+00:00,2025-11-30T09:04:46.650778+00:00
6552,534,16,0.0,500.4,324.67,2025-11-30T09:04:46.653110+00:00,2025-11-30T09:04:46.653117+00:00
6553,534,39,0.0,0.0,372.42,2025-11-30T09:04:46.656982+00:00,2025-11-30T09:04:46.656989+00:00
6554,534,29,1358.74,273.28,654.88,2025-11-30T09:04:46.660392+00:00,2025-11-30T09:04:46.660400+00:00
6555,534,18,0.0,964.06,450.51,2025-11-30T09:04:46.663628+00:00,2025-11-30T09:04:46.663637+00:00
6556,534,32,1100.81,0.0,490.56,2025-11-30T09:04:46.667927+00:00,2025-11-30T09:04:46.667966+00:00
6557,534,27,250.71,0.0,116.88,2025-11-30T09:04:46.671276+00:00,2025-11-30T09:04:46.671285+00:00
6558,534,35,0.0,0.0,286.12,2025-11-30T09:04:46.673596+00:00,2025-11-30T09:04:46.673604+00:00
6559,534,28,572.08,0.0,656.82,2025-11-30T09:04:46.675791+00:00,2025-11-30T09:04:46.675798+00:00
6560,534,22,0.0,280.73,101.07,2025-11-30T09:04:46.678350+00:00,2025-11-30T09:04:46.678358+00:00
6561,534,43,552.12,0.0,292.96,2025-11-30T09:04:46.680585+00:00,2025-11-30T09:04:46.680592+00:00
6562,534,15,0.0,0.0,334.63,2025-11-30T09:04:46.683522+00:00,2025-11-30T09:04:46.683531+00:00
6563,535,44,0.0,34.12,66.15,2025-11-30T09:04:46.688571+00:00,2025-11-30T09:04:46.688580+00:00
6564,535,36,1.53,44.39,31.81,2025-11-30T09:04:46.691005+00:00,2025-11-30T09:04:46.691014+00:00
6565,535,16,0.0,0.0,4.39,2025-11-30T09:04:46.693649+00:00,2025-11-30T09:04:46.693658+00:00
6566,535,29,0.0,0.0,48.86,2025-11-30T09:04:46.696598+00:00,2025-11-30T09:04:46.696607+00:00
6567,535,35,0.0,0.0,8.28,2025-11-30T09:04:46.701002+00:00,2025-11-30T09:04:46.701015+00:00
6568,535,37,0.0,0.0,47.18,2025-11-30T09:04:46.704367+00:00,2025-11-30T09:04:46.704375+00:00
6569,535,39,0.0,0.0,4.64,2025-11-30T09:04:46.706667+00:00,2025-11-30T09:04:46.706674+00:00
6570,535,18,78.61,0.0,49.2,2025-11-30T09:04:46.709159+00:00,2025-11-30T09:04:46.709166+00:00
6571,535,42,108.26,0.0,61.43,2025-11-30T09:04:46.711121+00:00,2025-11-30T09:04:46.711128+00:00
6572,535,25,0.0,0.0,30.78,2025-11-30T09:04:46.713112+00:00,2025-11-30T09:04:46.713118+00:00
6573,535,24,0.0,41.34,16.96,2025-11-30T09:04:46.714979+00:00,2025-11-30T09:04:46.714984+00:00
6574,535,34,0.0,0.0,9.48,2025-11-30T09:04:46.717728+00:00,2025-11-30T09:04:46.717739+00:00
6575,535,15,0.0,0.0,12.42,2025-11-30T09:04:46.720655+00:00,2025-11-30T09:04:46.720663+00:00
6576,535,30,29.81,0.0,17.23,2025-11-30T09:04:46.722840+00:00,2025-11-30T09:04:46.722847+00:00
6577,535,40,0.0,0.0,44.04,2025-11-30T09:04:46.726664+00:00,2025-11-30T09:04:46.726672+00:00
6578,535,20,0.0,2.06,22.68,2025-11-30T09:04:46.730041+00:00,2025-11-30T09:04:46.730052+00:00
6579,535,41,0.0,0.0,22.96,2025-11-30T09:04:46.733892+00:00,2025-11-30T09:04:46.733927+00:00
6580,536,33,13.0,0.0,32.06,2025-11-30T09:04:46.737220+00:00,2025-11-30T09:04:46.737227+00:00
6581,536,32,0.0,0.0,41.22,2025-11-30T09:04:46.739895+00:00,2025-11-30T09:04:46.739903+00:00
6582,536,40,0.0,0.0,15.98,2025-11-30T09:04:46.742313+00:00,2025-11-30T09:04:46.742320+00:00
6583,536,29,0.0,134.39,107.32,2025-11-30T09:04:46.744351+00:00,2025-11-30T09:04:46.744358+00:00
6584,536,22,0.0,0.0,48.66,2025-11-30T09:04:46.746453+00:00,2025-11-30T09:04:46.746460+00:00
6585,536,43,0.0,11.03,6.96,2025-11-30T09:04:46.748996+00:00,2025-11-30T09:04:46.749007+00:00
6586,536,35,121.82,0.0,46.42,2025-11-30T09:04:46.752217+00:00,2025-11-30T09:04:46.752228+00:00
6587,536,18,161.43,0.0,73.6,2025-11-30T09:04:46.754247+00:00,2025-11-30T09:04:46.754254+00:00
6588,536,15,0.0,0.0,31.52,2025-11-30T09:04:46.758292+00:00,2025-11-30T09:04:46.758301+00:00
6589,536,30,0.0,0.0,22.61,2025-11-30T09:04:46.760902+00:00,2025-11-30T09:04:46.760912+00:00
6590,536,19,0.0,111.69,78.31,2025-11-30T09:04:46.764258+00:00,2025-11-30T09:04:46.764267+00:00
6591,536,42,0.0,0.0,9.71,2025-11-30T09:04:46.767678+00:00,2025-11-30T09:04:46.767692+00:00
6592,536,21,97.44,0.0,43.79,2025-11-30T09:04:46.771305+00:00,2025-11-30T09:04:46.771315+00:00
6593,536,31,63.71,0.0,44.04,2025-11-30T09:04:46.773443+00:00,2025-11-30T09:04:46.773452+00:00
6594,536,16,0.0,0.0,1.19,2025-11-30T09:04:46.775606+00:00,2025-11-30T09:04:46.775613+00:00
6595,536,41,47.61,0.0,26.17,2025-11-30T09:04:46.778127+00:00,2025-11-30T09:04:46.778136+00:00
6596,537,32,0.0,28.68,16.62,2025-11-30T09:04:46.780588+00:00,2025-11-30T09:04:46.780596+00:00
6597,537,18,0.0,57.54,106.53,2025-11-30T09:04:46.783677+00:00,2025-11-30T09:04:46.783689+00:00
6598,537,35,0.0,0.0,5.06,2025-11-30T09:04:46.786519+00:00,2025-11-30T09:04:46.786527+00:00
6599,537,16,0.0,61.27,38.96,2025-11-30T09:04:46.788988+00:00,2025-11-30T09:04:46.788997+00:00
6600,537,31,0.0,0.0,28.59,2025-11-30T09:04:46.791357+00:00,2025-11-30T09:04:46.791382+00:00
6601,537,17,34.86,108.76,84.72,2025-11-30T09:04:46.793625+00:00,2025-11-30T09:04:46.793633+00:00
6602,537,39,0.0,0.0,44.99,2025-11-30T09:04:46.798007+00:00,2025-11-30T09:04:46.798018+00:00
6603,537,29,0.0,32.67,26.37,2025-11-30T09:04:46.802546+00:00,2025-11-30T09:04:46.802557+00:00
6604,537,28,73.43,0.0,70.62,2025-11-30T09:04:46.805030+00:00,2025-11-30T09:04:46.805038+00:00
6605,537,21,140.56,0.0,49.93,2025-11-30T09:04:46.807573+00:00,2025-11-30T09:04:46.807583+00:00
6606,537,27,0.0,0.0,11.73,2025-11-30T09:04:46.810033+00:00,2025-11-30T09:04:46.810041+00:00
6607,537,33,74.51,0.0,34.93,2025-11-30T09:04:46.812077+00:00,2025-11-30T09:04:46.812084+00:00
6608,537,38,0.0,0.0,30.2,2025-11-30T09:04:46.814076+00:00,2025-11-30T09:04:46.814083+00:00
6609,537,25,128.93,0.0,45.57,2025-11-30T09:04:46.817274+00:00,2025-11-30T09:04:46.817285+00:00
6610,537,44,0.0,49.67,30.74,2025-11-30T09:04:46.820142+00:00,2025-11-30T09:04:46.820151+00:00
6611,537,37,0.0,129.44,46.95,2025-11-30T09:04:46.823181+00:00,2025-11-30T09:04:46.823190+00:00
6612,538,36,0.0,0.0,265.9,2025-11-30T09:04:46.825546+00:00,2025-11-30T09:04:46.825554+00:00
6613,538,25,594.61,0.0,742.73,2025-11-30T09:04:46.828473+00:00,2025-11-30T09:04:46.828486+00:00
6614,538,29,0.0,0.0,139.55,2025-11-30T09:04:46.831883+00:00,2025-11-30T09:04:46.831898+00:00
6615,538,31,0.0,0.0,91.82,2025-11-30T09:04:46.835980+00:00,2025-11-30T09:04:46.835991+00:00
6616,538,37,0.0,780.86,587.21,2025-11-30T09:04:46.839991+00:00,2025-11-30T09:04:46.840001+00:00
6617,538,28,277.07,0.0,111.99,2025-11-30T09:04:46.842284+00:00,2025-11-30T09:04:46.842292+00:00
6618,538,17,0.0,0.0,343.19,2025-11-30T09:04:46.844434+00:00,2025-11-30T09:04:46.844441+00:00
6619,538,15,0.0,0.0,718.47,2025-11-30T09:04:46.846630+00:00,2025-11-30T09:04:46.846638+00:00
6620,538,30,0.0,1019.77,421.34,2025-11-30T09:04:46.849799+00:00,2025-11-30T09:04:46.849809+00:00
6621,538,20,0.0,991.89,488.7,2025-11-30T09:04:46.852776+00:00,2025-11-30T09:04:46.852785+00:00
6622,538,44,0.0,0.0,440.13,2025-11-30T09:04:46.855455+00:00,2025-11-30T09:04:46.855464+00:00
6623,538,41,0.0,0.0,778.52,2025-11-30T09:04:46.858330+00:00,2025-11-30T09:04:46.858339+00:00
6624,538,19,450.33,0.0,277.84,2025-11-30T09:04:46.860888+00:00,2025-11-30T09:04:46.860897+00:00
6625,538,24,374.31,0.0,253.3,2025-11-30T09:04:46.864678+00:00,2025-11-30T09:04:46.864688+00:00
6626,538,22,335.58,0.0,207.76,2025-11-30T09:04:46.869214+00:00,2025-11-30T09:04:46.869224+00:00
6627,538,42,0.0,725.72,440.18,2025-11-30T09:04:46.871932+00:00,2025-11-30T09:04:46.871941+00:00
6628,539,19,0.0,0.0,461.75,2025-11-30T09:04:46.874246+00:00,2025-11-30T09:04:46.874255+00:00
6629,539,27,0.0,0.0,176.33,2025-11-30T09:04:46.876489+00:00,2025-11-30T09:04:46.876496+00:00
6630,539,43,0.0,0.0,1114.98,2025-11-30T09:04:46.880356+00:00,2025-11-30T09:04:46.880365+00:00
6631,539,37,0.0,0.0,913.08,2025-11-30T09:04:46.883686+00:00,2025-11-30T09:04:46.883696+00:00
6632,539,28,579.96,0.0,370.64,2025-11-30T09:04:46.886413+00:00,2025-11-30T09:04:46.886421+00:00
6633,539,32,0.0,0.0,979.03,2025-11-30T09:04:46.889738+00:00,2025-11-30T09:04:46.889748+00:00
6634,539,30,0.0,0.0,84.97,2025-11-30T09:04:46.892119+00:00,2025-11-30T09:04:46.892126+00:00
6635,539,25,0.0,0.0,122.42,2025-11-30T09:04:46.894255+00:00,2025-11-30T09:04:46.894262+00:00
6636,539,17,1652.84,0.0,1323.66,2025-11-30T09:04:46.897932+00:00,2025-11-30T09:04:46.897942+00:00
6637,539,41,0.0,1241.3,478.86,2025-11-30T09:04:46.902370+00:00,2025-11-30T09:04:46.902383+00:00
6638,539,20,0.0,0.0,249.32,2025-11-30T09:04:46.905117+00:00,2025-11-30T09:04:46.905125+00:00
6639,539,39,685.12,0.0,296.31,2025-11-30T09:04:46.907730+00:00,2025-11-30T09:04:46.907737+00:00
6640,539,29,0.0,0.0,107.14,2025-11-30T09:04:46.909976+00:00,2025-11-30T09:04:46.909983+00:00
6641,539,34,0.0,0.0,469.87,2025-11-30T09:04:46.913803+00:00,2025-11-30T09:04:46.913809+00:00
6642,539,21,0.0,806.4,422.33,2025-11-30T09:04:46.916898+00:00,2025-11-30T09:04:46.916909+00:00
6643,539,16,0.0,0.0,234.38,2025-11-30T09:04:46.919961+00:00,2025-11-30T09:04:46.919970+00:00
6644,540,41,0.0,0.0,21.12,2025-11-30T09:04:46.922718+00:00,2025-11-30T09:04:46.922727+00:00
6645,540,43,54.3,17.77,54.13,2025-11-30T09:04:46.925209+00:00,2025-11-30T09:04:46.925217+00:00
6646,540,16,0.0,48.09,106.46,2025-11-30T09:04:46.928133+00:00,2025-11-30T09:04:46.928144+00:00
6647,540,15,31.1,0.0,33.74,2025-11-30T09:04:46.933396+00:00,2025-11-30T09:04:46.933408+00:00
6648,540,40,46.71,0.0,31.36,2025-11-30T09:04:46.937086+00:00,2025-11-30T09:04:46.937095+00:00
6649,540,28,0.0,0.0,42.53,2025-11-30T09:04:46.939745+00:00,2025-11-30T09:04:46.939754+00:00
6650,540,25,55.22,0.0,61.09,2025-11-30T09:04:46.942152+00:00,2025-11-30T09:04:46.942160+00:00
6651,540,38,0.0,10.86,3.68,2025-11-30T09:04:46.944160+00:00,2025-11-30T09:04:46.944167+00:00
6652,540,29,6.4,0.0,62.74,2025-11-30T09:04:46.946208+00:00,2025-11-30T09:04:46.946215+00:00
6653,540,44,0.0,0.0,33.56,2025-11-30T09:04:46.948486+00:00,2025-11-30T09:04:46.948495+00:00
6654,540,17,0.0,0.0,33.13,2025-11-30T09:04:46.953591+00:00,2025-11-30T09:04:46.953601+00:00
6655,540,20,0.0,0.0,38.72,2025-11-30T09:04:46.956343+00:00,2025-11-30T09:04:46.956352+00:00
6656,540,35,0.0,116.52,46.99,2025-11-30T09:04:46.959568+00:00,2025-11-30T09:04:46.959578+00:00
6657,540,33,0.0,76.52,31.66,2025-11-30T09:04:46.962968+00:00,2025-11-30T09:04:46.962978+00:00
6658,540,27,0.0,44.47,28.63,2025-11-30T09:04:46.967415+00:00,2025-11-30T09:04:46.967460+00:00
6659,541,27,0.0,0.0,55.05,2025-11-30T09:04:46.970773+00:00,2025-11-30T09:04:46.970782+00:00
6660,541,26,0.0,0.0,39.75,2025-11-30T09:04:46.973013+00:00,2025-11-30T09:04:46.973021+00:00
6661,541,24,134.61,0.0,41.77,2025-11-30T09:04:46.975353+00:00,2025-11-30T09:04:46.975360+00:00
6662,541,20,0.0,29.11,17.61,2025-11-30T09:04:46.977757+00:00,2025-11-30T09:04:46.977765+00:00
6663,541,22,53.25,0.0,29.48,2025-11-30T09:04:46.980357+00:00,2025-11-30T09:04:46.980364+00:00
6664,541,39,69.77,0.0,86.51,2025-11-30T09:04:46.983313+00:00,2025-11-30T09:04:46.983322+00:00
6665,541,30,20.72,0.0,49.11,2025-11-30T09:04:46.987404+00:00,2025-11-30T09:04:46.987417+00:00
6666,541,25,62.45,0.0,38.53,2025-11-30T09:04:46.991007+00:00,2025-11-30T09:04:46.991016+00:00
6667,541,28,0.0,19.22,9.96,2025-11-30T09:04:46.993138+00:00,2025-11-30T09:04:46.993146+00:00
6668,541,34,0.0,0.0,19.89,2025-11-30T09:04:46.997144+00:00,2025-11-30T09:04:46.997154+00:00
6669,541,33,0.0,0.0,10.53,2025-11-30T09:04:47.001496+00:00,2025-11-30T09:04:47.001505+00:00
6670,541,36,0.0,0.0,19.56,2025-11-30T09:04:47.004387+00:00,2025-11-30T09:04:47.004396+00:00
6671,541,41,0.0,26.49,13.0,2025-11-30T09:04:47.006449+00:00,2025-11-30T09:04:47.006457+00:00
6672,541,43,58.67,0.0,24.05,2025-11-30T09:04:47.008990+00:00,2025-11-30T09:04:47.008998+00:00
6673,541,31,0.0,54.24,30.8,2025-11-30T09:04:47.011070+00:00,2025-11-30T09:04:47.011076+00:00
6674,541,19,0.0,0.0,45.44,2025-11-30T09:04:47.013165+00:00,2025-11-30T09:04:47.013174+00:00
6675,541,18,0.0,0.0,40.56,2025-11-30T09:04:47.015511+00:00,2025-11-30T09:04:47.015518+00:00
6676,541,42,71.59,0.0,37.0,2025-11-30T09:04:47.019357+00:00,2025-11-30T09:04:47.019367+00:00
6677,542,36,14.28,0.0,9.0,2025-11-30T09:04:47.022399+00:00,2025-11-30T09:04:47.022407+00:00
6678,542,19,0.0,36.76,15.56,2025-11-30T09:04:47.025022+00:00,2025-11-30T09:04:47.025030+00:00
6679,542,42,38.95,0.0,25.68,2025-11-30T09:04:47.027869+00:00,2025-11-30T09:04:47.027879+00:00
6680,542,23,0.0,95.43,35.79,2025-11-30T09:04:47.031627+00:00,2025-11-30T09:04:47.031638+00:00
6681,542,30,0.0,0.0,39.0,2025-11-30T09:04:47.035630+00:00,2025-11-30T09:04:47.035639+00:00
6682,542,27,0.0,0.0,12.82,2025-11-30T09:04:47.039402+00:00,2025-11-30T09:04:47.039410+00:00
6683,542,38,0.0,46.84,20.1,2025-11-30T09:04:47.041786+00:00,2025-11-30T09:04:47.041793+00:00
6684,542,43,235.34,0.0,158.8,2025-11-30T09:04:47.043911+00:00,2025-11-30T09:04:47.043918+00:00
6685,542,34,0.0,0.0,56.45,2025-11-30T09:04:47.045961+00:00,2025-11-30T09:04:47.045967+00:00
6686,542,39,70.66,0.0,43.95,2025-11-30T09:04:47.048618+00:00,2025-11-30T09:04:47.048627+00:00
6687,542,41,9.67,0.0,6.13,2025-11-30T09:04:47.052561+00:00,2025-11-30T09:04:47.052572+00:00
6688,542,40,5.66,0.0,11.64,2025-11-30T09:04:47.055040+00:00,2025-11-30T09:04:47.055048+00:00
6689,542,21,69.29,0.0,38.75,2025-11-30T09:04:47.057177+00:00,2025-11-30T09:04:47.057184+00:00
6690,542,22,18.66,0.0,8.03,2025-11-30T09:04:47.060483+00:00,2025-11-30T09:04:47.060493+00:00
6691,542,18,109.44,0.0,45.24,2025-11-30T09:04:47.064061+00:00,2025-11-30T09:04:47.064072+00:00
6692,542,32,0.0,101.9,45.09,2025-11-30T09:04:47.067668+00:00,2025-11-30T09:04:47.067680+00:00
6693,542,35,0.0,0.0,42.57,2025-11-30T09:04:47.071448+00:00,2025-11-30T09:04:47.071458+00:00
6694,542,33,0.0,0.0,28.8,2025-11-30T09:04:47.074186+00:00,2025-11-30T09:04:47.074193+00:00
6695,543,30,43.72,15.03,25.67,2025-11-30T09:04:47.077028+00:00,2025-11-30T09:04:47.077038+00:00
6696,543,33,38.78,0.0,62.58,2025-11-30T09:04:47.080863+00:00,2025-11-30T09:04:47.080870+00:00
6697,543,36,0.0,20.56,14.38,2025-11-30T09:04:47.084229+00:00,2025-11-30T09:04:47.084242+00:00
6698,543,37,0.0,0.0,23.33,2025-11-30T09:04:47.087042+00:00,2025-11-30T09:04:47.087051+00:00
6699,543,41,32.24,0.0,49.75,2025-11-30T09:04:47.090020+00:00,2025-11-30T09:04:47.090028+00:00
6700,543,44,0.0,0.0,3.39,2025-11-30T09:04:47.092486+00:00,2025-11-30T09:04:47.092492+00:00
6701,543,22,0.0,0.0,16.14,2025-11-30T09:04:47.094894+00:00,2025-11-30T09:04:47.094904+00:00
6702,543,29,0.0,0.0,28.93,2025-11-30T09:04:47.099781+00:00,2025-11-30T09:04:47.099795+00:00
6703,543,27,78.79,0.0,29.72,2025-11-30T09:04:47.103679+00:00,2025-11-30T09:04:47.103689+00:00
6704,543,24,0.0,54.98,24.31,2025-11-30T09:04:47.105945+00:00,2025-11-30T09:04:47.105952+00:00
6705,543,25,52.33,0.0,31.69,2025-11-30T09:04:47.108326+00:00,2025-11-30T09:04:47.108334+00:00
6706,543,15,6.58,0.0,3.49,2025-11-30T09:04:47.110776+00:00,2025-11-30T09:04:47.110783+00:00
6707,543,38,0.0,34.63,25.71,2025-11-30T09:04:47.113244+00:00,2025-11-30T09:04:47.113252+00:00
6708,543,42,128.18,0.0,44.28,2025-11-30T09:04:47.116083+00:00,2025-11-30T09:04:47.116095+00:00
6709,543,39,0.0,0.0,11.2,2025-11-30T09:04:47.119535+00:00,2025-11-30T09:04:47.119547+00:00
6710,543,26,0.0,0.0,48.91,2025-11-30T09:04:47.123113+00:00,2025-11-30T09:04:47.123120+00:00
6711,543,31,34.02,0.0,20.22,2025-11-30T09:04:47.125763+00:00,2025-11-30T09:04:47.125770+00:00
6712,544,32,137.07,0.0,78.69,2025-11-30T09:04:47.130280+00:00,2025-11-30T09:04:47.130289+00:00
6713,544,17,0.0,0.0,45.11,2025-11-30T09:04:47.134511+00:00,2025-11-30T09:04:47.134523+00:00
6714,544,23,0.0,0.0,37.26,2025-11-30T09:04:47.137701+00:00,2025-11-30T09:04:47.137710+00:00
6715,544,34,0.0,56.0,24.09,2025-11-30T09:04:47.140539+00:00,2025-11-30T09:04:47.140547+00:00
6716,544,24,50.5,0.0,71.3,2025-11-30T09:04:47.142953+00:00,2025-11-30T09:04:47.142960+00:00
6717,544,42,58.98,0.0,30.75,2025-11-30T09:04:47.145202+00:00,2025-11-30T09:04:47.145208+00:00
6718,544,27,0.0,93.85,29.46,2025-11-30T09:04:47.147286+00:00,2025-11-30T09:04:47.147292+00:00
6719,544,36,0.0,0.0,43.53,2025-11-30T09:04:47.150618+00:00,2025-11-30T09:04:47.150630+00:00
6720,544,38,0.0,21.36,10.58,2025-11-30T09:04:47.153322+00:00,2025-11-30T09:04:47.153330+00:00
6721,544,16,0.0,0.0,38.91,2025-11-30T09:04:47.155869+00:00,2025-11-30T09:04:47.155877+00:00
6722,544,35,83.64,0.0,29.49,2025-11-30T09:04:47.159052+00:00,2025-11-30T09:04:47.159061+00:00
6723,544,40,7.27,0.0,3.65,2025-11-30T09:04:47.163929+00:00,2025-11-30T09:04:47.163940+00:00
6724,544,19,65.79,0.0,68.53,2025-11-30T09:04:47.168808+00:00,2025-11-30T09:04:47.168818+00:00
6725,544,20,34.12,0.0,94.48,2025-11-30T09:04:47.171503+00:00,2025-11-30T09:04:47.171510+00:00
6726,545,30,0.0,10.73,4.31,2025-11-30T09:04:47.173878+00:00,2025-11-30T09:04:47.173885+00:00
6727,545,25,7.94,0.0,20.56,2025-11-30T09:04:47.176537+00:00,2025-11-30T09:04:47.176544+00:00
6728,545,18,62.85,79.9,72.0,2025-11-30T09:04:47.179549+00:00,2025-11-30T09:04:47.179557+00:00
6729,545,31,28.54,0.0,17.14,2025-11-30T09:04:47.182635+00:00,2025-11-30T09:04:47.182643+00:00
6730,545,40,0.0,98.31,52.85,2025-11-30T09:04:47.186231+00:00,2025-11-30T09:04:47.186240+00:00
6731,545,34,86.02,0.0,31.64,2025-11-30T09:04:47.189321+00:00,2025-11-30T09:04:47.189332+00:00
6732,545,27,0.0,0.0,52.76,2025-11-30T09:04:47.192318+00:00,2025-11-30T09:04:47.192325+00:00
6733,545,42,0.0,30.1,18.35,2025-11-30T09:04:47.196664+00:00,2025-11-30T09:04:47.196676+00:00
6734,545,19,0.0,0.0,72.96,2025-11-30T09:04:47.201263+00:00,2025-11-30T09:04:47.201276+00:00
6735,545,15,0.0,0.0,5.49,2025-11-30T09:04:47.204341+00:00,2025-11-30T09:04:47.204349+00:00
6736,545,41,95.13,0.0,35.44,2025-11-30T09:04:47.206656+00:00,2025-11-30T09:04:47.206663+00:00
6737,545,33,0.0,0.0,14.11,2025-11-30T09:04:47.208966+00:00,2025-11-30T09:04:47.208973+00:00
6738,545,38,0.0,0.0,27.65,2025-11-30T09:04:47.211051+00:00,2025-11-30T09:04:47.211058+00:00
6739,545,32,0.0,0.0,15.69,2025-11-30T09:04:47.213056+00:00,2025-11-30T09:04:47.213064+00:00
6740,545,24,0.0,0.0,1.98,2025-11-30T09:04:47.215441+00:00,2025-11-30T09:04:47.215449+00:00
6741,546,16,0.0,0.0,180.14,2025-11-30T09:04:47.219026+00:00,2025-11-30T09:04:47.219035+00:00
6742,546,30,0.0,0.0,357.21,2025-11-30T09:04:47.221403+00:00,2025-11-30T09:04:47.221411+00:00
6743,546,37,0.0,0.0,921.07,2025-11-30T09:04:47.223892+00:00,2025-11-30T09:04:47.223902+00:00
6744,546,27,0.0,1416.46,534.04,2025-11-30T09:04:47.226380+00:00,2025-11-30T09:04:47.226388+00:00
6745,546,26,0.0,440.65,271.96,2025-11-30T09:04:47.229477+00:00,2025-11-30T09:04:47.229489+00:00
6746,546,15,0.0,0.0,374.18,2025-11-30T09:04:47.233096+00:00,2025-11-30T09:04:47.233107+00:00
6747,546,31,0.0,0.0,222.68,2025-11-30T09:04:47.237945+00:00,2025-11-30T09:04:47.237955+00:00
6748,546,25,0.0,1283.89,453.58,2025-11-30T09:04:47.241905+00:00,2025-11-30T09:04:47.241914+00:00
6749,546,34,635.7,0.0,654.84,2025-11-30T09:04:47.244069+00:00,2025-11-30T09:04:47.244078+00:00
6750,546,43,0.0,0.0,371.83,2025-11-30T09:04:47.246080+00:00,2025-11-30T09:04:47.246087+00:00
6751,546,39,0.0,0.0,194.83,2025-11-30T09:04:47.248115+00:00,2025-11-30T09:04:47.248121+00:00
6752,546,41,252.23,0.0,122.98,2025-11-30T09:04:47.251593+00:00,2025-11-30T09:04:47.251603+00:00
6753,546,20,952.32,0.0,831.86,2025-11-30T09:04:47.253931+00:00,2025-11-30T09:04:47.253938+00:00
6754,546,19,0.0,287.55,188.58,2025-11-30T09:04:47.255851+00:00,2025-11-30T09:04:47.255858+00:00
6755,546,33,0.0,0.0,325.09,2025-11-30T09:04:47.258712+00:00,2025-11-30T09:04:47.258721+00:00
6756,546,44,985.09,0.0,394.84,2025-11-30T09:04:47.261097+00:00,2025-11-30T09:04:47.261107+00:00
6757,548,31,0.0,92.61,44.43,2025-11-30T09:04:47.264169+00:00,2025-11-30T09:04:47.264218+00:00
6758,548,34,32.51,0.0,18.25,2025-11-30T09:04:47.268060+00:00,2025-11-30T09:04:47.268071+00:00
6759,548,32,0.0,0.0,28.15,2025-11-30T09:04:47.270732+00:00,2025-11-30T09:04:47.270740+00:00
6760,548,33,172.6,0.0,65.25,2025-11-30T09:04:47.272916+00:00,2025-11-30T09:04:47.272923+00:00
6761,548,17,0.0,0.0,30.31,2025-11-30T09:04:47.274844+00:00,2025-11-30T09:04:47.274851+00:00
6762,548,36,0.0,0.0,10.36,2025-11-30T09:04:47.278646+00:00,2025-11-30T09:04:47.278655+00:00
6763,548,42,0.0,0.0,39.37,2025-11-30T09:04:47.281416+00:00,2025-11-30T09:04:47.281426+00:00
6764,548,25,0.0,0.0,21.31,2025-11-30T09:04:47.285083+00:00,2025-11-30T09:04:47.285093+00:00
6765,548,24,0.0,49.61,34.08,2025-11-30T09:04:47.287708+00:00,2025-11-30T09:04:47.287717+00:00
6766,548,38,34.1,0.0,12.91,2025-11-30T09:04:47.290512+00:00,2025-11-30T09:04:47.290521+00:00
6767,548,21,0.0,0.0,76.35,2025-11-30T09:04:47.292740+00:00,2025-11-30T09:04:47.292749+00:00
6768,548,35,0.0,29.33,14.87,2025-11-30T09:04:47.294732+00:00,2025-11-30T09:04:47.294739+00:00
6769,548,43,0.0,0.0,10.75,2025-11-30T09:04:47.298129+00:00,2025-11-30T09:04:47.298139+00:00
6770,548,16,0.0,0.0,3.93,2025-11-30T09:04:47.302224+00:00,2025-11-30T09:04:47.302234+00:00
6771,548,44,47.49,0.0,31.41,2025-11-30T09:04:47.304798+00:00,2025-11-30T09:04:47.304807+00:00
6772,548,39,0.0,10.31,6.56,2025-11-30T09:04:47.306941+00:00,2025-11-30T09:04:47.306948+00:00
6773,548,15,0.0,87.64,29.73,2025-11-30T09:04:47.309381+00:00,2025-11-30T09:04:47.309387+00:00
6774,549,29,0.0,11.72,5.88,2025-11-30T09:04:47.311299+00:00,2025-11-30T09:04:47.311305+00:00
6775,549,17,0.0,49.98,79.51,2025-11-30T09:04:47.313197+00:00,2025-11-30T09:04:47.313203+00:00
6776,549,24,37.6,0.0,13.21,2025-11-30T09:04:47.317926+00:00,2025-11-30T09:04:47.317938+00:00
6777,549,37,0.0,59.55,28.19,2025-11-30T09:04:47.320540+00:00,2025-11-30T09:04:47.320549+00:00
6778,549,40,0.0,105.44,79.81,2025-11-30T09:04:47.322800+00:00,2025-11-30T09:04:47.322807+00:00
6779,549,26,0.0,0.0,1.46,2025-11-30T09:04:47.325141+00:00,2025-11-30T09:04:47.325160+00:00
6780,549,20,106.22,0.0,34.67,2025-11-30T09:04:47.327284+00:00,2025-11-30T09:04:47.327290+00:00
6781,549,33,0.0,0.0,18.35,2025-11-30T09:04:47.330999+00:00,2025-11-30T09:04:47.331009+00:00
6782,549,41,0.0,31.67,20.02,2025-11-30T09:04:47.334706+00:00,2025-11-30T09:04:47.334716+00:00
6783,549,42,68.78,0.0,43.63,2025-11-30T09:04:47.337782+00:00,2025-11-30T09:04:47.337793+00:00
6784,549,44,0.0,66.72,45.18,2025-11-30T09:04:47.340647+00:00,2025-11-30T09:04:47.340655+00:00
6785,549,18,0.0,20.55,12.88,2025-11-30T09:04:47.342999+00:00,2025-11-30T09:04:47.343006+00:00
6786,549,21,0.0,0.0,47.05,2025-11-30T09:04:47.345253+00:00,2025-11-30T09:04:47.345260+00:00
6787,549,39,78.77,0.0,44.16,2025-11-30T09:04:47.347287+00:00,2025-11-30T09:04:47.347294+00:00
6788,550,34,0.0,33.09,11.73,2025-11-30T09:04:47.350616+00:00,2025-11-30T09:04:47.350625+00:00
6789,550,17,28.17,0.0,62.57,2025-11-30T09:04:47.353147+00:00,2025-11-30T09:04:47.353155+00:00
6790,550,27,0.0,2.63,1.48,2025-11-30T09:04:47.356717+00:00,2025-11-30T09:04:47.356725+00:00
6791,550,38,0.0,0.0,32.93,2025-11-30T09:04:47.359618+00:00,2025-11-30T09:04:47.359626+00:00
6792,550,15,0.0,20.08,26.52,2025-11-30T09:04:47.362284+00:00,2025-11-30T09:04:47.362295+00:00
6793,550,31,0.0,0.0,40.11,2025-11-30T09:04:47.366497+00:00,2025-11-30T09:04:47.366507+00:00
6794,550,25,24.58,0.0,52.78,2025-11-30T09:04:47.370390+00:00,2025-11-30T09:04:47.370399+00:00
6795,550,37,0.0,0.0,8.1,2025-11-30T09:04:47.372810+00:00,2025-11-30T09:04:47.372817+00:00
6796,550,24,20.67,6.09,28.97,2025-11-30T09:04:47.374725+00:00,2025-11-30T09:04:47.374731+00:00
6797,550,43,17.3,0.0,50.25,2025-11-30T09:04:47.376698+00:00,2025-11-30T09:04:47.376703+00:00
6798,550,26,0.0,48.84,32.55,2025-11-30T09:04:47.379162+00:00,2025-11-30T09:04:47.379170+00:00
6799,550,19,44.09,0.0,23.4,2025-11-30T09:04:47.381781+00:00,2025-11-30T09:04:47.381792+00:00
6800,550,21,0.0,6.96,30.77,2025-11-30T09:04:47.385301+00:00,2025-11-30T09:04:47.385313+00:00
6801,550,42,0.0,35.71,35.23,2025-11-30T09:04:47.389236+00:00,2025-11-30T09:04:47.389245+00:00
6802,551,25,0.0,0.0,208.98,2025-11-30T09:04:47.391994+00:00,2025-11-30T09:04:47.392002+00:00
6803,551,34,0.0,0.0,419.19,2025-11-30T09:04:47.394039+00:00,2025-11-30T09:04:47.394045+00:00
6804,551,22,0.0,79.16,587.35,2025-11-30T09:04:47.397735+00:00,2025-11-30T09:04:47.397745+00:00
6805,551,33,622.27,0.0,669.62,2025-11-30T09:04:47.402487+00:00,2025-11-30T09:04:47.402497+00:00
6806,551,30,262.73,0.0,158.02,2025-11-30T09:04:47.404983+00:00,2025-11-30T09:04:47.404990+00:00
6807,551,19,0.0,0.0,454.91,2025-11-30T09:04:47.407199+00:00,2025-11-30T09:04:47.407206+00:00
6808,551,35,887.48,0.0,891.39,2025-11-30T09:04:47.409830+00:00,2025-11-30T09:04:47.409838+00:00
6809,551,16,0.0,165.46,105.67,2025-11-30T09:04:47.411747+00:00,2025-11-30T09:04:47.411753+00:00
6810,551,31,0.0,719.99,449.13,2025-11-30T09:04:47.413706+00:00,2025-11-30T09:04:47.413713+00:00
6811,551,36,0.0,0.0,368.53,2025-11-30T09:04:47.416528+00:00,2025-11-30T09:04:47.416537+00:00
6812,551,27,0.0,0.0,277.62,2025-11-30T09:04:47.419754+00:00,2025-11-30T09:04:47.419762+00:00
6813,551,29,0.0,0.0,147.39,2025-11-30T09:04:47.422129+00:00,2025-11-30T09:04:47.422137+00:00
6814,551,41,0.0,733.3,246.32,2025-11-30T09:04:47.425206+00:00,2025-11-30T09:04:47.425214+00:00
6815,551,38,712.15,0.0,398.53,2025-11-30T09:04:47.429072+00:00,2025-11-30T09:04:47.429082+00:00
6816,551,37,0.0,0.0,404.28,2025-11-30T09:04:47.433688+00:00,2025-11-30T09:04:47.433701+00:00
6817,551,23,401.84,0.0,152.78,2025-11-30T09:04:47.437203+00:00,2025-11-30T09:04:47.437213+00:00
6818,551,32,0.0,0.0,474.05,2025-11-30T09:04:47.440162+00:00,2025-11-30T09:04:47.440170+00:00
6819,551,17,0.0,0.0,142.03,2025-11-30T09:04:47.442568+00:00,2025-11-30T09:04:47.442575+00:00
6820,552,32,0.0,0.0,14.31,2025-11-30T09:04:47.444779+00:00,2025-11-30T09:04:47.444786+00:00
6821,552,31,0.0,67.08,44.16,2025-11-30T09:04:47.446788+00:00,2025-11-30T09:04:47.446795+00:00
6822,552,18,0.0,0.0,24.69,2025-11-30T09:04:47.450149+00:00,2025-11-30T09:04:47.450161+00:00
6823,552,30,17.83,0.0,46.03,2025-11-30T09:04:47.452942+00:00,2025-11-30T09:04:47.452950+00:00
6824,552,19,57.88,0.0,34.95,2025-11-30T09:04:47.456347+00:00,2025-11-30T09:04:47.456356+00:00
6825,552,37,0.0,0.0,9.16,2025-11-30T09:04:47.459214+00:00,2025-11-30T09:04:47.459223+00:00
6826,552,43,0.0,0.0,49.2,2025-11-30T09:04:47.463252+00:00,2025-11-30T09:04:47.463262+00:00
6827,552,26,0.0,0.0,46.48,2025-11-30T09:04:47.467295+00:00,2025-11-30T09:04:47.467316+00:00
6828,552,24,22.76,0.0,13.46,2025-11-30T09:04:47.470634+00:00,2025-11-30T09:04:47.470642+00:00
6829,552,42,0.0,0.0,25.51,2025-11-30T09:04:47.473123+00:00,2025-11-30T09:04:47.473130+00:00
6830,552,22,0.0,0.0,39.39,2025-11-30T09:04:47.475410+00:00,2025-11-30T09:04:47.475416+00:00
6831,552,17,0.0,0.0,25.03,2025-11-30T09:04:47.477824+00:00,2025-11-30T09:04:47.477830+00:00
6832,552,35,0.0,0.0,37.24,2025-11-30T09:04:47.480563+00:00,2025-11-30T09:04:47.480570+00:00
6833,552,25,44.73,6.26,24.08,2025-11-30T09:04:47.483933+00:00,2025-11-30T09:04:47.483942+00:00
6834,552,20,0.0,0.0,35.6,2025-11-30T09:04:47.486952+00:00,2025-11-30T09:04:47.486960+00:00
6835,553,18,0.0,0.0,83.44,2025-11-30T09:04:47.490034+00:00,2025-11-30T09:04:47.490042+00:00
6836,553,28,0.0,33.6,44.64,2025-11-30T09:04:47.492564+00:00,2025-11-30T09:04:47.492571+00:00
6837,553,44,0.0,0.0,41.66,2025-11-30T09:04:47.495163+00:00,2025-11-30T09:04:47.495173+00:00
6838,553,17,0.0,0.0,44.74,2025-11-30T09:04:47.500764+00:00,2025-11-30T09:04:47.500775+00:00
6839,553,19,0.0,68.99,31.88,2025-11-30T09:04:47.504441+00:00,2025-11-30T09:04:47.504452+00:00
6840,553,39,0.0,0.0,42.89,2025-11-30T09:04:47.506889+00:00,2025-11-30T09:04:47.506896+00:00
6841,553,33,0.0,73.73,34.26,2025-11-30T09:04:47.509415+00:00,2025-11-30T09:04:47.509423+00:00
6842,553,36,0.0,65.58,51.49,2025-11-30T09:04:47.511365+00:00,2025-11-30T09:04:47.511372+00:00
6843,553,38,57.8,0.0,37.36,2025-11-30T09:04:47.513338+00:00,2025-11-30T09:04:47.513357+00:00
6844,553,24,2.68,0.0,36.26,2025-11-30T09:04:47.516382+00:00,2025-11-30T09:04:47.516394+00:00
6845,553,27,0.0,0.0,12.28,2025-11-30T09:04:47.519980+00:00,2025-11-30T09:04:47.519989+00:00
6846,553,29,0.0,0.0,37.67,2025-11-30T09:04:47.522316+00:00,2025-11-30T09:04:47.522322+00:00
6847,553,41,0.0,0.0,42.54,2025-11-30T09:04:47.524724+00:00,2025-11-30T09:04:47.524731+00:00
6848,553,26,0.0,15.95,9.59,2025-11-30T09:04:47.528395+00:00,2025-11-30T09:04:47.528406+00:00
6849,554,16,83.87,62.76,45.9,2025-11-30T09:04:47.532799+00:00,2025-11-30T09:04:47.532811+00:00
6850,554,44,0.0,0.0,69.19,2025-11-30T09:04:47.536545+00:00,2025-11-30T09:04:47.536554+00:00
6851,554,43,0.0,0.0,37.63,2025-11-30T09:04:47.539720+00:00,2025-11-30T09:04:47.539729+00:00
6852,554,34,0.0,44.95,79.03,2025-11-30T09:04:47.543287+00:00,2025-11-30T09:04:47.543293+00:00
6853,554,23,0.0,0.0,25.11,2025-11-30T09:04:47.545494+00:00,2025-11-30T09:04:47.545500+00:00
6854,554,22,102.27,0.0,38.77,2025-11-30T09:04:47.547619+00:00,2025-11-30T09:04:47.547626+00:00
6855,554,32,0.0,68.51,53.31,2025-11-30T09:04:47.551000+00:00,2025-11-30T09:04:47.551009+00:00
6856,554,31,5.25,0.0,47.97,2025-11-30T09:04:47.553538+00:00,2025-11-30T09:04:47.553545+00:00
6857,554,38,20.63,0.0,34.98,2025-11-30T09:04:47.556032+00:00,2025-11-30T09:04:47.556038+00:00
6858,554,37,0.0,0.0,46.16,2025-11-30T09:04:47.559380+00:00,2025-11-30T09:04:47.559389+00:00
6859,554,40,0.0,0.0,46.23,2025-11-30T09:04:47.563327+00:00,2025-11-30T09:04:47.563338+00:00
6860,554,39,39.88,0.0,17.97,2025-11-30T09:04:47.567625+00:00,2025-11-30T09:04:47.567646+00:00
6861,554,30,0.0,0.0,48.62,2025-11-30T09:04:47.570721+00:00,2025-11-30T09:04:47.570731+00:00
6862,554,27,0.0,0.0,36.35,2025-11-30T09:04:47.573200+00:00,2025-11-30T09:04:47.573207+00:00
6863,556,18,125.29,0.0,38.72,2025-11-30T09:04:47.575285+00:00,2025-11-30T09:04:47.575290+00:00
6864,556,20,29.8,0.0,20.32,2025-11-30T09:04:47.577330+00:00,2025-11-30T09:04:47.577336+00:00
6865,556,35,59.31,0.0,70.92,2025-11-30T09:04:47.580544+00:00,2025-11-30T09:04:47.580550+00:00
6866,556,23,0.0,0.0,27.41,2025-11-30T09:04:47.586277+00:00,2025-11-30T09:04:47.586285+00:00
6867,556,22,53.58,0.0,67.08,2025-11-30T09:04:47.589341+00:00,2025-11-30T09:04:47.589351+00:00
6868,556,38,0.0,0.0,41.15,2025-11-30T09:04:47.591712+00:00,2025-11-30T09:04:47.591720+00:00
6869,556,36,0.0,0.0,52.15,2025-11-30T09:04:47.593743+00:00,2025-11-30T09:04:47.593749+00:00
6870,556,19,25.91,0.0,19.89,2025-11-30T09:04:47.597290+00:00,2025-11-30T09:04:47.597300+00:00
6871,556,41,0.0,45.69,31.58,2025-11-30T09:04:47.601956+00:00,2025-11-30T09:04:47.601968+00:00
6872,556,24,0.0,0.0,49.48,2025-11-30T09:04:47.604685+00:00,2025-11-30T09:04:47.604692+00:00
6873,556,39,0.0,0.0,8.4,2025-11-30T09:04:47.606786+00:00,2025-11-30T09:04:47.606791+00:00
6874,556,29,12.28,0.0,7.94,2025-11-30T09:04:47.609709+00:00,2025-11-30T09:04:47.609715+00:00
6875,556,44,211.68,0.0,79.73,2025-11-30T09:04:47.612162+00:00,2025-11-30T09:04:47.612168+00:00
6876,556,43,0.0,62.5,42.13,2025-11-30T09:04:47.614152+00:00,2025-11-30T09:04:47.614158+00:00
6877,556,28,0.0,135.51,41.36,2025-11-30T09:04:47.616964+00:00,2025-11-30T09:04:47.616973+00:00
6878,556,42,29.77,0.0,19.99,2025-11-30T09:04:47.620300+00:00,2025-11-30T09:04:47.620308+00:00
6879,556,27,0.0,0.0,4.16,2025-11-30T09:04:47.622644+00:00,2025-11-30T09:04:47.622651+00:00
