id,user_id,market_id,outcome_type,trade_type,amount_staked,tokens_amount,price_at_execution,onchain_trade_id,onchain_tx_hash,created_at
9518,343,43,YES,buy,5.69,9.22,0.617188,704744,0x08a6ee02814c,2025-12-01T00:44:53.699582+00:00
9517,343,24,NO,buy,27.48,72.52,0.378937,682598,0x0bbbaa05fa91,2025-12-01T00:14:51.699582+00:00
9516,343,21,NO,buy,19.25,35.01,0.549838,884372,0x02b7d408b64c,2025-11-30T23:37:36.699582+00:00
11367,443,41,YES,buy,18.41,33.2,0.554495,609407,0x0d269f02c62a,2025-11-30T23:35:45.772966+00:00
11366,443,18,NO,buy,13.51,44.56,0.303211,861836,0x03063a0d26f2,2025-11-30T23:18:43.772966+00:00
8356,285,19,YES,sell,41.37,115.03,0.359638,785179,0x067fba0640b2,2025-11-30T23:08:11.251341+00:00
4166,64,39,NO,sell,31.96,51.17,0.624599,814894,0x0289150cfb8b,2025-11-30T22:59:21.573924+00:00
9515,343,32,YES,buy,19.41,60.35,0.321634,850040,0x01a1580b66f7,2025-11-30T22:56:45.699582+00:00
8355,285,42,NO,buy,21.43,35.31,0.606898,549068,0x065581098fea,2025-11-30T22:31:38.251341+00:00
11365,443,15,YES,buy,12.7,20.05,0.633406,177697,0x0c85990bbca0,2025-11-30T22:29:18.772966+00:00
9428,338,30,NO,buy,43.5,92.74,0.469061,979089,0x07db3f083863,2025-11-30T22:12:04.349984+00:00
9514,343,31,YES,sell,31.28,89.48,0.349558,856384,0x034fc308505b,2025-11-30T22:06:02.699582+00:00
4165,64,39,NO,buy,3.17,6.11,0.518405,184594,0x0e8ac10bcf84,2025-11-30T22:02:30.573924+00:00
7394,237,16,NO,sell,42.59,73.85,0.576696,99498,0x08adae090a50,2025-11-30T21:58:28.699723+00:00
9268,329,34,NO,sell,11.47,23.17,0.494966,421508,0x08494403ba65,2025-11-30T21:57:20.737607+00:00
9267,329,32,NO,sell,9.47,13.9,0.681142,55168,0x06d7440b9c99,2025-11-30T21:51:13.737607+00:00
13261,540,27,NO,buy,28.63,44.47,0.643753,532932,0x0c8c16047898,2025-11-30T21:49:18.607519+00:00
6627,198,23,YES,sell,16.16,38.27,0.422238,878469,0x03a9b50eebae,2025-11-30T21:45:57.770022+00:00
10158,379,32,YES,sell,1.13,1.85,0.611439,770501,0x038e5c08cb9d,2025-11-30T21:43:43.240051+00:00
8354,285,39,NO,buy,34.28,77.09,0.444649,296950,0x0919f608c09e,2025-11-30T21:38:29.251341+00:00
11364,443,30,YES,sell,32.3,106.85,0.302306,30643,0x0e344c028545,2025-11-30T21:37:50.772966+00:00
9513,343,33,YES,buy,24.52,35.35,0.693592,921624,0x072d920a83fd,2025-11-30T21:35:52.699582+00:00
13260,540,33,NO,buy,31.66,76.52,0.41375,451490,0x07861d0277d4,2025-11-30T21:34:56.607519+00:00
4142,63,31,YES,sell,19.27,46.64,0.413157,355803,0x0810f10dead5,2025-11-30T21:32:42.491714+00:00
11363,443,42,YES,sell,4.24,9.99,0.424361,275424,0x08ce520da2b6,2025-11-30T21:30:28.772966+00:00
9427,338,15,NO,buy,35.75,54.69,0.65371,592744,0x028dfa021edf,2025-11-30T21:30:09.349984+00:00
6672,201,32,NO,buy,41.45,59.94,0.691499,941785,0x0c2a530f0a65,2025-11-30T21:29:37.925906+00:00
6626,198,30,NO,sell,44.79,131.12,0.341592,557624,0x0ad9f9034819,2025-11-30T21:23:29.770022+00:00
6671,201,18,NO,buy,1.85,2.69,0.687296,308006,0x073eaf07b96d,2025-11-30T21:22:50.925906+00:00
9512,343,42,NO,buy,47.12,78.17,0.602757,320193,0x0d09db0abbf5,2025-11-30T21:21:34.699582+00:00
4049,58,37,YES,sell,3.23,10.04,0.32181,990949,0x0633370caf3f,2025-11-30T21:16:45.120420+00:00
4048,58,34,NO,buy,41.8,99.88,0.418499,317950,0x074ccb04659e,2025-11-30T21:15:38.120420+00:00
9907,364,44,NO,buy,40.76,70.87,0.575171,213995,0x0b059d0597da,2025-11-30T21:14:09.253548+00:00
4164,64,26,YES,sell,12.82,22.78,0.562842,611169,0x032f3b0ddeb1,2025-11-30T21:12:09.573924+00:00
7393,237,19,NO,buy,10.48,18.38,0.570054,932605,0x0958fe04fdd8,2025-11-30T21:12:02.699723+00:00
4163,64,15,NO,sell,3.13,6.88,0.454753,784618,0x077fab059593,2025-11-30T21:10:53.573924+00:00
8421,289,38,YES,sell,40.76,130.78,0.31167,220185,0x05118608dd0a,2025-11-30T21:06:30.489641+00:00
5181,121,36,NO,sell,30.02,74.38,0.403624,748868,0x0c832d09be30,2025-11-30T21:05:23.491061+00:00
10157,379,27,YES,buy,18.95,57.84,0.327638,72053,0x0f25390caccc,2025-11-30T21:04:04.240051+00:00
4141,63,43,NO,buy,25.72,69.7,0.369024,460022,0x057d620cd90b,2025-11-30T21:02:33.491714+00:00
9266,329,25,NO,sell,48.93,91.58,0.53431,121340,0x0ccb49028f67,2025-11-30T21:02:26.737607+00:00
11362,443,29,YES,buy,1.33,3.21,0.413796,961920,0x0451690260d1,2025-11-30T20:56:46.772966+00:00
8353,285,19,NO,buy,48.7,111.31,0.437521,810874,0x08efbe09d5c0,2025-11-30T20:56:14.251341+00:00
6670,201,16,YES,buy,3.25,7.42,0.437965,712799,0x07c59c0daea6,2025-11-30T20:55:09.925906+00:00
5802,151,28,YES,sell,42.71,113.35,0.376809,949206,0x06028309da50,2025-11-30T20:55:03.782167+00:00
6669,201,42,YES,buy,8.32,12.16,0.684053,960655,0x0e238307746e,2025-11-30T20:54:07.925906+00:00
8467,291,44,NO,sell,39.41,72.91,0.540534,980533,0x0e531c0de73f,2025-11-30T20:52:14.664216+00:00
6625,198,26,NO,buy,35.85,69.57,0.515331,438420,0x087e300a388e,2025-11-30T20:46:45.770022+00:00
8420,289,33,YES,buy,36.36,104.38,0.348346,399222,0x080a080b23a5,2025-11-30T20:45:40.489641+00:00
9426,338,24,YES,buy,16.83,34.21,0.492027,521533,0x0b57b90ad63a,2025-11-30T20:45:31.349984+00:00
9906,364,35,YES,sell,36.23,82.33,0.440037,331443,0x090dac04a89e,2025-11-30T20:45:00.253548+00:00
6624,198,20,YES,buy,9.66,26.78,0.360736,821102,0x0ec989044ace,2025-11-30T20:41:23.770022+00:00
4047,58,38,YES,buy,11.6,23.5,0.493679,798135,0x0d1e860af592,2025-11-30T20:39:40.120420+00:00
13259,540,16,NO,buy,32.97,48.09,0.685554,324023,0x0be3a80e41ae,2025-11-30T20:37:36.607519+00:00
9905,364,17,NO,sell,29.44,66.6,0.442052,53156,0x0a7c1c025734,2025-11-30T20:34:56.253548+00:00
9511,343,42,YES,buy,28.33,46.13,0.614141,338383,0x09e7ca0d914f,2025-11-30T20:33:21.699582+00:00
4162,64,20,YES,sell,4.32,8.46,0.510424,533280,0x09a4a30e1bc5,2025-11-30T20:32:54.573924+00:00
7304,232,22,YES,sell,38.05,84.84,0.448502,419458,0x0237b302da91,2025-11-30T20:32:31.356039+00:00
4046,58,37,NO,sell,16.02,40.84,0.392215,331876,0x0d1101049b73,2025-11-30T20:31:21.120420+00:00
8352,285,34,YES,buy,33.0,48.24,0.684046,595397,0x0e63e20c6c45,2025-11-30T20:29:56.251341+00:00
11832,466,32,YES,buy,25.67,49.61,0.51745,115070,0x0c0b1807d405,2025-11-30T20:26:14.446701+00:00
6668,201,34,NO,sell,41.84,70.04,0.597405,365519,0x0338be0a6112,2025-11-30T20:25:34.925906+00:00
9311,332,19,YES,buy,30.81,79.18,0.389119,997696,0x054b62073c23,2025-11-30T20:23:50.905483+00:00
11361,443,21,YES,buy,47.0,140.06,0.335574,91205,0x0c1ec8091b6d,2025-11-30T20:23:05.772966+00:00
9265,329,17,NO,buy,36.16,60.42,0.598517,912976,0x02c7de051f82,2025-11-30T20:23:05.737607+00:00
9904,364,38,NO,buy,34.63,64.99,0.532817,354491,0x0888030640b9,2025-11-30T20:19:54.253548+00:00
10156,379,28,YES,buy,11.05,18.95,0.583042,991653,0x0901000794cd,2025-11-30T20:19:42.240051+00:00
8419,289,15,NO,buy,27.07,71.33,0.379489,970841,0x0a10910779d1,2025-11-30T20:18:00.489641+00:00
9510,343,39,NO,buy,9.36,26.31,0.355774,191169,0x0d31c6038b23,2025-11-30T20:17:37.699582+00:00
11831,466,27,NO,sell,10.3,16.06,0.641384,915035,0x0ad49e0682fe,2025-11-30T20:15:25.446701+00:00
7392,237,21,YES,buy,1.42,2.14,0.66296,51384,0x03de6302b262,2025-11-30T20:15:24.699723+00:00
5180,121,18,YES,buy,16.58,27.6,0.600749,846241,0x046aa8070c74,2025-11-30T20:14:37.491061+00:00
5801,151,24,YES,sell,30.54,49.28,0.619727,935331,0x01c7fa0b79c5,2025-11-30T20:14:36.782167+00:00
8466,291,28,NO,buy,12.63,29.17,0.432974,434033,0x089fb00f22fc,2025-11-30T20:11:25.664216+00:00
10251,383,42,YES,buy,26.58,43.25,0.614547,985414,0x04acea09870b,2025-11-30T20:11:15.596740+00:00
9425,338,35,YES,buy,17.53,25.7,0.682187,64276,0x03882602911c,2025-11-30T20:09:13.349984+00:00
4045,58,24,NO,sell,28.12,64.27,0.437503,347859,0x0d75f90a5504,2025-11-30T20:07:10.120420+00:00
4140,63,33,YES,sell,30.65,61.23,0.500547,109529,0x02840f08bbf7,2025-11-30T20:07:02.491714+00:00
12996,527,19,NO,buy,24.97,52.98,0.471344,831613,0x0489510424a4,2025-11-30T20:06:41.686250+00:00
6399,186,43,NO,buy,47.1,76.76,0.613586,536294,0x074e2006e54d,2025-11-30T20:06:14.957147+00:00
4161,64,31,YES,buy,15.27,50.79,0.300626,599384,0x072bc2055ff9,2025-11-30T20:04:18.573924+00:00
7303,232,32,NO,buy,19.49,32.97,0.591155,441798,0x07bdf306d4b1,2025-11-30T20:00:59.356039+00:00
8351,285,19,YES,buy,21.93,42.8,0.512361,228552,0x052cdd030271,2025-11-30T19:56:11.251341+00:00
4655,91,41,YES,buy,38.51,59.06,0.652053,319083,0x082688081b1c,2025-11-30T19:55:54.486544+00:00
13258,540,29,YES,buy,3.59,6.4,0.561108,517263,0x07027a0e97c5,2025-11-30T19:54:43.607519+00:00
5800,151,24,NO,buy,6.44,9.55,0.674012,666030,0x0c3a7404ae13,2025-11-30T19:52:33.782167+00:00
8465,291,38,YES,sell,37.12,73.63,0.504168,268709,0x03b49f0bff13,2025-11-30T19:51:35.664216+00:00
11658,458,43,NO,buy,1.72,5.04,0.340991,49720,0x09976e0d79e6,2025-11-30T19:50:57.832761+00:00
4044,58,35,NO,sell,39.85,118.17,0.337221,726391,0x05124807ff0d,2025-11-30T19:50:24.120420+00:00
7391,237,31,NO,buy,16.63,28.81,0.577318,529434,0x0937b30bf727,2025-11-30T19:48:37.699723+00:00
13257,540,35,NO,buy,46.99,116.52,0.403291,602258,0x060e9f0e36a6,2025-11-30T19:48:14.607519+00:00
12995,527,26,NO,sell,38.73,72.04,0.537634,769787,0x06125a05e657,2025-11-30T19:45:38.686250+00:00
6667,201,36,YES,sell,24.64,43.48,0.566703,249471,0x0a2df90a57c9,2025-11-30T19:43:10.925906+00:00
6623,198,42,YES,buy,14.36,27.95,0.513773,739588,0x0f2449051df8,2025-11-30T19:42:49.770022+00:00
8418,289,22,NO,sell,14.7,22.73,0.64676,506454,0x020be60de43a,2025-11-30T19:42:00.489641+00:00
8417,289,36,NO,sell,44.05,79.13,0.556673,921156,0x05aa4006d9a2,2025-11-30T19:40:00.489641+00:00
9424,338,44,NO,buy,32.28,62.06,0.520105,912029,0x0caab603de59,2025-11-30T19:39:58.349984+00:00
9310,332,32,NO,buy,43.61,66.15,0.6593,822910,0x04a52d019e24,2025-11-30T19:38:09.905483+00:00
13192,537,37,NO,buy,46.95,129.44,0.36272,855294,0x0d985e0f0f8a,2025-11-30T19:36:03.373956+00:00
10250,383,19,YES,sell,22.18,41.26,0.537603,169416,0x042d8d0480c7,2025-11-30T19:34:54.596740+00:00
11830,466,22,NO,sell,40.26,68.2,0.5903,170461,0x057cea0caa81,2025-11-30T19:34:32.446701+00:00
13333,543,38,NO,buy,22.23,34.63,0.641937,308793,0x0c873e0af8f2,2025-11-30T19:34:16.865683+00:00
4654,91,44,YES,sell,4.32,8.42,0.513185,194079,0x0d0974036b8a,2025-11-30T19:34:04.486544+00:00
5179,121,33,NO,buy,26.92,46.4,0.580182,285220,0x0609ae0a59bd,2025-11-30T19:32:59.491061+00:00
10405,392,17,YES,buy,8.86,13.05,0.679177,474068,0x0cb21307fb5a,2025-11-30T19:31:29.150760+00:00
7559,246,22,NO,buy,35.19,83.18,0.42306,736630,0x081b86072479,2025-11-30T19:31:21.318200+00:00
9423,338,20,YES,sell,43.28,86.95,0.497783,139231,0x0bc05e0b3537,2025-11-30T19:29:56.349984+00:00
6647,200,43,YES,sell,37.12,62.77,0.591329,501035,0x0289e709fac4,2025-11-30T19:29:50.856054+00:00
9264,329,30,NO,sell,37.56,78.57,0.478042,697785,0x08c31009ee6a,2025-11-30T19:28:47.737607+00:00
11657,458,16,YES,sell,13.87,37.84,0.366591,339615,0x0dfa22045498,2025-11-30T19:27:58.832761+00:00
11360,443,44,NO,buy,15.14,30.36,0.49868,657733,0x0ee4170c7ecb,2025-11-30T19:27:38.772966+00:00
10155,379,21,YES,sell,4.46,6.43,0.694018,944334,0x0a34440286b6,2025-11-30T19:27:25.240051+00:00
12994,527,40,YES,buy,20.97,44.1,0.475531,88017,0x0768ea0ecff1,2025-11-30T19:26:40.686250+00:00
11656,458,42,NO,sell,41.44,77.51,0.534642,369114,0x0372250a41d8,2025-11-30T19:22:13.832761+00:00
8416,289,26,YES,sell,25.26,46.76,0.540206,761191,0x019d660a78ef,2025-11-30T19:21:13.489641+00:00
4776,96,32,YES,sell,38.75,68.74,0.563731,204129,0x05f2de025ffe,2025-11-30T19:21:12.923637+00:00
4160,64,35,NO,buy,6.43,9.71,0.662059,18233,0x0b12de0a1a4d,2025-11-30T19:21:00.573924+00:00
9903,364,30,NO,sell,5.33,12.79,0.416588,746217,0x03cef10d1652,2025-11-30T19:21:00.253548+00:00
9509,343,26,YES,buy,43.55,94.26,0.462002,551786,0x0ac11505fd14,2025-11-30T19:20:38.699582+00:00
9088,321,20,NO,sell,36.24,52.6,0.689025,851264,0x0647d60c5f65,2025-11-30T19:19:35.084155+00:00
5483,135,28,NO,sell,31.92,81.04,0.393886,557228,0x071aea09460b,2025-11-30T19:19:00.571274+00:00
4043,58,21,YES,buy,36.28,73.23,0.495431,725156,0x0da811055efd,2025-11-30T19:17:44.120420+00:00
5482,135,21,YES,sell,4.3,8.22,0.523095,187767,0x04dcd50ce2bf,2025-11-30T19:16:12.571274+00:00
9309,332,20,YES,buy,34.94,78.59,0.444612,574356,0x0399a70c9427,2025-11-30T19:15:56.905483+00:00
6398,186,42,YES,sell,1.72,2.49,0.691111,7128,0x0a60ec0f33ce,2025-11-30T19:14:07.957147+00:00
7558,246,20,NO,sell,8.61,12.4,0.6941,727796,0x0204da040b18,2025-11-30T19:12:07.318200+00:00
5178,121,22,NO,buy,39.35,112.62,0.349401,919040,0x09f3110d2dda,2025-11-30T19:11:54.491061+00:00
4139,63,31,NO,sell,29.44,43.19,0.681693,472579,0x0d593e022ea7,2025-11-30T19:11:35.491714+00:00
8464,291,36,NO,buy,41.4,68.44,0.604883,296409,0x09b9d10a6579,2025-11-30T19:11:29.664216+00:00
6092,166,30,NO,sell,26.59,43.79,0.607195,865400,0x03ef63045664,2025-11-30T19:10:46.822578+00:00
12527,504,20,YES,buy,25.85,60.06,0.430373,608605,0x0866540e2687,2025-11-30T19:10:22.007871+00:00
5799,151,30,NO,sell,49.4,75.47,0.654596,142498,0x02a0cc045c94,2025-11-30T19:09:47.782167+00:00
4427,81,42,NO,sell,33.15,48.69,0.680875,198509,0x0bf308064e79,2025-11-30T19:09:14.615018+00:00
5798,151,20,YES,sell,46.62,87.31,0.533956,938414,0x046f6a08aee7,2025-11-30T19:08:16.782167+00:00
9508,343,43,YES,buy,33.12,103.41,0.32029,345114,0x01fef80921f6,2025-11-30T19:07:40.699582+00:00
6488,190,18,YES,sell,48.46,120.46,0.402291,698790,0x0e19620819d1,2025-11-30T19:07:01.262174+00:00
13191,537,44,NO,buy,30.74,49.67,0.61886,515744,0x0cc57b04ee68,2025-11-30T19:06:41.373956+00:00
7302,232,28,NO,buy,34.78,78.38,0.443714,638258,0x03fa3d09d7d0,2025-11-30T19:06:09.356039+00:00
6646,200,21,YES,buy,5.86,11.35,0.516226,235677,0x09a7cf0d392b,2025-11-30T19:05:50.856054+00:00
8350,285,41,NO,sell,30.0,57.96,0.517597,48324,0x0c8d7c0662bb,2025-11-30T19:04:24.251341+00:00
8463,291,18,NO,sell,42.4,104.76,0.404721,407512,0x098e0708c817,2025-11-30T19:04:16.664216+00:00
10760,409,37,NO,sell,19.43,31.1,0.624698,97723,0x0872210b280c,2025-11-30T19:04:12.516855+00:00
13332,543,31,YES,buy,20.22,34.02,0.594304,120706,0x0c80910be844,2025-11-30T19:04:09.865683+00:00
9902,364,30,YES,buy,41.59,91.73,0.453381,239532,0x0c4dcc06f4a4,2025-11-30T19:01:26.253548+00:00
10249,383,29,NO,buy,27.65,46.35,0.596498,204680,0x0c95d1065664,2025-11-30T19:00:26.596740+00:00
11901,472,24,YES,sell,25.56,49.19,0.519573,524677,0x0922770d817f,2025-11-30T18:59:14.686643+00:00
7390,237,40,NO,sell,23.34,38.98,0.598758,127741,0x0d9dd7036192,2025-11-30T18:56:35.699723+00:00
4653,91,19,NO,buy,22.07,33.26,0.663601,689108,0x0dd8bf03d92b,2025-11-30T18:55:21.486544+00:00
6645,200,39,YES,buy,48.68,129.49,0.375949,830530,0x0c25a5099e8d,2025-11-30T18:54:58.856054+00:00
7557,246,24,YES,buy,44.69,131.46,0.339951,305285,0x0e2e29067c66,2025-11-30T18:53:38.318200+00:00
4159,64,19,NO,buy,39.03,98.8,0.395056,251021,0x0379b7024a34,2025-11-30T18:52:11.573924+00:00
6622,198,15,NO,buy,10.53,17.86,0.589541,565458,0x05182d0c0048,2025-11-30T18:50:45.770022+00:00
13256,540,20,YES,sell,38.72,75.79,0.510875,358844,0x072577035f84,2025-11-30T18:50:27.607519+00:00
4426,81,32,NO,sell,34.54,70.1,0.492695,672712,0x06e80a05f319,2025-11-30T18:46:53.615018+00:00
5177,121,44,NO,sell,8.17,13.19,0.619239,103704,0x05e77b01af06,2025-11-30T18:46:00.491061+00:00
9422,338,20,YES,sell,18.31,44.03,0.415882,431333,0x0221c103c8c4,2025-11-30T18:45:12.349984+00:00
9263,329,44,NO,sell,20.96,32.71,0.64087,739278,0x0cedcb0c2b23,2025-11-30T18:44:34.737607+00:00
13331,543,26,NO,sell,48.91,125.56,0.389538,24655,0x0b97d107ade1,2025-11-30T18:44:04.865683+00:00
6666,201,31,YES,buy,1.03,1.58,0.650904,200181,0x0ab22e0a6a22,2025-11-30T18:43:17.925906+00:00
13379,545,24,YES,sell,1.98,3.18,0.622276,74697,0x07154203d9c6,2025-11-30T18:42:56.026962+00:00
4042,58,26,NO,sell,14.7,27.3,0.538462,11644,0x05f2380a6b25,2025-11-30T18:42:18.120420+00:00
10404,392,26,YES,buy,35.02,58.85,0.595092,855956,0x0d1dec0452be,2025-11-30T18:41:18.150760+00:00
12526,504,15,NO,sell,15.62,25.4,0.614893,481092,0x06756d055d81,2025-11-30T18:39:49.007871+00:00
12525,504,25,NO,buy,15.7,33.16,0.473457,892297,0x0c69ae01b378,2025-11-30T18:39:39.007871+00:00
11829,466,34,YES,sell,27.56,42.4,0.650033,120760,0x0f28790ca057,2025-11-30T18:37:03.446701+00:00
10154,379,42,NO,buy,39.51,70.27,0.562259,54599,0x0b8f4203ffcd,2025-11-30T18:35:40.240051+00:00
5797,151,44,NO,buy,38.03,107.36,0.354239,398798,0x079efe091744,2025-11-30T18:35:33.782167+00:00
9308,332,40,NO,buy,24.17,42.66,0.566573,586079,0x075bf906e6dd,2025-11-30T18:34:49.905483+00:00
9262,329,41,YES,buy,26.79,67.56,0.396539,58221,0x0bd96b0bbfd7,2025-11-30T18:34:09.737607+00:00
6644,200,35,YES,sell,9.67,20.06,0.48195,579971,0x057dbe087882,2025-11-30T18:34:00.856054+00:00
6091,166,24,NO,buy,5.17,8.27,0.625106,605383,0x0b21a60c3757,2025-11-30T18:33:45.822578+00:00
11359,443,22,YES,buy,22.59,32.48,0.695414,987409,0x08c5260f0e76,2025-11-30T18:32:10.772966+00:00
7556,246,40,YES,sell,34.01,85.4,0.398253,455955,0x0d431f0547e8,2025-11-30T18:32:08.318200+00:00
13145,535,20,NO,sell,7.44,21.94,0.339082,213591,0x080354070c23,2025-11-30T18:32:04.220222+00:00
4138,63,16,YES,sell,41.75,126.25,0.330692,645883,0x0f35e802f87a,2025-11-30T18:30:52.491714+00:00
12993,527,39,YES,sell,38.65,70.64,0.547127,28841,0x021a6e0e9bb4,2025-11-30T18:30:26.686250+00:00
4775,96,22,YES,buy,49.34,71.43,0.690717,905639,0x0b6db90750f9,2025-11-30T18:29:05.923637+00:00
8462,291,31,YES,sell,45.36,84.52,0.536699,983369,0x056cbb026253,2025-11-30T18:29:04.664216+00:00
8415,289,29,NO,sell,32.74,55.8,0.58676,25660,0x0399e90593ae,2025-11-30T18:28:11.489641+00:00
12992,527,40,NO,sell,8.89,17.6,0.505101,157189,0x09a88b052be8,2025-11-30T18:28:09.686250+00:00
4041,58,22,NO,sell,17.48,35.12,0.497723,512233,0x06b9e2046f70,2025-11-30T18:27:40.120420+00:00
13144,535,42,YES,sell,16.64,24.69,0.673947,625276,0x05e68c09e668,2025-11-30T18:27:37.220222+00:00
9087,321,23,NO,buy,35.02,82.66,0.42367,374711,0x05301d08c481,2025-11-30T18:27:10.084155+00:00
10403,392,21,YES,sell,44.6,122.35,0.364541,897794,0x06af2601a7df,2025-11-30T18:25:55.150760+00:00
5796,151,32,NO,sell,34.81,52.63,0.661461,992325,0x0356f30c25d5,2025-11-30T18:25:23.782167+00:00
5481,135,24,YES,buy,32.1,95.68,0.335485,759417,0x09c96a0f3d8a,2025-11-30T18:24:53.571274+00:00
11655,458,30,YES,sell,32.8,56.61,0.579407,427725,0x0a21700d85bc,2025-11-30T18:24:15.832761+00:00
7389,237,41,YES,sell,38.51,98.87,0.389504,176025,0x0cf75d0f0a26,2025-11-30T18:23:24.699723+00:00
9901,364,35,NO,buy,1.5,2.29,0.655305,992638,0x05a3ab0f0d0a,2025-11-30T18:23:20.253548+00:00
9507,343,43,YES,buy,29.57,88.53,0.334027,107931,0x06a7e1032f40,2025-11-30T18:22:28.699582+00:00
13190,537,33,YES,buy,26.85,74.51,0.360354,396893,0x0952100691ef,2025-11-30T18:21:35.373956+00:00
4425,81,29,NO,sell,29.64,97.84,0.302939,881152,0x0c1fa20f04b7,2025-11-30T18:21:11.615018+00:00
12573,506,22,NO,sell,37.86,99.34,0.38112,186391,0x0bdd4002b905,2025-11-30T18:21:10.178632+00:00
5176,121,23,YES,buy,34.51,74.58,0.462713,94296,0x06cbac0bc4ca,2025-11-30T18:21:04.491061+00:00
13189,537,25,YES,buy,45.57,128.93,0.353451,70785,0x0e6bfb07c77d,2025-11-30T18:20:57.373956+00:00
6665,201,43,YES,buy,42.15,113.41,0.371657,265936,0x0a14840edce7,2025-11-30T18:18:39.925906+00:00
8349,285,23,YES,sell,26.09,64.25,0.406096,207395,0x0e54e40f417b,2025-11-30T18:17:45.251341+00:00
6397,186,19,NO,sell,23.27,33.95,0.685357,587225,0x09e0a40ac34b,2025-11-30T18:17:14.957147+00:00
12572,506,26,YES,buy,28.12,53.61,0.524573,918333,0x0a78a20755d3,2025-11-30T18:17:07.178632+00:00
13255,540,17,YES,sell,33.13,50.29,0.658757,455963,0x0b59dc0d43f8,2025-11-30T18:16:28.607519+00:00
7555,246,20,NO,buy,34.73,68.09,0.510084,757908,0x0e324c0ef528,2025-11-30T18:16:18.318200+00:00
11828,466,39,YES,sell,43.7,86.86,0.503101,965972,0x0d37bf0b7dad,2025-11-30T18:16:08.446701+00:00
5175,121,41,YES,sell,49.63,104.83,0.473451,260520,0x01f0c00b2f00,2025-11-30T18:15:37.491061+00:00
6621,198,39,YES,buy,22.14,67.01,0.330399,654789,0x0c234705ac58,2025-11-30T18:15:29.770022+00:00
13188,537,17,NO,buy,21.57,46.07,0.468229,167486,0x0ea26f05c7fa,2025-11-30T18:12:46.373956+00:00
10759,409,19,YES,sell,14.79,22.55,0.655957,857529,0x07d1a406e99c,2025-11-30T18:12:28.516855+00:00
8348,285,43,YES,buy,39.85,96.99,0.410865,838584,0x0cb3100bc6d4,2025-11-30T18:12:28.251341+00:00
10248,383,33,YES,sell,16.74,31.04,0.539287,494558,0x0a3fcf0aae4f,2025-11-30T18:11:58.596740+00:00
12524,504,36,YES,sell,18.33,30.42,0.602549,75297,0x0bc30203a667,2025-11-30T18:11:44.007871+00:00
6396,186,17,NO,sell,2.15,4.0,0.537881,990088,0x038cc901e1df,2025-11-30T18:11:08.957147+00:00
6643,200,31,NO,buy,11.51,23.33,0.493461,531221,0x0d7a4502dbd4,2025-11-30T18:10:53.856054+00:00
9307,332,17,NO,buy,35.32,63.25,0.558459,620116,0x02892e0d15b6,2025-11-30T18:10:33.905483+00:00
6487,190,20,NO,buy,7.34,19.97,0.367577,925911,0x03ae500877a2,2025-11-30T18:09:55.262174+00:00
7301,232,33,NO,buy,27.69,67.32,0.411303,1694,0x0abd900d4f9e,2025-11-30T18:09:03.356039+00:00
10153,379,22,YES,buy,17.28,45.71,0.378047,573684,0x0a229903fc7e,2025-11-30T18:08:23.240051+00:00
11900,472,23,NO,buy,17.63,35.67,0.494303,628192,0x03be9505cb18,2025-11-30T18:07:19.686643+00:00
13143,535,44,YES,sell,43.44,63.7,0.681945,465979,0x0b456c0ccd8b,2025-11-30T18:06:18.220222+00:00
4424,81,40,NO,sell,21.77,48.31,0.45059,265239,0x071af008deae,2025-11-30T18:06:08.615018+00:00
12991,527,36,YES,sell,6.36,9.94,0.63985,238418,0x0b1e6b0885e7,2025-11-30T18:03:40.686250+00:00
13142,535,41,NO,sell,22.96,34.95,0.656945,934638,0x0297320282f6,2025-11-30T18:03:09.220222+00:00
6920,213,44,YES,sell,38.81,78.68,0.493241,517643,0x023064086dba,2025-11-30T18:01:40.909440+00:00
11344,442,38,NO,sell,23.22,71.16,0.32629,262728,0x0e7c0908b4e7,2025-11-30T18:00:11.693234+00:00
4137,63,29,NO,sell,29.98,68.02,0.440777,485172,0x02b682067e0e,2025-11-30T17:59:51.491714+00:00
10247,383,30,YES,sell,4.37,7.3,0.598355,451176,0x0e047304b0d7,2025-11-30T17:59:02.596740+00:00
11654,458,32,YES,sell,29.36,44.13,0.665324,572816,0x0d994d05a515,2025-11-30T17:57:16.832761+00:00
4040,58,41,NO,sell,42.73,67.58,0.632292,925457,0x02e99805fd1d,2025-11-30T17:56:44.120420+00:00
12571,506,32,NO,sell,10.46,22.2,0.471143,119283,0x07af370de72e,2025-11-30T17:56:33.178632+00:00
4652,91,32,YES,buy,32.97,61.93,0.532412,213137,0x0c787c0e53da,2025-11-30T17:56:18.486544+00:00
4158,64,19,NO,sell,31.15,47.03,0.662343,227130,0x01d477059ee3,2025-11-30T17:55:01.573924+00:00
11358,443,34,YES,buy,25.84,58.83,0.439195,585606,0x053efb062b88,2025-11-30T17:54:43.772966+00:00
8347,285,18,YES,buy,44.28,66.23,0.668543,961933,0x0ac8c805dc19,2025-11-30T17:54:41.251341+00:00
9086,321,39,NO,buy,10.28,22.25,0.46195,435327,0x0abeb00efd85,2025-11-30T17:54:28.084155+00:00
4343,76,27,YES,sell,35.24,59.53,0.591983,61718,0x0f11c2055815,2025-11-30T17:53:06.315092+00:00
4774,96,20,NO,buy,31.73,51.76,0.613033,5792,0x07176e0839f8,2025-11-30T17:50:51.923637+00:00
5480,135,42,YES,buy,14.0,38.83,0.360573,770194,0x0e8c3b048501,2025-11-30T17:50:49.571274+00:00
10402,392,18,YES,buy,39.87,87.34,0.456479,256630,0x064a26068780,2025-11-30T17:47:58.150760+00:00
13330,543,39,YES,sell,11.2,29.56,0.378841,536726,0x0b827903890d,2025-11-30T17:47:38.865683+00:00
9421,338,33,YES,buy,34.01,55.76,0.60996,441652,0x01b90e098711,2025-11-30T17:47:17.349984+00:00
13378,545,27,YES,sell,10.62,19.68,0.539637,21433,0x086aae040ba3,2025-11-30T17:47:17.026962+00:00
5795,151,32,YES,buy,9.0,25.91,0.347376,166969,0x0b6b220814ac,2025-11-30T17:46:53.782167+00:00
5174,121,23,YES,sell,28.62,51.19,0.559108,173011,0x09b56e0b347a,2025-11-30T17:46:48.491061+00:00
9261,329,26,NO,sell,37.89,117.53,0.322391,736641,0x07a8b20abedb,2025-11-30T17:44:41.737607+00:00
6486,190,24,YES,buy,28.81,65.85,0.437516,634883,0x065cd90be1a6,2025-11-30T17:44:02.262174+00:00
7300,232,33,YES,sell,40.9,78.5,0.52102,823343,0x07099e0969e6,2025-11-30T17:43:29.356039+00:00
6090,166,26,NO,sell,33.94,54.93,0.617876,304942,0x0997170bdb08,2025-11-30T17:42:13.822578+00:00
11653,458,15,NO,sell,41.69,79.45,0.524718,806704,0x04ab93022bbc,2025-11-30T17:41:55.832761+00:00
6664,201,20,NO,buy,48.1,152.39,0.315634,580733,0x07ede70629f7,2025-11-30T17:37:24.925906+00:00
13377,545,18,NO,sell,1.1,2.01,0.546615,662955,0x0cc7700bd9b6,2025-11-30T17:36:14.026962+00:00
8461,291,31,NO,buy,43.67,97.9,0.446052,440146,0x08ff9c0c7eae,2025-11-30T17:36:04.664216+00:00
8397,288,38,YES,sell,48.62,97.29,0.499757,79208,0x0406c30da7f8,2025-11-30T17:35:38.419715+00:00
6663,201,15,YES,sell,43.92,101.98,0.430667,877288,0x0442a3036b0c,2025-11-30T17:35:06.925906+00:00
11357,443,26,YES,sell,19.04,34.58,0.550557,781654,0x0574a70596d8,2025-11-30T17:34:46.772966+00:00
13187,537,38,YES,sell,30.2,76.75,0.393478,719094,0x0d03e30a8a3a,2025-11-30T17:34:11.373956+00:00
7388,237,41,YES,buy,27.22,51.78,0.525721,930039,0x0913880386e0,2025-11-30T17:33:57.699723+00:00
11343,442,26,NO,buy,27.91,65.91,0.423481,169652,0x0b6253052361,2025-11-30T17:32:31.693234+00:00
11827,466,36,NO,buy,27.61,59.87,0.461168,294415,0x082c850a9448,2025-11-30T17:32:17.446701+00:00
7554,246,37,NO,buy,35.61,95.7,0.372104,180988,0x03a5c50beee4,2025-11-30T17:32:01.318200+00:00
6089,166,43,NO,buy,39.59,66.05,0.599389,755162,0x0b342c01f078,2025-11-30T17:31:50.822578+00:00
9900,364,34,NO,sell,21.82,33.47,0.651904,873021,0x0bb58e0a7498,2025-11-30T17:31:23.253548+00:00
13254,540,29,YES,sell,47.03,140.01,0.335909,654051,0x09a73a026192,2025-11-30T17:31:11.607519+00:00
9085,321,34,YES,sell,38.22,78.18,0.48886,340349,0x04534a0792ef,2025-11-30T17:30:59.084155+00:00
4342,76,23,YES,sell,4.87,7.29,0.66837,563445,0x0e747004030c,2025-11-30T17:30:38.315092+00:00
10246,383,27,YES,buy,24.77,66.04,0.375075,351600,0x037a420d1127,2025-11-30T17:30:00.596740+00:00
6620,198,22,NO,buy,32.64,88.47,0.368944,312069,0x0b7c110d16e2,2025-11-30T17:29:59.770022+00:00
8414,289,38,YES,sell,18.33,33.25,0.551343,289438,0x0d569b0557fc,2025-11-30T17:29:45.489641+00:00
11652,458,44,YES,sell,11.32,21.31,0.531181,440929,0x0b9750022657,2025-11-30T17:29:34.832761+00:00
8460,291,21,YES,sell,46.66,72.82,0.640781,911240,0x0aea7d0734da,2025-11-30T17:29:11.664216+00:00
9306,332,39,NO,buy,18.63,37.8,0.492812,778885,0x0c9dec03b141,2025-11-30T17:28:55.905483+00:00
9506,343,26,NO,buy,11.9,20.22,0.588664,715096,0x031e5c084843,2025-11-30T17:28:44.699582+00:00
9260,329,24,NO,sell,45.11,81.97,0.550342,588670,0x0aee710de027,2025-11-30T17:27:41.737607+00:00
4136,63,33,NO,sell,43.35,78.69,0.550887,72603,0x03f0f2088fe4,2025-11-30T17:27:41.491714+00:00
13186,537,18,NO,buy,38.21,57.54,0.664095,837829,0x0968820a66f4,2025-11-30T17:27:20.373956+00:00
4039,58,28,YES,sell,31.18,46.69,0.667847,488455,0x0deb8e094307,2025-11-30T17:26:50.120420+00:00
4651,91,31,YES,sell,12.78,35.39,0.3611,346280,0x0686250b3637,2025-11-30T17:25:29.486544+00:00
9420,338,33,NO,buy,18.61,46.71,0.398428,903042,0x0e78c702e948,2025-11-30T17:25:27.349984+00:00
5479,135,25,YES,buy,47.51,86.24,0.550914,615825,0x0575e303b743,2025-11-30T17:24:59.571274+00:00
4423,81,15,NO,buy,32.72,60.54,0.540457,265650,0x01a94a051b2f,2025-11-30T17:24:27.615018+00:00
9084,321,41,YES,buy,21.46,47.56,0.451229,506596,0x0958c30a00f3,2025-11-30T17:23:16.084155+00:00
8396,288,17,YES,buy,17.38,34.06,0.510276,297808,0x018789067372,2025-11-30T17:22:57.419715+00:00
8919,312,25,YES,buy,3.91,5.86,0.666962,676631,0x0bb4220aef4d,2025-11-30T17:22:25.433231+00:00
12523,504,40,NO,buy,47.95,143.31,0.334601,380862,0x0a9e3d05e2eb,2025-11-30T17:21:59.007871+00:00
10152,379,26,YES,buy,43.29,71.28,0.607362,8263,0x09b58e01bdf4,2025-11-30T17:20:30.240051+00:00
4341,76,37,NO,sell,35.39,106.29,0.332971,646972,0x0a1c640a20dc,2025-11-30T17:20:03.315092+00:00
10151,379,22,NO,sell,21.57,30.98,0.696277,582355,0x0239d101bd6c,2025-11-30T17:19:47.240051+00:00
11651,458,37,YES,buy,43.86,89.08,0.492391,620117,0x0226580b7a13,2025-11-30T17:19:38.832761+00:00
8395,288,34,YES,sell,42.63,123.21,0.345993,99541,0x01f78b020e70,2025-11-30T17:17:40.419715+00:00
7553,246,21,NO,sell,2.41,4.18,0.576964,689770,0x037656092fe1,2025-11-30T17:16:24.318200+00:00
4038,58,28,NO,buy,22.24,49.99,0.444875,742666,0x0ec90208e1b7,2025-11-30T17:16:14.120420+00:00
11899,472,34,NO,sell,7.06,14.02,0.503582,322956,0x0a1a0404c7f5,2025-11-30T17:15:10.686643+00:00
10245,383,15,YES,buy,32.45,102.72,0.315897,258932,0x0262cc07ccb6,2025-11-30T17:13:38.596740+00:00
6395,186,17,NO,buy,19.18,35.75,0.536545,476565,0x046a6707558f,2025-11-30T17:13:22.957147+00:00
6662,201,38,YES,sell,15.36,28.78,0.533712,305103,0x01f92005c4f8,2025-11-30T17:13:22.925906+00:00
10758,409,27,NO,sell,28.29,42.03,0.673073,168844,0x0c59860721ff,2025-11-30T17:13:20.516855+00:00
13329,543,42,YES,buy,44.28,128.18,0.345457,918398,0x0bd49606f215,2025-11-30T17:13:17.865683+00:00
8918,312,26,YES,sell,23.15,35.64,0.64959,690038,0x08929e08e49f,2025-11-30T17:12:59.433231+00:00
6919,213,37,NO,sell,35.32,68.47,0.51588,190092,0x0346fa0afa22,2025-11-30T17:11:16.909440+00:00
6642,200,39,NO,buy,43.03,116.01,0.370924,925858,0x0a6b3904d5b7,2025-11-30T17:11:11.856054+00:00
11826,466,24,NO,buy,18.59,59.36,0.313152,102687,0x02652b0387be,2025-11-30T17:10:42.446701+00:00
10757,409,39,YES,buy,8.56,23.7,0.361154,381558,0x08939201eb81,2025-11-30T17:10:39.516855+00:00
13141,535,20,NO,buy,15.24,24.0,0.635127,278105,0x065f1e07deca,2025-11-30T17:10:05.220222+00:00
11650,458,32,YES,sell,35.39,67.27,0.526061,240363,0x0a955708ece2,2025-11-30T17:10:03.832761+00:00
4773,96,19,NO,sell,21.19,31.38,0.675236,40448,0x0b4b630c97b8,2025-11-30T17:09:59.923637+00:00
12570,506,26,YES,sell,5.49,10.07,0.544947,602806,0x0cf9f503e6f1,2025-11-30T17:08:52.178632+00:00
9419,338,37,NO,buy,4.53,10.26,0.441445,938525,0x0dec960c375e,2025-11-30T17:08:50.349984+00:00
11898,472,43,NO,sell,49.83,104.7,0.475925,37299,0x0551690e572d,2025-11-30T17:08:49.686643+00:00
10150,379,25,YES,sell,32.36,61.99,0.522039,15947,0x03990909ebb5,2025-11-30T17:08:07.240051+00:00
8346,285,41,YES,sell,33.53,84.48,0.39688,753697,0x038e4e0d22b0,2025-11-30T17:05:59.251341+00:00
12990,527,15,YES,buy,36.2,68.34,0.529723,768104,0x03d1d0062649,2025-11-30T17:04:34.686250+00:00
8394,288,32,YES,sell,9.78,15.91,0.614649,202314,0x0f3490039c3d,2025-11-30T17:03:49.419715+00:00
7299,232,41,NO,sell,46.63,70.49,0.661544,423049,0x0ead9d0d0dc7,2025-11-30T17:02:37.356039+00:00
7387,237,19,NO,sell,21.9,31.86,0.687312,571811,0x0198b80e62f4,2025-11-30T17:01:54.699723+00:00
6619,198,16,YES,sell,16.47,29.1,0.565936,244889,0x0ad4b707f621,2025-11-30T17:00:04.770022+00:00
13328,543,38,NO,sell,3.48,9.41,0.369789,59830,0x09d1d1091bfc,2025-11-30T16:59:33.865683+00:00
8413,289,31,NO,sell,19.87,49.22,0.403713,278954,0x0adc190ba772,2025-11-30T16:59:23.489641+00:00
4650,91,23,YES,buy,17.75,38.83,0.457139,766344,0x03b8d802ee3b,2025-11-30T16:59:14.486544+00:00
9305,332,31,YES,sell,40.95,87.45,0.468277,262843,0x040813028e27,2025-11-30T16:59:06.905483+00:00
4157,64,41,NO,buy,7.74,18.66,0.414752,730884,0x0ecd540915cc,2025-11-30T16:58:07.573924+00:00
11342,442,44,NO,buy,6.16,16.24,0.379216,257432,0x0a315102ed98,2025-11-30T16:57:47.693234+00:00
6485,190,33,NO,sell,15.72,49.99,0.314471,206884,0x086dfd07ca46,2025-11-30T16:57:07.262174+00:00
5173,121,17,NO,sell,47.07,131.74,0.357298,661150,0x04c93c02a7a1,2025-11-30T16:56:37.491061+00:00
10756,409,41,YES,buy,7.83,13.85,0.565507,913776,0x0206c50d6dc9,2025-11-30T16:56:27.516855+00:00
4772,96,37,NO,sell,34.98,56.7,0.616896,134056,0x09245f0c9a86,2025-11-30T16:55:45.923637+00:00
6918,213,19,NO,sell,43.14,119.39,0.36133,572742,0x03054a098da9,2025-11-30T16:54:59.909440+00:00
10244,383,34,NO,sell,29.42,66.09,0.44516,950071,0x078a9202a1b8,2025-11-30T16:54:42.596740+00:00
13185,537,18,NO,sell,31.31,48.88,0.640607,479393,0x0ee762098fa4,2025-11-30T16:54:08.373956+00:00
13058,531,21,YES,sell,23.72,37.3,0.635984,668671,0x0d151701f916,2025-11-30T16:53:11.921211+00:00
13184,537,28,YES,buy,37.08,73.43,0.50495,493733,0x09252505824e,2025-11-30T16:53:07.373956+00:00
13376,545,19,NO,sell,29.77,75.73,0.393087,986624,0x0e7c550a1289,2025-11-30T16:52:46.026962+00:00
5794,151,34,NO,sell,24.28,41.76,0.581441,107429,0x0629670660b2,2025-11-30T16:51:57.782167+00:00
13183,537,29,NO,buy,16.88,32.67,0.516755,135268,0x0bee58035538,2025-11-30T16:51:47.373956+00:00
4156,64,31,NO,buy,19.92,59.88,0.332642,335165,0x051e5501fa14,2025-11-30T16:51:12.573924+00:00
10149,379,27,NO,sell,2.61,4.52,0.577814,442221,0x05729308f58f,2025-11-30T16:50:46.240051+00:00
4771,96,34,NO,buy,1.77,3.58,0.494787,189128,0x01a0a201a436,2025-11-30T16:49:30.923637+00:00
12989,527,35,NO,buy,15.96,39.04,0.40884,479544,0x02abf60ea4d7,2025-11-30T16:49:28.686250+00:00
5478,135,35,YES,sell,44.72,141.81,0.315343,833776,0x0322050cceba,2025-11-30T16:49:14.571274+00:00
9505,343,34,YES,sell,15.47,25.22,0.613481,483693,0x0957c704e64a,2025-11-30T16:48:38.699582+00:00
10401,392,28,NO,sell,33.0,47.82,0.690057,867865,0x0b37a904af40,2025-11-30T16:48:23.150760+00:00
7298,232,36,YES,sell,28.36,46.55,0.609244,103075,0x0c354103dc44,2025-11-30T16:47:19.356039+00:00
10400,392,25,YES,sell,5.51,10.18,0.541464,863806,0x018e8308bdb4,2025-11-30T16:46:27.150760+00:00
6661,201,29,YES,sell,42.11,82.96,0.507595,217277,0x0b9ac0070509,2025-11-30T16:46:00.925906+00:00
13327,543,15,YES,buy,3.49,6.58,0.530321,968335,0x0e3ffe08fb72,2025-11-30T16:45:43.865683+00:00
7297,232,22,YES,sell,11.88,27.14,0.437741,745875,0x0a794b0bce34,2025-11-30T16:45:27.356039+00:00
6618,198,44,YES,buy,30.03,86.59,0.34681,431453,0x06afe90dd2d4,2025-11-30T16:45:00.770022+00:00
7552,246,25,YES,sell,20.62,63.3,0.325749,652899,0x04d33304fa82,2025-11-30T16:44:07.318200+00:00
8459,291,31,YES,sell,43.04,83.68,0.514314,902316,0x094d5c03d9ef,2025-11-30T16:42:42.664216+00:00
13375,545,25,NO,sell,15.3,28.86,0.5301,248135,0x078bf90591c0,2025-11-30T16:42:12.026962+00:00
9259,329,32,NO,sell,9.64,15.71,0.613508,835479,0x0da7e20d7ec1,2025-11-30T16:41:59.737607+00:00
9899,364,35,YES,buy,34.01,51.3,0.662991,206813,0x0b90060610f6,2025-11-30T16:41:10.253548+00:00
13057,531,43,YES,buy,8.11,13.55,0.598733,282509,0x049a5802245a,2025-11-30T16:40:00.921211+00:00
7386,237,23,NO,buy,32.26,51.67,0.624402,173602,0x0ce34702816c,2025-11-30T16:39:54.699723+00:00
6641,200,34,YES,buy,23.1,44.98,0.513593,863595,0x0870e504266d,2025-11-30T16:39:48.856054+00:00
6088,166,25,YES,buy,5.05,13.42,0.376169,461302,0x0e696f031919,2025-11-30T16:38:11.822578+00:00
11356,443,19,NO,sell,26.91,67.91,0.396241,839608,0x01b30a04b23f,2025-11-30T16:37:44.772966+00:00
4422,81,35,YES,buy,14.19,30.59,0.463803,805858,0x01d8c20e02bf,2025-11-30T16:37:43.615018+00:00
4340,76,23,YES,buy,46.21,68.01,0.679472,301404,0x07e4bb09a1b3,2025-11-30T16:36:59.315092+00:00
9083,321,40,NO,sell,2.64,5.27,0.501393,250799,0x0d9076047f40,2025-11-30T16:36:43.084155+00:00
8412,289,36,NO,sell,30.13,48.33,0.62339,772072,0x0e4d4305bf4d,2025-11-30T16:36:22.489641+00:00
6484,190,27,YES,buy,28.95,46.57,0.621673,64380,0x075195075007,2025-11-30T16:36:16.262174+00:00
4339,76,32,YES,sell,47.77,78.55,0.608147,71813,0x01cafc0aec77,2025-11-30T16:35:53.315092+00:00
4135,63,35,YES,buy,47.61,86.38,0.55118,592119,0x08f2fa0d98d5,2025-11-30T16:35:39.491714+00:00
12522,504,26,NO,sell,7.56,10.97,0.689294,591184,0x0ca2f3028dff,2025-11-30T16:35:23.007871+00:00
13374,545,32,NO,sell,15.69,23.95,0.655144,465007,0x02dc230961e7,2025-11-30T16:34:43.026962+00:00
13140,535,40,NO,sell,44.04,85.29,0.516338,448503,0x04f4170ddc4d,2025-11-30T16:33:59.220222+00:00
10755,409,33,YES,buy,10.41,27.58,0.377478,141612,0x0f2da2091e80,2025-11-30T16:33:45.516855+00:00
11825,466,19,YES,buy,12.08,19.14,0.631015,222053,0x092edf0bc67a,2025-11-30T16:32:47.446701+00:00
13373,545,38,YES,sell,27.65,61.92,0.446575,605192,0x0897d006848e,2025-11-30T16:32:33.026962+00:00
13253,540,44,NO,sell,33.56,56.1,0.598239,582910,0x0a62850bf7b5,2025-11-30T16:32:32.607519+00:00
6087,166,39,YES,buy,38.99,67.65,0.576353,32821,0x0e7abc0d1866,2025-11-30T16:32:19.822578+00:00
9304,332,36,YES,buy,11.63,20.12,0.578166,135942,0x03342b04eb91,2025-11-30T16:32:15.905483+00:00
6394,186,33,YES,sell,26.93,47.01,0.572851,820555,0x0bc780094a64,2025-11-30T16:31:16.957147+00:00
7551,246,23,YES,buy,35.43,73.15,0.484361,936366,0x0bb3e30df2c2,2025-11-30T16:31:07.318200+00:00
6086,166,32,YES,sell,23.58,41.19,0.572536,32415,0x0f14dc06edc4,2025-11-30T16:29:54.822578+00:00
12569,506,27,YES,buy,42.13,134.18,0.31397,69243,0x0c823b0cc638,2025-11-30T16:29:37.178632+00:00
9303,332,39,YES,sell,15.33,29.5,0.519637,10925,0x0eadea092d92,2025-11-30T16:28:42.905483+00:00
5793,151,25,NO,buy,37.44,54.8,0.683183,70230,0x0672650efa0b,2025-11-30T16:27:01.782167+00:00
13056,531,16,NO,sell,7.59,12.28,0.618105,578367,0x08cc780aaee9,2025-11-30T16:26:40.921211+00:00
8458,291,29,YES,buy,14.27,24.32,0.586676,344321,0x0bbc380c6788,2025-11-30T16:26:23.664216+00:00
12521,504,40,NO,sell,16.48,25.32,0.650844,707470,0x0debb70f03d1,2025-11-30T16:26:04.007871+00:00
5172,121,34,NO,buy,27.94,69.11,0.40427,420492,0x0bec14042394,2025-11-30T16:25:19.491061+00:00
8917,312,39,YES,buy,44.33,78.29,0.566192,264803,0x0a68640197d0,2025-11-30T16:24:46.433231+00:00
7385,237,29,YES,sell,37.94,80.38,0.471999,679794,0x0a7d1a0e80f7,2025-11-30T16:24:35.699723+00:00
11897,472,32,YES,buy,24.56,62.67,0.39187,149552,0x0d29c20e4909,2025-11-30T16:24:01.686643+00:00
8345,285,17,YES,buy,26.24,58.49,0.448587,346387,0x08252d01cadb,2025-11-30T16:24:00.251341+00:00
4155,64,28,YES,buy,41.02,62.74,0.653852,56843,0x01f3dd082a0a,2025-11-30T16:23:59.573924+00:00
13326,543,25,YES,buy,31.69,52.33,0.605635,146321,0x07259106aba3,2025-11-30T16:23:39.865683+00:00
4421,81,24,YES,sell,3.43,5.35,0.641529,899746,0x0e00cf04f479,2025-11-30T16:22:27.615018+00:00
10754,409,23,NO,buy,43.42,111.12,0.390749,113360,0x0249030458fc,2025-11-30T16:21:43.516855+00:00
4649,91,40,YES,sell,44.06,67.15,0.656161,990999,0x0e904901ff51,2025-11-30T16:21:11.486544+00:00
11341,442,21,NO,buy,33.6,65.24,0.515001,408017,0x05eb73059fb2,2025-11-30T16:21:02.693234+00:00
5792,151,16,YES,buy,5.2,17.14,0.303467,895016,0x025eb306d47b,2025-11-30T16:20:43.782167+00:00
11649,458,19,NO,buy,39.94,97.84,0.408226,900842,0x09c37d0b8e9a,2025-11-30T16:19:53.832761+00:00
5477,135,26,YES,buy,36.64,85.04,0.430846,290520,0x09a38b06e42a,2025-11-30T16:18:07.571274+00:00
4037,58,16,NO,sell,33.41,101.99,0.327583,14266,0x0be2f606fc4e,2025-11-30T16:18:05.120420+00:00
6660,201,23,YES,buy,40.33,64.97,0.620793,119011,0x0f13da065cb7,2025-11-30T16:17:47.925906+00:00
13372,545,31,YES,buy,14.92,24.34,0.612995,838766,0x0333d2087f81,2025-11-30T16:16:30.026962+00:00
4420,81,33,NO,sell,9.01,13.7,0.657797,723312,0x0d825e0ed1de,2025-11-30T16:16:07.615018+00:00
12988,527,43,YES,buy,7.67,13.61,0.563409,106174,0x06cf9a07888d,2025-11-30T16:15:15.686250+00:00
9504,343,43,YES,sell,18.59,29.08,0.639354,516581,0x0c77c60a48c4,2025-11-30T16:14:44.699582+00:00
9082,321,36,YES,buy,43.85,135.49,0.32363,466474,0x0405f30a043b,2025-11-30T16:14:44.084155+00:00
9898,364,27,NO,sell,32.07,51.65,0.620965,99716,0x0603d007f21c,2025-11-30T16:14:17.253548+00:00
6917,213,31,NO,sell,45.95,94.86,0.484398,489780,0x03c2a905b363,2025-11-30T16:13:30.909440+00:00
6464,189,43,NO,sell,34.82,71.33,0.488178,99772,0x0cca1e0c93dc,2025-11-30T16:13:30.189983+00:00
11824,466,38,YES,buy,36.96,121.23,0.304884,694873,0x03ee4504f66e,2025-11-30T16:13:26.446701+00:00
11648,458,26,NO,buy,6.17,9.23,0.668636,231735,0x08950d0d4be0,2025-11-30T16:12:16.832761+00:00
11340,442,18,YES,buy,25.94,42.88,0.60493,579357,0x0d4ad00d1e8c,2025-11-30T16:11:36.693234+00:00
9418,338,28,YES,buy,43.57,67.18,0.648522,555178,0x0514450989a0,2025-11-30T16:11:34.349984+00:00
4338,76,43,YES,sell,46.76,132.54,0.352793,442307,0x0ef30f0a9eb6,2025-11-30T16:10:47.315092+00:00
5476,135,43,NO,sell,13.89,21.51,0.645801,702199,0x05fb2b0d3b65,2025-11-30T16:10:00.571274+00:00
6916,213,38,YES,buy,29.51,86.28,0.342027,883183,0x0554800c2f57,2025-11-30T16:09:58.909440+00:00
8393,288,17,NO,sell,49.92,151.65,0.329189,813048,0x071007050bfc,2025-11-30T16:08:05.419715+00:00
10399,392,43,NO,buy,43.02,63.32,0.679453,867808,0x0a719e035698,2025-11-30T16:07:40.150760+00:00
4770,96,20,NO,buy,46.36,146.58,0.31628,889528,0x0320170e2ec6,2025-11-30T16:06:11.923637+00:00
7296,232,43,YES,buy,9.59,17.23,0.556624,972336,0x0c4fe10a69cf,2025-11-30T16:03:38.356039+00:00
9897,364,26,YES,sell,48.48,139.31,0.347994,970920,0x0d69dc0ac7a0,2025-11-30T16:03:06.253548+00:00
8411,289,43,NO,buy,9.24,24.3,0.380306,881444,0x095dac07db0e,2025-11-30T16:02:34.489641+00:00
11823,466,25,YES,buy,9.94,29.85,0.333003,701201,0x0c735d0b8d2c,2025-11-30T16:02:20.446701+00:00
4648,91,20,YES,sell,34.53,78.1,0.442151,526600,0x065cf4054e1e,2025-11-30T16:02:12.486544+00:00
12568,506,25,YES,sell,34.95,95.46,0.366115,295388,0x060a3801942f,2025-11-30T16:00:12.178632+00:00
12567,506,36,NO,buy,47.68,85.54,0.5574,252207,0x0b2a1e0c56d6,2025-11-30T15:59:31.178632+00:00
13252,540,29,YES,buy,12.12,18.96,0.639306,431216,0x041f1905f28d,2025-11-30T15:59:20.607519+00:00
10148,379,20,YES,buy,43.25,106.9,0.40457,648725,0x03137f0b34cb,2025-11-30T15:58:28.240051+00:00
10243,383,28,NO,sell,15.01,22.75,0.659845,942878,0x0a1fa20d9571,2025-11-30T15:55:48.596740+00:00
6915,213,17,NO,buy,43.14,97.63,0.44185,285065,0x069c50030801,2025-11-30T15:55:29.909440+00:00
6617,198,26,YES,buy,40.67,115.04,0.353528,601524,0x0bfde6076d94,2025-11-30T15:55:20.770022+00:00
13182,537,33,YES,sell,8.08,16.31,0.495285,97740,0x0826fb0d48f7,2025-11-30T15:55:20.373956+00:00
9417,338,18,YES,buy,20.5,49.78,0.411819,166171,0x0e9c5a01b509,2025-11-30T15:54:22.349984+00:00
8916,312,16,YES,buy,23.04,54.52,0.422569,913262,0x02ba3d0941b1,2025-11-30T15:52:45.433231+00:00
11355,443,20,YES,buy,21.39,33.9,0.630935,602238,0x0a9c4a0dafc2,2025-11-30T15:52:13.772966+00:00
12566,506,24,YES,sell,44.05,63.71,0.69138,595656,0x0bcba407c7fb,2025-11-30T15:51:30.178632+00:00
6659,201,36,NO,sell,28.4,49.46,0.574234,299033,0x0f22b70aa95a,2025-11-30T15:49:56.925906+00:00
9258,329,16,YES,sell,10.29,26.24,0.392117,747066,0x0ec27207dd9b,2025-11-30T15:49:33.737607+00:00
11339,442,36,YES,buy,25.67,57.27,0.448215,484317,0x0de21006f0fb,2025-11-30T15:49:01.693234+00:00
12565,506,17,NO,buy,13.43,20.58,0.652534,885060,0x052cff01d0e2,2025-11-30T15:48:55.178632+00:00
6483,190,41,NO,sell,47.75,73.37,0.650805,246228,0x022cd607a811,2025-11-30T15:48:18.262174+00:00
6914,213,36,NO,sell,43.85,107.42,0.408193,740403,0x04952c042f71,2025-11-30T15:48:06.909440+00:00
7550,246,33,NO,sell,18.76,30.49,0.615304,143198,0x0a23d308f680,2025-11-30T15:47:59.318200+00:00
6393,186,27,NO,buy,26.87,52.08,0.515974,546300,0x0a74500a69a0,2025-11-30T15:47:44.957147+00:00
6640,200,32,YES,sell,42.28,77.38,0.546378,592979,0x0c15ec0dfac2,2025-11-30T15:47:16.856054+00:00
9302,332,33,YES,sell,5.37,14.4,0.372859,403842,0x0aee510b3557,2025-11-30T15:46:58.905483+00:00
8392,288,33,YES,sell,39.63,84.31,0.470058,814231,0x04dd200edc6e,2025-11-30T15:46:51.419715+00:00
6085,166,19,YES,buy,26.38,47.97,0.549936,756939,0x02ab390847a3,2025-11-30T15:46:28.822578+00:00
13371,545,33,NO,sell,14.11,30.19,0.467361,493464,0x0ccc030b086b,2025-11-30T15:46:23.026962+00:00
8457,291,37,NO,buy,45.85,103.37,0.443566,509992,0x0da1320eb800,2025-11-30T15:45:16.664216+00:00
10753,409,32,NO,sell,48.61,77.55,0.626817,727839,0x02fbae0d7280,2025-11-30T15:44:14.516855+00:00
13139,535,30,YES,buy,17.23,29.81,0.577933,13882,0x0ec98b0ce232,2025-11-30T15:43:56.220222+00:00
10398,392,23,YES,sell,24.44,37.67,0.648789,69667,0x0d9fab030f5e,2025-11-30T15:43:54.150760+00:00
8410,289,33,NO,buy,47.5,71.29,0.666322,288107,0x0f36510818f1,2025-11-30T15:43:52.489641+00:00
4134,63,19,YES,buy,8.18,21.59,0.378909,798143,0x0b2a0d03f8c7,2025-11-30T15:43:40.491714+00:00
4419,81,35,YES,buy,12.85,25.93,0.495515,913765,0x08a9dd045e01,2025-11-30T15:43:34.615018+00:00
13055,531,28,NO,buy,47.78,112.36,0.425229,517426,0x0297040c0310,2025-11-30T15:43:04.921211+00:00
5475,135,31,YES,sell,15.45,44.93,0.343846,126766,0x0cd3b80f0ab2,2025-11-30T15:39:30.571274+00:00
12520,504,18,YES,sell,23.49,46.66,0.503458,291620,0x0bd20505cf14,2025-11-30T15:38:16.007871+00:00
13181,537,27,YES,sell,11.73,18.97,0.618193,872948,0x091fa004c789,2025-11-30T15:37:55.373956+00:00
11896,472,33,NO,buy,32.57,90.76,0.358875,41649,0x028dcd0e3d08,2025-11-30T15:37:27.686643+00:00
6913,213,28,YES,sell,40.62,103.77,0.391427,622901,0x0199180aa9c6,2025-11-30T15:37:08.909440+00:00
10242,383,35,NO,sell,10.01,24.28,0.412271,545678,0x0d4f630caace,2025-11-30T15:36:53.596740+00:00
6392,186,21,NO,buy,19.52,33.07,0.590246,425942,0x0a8f3b0b79a4,2025-11-30T15:36:42.957147+00:00
5171,121,42,YES,buy,30.51,78.96,0.386416,135733,0x07455b05f6d6,2025-11-30T15:35:23.491061+00:00
4337,76,16,YES,sell,19.91,50.22,0.396433,75461,0x0bbc350b075c,2025-11-30T15:34:34.315092+00:00
6463,189,31,NO,buy,27.24,62.92,0.432926,766806,0x0a55e302d4aa,2025-11-30T15:33:10.189983+00:00
6084,166,23,NO,buy,41.58,130.92,0.317607,879603,0x095fbf0f213a,2025-11-30T15:32:18.822578+00:00
8344,285,25,YES,buy,31.67,47.75,0.663277,209895,0x052b2006d02e,2025-11-30T15:31:27.251341+00:00
12519,504,31,YES,buy,35.06,58.21,0.602284,58697,0x09171c09f975,2025-11-30T15:30:26.007871+00:00
6658,201,29,NO,sell,2.06,6.83,0.301539,480497,0x0e09110b0ced,2025-11-30T15:28:49.925906+00:00
10241,383,30,YES,buy,17.45,28.91,0.603573,400122,0x0b314a06b076,2025-11-30T15:28:46.596740+00:00
4769,96,25,YES,buy,14.42,23.91,0.60302,388896,0x0436f60caaa7,2025-11-30T15:28:15.923637+00:00
12518,504,41,YES,buy,25.88,54.16,0.477831,71603,0x0ee3190b624c,2025-11-30T15:28:07.007871+00:00
7384,237,39,YES,buy,8.43,16.65,0.506175,945714,0x04cc4a040c1d,2025-11-30T15:28:03.699723+00:00
6616,198,40,YES,buy,45.69,86.72,0.526895,85466,0x01ce7408383b,2025-11-30T15:27:55.770022+00:00
10752,409,28,NO,sell,43.19,109.16,0.395662,675129,0x0dfc4b091f59,2025-11-30T15:27:55.516855+00:00
13325,543,24,NO,buy,24.31,54.98,0.442138,136874,0x0ec193073468,2025-11-30T15:27:52.865683+00:00
8343,285,38,NO,sell,44.05,91.57,0.481046,891476,0x0340fe07513c,2025-11-30T15:27:26.251341+00:00
4154,64,37,YES,sell,5.11,14.03,0.364125,155506,0x08b70909bd51,2025-11-30T15:27:06.573924+00:00
12517,504,27,NO,buy,33.03,57.94,0.570045,443415,0x03eb1a0a6ca7,2025-11-30T15:27:04.007871+00:00
8456,291,18,YES,buy,45.59,141.42,0.322366,557465,0x071242064874,2025-11-30T15:25:27.664216+00:00
6462,189,44,NO,buy,34.63,65.81,0.526217,811342,0x087733033a81,2025-11-30T15:25:21.189983+00:00
11338,442,33,NO,buy,5.22,12.2,0.428013,665125,0x0cb707071690,2025-11-30T15:24:54.693234+00:00
4036,58,22,YES,sell,42.66,78.98,0.540165,594423,0x0376770e43f8,2025-11-30T15:24:30.120420+00:00
13251,540,38,NO,buy,3.68,10.86,0.3388,27431,0x0f2b7a057ebd,2025-11-30T15:24:25.607519+00:00
13054,531,31,YES,buy,24.77,43.45,0.570123,49484,0x044aab0d926d,2025-11-30T15:23:16.921211+00:00
6639,200,20,NO,buy,44.43,67.35,0.659658,3003,0x0a52be0ce1e6,2025-11-30T15:22:51.856054+00:00
12987,527,22,YES,buy,15.93,40.39,0.394423,47135,0x0ba665079613,2025-11-30T15:22:18.686250+00:00
8391,288,30,YES,sell,20.59,43.71,0.471068,512826,0x09676009254e,2025-11-30T15:21:42.419715+00:00
11647,458,21,YES,buy,39.09,99.74,0.391924,200621,0x0f38fd01aea0,2025-11-30T15:20:48.832761+00:00
5791,151,44,NO,sell,30.91,51.06,0.605357,659595,0x0a03e90d4a7c,2025-11-30T15:20:46.782167+00:00
10397,392,15,YES,sell,38.16,98.08,0.389082,264333,0x0896e9055a4b,2025-11-30T15:20:27.150760+00:00
13138,535,15,YES,sell,12.42,32.8,0.378659,880573,0x0e00c30c7030,2025-11-30T15:20:17.220222+00:00
4153,64,20,YES,buy,43.78,136.44,0.320872,582478,0x09371f07771c,2025-11-30T15:19:56.573924+00:00
9257,329,31,NO,buy,5.57,8.26,0.674274,325022,0x06099709f27a,2025-11-30T15:19:54.737607+00:00
6482,190,28,NO,buy,25.55,57.19,0.446757,883102,0x0a70d5076c4e,2025-11-30T15:19:38.262174+00:00
8915,312,28,YES,sell,7.33,13.94,0.525798,102117,0x0d54a001fd5b,2025-11-30T15:19:33.433231+00:00
9081,321,29,NO,sell,25.17,46.86,0.537166,917302,0x0ccb9f0e0aa8,2025-11-30T15:19:05.084155+00:00
13137,535,34,NO,sell,9.48,25.15,0.376871,713199,0x0e93eb0d15ec,2025-11-30T15:16:54.220222+00:00
10396,392,29,NO,buy,10.42,24.45,0.426179,528177,0x03f27d0b169f,2025-11-30T15:16:32.150760+00:00
4418,81,29,YES,sell,35.53,86.75,0.409591,530663,0x0eb3b408f410,2025-11-30T15:16:19.615018+00:00
4768,96,18,YES,sell,41.98,68.01,0.617241,622894,0x0dc0e7024158,2025-11-30T15:16:15.923637+00:00
9503,343,36,NO,buy,33.49,52.43,0.638766,999583,0x06ce5505253e,2025-11-30T15:15:11.699582+00:00
13250,540,15,YES,buy,20.1,31.1,0.646288,865225,0x0804d30dc0c8,2025-11-30T15:15:07.607519+00:00
5170,121,31,YES,buy,33.47,105.29,0.317894,149548,0x021d160488f9,2025-11-30T15:14:46.491061+00:00
6083,166,32,YES,buy,27.41,82.21,0.333427,99080,0x09ed550a207f,2025-11-30T15:14:25.822578+00:00
4417,81,19,YES,buy,10.45,16.5,0.633172,262609,0x0eeae10272aa,2025-11-30T15:13:54.615018+00:00
7295,232,39,YES,sell,15.11,28.93,0.522268,302819,0x0e52e108cac0,2025-11-30T15:13:27.356039+00:00
11822,466,43,YES,sell,26.87,53.99,0.497643,515922,0x0c83770cebf8,2025-11-30T15:12:27.446701+00:00
9301,332,33,NO,sell,23.58,40.74,0.578789,313684,0x06e14e074b67,2025-11-30T15:11:32.905483+00:00
6481,190,34,NO,sell,8.95,16.98,0.526996,985493,0x0e596604c636,2025-11-30T15:11:23.262174+00:00
4647,91,29,YES,buy,13.12,25.64,0.511766,413509,0x06dced095d63,2025-11-30T15:11:13.486544+00:00
12564,506,32,NO,sell,23.67,59.39,0.39858,342988,0x03abcb0c2e2d,2025-11-30T15:10:57.178632+00:00
9896,364,32,YES,sell,37.46,58.79,0.63723,511241,0x0351c00f26f5,2025-11-30T15:10:40.253548+00:00
13136,535,24,NO,buy,16.96,41.34,0.41024,974571,0x07c7fb0a467a,2025-11-30T15:09:00.220222+00:00
5474,135,15,NO,buy,19.11,46.3,0.412735,768651,0x0aaa1e085994,2025-11-30T15:08:58.571274+00:00
10147,379,15,YES,buy,39.87,57.92,0.688326,625008,0x0da2020a21b3,2025-11-30T15:08:14.240051+00:00
6480,190,40,YES,sell,13.15,19.17,0.686144,290308,0x0a2f6e0eaa2b,2025-11-30T15:06:40.262174+00:00
6615,198,21,YES,sell,21.29,52.28,0.407203,498198,0x08c373097e77,2025-11-30T15:05:59.770022+00:00
11354,443,21,NO,sell,33.32,53.79,0.619435,700928,0x07a37d06008c,2025-11-30T15:05:22.772966+00:00
8342,285,25,YES,sell,41.56,91.12,0.456111,547306,0x021142018971,2025-11-30T15:05:22.251341+00:00
9416,338,32,YES,buy,10.79,19.21,0.561674,988126,0x0e40f20c296d,2025-11-30T15:04:30.349984+00:00
7549,246,43,NO,sell,26.54,44.62,0.594751,49382,0x0dedb80b795d,2025-11-30T15:03:25.318200+00:00
11895,472,40,YES,buy,46.61,143.24,0.325397,780370,0x0b73e3095f6e,2025-11-30T15:02:51.686643+00:00
7548,246,25,YES,buy,16.38,42.32,0.387051,255134,0x025e920b2cf4,2025-11-30T15:02:40.318200+00:00
13324,543,27,YES,buy,29.72,78.79,0.377214,628480,0x01d75e088c2b,2025-11-30T15:01:05.865683+00:00
6391,186,30,YES,buy,19.0,36.21,0.524679,441077,0x04a3e608677b,2025-11-30T14:59:07.957147+00:00
6479,190,24,NO,buy,43.17,118.71,0.363649,229767,0x0d82d50a0522,2025-11-30T14:58:22.262174+00:00
11337,442,21,YES,sell,25.9,48.76,0.531159,135631,0x0616b0026c61,2025-11-30T14:57:48.693234+00:00
13370,545,18,YES,buy,21.83,62.85,0.347355,144486,0x0cd7a40e1fc2,2025-11-30T14:56:42.026962+00:00
5473,135,39,YES,buy,30.32,95.98,0.315898,838803,0x0a29c40a21ed,2025-11-30T14:55:29.571274+00:00
6912,213,36,NO,sell,19.77,30.0,0.65892,27638,0x03cbb60cbed1,2025-11-30T14:54:36.909440+00:00
4767,96,22,YES,buy,21.88,35.03,0.624608,422536,0x0d552e0c6157,2025-11-30T14:53:57.923637+00:00
10395,392,29,YES,sell,26.42,50.01,0.528313,148789,0x08e3d30b47e4,2025-11-30T14:53:35.150760+00:00
12563,506,31,YES,sell,7.88,25.35,0.310839,459257,0x029bea0ddfd2,2025-11-30T14:53:22.178632+00:00
11894,472,35,YES,buy,20.5,30.05,0.68227,694593,0x0b29f3062425,2025-11-30T14:52:22.686643+00:00
8341,285,19,YES,buy,36.12,100.61,0.359007,189021,0x03e4aa05e6f2,2025-11-30T14:51:21.251341+00:00
4152,64,21,NO,sell,23.62,57.23,0.412709,554081,0x07a2c6099287,2025-11-30T14:51:12.573924+00:00
4336,76,15,NO,buy,26.37,52.34,0.503809,310898,0x0d7dca07cb3c,2025-11-30T14:50:18.315092+00:00
9415,338,42,YES,sell,23.06,75.38,0.305926,44233,0x056b49065d48,2025-11-30T14:50:11.349984+00:00
9300,332,26,YES,sell,46.17,70.52,0.654735,625633,0x0dc5ca0e5ada,2025-11-30T14:49:44.905483+00:00
8914,312,18,NO,sell,35.24,70.49,0.499939,488296,0x0ca62c07f5b2,2025-11-30T14:49:25.433231+00:00
13249,540,25,YES,buy,29.74,55.22,0.538599,376666,0x0de3dc0280f5,2025-11-30T14:49:17.607519+00:00
4133,63,35,YES,buy,45.39,103.22,0.43975,677796,0x0d29f80ea109,2025-11-30T14:47:52.491714+00:00
8409,289,21,NO,sell,49.33,100.36,0.49154,966143,0x0ece1d0e9c92,2025-11-30T14:47:00.489641+00:00
4416,81,39,NO,buy,26.25,72.2,0.363589,532413,0x0680fc0ce105,2025-11-30T14:46:12.615018+00:00
6461,189,34,YES,buy,18.28,27.52,0.664154,548622,0x0e18c103848c,2025-11-30T14:46:05.189983+00:00
13323,543,29,NO,sell,28.93,54.95,0.526481,563293,0x0377f2098bb2,2025-11-30T14:45:24.865683+00:00
7547,246,34,NO,sell,13.65,21.67,0.629926,582811,0x0d19600de308,2025-11-30T14:45:20.318200+00:00
11893,472,43,NO,buy,45.4,77.21,0.588014,530660,0x0a19d2033fb7,2025-11-30T14:44:37.686643+00:00
6911,213,22,NO,buy,47.26,73.62,0.641988,334973,0x05e9360919e2,2025-11-30T14:44:07.909440+00:00
8390,288,44,YES,buy,38.39,82.73,0.464045,353797,0x0c8e3107d3f2,2025-11-30T14:42:12.419715+00:00
12516,504,40,YES,buy,24.54,37.75,0.650129,325618,0x035bb10e1347,2025-11-30T14:42:09.007871+00:00
4035,58,44,NO,sell,47.13,124.24,0.379332,871917,0x0affdb0c9361,2025-11-30T14:41:31.120420+00:00
8913,312,32,YES,buy,27.58,48.98,0.563058,66473,0x0374120ac444,2025-11-30T14:40:46.433231+00:00
13180,537,17,NO,buy,38.88,62.69,0.620171,637207,0x0bf05b01d49c,2025-11-30T14:40:10.373956+00:00
11821,466,15,YES,buy,26.37,53.07,0.49686,973876,0x034bfc050a9f,2025-11-30T14:39:44.446701+00:00
7294,232,22,NO,buy,31.05,47.87,0.648635,800132,0x038bbc0e1cb7,2025-11-30T14:38:26.356039+00:00
5169,121,32,NO,buy,29.28,50.65,0.578041,636617,0x09e3770728e5,2025-11-30T14:37:52.491061+00:00
13053,531,30,NO,buy,18.74,28.39,0.660029,778126,0x0412d70d32b4,2025-11-30T14:37:06.921211+00:00
4646,91,37,YES,sell,24.75,45.93,0.538843,209535,0x02ef28048230,2025-11-30T14:36:53.486544+00:00
6657,201,35,NO,buy,38.48,82.79,0.464802,66985,0x0af85a0665e8,2025-11-30T14:36:28.925906+00:00
9414,338,20,YES,buy,4.71,13.48,0.349377,815781,0x0cefbf0ce7de,2025-11-30T14:35:56.349984+00:00
11353,443,28,YES,sell,6.88,14.04,0.489946,572967,0x0bdfdd07d749,2025-11-30T14:35:43.772966+00:00
9895,364,15,YES,buy,9.29,27.49,0.337969,630194,0x07184403355c,2025-11-30T14:34:51.253548+00:00
6082,166,31,YES,buy,40.15,101.34,0.396193,900996,0x02568709a918,2025-11-30T14:32:50.822578+00:00
10146,379,29,NO,sell,24.89,37.48,0.664021,957453,0x05907c01c001,2025-11-30T14:32:09.240051+00:00
10240,383,29,YES,buy,13.97,35.43,0.394318,615519,0x0282010bc6e8,2025-11-30T14:31:32.596740+00:00
12515,504,25,NO,sell,13.27,23.68,0.560408,845788,0x0284660d49d0,2025-11-30T14:30:29.007871+00:00
13179,537,21,YES,buy,49.93,140.56,0.355219,762800,0x02b2680c35dc,2025-11-30T14:30:25.373956+00:00
13369,545,41,YES,buy,35.44,95.13,0.372541,137847,0x0292e60c185b,2025-11-30T14:30:15.026962+00:00
6081,166,18,NO,sell,45.56,85.6,0.532265,142786,0x0d53e20e97d8,2025-11-30T14:29:04.822578+00:00
10751,409,41,NO,sell,5.51,7.95,0.693166,405682,0x01d5df04f9bf,2025-11-30T14:29:02.516855+00:00
8389,288,37,NO,sell,9.18,16.72,0.549066,792366,0x0985270ab4f1,2025-11-30T14:28:34.419715+00:00
5790,151,19,NO,buy,8.38,19.64,0.426596,137896,0x0575010d5761,2025-11-30T14:28:33.782167+00:00
7383,237,44,NO,sell,27.85,51.39,0.541901,855366,0x04daaa01983d,2025-11-30T14:28:10.699723+00:00
6638,200,21,NO,buy,43.78,145.19,0.30154,343504,0x0ba2830244bb,2025-11-30T14:27:25.856054+00:00
6478,190,35,YES,buy,21.37,32.71,0.653384,78623,0x0c7f9c0d6712,2025-11-30T14:26:09.262174+00:00
8455,291,19,YES,sell,46.73,133.31,0.350526,555010,0x0269d0065757,2025-11-30T14:25:36.664216+00:00
11646,458,43,NO,buy,39.19,67.25,0.582743,20138,0x0e2a7f0c7add,2025-11-30T14:25:25.832761+00:00
9256,329,29,NO,sell,22.85,52.45,0.435631,691350,0x0429df033b77,2025-11-30T14:24:49.737607+00:00
6477,190,26,NO,buy,30.94,79.39,0.389698,718002,0x0dcff602a998,2025-11-30T14:24:26.262174+00:00
13135,535,25,YES,sell,30.78,56.61,0.543734,548045,0x078d3c052365,2025-11-30T14:23:58.220222+00:00
13052,531,24,NO,sell,33.73,48.26,0.698944,115384,0x022de4024a7c,2025-11-30T14:23:52.921211+00:00
12562,506,27,YES,sell,7.01,14.99,0.46758,614456,0x027ce70c2e28,2025-11-30T14:23:50.178632+00:00
12986,527,20,YES,buy,45.24,109.11,0.414624,526894,0x09300903e9e4,2025-11-30T14:23:08.686250+00:00
10239,383,19,YES,buy,38.93,120.79,0.32229,200943,0x01f6280311ed,2025-11-30T14:22:32.596740+00:00
9080,321,22,YES,buy,40.82,81.03,0.503742,459976,0x026df706fbda,2025-11-30T14:22:19.084155+00:00
9299,332,26,YES,sell,37.68,54.03,0.697441,634709,0x0b9f310577a1,2025-11-30T14:21:12.905483+00:00
6614,198,29,NO,sell,31.57,47.72,0.661509,666490,0x07e1ce085c2f,2025-11-30T14:20:55.770022+00:00
10238,383,24,YES,buy,13.8,25.66,0.537848,252509,0x044242061f2c,2025-11-30T14:20:51.596740+00:00
5472,135,34,YES,buy,33.66,94.44,0.356401,880535,0x04d5da0a5c49,2025-11-30T14:20:36.571274+00:00
8912,312,20,NO,buy,22.94,40.67,0.564098,666552,0x01ee010673ce,2025-11-30T14:20:17.433231+00:00
11892,472,24,YES,sell,25.45,54.66,0.465619,929217,0x0b3818062487,2025-11-30T14:19:33.686643+00:00
6910,213,33,YES,buy,20.38,61.68,0.330405,506012,0x0530ef031fb6,2025-11-30T14:18:32.909440+00:00
6656,201,15,NO,sell,44.44,83.58,0.531733,467670,0x0b404b01e2ae,2025-11-30T14:18:00.925906+00:00
8340,285,30,NO,sell,3.2,9.84,0.325162,981163,0x0759400eacf6,2025-11-30T14:17:15.251341+00:00
11645,458,19,YES,buy,48.94,161.05,0.303883,318345,0x04f4d2051d96,2025-11-30T14:17:01.832761+00:00
6390,186,29,NO,buy,20.54,32.75,0.627178,810947,0x0afd5505d3e4,2025-11-30T14:16:44.957147+00:00
9502,343,31,NO,buy,31.26,57.19,0.546577,53863,0x03d24b070102,2025-11-30T14:16:21.699582+00:00
7293,232,15,YES,buy,44.85,131.55,0.340931,990040,0x0621090cec2f,2025-11-30T14:15:47.356039+00:00
11336,442,43,NO,buy,32.56,79.95,0.407252,251330,0x0b42970d8f75,2025-11-30T14:15:06.693234+00:00
11891,472,22,NO,sell,37.61,59.37,0.633481,425239,0x04b49b0cc60e,2025-11-30T14:14:36.686643+00:00
8408,289,31,NO,buy,2.71,4.5,0.602475,635336,0x0703a50c4d7c,2025-11-30T14:14:28.489641+00:00
8911,312,26,NO,sell,45.71,87.49,0.52246,690295,0x04a6560b9e32,2025-11-30T14:14:01.433231+00:00
12561,506,40,YES,buy,8.01,24.57,0.326065,336686,0x0b2bcb0f29fc,2025-11-30T14:14:00.178632+00:00
4415,81,23,NO,buy,10.21,26.55,0.384556,777936,0x0eb59a080a65,2025-11-30T14:12:58.615018+00:00
4132,63,17,NO,sell,37.54,96.6,0.388629,81089,0x0dfde404374b,2025-11-30T14:12:52.491714+00:00
13322,543,22,NO,sell,16.14,39.51,0.408473,834221,0x0f3071091ace,2025-11-30T14:11:47.865683+00:00
4766,96,29,YES,buy,41.07,119.9,0.342532,838995,0x097aec0b0ba7,2025-11-30T14:11:46.923637+00:00
6909,213,34,NO,buy,28.75,43.52,0.660675,836536,0x06ff090b7ae2,2025-11-30T14:11:42.909440+00:00
7382,237,37,NO,sell,28.42,87.01,0.326614,854943,0x06cf550a281d,2025-11-30T14:09:44.699723+00:00
13248,540,25,NO,sell,31.35,54.08,0.579677,8208,0x0c24a40d3b1c,2025-11-30T14:09:34.607519+00:00
12514,504,23,NO,sell,31.22,103.38,0.30198,580858,0x0bf5ef0ca4be,2025-11-30T14:09:14.007871+00:00
13051,531,28,NO,buy,17.27,41.48,0.41638,398458,0x068a700902c9,2025-11-30T14:07:06.921211+00:00
9079,321,30,YES,sell,46.74,89.25,0.523696,123913,0x0a573d06bcb5,2025-11-30T14:06:58.084155+00:00
9078,321,35,NO,buy,9.84,16.38,0.600844,175948,0x05675009aec3,2025-11-30T14:06:30.084155+00:00
7546,246,37,YES,sell,40.74,116.87,0.348606,245602,0x0a32a807d938,2025-11-30T14:06:10.318200+00:00
10750,409,27,YES,buy,33.6,95.84,0.350582,145300,0x03152e07bfd0,2025-11-30T14:05:42.516855+00:00
4765,96,16,YES,buy,1.7,3.07,0.553065,833251,0x06717a0ea85f,2025-11-30T14:04:58.923637+00:00
6637,200,20,YES,buy,1.26,1.87,0.674498,566435,0x0d7e6a041b48,2025-11-30T14:04:17.856054+00:00
4335,76,35,YES,buy,28.12,52.07,0.540003,817808,0x0b3f530615a9,2025-11-30T14:03:00.315092+00:00
5471,135,24,YES,buy,15.1,30.53,0.494654,303491,0x051aa0043c29,2025-11-30T14:02:44.571274+00:00
4645,91,26,YES,buy,15.33,23.46,0.653361,400194,0x07b5d205397d,2025-11-30T14:02:01.486544+00:00
11820,466,15,YES,buy,22.92,47.91,0.478378,671770,0x0bf14d07dac4,2025-11-30T14:00:02.446701+00:00
13178,537,28,YES,sell,33.54,75.3,0.445433,57969,0x0969e5022ebf,2025-11-30T13:59:52.373956+00:00
6908,213,30,NO,sell,29.81,72.51,0.411142,403580,0x02932f01c39a,2025-11-30T13:59:06.909440+00:00
10237,383,44,YES,sell,1.1,1.81,0.608586,976063,0x0bb3be06207d,2025-11-30T13:58:10.596740+00:00
10394,392,30,NO,sell,22.56,32.47,0.694761,412485,0x08d1c4032a77,2025-11-30T13:55:56.150760+00:00
13177,537,29,YES,sell,9.49,21.0,0.451867,284997,0x030a0c0da622,2025-11-30T13:55:20.373956+00:00
11352,443,21,NO,buy,6.53,16.13,0.404741,661051,0x03ae19098d29,2025-11-30T13:55:10.772966+00:00
4034,58,20,YES,buy,48.27,140.63,0.343239,604766,0x01efcd068466,2025-11-30T13:55:07.120420+00:00
4151,64,24,NO,buy,27.17,64.11,0.423787,492798,0x0e76bf0e1367,2025-11-30T13:54:02.573924+00:00
9894,364,38,NO,buy,3.87,7.73,0.500802,960297,0x0dbaf50bdb05,2025-11-30T13:53:53.253548+00:00
6907,213,34,YES,buy,6.78,17.07,0.397091,208710,0x0977ee07f31f,2025-11-30T13:53:48.909440+00:00
7545,246,23,NO,sell,45.0,67.99,0.661841,738374,0x033a010ea0d7,2025-11-30T13:53:34.318200+00:00
9255,329,23,YES,sell,44.37,89.27,0.497016,191272,0x08bdf80dd864,2025-11-30T13:53:32.737607+00:00
6476,190,36,YES,sell,36.05,67.01,0.537948,480113,0x0ec6d60890be,2025-11-30T13:52:54.262174+00:00
5168,121,36,YES,buy,15.73,23.18,0.678486,308648,0x09d6430e0cfb,2025-11-30T13:52:43.491061+00:00
6475,190,31,YES,sell,17.44,54.7,0.318814,207612,0x0594d207dc1e,2025-11-30T13:52:33.262174+00:00
9077,321,15,YES,buy,20.97,57.54,0.364432,697788,0x0da0210a9f18,2025-11-30T13:52:23.084155+00:00
6460,189,20,YES,buy,9.87,20.89,0.47258,679465,0x0437c5031c06,2025-11-30T13:51:38.189983+00:00
4414,81,30,YES,buy,7.58,10.99,0.689688,866938,0x089d9b0de90e,2025-11-30T13:50:54.615018+00:00
12985,527,27,NO,buy,30.05,73.4,0.409375,859743,0x03daac0618f5,2025-11-30T13:50:07.686250+00:00
8454,291,17,NO,buy,2.08,5.92,0.351209,994390,0x02c7b10c279a,2025-11-30T13:49:09.664216+00:00
13050,531,26,YES,buy,27.96,76.81,0.364021,733207,0x0efe2408ce11,2025-11-30T13:46:38.921211+00:00
8407,289,35,YES,sell,1.23,1.79,0.686565,357863,0x084f5f09a74b,2025-11-30T13:46:34.489641+00:00
8388,288,38,NO,sell,46.36,77.88,0.595245,846666,0x0ea6710a5d9a,2025-11-30T13:45:43.419715+00:00
10145,379,27,NO,buy,41.55,76.85,0.54063,101780,0x0edadb0af9e6,2025-11-30T13:45:30.240051+00:00
9254,329,21,NO,buy,7.53,19.57,0.384697,136970,0x0524390b619e,2025-11-30T13:44:14.737607+00:00
4334,76,19,YES,sell,18.23,38.64,0.471755,260822,0x0e2ee003c35e,2025-11-30T13:43:56.315092+00:00
9413,338,25,YES,sell,32.81,49.79,0.659026,220401,0x0bdd53098c57,2025-11-30T13:43:40.349984+00:00
6474,190,44,YES,buy,12.94,22.04,0.587141,797188,0x0230510df496,2025-11-30T13:43:28.262174+00:00
12560,506,39,NO,buy,35.88,62.3,0.575912,458887,0x0720d5029b37,2025-11-30T13:39:57.178632+00:00
11351,443,24,YES,sell,28.54,72.26,0.394981,338406,0x0ae371096a27,2025-11-30T13:39:46.772966+00:00
9076,321,21,NO,buy,27.15,65.47,0.414708,685171,0x0c3b580cb8af,2025-11-30T13:38:57.084155+00:00
5470,135,38,YES,sell,26.44,49.88,0.530055,105298,0x0b5f9e068e46,2025-11-30T13:38:52.571274+00:00
11335,442,37,YES,buy,1.93,4.38,0.440599,129535,0x02e80d0f2a43,2025-11-30T13:38:47.693234+00:00
7292,232,26,NO,buy,30.34,62.46,0.485745,134825,0x055ebf01fe45,2025-11-30T13:38:44.356039+00:00
13368,545,15,YES,sell,5.49,10.51,0.522301,808521,0x01f40806771f,2025-11-30T13:38:36.026962+00:00
10393,392,19,YES,sell,23.76,34.46,0.689462,133077,0x0b9b16046d6d,2025-11-30T13:38:11.150760+00:00
8910,312,23,NO,buy,36.23,74.8,0.484355,285705,0x0c37f407cfd9,2025-11-30T13:36:57.433231+00:00
4131,63,29,NO,buy,22.4,65.43,0.342345,420902,0x087f270af2a4,2025-11-30T13:36:56.491714+00:00
4333,76,38,YES,sell,31.19,65.39,0.476954,941145,0x05007502e9b2,2025-11-30T13:36:55.315092+00:00
11819,466,41,YES,buy,8.9,20.55,0.432993,232890,0x0f15be0e063d,2025-11-30T13:36:54.446701+00:00
9298,332,35,YES,sell,42.12,84.14,0.500572,777885,0x02f8ed04cc2e,2025-11-30T13:36:24.905483+00:00
5789,151,15,YES,sell,28.8,78.06,0.368936,591729,0x0d76200c6a7c,2025-11-30T13:35:53.782167+00:00
11334,442,30,NO,sell,23.63,33.77,0.699686,83320,0x0e8f720884f2,2025-11-30T13:35:44.693234+00:00
10749,409,16,YES,sell,14.53,21.08,0.689393,490444,0x0d8c7903d426,2025-11-30T13:35:40.516855+00:00
13134,535,42,YES,buy,44.79,132.95,0.336895,267087,0x0273a60c7ea1,2025-11-30T13:34:48.220222+00:00
6655,201,34,YES,sell,16.98,31.39,0.540938,659793,0x0c43b4087d05,2025-11-30T13:34:24.925906+00:00
8453,291,29,YES,buy,2.26,6.31,0.358388,375637,0x0b92bb0b4625,2025-11-30T13:34:19.664216+00:00
6613,198,26,NO,sell,4.5,7.42,0.606435,827301,0x068994048eae,2025-11-30T13:34:13.770022+00:00
8406,289,18,NO,sell,34.21,101.11,0.33835,524383,0x08fd970c5739,2025-11-30T13:32:22.489641+00:00
9501,343,20,YES,sell,30.1,45.71,0.658553,388570,0x05b34903511a,2025-11-30T13:31:51.699582+00:00
6080,166,42,YES,buy,45.14,115.18,0.391895,996688,0x0cbaed0a1004,2025-11-30T13:30:24.822578+00:00
4033,58,19,NO,buy,28.63,73.94,0.387186,805150,0x0cb7a205a032,2025-11-30T13:29:47.120420+00:00
9253,329,32,NO,sell,35.87,58.39,0.614339,676650,0x0d92a5070efd,2025-11-30T13:28:56.737607+00:00
12984,527,20,YES,sell,19.84,29.05,0.682857,224297,0x0ba0270f2217,2025-11-30T13:28:09.686250+00:00
13321,543,44,YES,sell,3.39,9.4,0.360698,387491,0x03c7380b8458,2025-11-30T13:25:29.865683+00:00
13367,545,19,NO,buy,43.19,66.44,0.650049,130196,0x099b9209161c,2025-11-30T13:24:31.026962+00:00
8405,289,26,NO,sell,31.29,86.25,0.362782,8458,0x09592108ff11,2025-11-30T13:24:07.489641+00:00
6079,166,21,YES,buy,20.88,46.38,0.45021,973289,0x0a17d108f6b9,2025-11-30T13:24:02.822578+00:00
5167,121,23,YES,buy,49.02,97.56,0.502459,180938,0x0757c30a3c99,2025-11-30T13:23:41.491061+00:00
10144,379,29,NO,buy,7.64,16.02,0.476977,111216,0x095d000caecb,2025-11-30T13:23:23.240051+00:00
13320,543,30,YES,buy,10.65,19.49,0.546482,484359,0x0b50620d5bda,2025-11-30T13:22:50.865683+00:00
4764,96,22,YES,buy,37.04,74.74,0.495558,952245,0x01d4b50910bd,2025-11-30T13:22:36.923637+00:00
6389,186,24,YES,buy,35.5,54.06,0.656724,2662,0x051f63060a7c,2025-11-30T13:21:26.957147+00:00
8339,285,27,NO,sell,32.87,93.92,0.349974,166047,0x07706a0794df,2025-11-30T13:19:48.251341+00:00
11644,458,43,YES,buy,1.89,5.16,0.36628,604566,0x061b950d8bc0,2025-11-30T13:18:55.832761+00:00
12513,504,30,NO,sell,28.69,77.09,0.372171,624249,0x0ba3de056e8a,2025-11-30T13:18:03.007871+00:00
12559,506,16,YES,sell,36.01,113.27,0.317923,583426,0x0778ac0e24d7,2025-11-30T13:17:46.178632+00:00
11890,472,22,YES,buy,36.0,92.97,0.387242,208308,0x0585920a84ea,2025-11-30T13:17:44.686643+00:00
8387,288,32,YES,sell,13.37,19.67,0.679876,723780,0x030b1e02db43,2025-11-30T13:17:31.419715+00:00
13049,531,44,NO,sell,19.52,46.38,0.420844,166258,0x085f010a8b1f,2025-11-30T13:16:55.921211+00:00
4644,91,16,NO,buy,4.26,7.55,0.564149,958212,0x0c22320f28c1,2025-11-30T13:16:48.486544+00:00
7381,237,22,YES,sell,8.8,19.13,0.460072,491864,0x03cc5d0308bb,2025-11-30T13:16:33.699723+00:00
13176,537,39,NO,sell,44.99,84.67,0.531355,826198,0x0af69d086e6b,2025-11-30T13:14:38.373956+00:00
9500,343,23,YES,buy,34.14,80.56,0.423807,639794,0x03f15f01b739,2025-11-30T13:14:27.699582+00:00
10143,379,25,NO,sell,28.44,43.22,0.658065,104863,0x01a8300c5026,2025-11-30T13:14:02.240051+00:00
12983,527,23,YES,buy,19.95,38.77,0.514638,265748,0x0d28670b9bef,2025-11-30T13:13:31.686250+00:00
4032,58,17,YES,buy,47.53,125.16,0.379744,160784,0x01da190b779d,2025-11-30T13:13:20.120420+00:00
6636,200,15,YES,buy,43.88,93.58,0.468899,722618,0x01dc610d536d,2025-11-30T13:13:15.856054+00:00
6654,201,39,YES,sell,29.16,86.35,0.33768,215056,0x06b46308b285,2025-11-30T13:13:13.925906+00:00
13247,540,28,NO,sell,42.53,73.13,0.581579,296705,0x0288780d500c,2025-11-30T13:12:25.607519+00:00
4150,64,20,YES,sell,3.14,7.04,0.44572,466776,0x0d0a0c05538c,2025-11-30T13:12:12.573924+00:00
11889,472,38,NO,buy,27.76,77.3,0.35911,236157,0x0872bf0a8057,2025-11-30T13:11:36.686643+00:00
11350,443,42,YES,buy,43.31,74.36,0.582457,528079,0x09380a06898a,2025-11-30T13:10:12.772966+00:00
5788,151,21,NO,buy,33.32,49.37,0.674849,990016,0x086f36046932,2025-11-30T13:05:29.782167+00:00
10392,392,24,NO,sell,24.5,36.62,0.669013,80688,0x0448560d4f89,2025-11-30T13:03:44.150760+00:00
11333,442,42,YES,buy,14.16,44.56,0.317761,125369,0x0700bb05f0e3,2025-11-30T13:03:26.693234+00:00
13133,535,36,YES,buy,1.0,1.53,0.653095,477672,0x09d7f901f22f,2025-11-30T13:02:53.220222+00:00
11818,466,23,NO,buy,48.9,70.43,0.694288,649738,0x083c7a09d95e,2025-11-30T13:01:57.446701+00:00
4149,64,31,YES,sell,43.94,80.3,0.547213,162745,0x0b14f2078dab,2025-11-30T13:00:58.573924+00:00
13366,545,40,NO,buy,34.24,98.31,0.348301,971445,0x07831f0daf8a,2025-11-30T13:00:27.026962+00:00
7380,237,26,NO,sell,22.55,62.64,0.35998,383463,0x0770940579fb,2025-11-30T13:00:03.699723+00:00
13319,543,33,NO,sell,37.33,59.22,0.630378,203548,0x02efef0481b7,2025-11-30T12:59:42.865683+00:00
10236,383,27,YES,buy,40.97,106.0,0.386519,713324,0x0a62e0081ab9,2025-11-30T12:59:33.596740+00:00
10748,409,26,YES,sell,20.88,32.53,0.641788,922937,0x026d6a033b30,2025-11-30T12:59:00.516855+00:00
4643,91,27,YES,sell,9.35,22.61,0.413605,648983,0x0e27240cab99,2025-11-30T12:58:07.486544+00:00
4642,91,21,NO,sell,31.53,45.24,0.696921,701722,0x0ca5a20cb4b9,2025-11-30T12:56:42.486544+00:00
7544,246,17,YES,sell,28.32,43.48,0.651267,884994,0x0b98710d59ca,2025-11-30T12:56:39.318200+00:00
9412,338,41,NO,sell,25.73,44.08,0.583727,955020,0x0b2eb701995f,2025-11-30T12:56:38.349984+00:00
8386,288,27,YES,sell,28.31,84.42,0.335339,20898,0x0da3e10cd8a1,2025-11-30T12:56:24.419715+00:00
6388,186,27,NO,sell,5.51,18.05,0.305217,961642,0x0be1fc07d04d,2025-11-30T12:55:57.957147+00:00
9893,364,23,NO,sell,26.03,45.65,0.570208,408382,0x0d05d8062c52,2025-11-30T12:55:00.253548+00:00
4130,63,27,NO,sell,6.64,21.53,0.308343,841247,0x06b8e004469e,2025-11-30T12:54:35.491714+00:00
9075,321,33,NO,buy,44.82,73.18,0.61244,18506,0x0ed43c067b54,2025-11-30T12:54:35.084155+00:00
6459,189,29,YES,buy,1.05,2.2,0.477967,361974,0x02faae0e5825,2025-11-30T12:54:00.189983+00:00
6906,213,17,YES,buy,22.77,52.55,0.433336,329263,0x0b19da07cf9f,2025-11-30T12:53:56.909440+00:00
4148,64,30,YES,buy,50.0,138.13,0.361978,827403,0x0642300f0967,2025-11-30T12:53:54.573924+00:00
4332,76,19,YES,buy,30.91,84.54,0.365647,224404,0x0725170d15b4,2025-11-30T12:53:53.315092+00:00
11332,442,38,YES,buy,24.56,40.12,0.612157,766792,0x0428250bcd11,2025-11-30T12:53:38.693234+00:00
4413,81,30,NO,sell,1.99,3.17,0.626954,294964,0x065ff0068045,2025-11-30T12:53:12.615018+00:00
7291,232,35,YES,buy,39.79,83.83,0.474672,735222,0x03688f0bc23f,2025-11-30T12:53:11.356039+00:00
12512,504,27,NO,sell,3.53,6.5,0.542844,650602,0x04f82e02d0db,2025-11-30T12:52:18.007871+00:00
10391,392,33,YES,sell,21.83,33.75,0.646853,445803,0x0d04e3037353,2025-11-30T12:52:00.150760+00:00
5787,151,32,NO,sell,45.33,66.44,0.682293,54357,0x0b80df081ea8,2025-11-30T12:51:43.782167+00:00
13048,531,29,NO,sell,6.61,16.04,0.412132,718370,0x0e59710e497d,2025-11-30T12:51:07.921211+00:00
13132,535,18,YES,buy,49.2,78.61,0.625862,99530,0x09e3f1087249,2025-11-30T12:47:51.220222+00:00
12558,506,44,NO,buy,14.67,34.43,0.426042,825871,0x09e1030cab29,2025-11-30T12:47:49.178632+00:00
8452,291,29,YES,sell,14.48,23.43,0.61794,189744,0x027ce10e6514,2025-11-30T12:47:33.664216+00:00
13365,545,42,NO,buy,18.35,30.1,0.609671,128683,0x097744027c6c,2025-11-30T12:47:10.026962+00:00
6653,201,38,YES,sell,19.47,33.66,0.578372,560799,0x0ead6f07e9f7,2025-11-30T12:46:49.925906+00:00
10390,392,22,NO,buy,4.09,13.28,0.308021,950804,0x0bc34704f950,2025-11-30T12:46:42.150760+00:00
8451,291,44,YES,sell,42.63,92.71,0.45982,257717,0x05c2fd0193cd,2025-11-30T12:45:23.664216+00:00
6473,190,37,YES,buy,42.77,121.42,0.352234,377622,0x088c63097e8b,2025-11-30T12:45:15.262174+00:00
5166,121,40,NO,buy,2.92,5.51,0.530032,93086,0x0bf7d7041af1,2025-11-30T12:45:08.491061+00:00
9252,329,23,YES,sell,42.46,114.95,0.369367,90058,0x01cfb60e341c,2025-11-30T12:44:55.737607+00:00
5786,151,26,NO,sell,19.37,45.82,0.42276,494074,0x07cfa703c984,2025-11-30T12:44:08.782167+00:00
13047,531,41,NO,sell,15.31,29.23,0.523751,658016,0x034d0c0b9a57,2025-11-30T12:43:57.921211+00:00
11643,458,34,YES,sell,47.51,81.86,0.580397,516547,0x09564b0b9271,2025-11-30T12:43:18.832761+00:00
5469,135,33,NO,sell,16.82,39.35,0.427431,44971,0x04616a03d128,2025-11-30T12:43:08.571274+00:00
4763,96,18,YES,sell,47.06,72.61,0.64808,778048,0x0a1c6103e8bd,2025-11-30T12:42:53.923637+00:00
11888,472,17,YES,buy,30.6,59.37,0.515422,608986,0x04aaad081c11,2025-11-30T12:42:36.686643+00:00
6078,166,29,NO,buy,30.94,50.07,0.617887,273869,0x05fe200693db,2025-11-30T12:42:29.822578+00:00
4641,91,25,YES,sell,23.05,74.57,0.309099,565139,0x04deba0d5db7,2025-11-30T12:42:05.486544+00:00
4640,91,18,YES,buy,47.5,70.82,0.670692,302659,0x0ed8510ea5e4,2025-11-30T12:40:59.486544+00:00
10389,392,18,NO,buy,4.18,8.44,0.495515,886778,0x079343091af5,2025-11-30T12:40:41.150760+00:00
8909,312,24,YES,sell,16.43,50.33,0.326457,748904,0x0907e80bbc06,2025-11-30T12:40:00.433231+00:00
8404,289,43,NO,sell,31.4,64.4,0.487589,790495,0x0c28b70f08ac,2025-11-30T12:39:53.489641+00:00
5468,135,29,YES,sell,47.29,139.6,0.338759,358687,0x064890096b27,2025-11-30T12:39:41.571274+00:00
12982,527,18,YES,sell,14.62,26.06,0.561087,821781,0x024017026958,2025-11-30T12:39:31.686250+00:00
9297,332,27,NO,buy,22.82,47.06,0.484928,747904,0x0d619f0e7ba0,2025-11-30T12:38:26.905483+00:00
13246,540,43,NO,sell,7.77,13.49,0.576106,298754,0x0abab50c7766,2025-11-30T12:38:21.607519+00:00
7543,246,19,YES,sell,39.08,59.5,0.65679,849006,0x033826088872,2025-11-30T12:37:54.318200+00:00
6635,200,33,NO,buy,32.93,65.15,0.505475,772076,0x04b665034cd8,2025-11-30T12:35:35.856054+00:00
6905,213,15,NO,buy,7.0,11.06,0.632661,790219,0x0e24fa05d65b,2025-11-30T12:35:20.909440+00:00
6612,198,31,NO,sell,1.58,3.25,0.48585,11825,0x0e659b042f6b,2025-11-30T12:35:20.770022+00:00
4639,91,29,YES,buy,10.78,23.98,0.449528,895188,0x0da64d0d2e81,2025-11-30T12:34:58.486544+00:00
8450,291,34,NO,sell,10.6,34.36,0.308532,935839,0x0b21da0eafab,2025-11-30T12:33:57.664216+00:00
13046,531,34,NO,sell,20.1,29.61,0.67874,999553,0x01b1390dc6ab,2025-11-30T12:33:33.921211+00:00
13364,545,27,NO,sell,42.14,78.18,0.539019,389624,0x0a9e490ea47e,2025-11-30T12:33:06.026962+00:00
9296,332,21,NO,buy,35.84,103.21,0.347248,712797,0x02630f0743df,2025-11-30T12:33:00.905483+00:00
8403,289,22,YES,buy,18.83,30.4,0.619375,461148,0x0a9b920a9491,2025-11-30T12:28:55.489641+00:00
4031,58,28,NO,buy,24.05,40.11,0.59961,236113,0x025bf7072010,2025-11-30T12:28:48.120420+00:00
8908,312,42,NO,buy,4.58,8.37,0.54718,31901,0x022894075910,2025-11-30T12:27:38.433231+00:00
6077,166,43,NO,sell,8.71,12.46,0.698887,595850,0x0a0d2b0c1819,2025-11-30T12:27:36.822578+00:00
8449,291,34,YES,buy,37.42,102.92,0.363581,40598,0x0edc400be8d2,2025-11-30T12:24:54.664216+00:00
4638,91,15,NO,buy,49.39,90.38,0.546488,654453,0x0e5ee00899ea,2025-11-30T12:24:51.486544+00:00
8338,285,27,NO,buy,38.63,91.24,0.423377,284187,0x09e11e0390c2,2025-11-30T12:24:29.251341+00:00
13175,537,17,YES,buy,24.27,34.86,0.696288,837838,0x07b9fc02f77f,2025-11-30T12:23:03.373956+00:00
6458,189,40,YES,buy,23.42,53.05,0.441489,269261,0x0482af02c509,2025-11-30T12:22:18.189983+00:00
10235,383,17,YES,sell,49.12,136.9,0.358794,162466,0x0251040ee843,2025-11-30T12:22:01.596740+00:00
12557,506,37,NO,sell,8.15,18.04,0.451693,813494,0x0b1a67084e19,2025-11-30T12:20:56.178632+00:00
13318,543,41,YES,buy,21.03,32.24,0.652358,971075,0x0cdfa20ab9f8,2025-11-30T12:20:10.865683+00:00
7379,237,15,NO,buy,19.37,48.16,0.402233,71227,0x0bd2e80a26da,2025-11-30T12:19:45.699723+00:00
11349,443,27,YES,sell,19.83,30.72,0.645543,860684,0x03219302e28d,2025-11-30T12:19:44.772966+00:00
10747,409,41,YES,buy,5.41,8.87,0.609689,532347,0x08f12b0969f8,2025-11-30T12:19:30.516855+00:00
10142,379,33,YES,buy,41.59,82.75,0.502578,987347,0x0bf657054a67,2025-11-30T12:18:55.240051+00:00
9074,321,27,NO,buy,49.69,109.23,0.454897,764271,0x042bc50efd96,2025-11-30T12:18:41.084155+00:00
5467,135,17,YES,buy,30.08,67.15,0.44795,398803,0x0bea9608c845,2025-11-30T12:17:39.571274+00:00
9892,364,18,NO,sell,18.77,27.36,0.686035,237085,0x0e07f401cf7f,2025-11-30T12:15:25.253548+00:00
9499,343,30,YES,buy,10.88,19.42,0.560223,514880,0x053f0a0cb7ee,2025-11-30T12:15:23.699582+00:00
4129,63,42,YES,sell,1.92,2.87,0.668465,451137,0x0688eb0abcef,2025-11-30T12:15:17.491714+00:00
4762,96,41,NO,buy,2.82,8.75,0.322422,45894,0x0e215d0d0fe3,2025-11-30T12:15:03.923637+00:00
11817,466,38,NO,sell,10.08,25.74,0.391629,221990,0x0556b306ed7c,2025-11-30T12:14:48.446701+00:00
5165,121,18,YES,buy,9.85,18.25,0.539641,582667,0x0467a6019c6e,2025-11-30T12:14:27.491061+00:00
8907,312,18,YES,buy,4.1,10.87,0.377311,939885,0x01f809085c58,2025-11-30T12:14:08.433231+00:00
10388,392,32,NO,buy,24.54,36.24,0.677143,933440,0x02e31906fce8,2025-11-30T12:12:46.150760+00:00
6387,186,29,YES,sell,1.96,3.41,0.575613,941453,0x08801e087394,2025-11-30T12:10:10.957147+00:00
9251,329,44,YES,buy,33.43,102.99,0.324607,242656,0x018ceb0a58c4,2025-11-30T12:09:59.737607+00:00
6457,189,27,YES,buy,47.71,120.45,0.396108,926164,0x0c43300e643f,2025-11-30T12:09:55.189983+00:00
10746,409,20,YES,sell,19.81,37.16,0.533163,373939,0x0e8f6c02c265,2025-11-30T12:09:33.516855+00:00
8402,289,27,YES,buy,40.25,66.57,0.60467,454350,0x08dae0046cd6,2025-11-30T12:07:54.489641+00:00
6634,200,37,YES,buy,24.08,44.1,0.545999,798286,0x03fb0c0ebb64,2025-11-30T12:07:41.856054+00:00
4331,76,25,NO,sell,7.72,12.67,0.609384,673741,0x0d938f03a7fd,2025-11-30T12:07:30.315092+00:00
13131,535,39,YES,sell,4.64,6.91,0.671712,628543,0x0202df0b37b0,2025-11-30T12:06:29.220222+00:00
9295,332,34,NO,sell,44.55,96.77,0.460359,684614,0x01ca3f028333,2025-11-30T12:05:57.905483+00:00
13045,531,24,YES,buy,35.21,66.83,0.526843,106147,0x05823f0cce7e,2025-11-30T12:03:41.921211+00:00
10141,379,33,YES,buy,33.05,79.23,0.41716,907355,0x0df09c08eced,2025-11-30T12:03:35.240051+00:00
4412,81,37,NO,buy,20.39,31.29,0.651583,52685,0x0c92f80553bf,2025-11-30T12:02:08.615018+00:00
5785,151,21,YES,buy,35.92,68.11,0.527355,823215,0x0d31dd0c1339,2025-11-30T12:01:44.782167+00:00
4147,64,17,NO,sell,1.89,4.46,0.423546,994702,0x04f3f506fe5c,2025-11-30T12:01:26.573924+00:00
7290,232,26,YES,sell,10.52,15.32,0.686873,173734,0x089d2303db14,2025-11-30T12:00:43.356039+00:00
12511,504,28,NO,sell,2.32,3.46,0.670364,341832,0x0b4c6f05d1e5,2025-11-30T12:00:34.007871+00:00
4330,76,37,YES,sell,4.47,9.86,0.453228,108402,0x0d37d40e6bd2,2025-11-30T12:00:18.315092+00:00
11887,472,43,NO,buy,46.28,68.59,0.67476,632165,0x0cd2000645e9,2025-11-30T11:58:51.686643+00:00
6904,213,24,YES,sell,46.04,85.76,0.536838,852281,0x03a45f01a44a,2025-11-30T11:58:29.909440+00:00
6456,189,25,YES,buy,9.38,15.77,0.594779,327825,0x0ddce9084d45,2025-11-30T11:58:19.189983+00:00
9411,338,34,YES,buy,10.86,21.91,0.495594,165608,0x0bb89f0971c1,2025-11-30T11:57:20.349984+00:00
8385,288,24,NO,sell,5.81,8.46,0.686749,31502,0x046d4b036b64,2025-11-30T11:56:39.419715+00:00
6472,190,38,YES,buy,2.77,7.23,0.383143,983625,0x02565205f535,2025-11-30T11:56:19.262174+00:00
11642,458,26,YES,buy,44.61,92.68,0.481319,274072,0x066270064786,2025-11-30T11:55:55.832761+00:00
11331,442,39,NO,buy,25.87,69.67,0.371317,341911,0x0469b803e1d7,2025-11-30T11:55:39.693234+00:00
13130,535,37,YES,sell,47.18,107.79,0.437712,127848,0x0ca1710507c9,2025-11-30T11:55:39.220222+00:00
7542,246,44,YES,buy,24.61,59.82,0.411381,634084,0x0d3f040502d8,2025-11-30T11:54:35.318200+00:00
11330,442,21,NO,sell,10.38,20.59,0.504232,103362,0x0959fe0d3b84,2025-11-30T11:54:19.693234+00:00
12981,527,36,YES,buy,30.12,45.41,0.663339,527611,0x0eb3e70560f6,2025-11-30T11:53:29.686250+00:00
6652,201,22,NO,sell,33.38,89.91,0.371278,751980,0x0c55b401cac4,2025-11-30T11:50:33.925906+00:00
8906,312,20,YES,buy,42.49,81.89,0.518857,12410,0x054e56039ce4,2025-11-30T11:49:20.433231+00:00
4128,63,19,NO,buy,25.51,40.28,0.633342,76576,0x0e6cd207314b,2025-11-30T11:48:01.491714+00:00
6471,190,17,NO,sell,29.29,50.14,0.584216,706824,0x0cbe5501b06f,2025-11-30T11:47:31.262174+00:00
8337,285,29,NO,buy,6.93,15.19,0.456092,755094,0x03b8350dd355,2025-11-30T11:47:27.251341+00:00
6903,213,32,NO,buy,31.57,52.44,0.602021,918658,0x05749d049c1f,2025-11-30T11:47:15.909440+00:00
6076,166,28,YES,buy,14.04,27.63,0.508105,557653,0x0a67e40c5c32,2025-11-30T11:47:03.822578+00:00
11329,442,24,YES,buy,1.25,1.89,0.661599,732473,0x01bdf90eea87,2025-11-30T11:46:40.693234+00:00
9073,321,16,YES,buy,13.1,25.34,0.516897,440078,0x08b03b0c655e,2025-11-30T11:46:34.084155+00:00
10745,409,41,YES,sell,38.5,55.11,0.698557,654772,0x062e100bf2f8,2025-11-30T11:44:49.516855+00:00
13245,540,16,NO,sell,42.36,98.25,0.431164,380701,0x0304890750a0,2025-11-30T11:44:31.607519+00:00
13363,545,34,YES,buy,31.64,86.02,0.367805,256683,0x0d4b570ef643,2025-11-30T11:44:21.026962+00:00
6386,186,44,YES,buy,19.13,30.55,0.626232,617904,0x06cbf20d66a7,2025-11-30T11:44:07.957147+00:00
12980,527,15,YES,sell,12.75,18.65,0.683681,627498,0x09dc140971b7,2025-11-30T11:44:06.686250+00:00
7289,232,29,YES,buy,19.28,31.47,0.612702,982480,0x0ccc62035f8d,2025-11-30T11:43:45.356039+00:00
5466,135,39,NO,buy,36.94,62.67,0.589483,983118,0x0af5740ea5c7,2025-11-30T11:42:43.571274+00:00
8448,291,43,NO,sell,1.25,2.14,0.585298,444888,0x07009803ff84,2025-11-30T11:42:28.664216+00:00
12556,506,19,NO,buy,47.6,96.96,0.490949,792743,0x05491b01cfa3,2025-11-30T11:42:27.178632+00:00
10387,392,20,NO,buy,16.06,25.82,0.622086,369000,0x032ef8034f0e,2025-11-30T11:42:12.150760+00:00
13317,543,41,YES,sell,28.72,62.17,0.461954,149457,0x09226c0eaec9,2025-11-30T11:42:05.865683+00:00
13244,540,40,YES,buy,31.36,46.71,0.671419,406089,0x09ba280dfbb6,2025-11-30T11:41:52.607519+00:00
10234,383,33,NO,buy,37.21,93.38,0.3985,357391,0x0daaab056697,2025-11-30T11:41:28.596740+00:00
4637,91,17,YES,sell,21.75,49.51,0.439323,623725,0x06a85e0709cc,2025-11-30T11:39:57.486544+00:00
6470,190,23,NO,sell,33.09,55.85,0.592457,785096,0x0d83c809ec9e,2025-11-30T11:39:52.262174+00:00
6075,166,36,NO,buy,5.16,14.21,0.363014,436214,0x02b28103fc57,2025-11-30T11:39:29.822578+00:00
11641,458,29,NO,sell,17.31,37.91,0.456582,504229,0x08e13e063c05,2025-11-30T11:38:51.832761+00:00
4761,96,15,YES,sell,20.05,32.49,0.617096,524956,0x0bd205067317,2025-11-30T11:38:26.923637+00:00
6611,198,24,NO,sell,22.7,34.29,0.661937,527598,0x01d27d0666cf,2025-11-30T11:37:47.770022+00:00
4127,63,39,YES,sell,15.18,43.62,0.347994,452574,0x097bea0d7a65,2025-11-30T11:35:52.491714+00:00
13243,540,15,YES,sell,13.64,24.62,0.553922,156526,0x0aaca40c808a,2025-11-30T11:33:14.607519+00:00
4030,58,27,NO,buy,23.28,53.52,0.435,789539,0x07978605fa5d,2025-11-30T11:31:51.120420+00:00
4329,76,19,YES,sell,1.46,2.52,0.578239,903132,0x0e9980037493,2025-11-30T11:31:19.315092+00:00
11640,458,19,YES,buy,24.32,41.17,0.590764,67733,0x0ecf9c01e3c9,2025-11-30T11:31:01.832761+00:00
9891,364,27,NO,sell,3.15,5.38,0.585347,253883,0x086a0d09d68f,2025-11-30T11:31:00.253548+00:00
5164,121,40,NO,buy,26.43,49.5,0.533889,829446,0x0cf2240ea08a,2025-11-30T11:29:48.491061+00:00
13174,537,31,YES,sell,28.59,42.39,0.674457,110490,0x02cc8d0e51fd,2025-11-30T11:29:00.373956+00:00
6074,166,19,YES,buy,24.21,79.89,0.303049,559922,0x0784b9021683,2025-11-30T11:27:22.822578+00:00
6455,189,25,NO,sell,37.96,54.35,0.698409,570408,0x0a6dfb0e2a47,2025-11-30T11:27:22.189983+00:00
9498,343,29,YES,sell,5.5,13.36,0.411707,685415,0x04513f097989,2025-11-30T11:26:52.699582+00:00
13044,531,19,NO,buy,24.81,62.77,0.395239,30398,0x044916038579,2025-11-30T11:26:34.921211+00:00
4328,76,38,YES,sell,33.12,56.96,0.581479,500968,0x018b1304f0cc,2025-11-30T11:25:50.315092+00:00
5784,151,29,NO,sell,18.81,43.7,0.430404,759443,0x07e87303a7dc,2025-11-30T11:25:24.782167+00:00
4146,64,40,NO,buy,33.84,53.58,0.631584,957771,0x0d58a50c7e15,2025-11-30T11:25:20.573924+00:00
7288,232,33,NO,buy,1.06,3.15,0.336908,582167,0x0d25820d8bfc,2025-11-30T11:25:18.356039+00:00
4760,96,26,NO,buy,44.38,93.39,0.475193,38432,0x048eab03c3d4,2025-11-30T11:25:06.923637+00:00
6610,198,27,YES,buy,37.26,123.95,0.300603,205998,0x0a28bd0e96d2,2025-11-30T11:23:49.770022+00:00
11348,443,44,YES,sell,35.06,83.42,0.420271,647172,0x099ce20876e1,2025-11-30T11:23:33.772966+00:00
9294,332,24,NO,buy,29.42,48.64,0.604821,67724,0x0adadf069ea4,2025-11-30T11:22:49.905483+00:00
5465,135,44,NO,sell,45.62,82.6,0.552333,457854,0x0d60850ee1fc,2025-11-30T11:22:49.571274+00:00
8401,289,33,NO,sell,33.65,73.98,0.454842,613403,0x046e14021c69,2025-11-30T11:21:37.489641+00:00
4126,63,16,YES,sell,49.24,152.96,0.321913,992244,0x04cbf106593d,2025-11-30T11:21:17.491714+00:00
9250,329,28,NO,sell,24.06,43.09,0.55836,55253,0x03b2a10d8b5b,2025-11-30T11:21:11.737607+00:00
11886,472,15,NO,sell,44.29,67.83,0.652935,695221,0x0cf0fe01a379,2025-11-30T11:20:59.686643+00:00
6469,190,32,YES,buy,7.63,11.25,0.678206,93988,0x0278f1058ea9,2025-11-30T11:20:46.262174+00:00
7378,237,33,YES,buy,8.83,27.06,0.326269,337433,0x02315d0d095b,2025-11-30T11:20:33.699723+00:00
12510,504,35,YES,sell,12.75,33.39,0.381861,997620,0x0d24bc0bed18,2025-11-30T11:18:20.007871+00:00
6385,186,16,YES,buy,36.93,52.92,0.697834,789106,0x08d6ad0ee404,2025-11-30T11:16:22.957147+00:00
9410,338,35,NO,sell,29.59,82.1,0.360419,282528,0x0aba8d062888,2025-11-30T11:15:44.349984+00:00
4411,81,35,NO,sell,2.84,6.92,0.410166,639221,0x03d3d80b6af4,2025-11-30T11:15:30.615018+00:00
11816,466,30,YES,buy,34.46,67.9,0.507532,466947,0x0432fa06d533,2025-11-30T11:14:53.446701+00:00
4029,58,33,YES,buy,32.49,91.71,0.35428,53727,0x08e9bd046efc,2025-11-30T11:13:56.120420+00:00
7541,246,31,NO,buy,17.75,37.89,0.468439,714118,0x0ea6b10546cf,2025-11-30T11:13:37.318200+00:00
11328,442,27,NO,sell,31.09,46.05,0.675167,749981,0x05f987042dd6,2025-11-30T11:12:02.693234+00:00
13362,545,25,YES,sell,1.12,3.1,0.36088,701957,0x0d744009b615,2025-11-30T11:12:02.026962+00:00
8905,312,29,YES,sell,32.42,46.8,0.69276,145226,0x0567640d2091,2025-11-30T11:11:44.433231+00:00
8384,288,21,NO,sell,29.34,41.92,0.699866,547155,0x02fdb4035348,2025-11-30T11:11:35.419715+00:00
10140,379,37,NO,sell,20.96,33.65,0.622965,677048,0x031aed032d56,2025-11-30T11:11:09.240051+00:00
12979,527,24,YES,sell,23.04,66.58,0.34605,495714,0x03061703f25f,2025-11-30T11:10:48.686250+00:00
6384,186,25,NO,sell,43.45,81.14,0.535481,829485,0x0ed6bb0c58ac,2025-11-30T11:09:32.957147+00:00
12978,527,20,NO,buy,35.22,116.18,0.303145,380762,0x08cb6807622c,2025-11-30T11:08:58.686250+00:00
6633,200,23,YES,buy,14.79,29.92,0.494239,811009,0x09b4020a9e98,2025-11-30T11:08:41.856054+00:00
6651,201,18,NO,buy,18.26,33.98,0.537368,560143,0x0acc7b0f2d73,2025-11-30T11:06:29.925906+00:00
9072,321,24,YES,buy,16.36,34.13,0.479392,861288,0x0b86080d56d3,2025-11-30T11:06:09.084155+00:00
4327,76,23,YES,sell,33.56,59.98,0.559564,656993,0x025abe07de0a,2025-11-30T11:04:49.315092+00:00
13129,535,35,YES,sell,8.28,16.76,0.494021,619014,0x0709d60ee9bd,2025-11-30T11:00:59.220222+00:00
6468,190,19,YES,sell,8.96,27.86,0.32159,645918,0x0a585604f226,2025-11-30T11:00:30.262174+00:00
4636,91,34,YES,buy,4.51,7.38,0.610709,970029,0x06b3510c7b4f,2025-11-30T11:00:28.486544+00:00
8904,312,25,YES,sell,17.06,25.91,0.658319,947622,0x02df8d097c97,2025-11-30T11:00:25.433231+00:00
11639,458,36,YES,sell,17.06,49.26,0.346337,258371,0x08b94d0cfdf0,2025-11-30T11:00:22.832761+00:00
4125,63,26,NO,buy,14.88,26.04,0.571395,700539,0x094fdf09f4f2,2025-11-30T11:00:04.491714+00:00
8447,291,43,NO,buy,2.17,3.11,0.698339,484569,0x0b892602108e,2025-11-30T10:59:33.664216+00:00
13316,543,37,NO,sell,23.33,76.52,0.304875,933565,0x048a9e0937e6,2025-11-30T10:58:57.865683+00:00
6073,166,18,YES,sell,31.73,48.66,0.652067,721119,0x0651c20ee1bf,2025-11-30T10:57:44.822578+00:00
8903,312,38,YES,buy,32.87,71.91,0.457081,872133,0x0c157d063b52,2025-11-30T10:57:30.433231+00:00
10386,392,31,NO,buy,27.42,57.06,0.480552,268325,0x04b7370efa26,2025-11-30T10:57:11.150760+00:00
6383,186,30,NO,sell,39.37,64.91,0.606574,145968,0x0a54c80bca44,2025-11-30T10:56:04.957147+00:00
7377,237,28,YES,buy,28.87,59.16,0.488009,460843,0x0ed4e007b124,2025-11-30T10:56:04.699723+00:00
12509,504,19,NO,buy,43.78,96.46,0.45387,230789,0x0a28880ca7f0,2025-11-30T10:55:47.007871+00:00
6072,166,21,YES,sell,23.58,41.76,0.564665,142049,0x0522c90b6c99,2025-11-30T10:55:26.822578+00:00
5783,151,19,NO,buy,47.15,100.65,0.468456,770077,0x0835a108e52a,2025-11-30T10:54:22.782167+00:00
8383,288,16,NO,sell,49.44,146.36,0.3378,686172,0x04c397059059,2025-11-30T10:53:22.419715+00:00
8336,285,25,YES,buy,48.34,70.59,0.684772,639320,0x07b97f0398f6,2025-11-30T10:52:14.251341+00:00
4124,63,29,NO,sell,30.75,66.03,0.465673,538234,0x04f9980d9adf,2025-11-30T10:52:08.491714+00:00
9249,329,41,NO,sell,48.35,75.23,0.642698,932592,0x0bb86202532a,2025-11-30T10:52:03.737607+00:00
6902,213,24,NO,buy,12.08,26.15,0.461928,582313,0x0998360e8953,2025-11-30T10:51:54.909440+00:00
11885,472,20,YES,buy,31.34,47.83,0.655198,220288,0x029cdb05469c,2025-11-30T10:50:31.686643+00:00
4410,81,18,YES,buy,39.5,61.05,0.64699,277967,0x07071c0819a1,2025-11-30T10:49:12.615018+00:00
12508,504,17,YES,buy,46.65,140.69,0.331569,979869,0x0a5c740eb440,2025-11-30T10:48:32.007871+00:00
7540,246,41,YES,buy,24.33,66.6,0.365337,311224,0x073df30d858a,2025-11-30T10:48:06.318200+00:00
10744,409,40,NO,buy,3.44,8.16,0.421315,528560,0x034f460aa0d8,2025-11-30T10:47:35.516855+00:00
12555,506,33,YES,sell,3.55,5.44,0.652091,461259,0x098f1801b66f,2025-11-30T10:46:59.178632+00:00
4028,58,36,NO,buy,42.18,63.16,0.667817,29276,0x0b7b630a1265,2025-11-30T10:46:53.120420+00:00
12977,527,27,NO,sell,49.52,90.71,0.545925,500165,0x0d9c570350eb,2025-11-30T10:45:06.686250+00:00
9409,338,43,NO,buy,29.45,46.17,0.637809,564534,0x0db91207aec7,2025-11-30T10:45:06.349984+00:00
13173,537,16,NO,buy,38.96,61.27,0.63585,181248,0x04a11907b8eb,2025-11-30T10:44:58.373956+00:00
11884,472,33,YES,sell,31.86,54.62,0.583328,8172,0x07140f0b142b,2025-11-30T10:44:51.686643+00:00
9890,364,31,YES,buy,2.36,4.53,0.521048,149491,0x03284d07cba2,2025-11-30T10:44:18.253548+00:00
13361,545,40,NO,sell,18.61,41.34,0.450129,854845,0x0b11a906712a,2025-11-30T10:44:03.026962+00:00
7287,232,24,YES,sell,24.08,37.24,0.646531,376301,0x09f128049b88,2025-11-30T10:43:46.356039+00:00
9248,329,22,YES,buy,37.41,99.89,0.374512,735235,0x0556d60d4d19,2025-11-30T10:43:27.737607+00:00
10233,383,16,NO,buy,34.82,65.74,0.529662,451453,0x021ee80ec071,2025-11-30T10:43:06.596740+00:00
13043,531,39,NO,sell,21.64,36.6,0.591198,664000,0x07fcbd03411e,2025-11-30T10:42:52.921211+00:00
11638,458,19,NO,buy,44.09,71.22,0.619028,168663,0x072d39040ee8,2025-11-30T10:42:19.832761+00:00
10139,379,42,YES,buy,44.12,70.84,0.62277,511869,0x06792c034084,2025-11-30T10:42:03.240051+00:00
10232,383,38,YES,buy,10.9,26.22,0.415789,252900,0x023331058f0d,2025-11-30T10:41:42.596740+00:00
4145,64,36,NO,buy,30.16,44.67,0.675201,395976,0x067aac0a77f8,2025-11-30T10:41:15.573924+00:00
6071,166,21,YES,buy,12.48,39.24,0.318082,868463,0x04656904a8d9,2025-11-30T10:41:00.822578+00:00
6454,189,27,NO,buy,39.93,73.06,0.546507,940927,0x01a13a060804,2025-11-30T10:40:54.189983+00:00
13242,540,43,NO,buy,10.54,31.26,0.337224,9845,0x0e3687032986,2025-11-30T10:40:37.607519+00:00
4326,76,21,YES,sell,8.79,13.06,0.67309,687385,0x05e9020304f2,2025-11-30T10:40:03.315092+00:00
11327,442,34,NO,sell,22.13,52.7,0.419912,398302,0x0a1d9a082d43,2025-11-30T10:40:00.693234+00:00
9497,343,37,YES,sell,47.2,71.87,0.656768,184357,0x037f9b0851dc,2025-11-30T10:39:40.699582+00:00
8400,289,17,NO,sell,11.98,21.22,0.564592,477252,0x01f43d07a0ec,2025-11-30T10:39:36.489641+00:00
6609,198,18,NO,buy,19.47,45.47,0.428201,620816,0x0e801b05b257,2025-11-30T10:39:33.770022+00:00
6650,201,41,NO,buy,38.75,70.65,0.548468,467191,0x08ffd20b3ba9,2025-11-30T10:38:21.925906+00:00
4759,96,32,YES,sell,33.38,79.56,0.419548,662249,0x07c47e033bf2,2025-11-30T10:37:55.923637+00:00
5163,121,40,YES,sell,40.83,132.61,0.307899,563473,0x0a6c3f0e9af3,2025-11-30T10:36:09.491061+00:00
13360,545,31,YES,buy,2.22,4.2,0.529079,727127,0x0da153028e15,2025-11-30T10:35:13.026962+00:00
9293,332,27,YES,buy,38.78,84.68,0.457944,414624,0x08969606dda5,2025-11-30T10:35:00.905483+00:00
4123,63,33,YES,buy,8.62,14.32,0.601774,86544,0x0252730c4f33,2025-11-30T10:33:24.491714+00:00
7286,232,42,YES,buy,12.24,23.5,0.520886,584077,0x046bec045361,2025-11-30T10:33:02.356039+00:00
5464,135,18,NO,sell,29.98,54.84,0.546652,78335,0x0d14ac023feb,2025-11-30T10:32:14.571274+00:00
11347,443,19,NO,buy,32.72,66.48,0.492198,891572,0x068aed083864,2025-11-30T10:30:31.772966+00:00
6608,198,22,YES,sell,9.91,32.11,0.308586,157923,0x0f3d88062770,2025-11-30T10:29:32.770022+00:00
6901,213,40,NO,sell,42.82,132.26,0.323752,238232,0x0b6abd0d3230,2025-11-30T10:28:42.909440+00:00
10385,392,16,YES,sell,41.19,80.1,0.514247,733828,0x01a4f80659bf,2025-11-30T10:28:04.150760+00:00
6632,200,17,YES,buy,1.84,3.19,0.576071,172017,0x0240e0061335,2025-11-30T10:26:46.856054+00:00
5782,151,40,NO,buy,3.09,6.66,0.464149,239011,0x0a309a0f271f,2025-11-30T10:26:45.782167+00:00
9071,321,21,NO,sell,43.13,141.06,0.30576,694980,0x063a0e042ec6,2025-11-30T10:26:34.084155+00:00
8382,288,35,NO,buy,33.45,106.3,0.314674,693199,0x07f66e07f0a8,2025-11-30T10:26:06.419715+00:00
13315,543,36,NO,buy,14.38,20.56,0.699326,416169,0x0540670a2ad0,2025-11-30T10:26:04.865683+00:00
4758,96,32,NO,buy,42.22,69.88,0.604181,213987,0x062a4b0be3fb,2025-11-30T10:25:42.923637+00:00
12976,527,32,YES,buy,20.27,44.08,0.459862,361371,0x066eef02431e,2025-11-30T10:25:42.686250+00:00
6467,190,30,YES,sell,17.25,26.42,0.652827,101636,0x02616f0c0b28,2025-11-30T10:25:16.262174+00:00
11815,466,42,YES,buy,21.38,36.27,0.589516,875849,0x063ffa04b96b,2025-11-30T10:25:09.446701+00:00
11814,466,16,NO,sell,24.95,44.85,0.556271,875937,0x0292400d3f38,2025-11-30T10:24:28.446701+00:00
13172,537,35,YES,sell,5.06,7.23,0.699799,38233,0x05591d0485fa,2025-11-30T10:24:04.373956+00:00
9070,321,32,NO,buy,18.56,56.74,0.327106,689091,0x02e9480ada48,2025-11-30T10:23:33.084155+00:00
12975,527,22,NO,buy,46.58,97.92,0.475692,391176,0x02a75f0a84d8,2025-11-30T10:23:03.686250+00:00
6070,166,37,YES,buy,37.21,53.75,0.692282,700713,0x0aac5301de1f,2025-11-30T10:22:03.822578+00:00
4635,91,39,YES,sell,28.41,57.38,0.495144,206625,0x0bf63c0aaacb,2025-11-30T10:22:00.486544+00:00
7376,237,30,YES,sell,5.58,12.5,0.446325,838637,0x07c10b085087,2025-11-30T10:20:35.699723+00:00
8446,291,38,NO,sell,49.7,75.82,0.655503,692000,0x0a56ce0a8472,2025-11-30T10:20:18.664216+00:00
13042,531,23,YES,buy,44.81,100.63,0.445311,823184,0x0eaf7607c60c,2025-11-30T10:19:40.921211+00:00
8335,285,31,NO,buy,24.0,57.5,0.417397,934376,0x0cebcb0787f4,2025-11-30T10:16:40.251341+00:00
10138,379,26,YES,sell,41.48,66.75,0.62139,125462,0x0a2ee50a1d28,2025-11-30T10:15:29.240051+00:00
9408,338,43,NO,buy,22.99,34.5,0.666356,306576,0x08660a088ca1,2025-11-30T10:15:17.349984+00:00
11637,458,43,YES,buy,37.41,56.63,0.660593,663683,0x08e8960b372a,2025-11-30T10:14:48.832761+00:00
6453,189,22,YES,sell,26.01,65.49,0.39719,93679,0x03f30803646a,2025-11-30T10:14:32.189983+00:00
6631,200,24,YES,buy,30.92,52.77,0.585944,152865,0x0880f70e76e8,2025-11-30T10:14:23.856054+00:00
13128,535,29,NO,sell,48.86,73.62,0.663719,983804,0x0c12890bccdf,2025-11-30T10:13:01.220222+00:00
4634,91,30,YES,sell,13.87,30.19,0.459411,732770,0x087a4c0de836,2025-11-30T10:12:56.486544+00:00
8902,312,31,NO,sell,23.15,46.59,0.496855,587292,0x0d446b01a30a,2025-11-30T10:12:37.433231+00:00
5463,135,31,NO,sell,18.36,39.83,0.460927,747568,0x0a6fda05638a,2025-11-30T10:12:03.571274+00:00
13359,545,18,NO,buy,49.07,81.91,0.59904,338235,0x07c2f3060e47,2025-11-30T10:12:01.026962+00:00
6607,198,18,NO,buy,9.46,26.51,0.356842,785794,0x0966cc07bb18,2025-11-30T10:12:00.770022+00:00
4325,76,35,NO,buy,7.09,11.03,0.643061,1708,0x08962108d485,2025-11-30T10:10:41.315092+00:00
11326,442,40,YES,sell,8.57,12.93,0.663046,990571,0x02ef220c1a3b,2025-11-30T10:10:40.693234+00:00
7285,232,19,YES,sell,20.97,55.64,0.37687,128627,0x0d0c37034e98,2025-11-30T10:08:54.356039+00:00
10384,392,19,NO,buy,27.91,65.78,0.424293,843137,0x0f14f6045a8c,2025-11-30T10:08:46.150760+00:00
13127,535,16,YES,sell,4.39,11.2,0.391868,329770,0x0837c10e8498,2025-11-30T10:07:57.220222+00:00
4633,91,33,YES,buy,22.16,36.06,0.614547,353497,0x03e4e203a412,2025-11-30T10:07:08.486544+00:00
8334,285,40,NO,buy,3.2,7.01,0.456298,520432,0x0f3b960618d0,2025-11-30T10:07:01.251341+00:00
10383,392,43,NO,buy,14.3,20.76,0.688961,236625,0x0dfa4b05ca43,2025-11-30T10:06:56.150760+00:00
7539,246,42,NO,sell,29.34,48.76,0.601725,723727,0x02409e067e51,2025-11-30T10:06:50.318200+00:00
7375,237,40,YES,sell,44.98,88.05,0.510846,738446,0x0a77480bdbfa,2025-11-30T10:06:29.699723+00:00
10743,409,41,YES,sell,6.82,19.26,0.354146,520840,0x0432b90760f5,2025-11-30T10:05:08.516855+00:00
9407,338,31,YES,buy,8.42,17.26,0.487945,256687,0x08bf28057c36,2025-11-30T10:04:34.349984+00:00
4324,76,32,YES,sell,39.63,60.26,0.657662,49174,0x0db8d1024ce8,2025-11-30T10:03:44.315092+00:00
13358,545,25,YES,buy,4.14,11.04,0.374903,683721,0x01e41a078fd8,2025-11-30T10:03:39.026962+00:00
6382,186,24,NO,buy,32.42,97.06,0.334021,50665,0x09b0f40d9b95,2025-11-30T10:02:14.957147+00:00
8381,288,37,YES,buy,10.68,35.08,0.304437,818100,0x0650d20d139e,2025-11-30T10:01:21.419715+00:00
12554,506,32,NO,sell,30.08,99.41,0.302574,587326,0x03a2590d1dd6,2025-11-30T10:01:19.178632+00:00
4027,58,28,YES,sell,11.75,24.77,0.474334,353457,0x01fd8207bf62,2025-11-30T10:01:04.120420+00:00
4757,96,33,NO,sell,34.41,74.76,0.460246,96071,0x0ba4690be10a,2025-11-30T10:00:36.923637+00:00
8399,289,23,NO,buy,16.28,29.52,0.551536,633067,0x0e566c0c108d,2025-11-30T10:00:29.489641+00:00
12507,504,28,YES,sell,45.21,101.98,0.443322,683691,0x0401dd062bb7,2025-11-30T09:59:57.007871+00:00
6630,200,42,NO,sell,38.98,112.17,0.347501,136582,0x087dcb0d1d08,2025-11-30T09:59:22.856054+00:00
8445,291,27,NO,buy,37.23,111.77,0.333083,545480,0x0967b10d6ee4,2025-11-30T09:57:55.664216+00:00
10137,379,21,NO,sell,27.49,49.54,0.554882,965863,0x0e06f303910f,2025-11-30T09:57:50.240051+00:00
4409,81,29,YES,sell,6.51,18.09,0.359857,611981,0x0a97640aeecd,2025-11-30T09:57:16.615018+00:00
5781,151,24,YES,sell,49.96,76.53,0.652775,22954,0x076a450d5db0,2025-11-30T09:57:07.782167+00:00
11883,472,30,YES,buy,9.55,25.11,0.380354,875003,0x0de11408aeff,2025-11-30T09:56:48.686643+00:00
12974,527,28,YES,sell,25.03,49.62,0.504472,725608,0x01feb30db1f3,2025-11-30T09:55:50.686250+00:00
9247,329,22,NO,buy,14.6,20.93,0.697592,296566,0x0ef2eb0bce76,2025-11-30T09:55:45.737607+00:00
11346,443,41,NO,buy,10.01,18.85,0.531041,40914,0x02ca440b8ee8,2025-11-30T09:53:54.772966+00:00
6649,201,26,YES,buy,32.11,47.66,0.673733,898896,0x09e362032212,2025-11-30T09:53:32.925906+00:00
4144,64,42,YES,sell,4.99,8.82,0.565445,688923,0x071f7d067d55,2025-11-30T09:53:25.573924+00:00
9496,343,17,YES,sell,20.12,40.29,0.499348,865618,0x0710ba019015,2025-11-30T09:52:24.699582+00:00
4756,96,27,YES,buy,1.16,1.7,0.681662,506483,0x0e9d0e0e00ce,2025-11-30T09:52:10.923637+00:00
13171,537,18,YES,sell,37.01,101.44,0.36485,15755,0x06aba80cc333,2025-11-30T09:52:07.373956+00:00
6452,189,15,YES,buy,32.51,49.49,0.656939,49648,0x0ef2e20c5aa9,2025-11-30T09:50:04.189983+00:00
9292,332,20,NO,buy,13.76,23.76,0.579068,215548,0x0e25090b3eeb,2025-11-30T09:50:02.905483+00:00
10742,409,22,YES,sell,38.48,104.48,0.368283,528147,0x059906093533,2025-11-30T09:48:39.516855+00:00
10231,383,38,YES,sell,16.83,25.0,0.673325,908381,0x0afa560979ab,2025-11-30T09:47:40.596740+00:00
5780,151,35,NO,sell,46.05,127.47,0.361255,235713,0x0a1bf10749bd,2025-11-30T09:47:06.782167+00:00
13241,540,16,NO,buy,31.13,78.13,0.398462,764371,0x0d1c1906c015,2025-11-30T09:46:59.607519+00:00
6466,190,42,YES,buy,27.83,61.82,0.450175,953751,0x03ffc109a986,2025-11-30T09:45:23.262174+00:00
6451,189,35,YES,buy,11.72,30.17,0.388529,100875,0x06d2860f38d9,2025-11-30T09:45:09.189983+00:00
9291,332,24,NO,sell,14.13,23.93,0.590409,986257,0x0d83330c6178,2025-11-30T09:44:58.905483+00:00
9889,364,22,NO,sell,14.62,37.63,0.388514,336632,0x03250e0aef40,2025-11-30T09:44:30.253548+00:00
11813,466,33,YES,sell,13.47,32.98,0.408402,844599,0x037e1e0ceba4,2025-11-30T09:44:07.446701+00:00
6900,213,15,YES,buy,18.52,58.55,0.316295,950871,0x0e7ab2078382,2025-11-30T09:44:02.909440+00:00
6069,166,22,NO,buy,21.93,49.89,0.439584,475329,0x073c7c0d9441,2025-11-30T09:43:55.822578+00:00
8380,288,42,YES,sell,28.22,69.74,0.404636,448387,0x08925b03aa1c,2025-11-30T09:43:21.419715+00:00
11882,472,41,YES,buy,15.81,30.71,0.514844,773982,0x0a87e90cfd35,2025-11-30T09:41:58.686643+00:00
10136,379,36,YES,buy,9.76,20.58,0.474283,811575,0x0973ca0a1928,2025-11-30T09:41:38.240051+00:00
6450,189,19,NO,buy,15.01,31.03,0.483751,611389,0x059a2a047759,2025-11-30T09:40:49.189983+00:00
4323,76,27,YES,sell,41.42,83.19,0.497886,298368,0x06b1140ec785,2025-11-30T09:40:31.315092+00:00
4122,63,21,NO,sell,23.23,64.0,0.362964,341140,0x0683170d1248,2025-11-30T09:40:13.491714+00:00
6629,200,30,YES,sell,26.52,43.45,0.610375,422240,0x07bab60bbb13,2025-11-30T09:39:58.856054+00:00
12506,504,44,YES,sell,12.03,24.97,0.481806,907185,0x0d583e03de6f,2025-11-30T09:39:56.007871+00:00
11325,442,43,NO,buy,20.3,29.55,0.686905,779034,0x04b6b9038d5b,2025-11-30T09:38:54.693234+00:00
8901,312,25,YES,sell,21.23,42.82,0.495755,820639,0x0285be053fb3,2025-11-30T09:38:34.433231+00:00
9069,321,17,YES,buy,6.35,9.29,0.683623,132966,0x0720d9063a00,2025-11-30T09:38:19.084155+00:00
5162,121,35,NO,sell,29.0,85.35,0.339777,954030,0x028ab60cf238,2025-11-30T09:37:08.491061+00:00
13041,531,41,NO,buy,8.06,19.15,0.420842,272099,0x01cadc0378bf,2025-11-30T09:36:06.921211+00:00
9495,343,44,NO,buy,44.03,122.51,0.359408,220852,0x0ebdea0416c3,2025-11-30T09:35:46.699582+00:00
7374,237,18,NO,sell,27.9,88.73,0.314437,163285,0x0b41ce021f00,2025-11-30T09:34:45.699723+00:00
7284,232,32,YES,sell,49.43,79.51,0.621683,143161,0x03216a094cb6,2025-11-30T09:32:08.356039+00:00
6899,213,33,YES,buy,45.04,102.5,0.439398,217310,0x049acf057b6d,2025-11-30T09:32:03.909440+00:00
9406,338,21,YES,sell,2.6,4.6,0.565584,223184,0x0c07f40b6b31,2025-11-30T09:31:03.349984+00:00
13314,543,33,YES,buy,25.25,38.78,0.651077,530653,0x099b5c090eac,2025-11-30T09:29:46.865683+00:00
6898,213,39,NO,buy,31.37,76.18,0.411797,959261,0x0a33880aaf44,2025-11-30T09:29:32.909440+00:00
13126,535,36,NO,buy,30.81,44.39,0.694079,174151,0x06d3dc093f14,2025-11-30T09:29:05.220222+00:00
4499,84,20,YES,buy,168.53,305.42,0.551806,445815,0x04efca0c7e0b,2025-11-30T09:28:40.871877+00:00
4498,84,29,NO,buy,204.5,364.78,0.560611,87345,0x06a6a009bf89,2025-11-30T09:28:27.871877+00:00
4497,84,32,NO,buy,462.76,735.89,0.628844,842814,0x07867409c13c,2025-11-30T09:27:21.871877+00:00
4496,84,34,YES,buy,366.67,855.96,0.428375,405620,0x0e43e3035701,2025-11-30T09:26:48.871877+00:00
4632,91,31,YES,buy,3.48,5.87,0.592631,790410,0x07cfdf08a7de,2025-11-30T09:26:21.486544+00:00
12505,504,41,YES,sell,36.53,115.5,0.316281,287698,0x0b735e01d9b1,2025-11-30T09:25:59.007871+00:00
8333,285,42,YES,sell,23.25,38.68,0.6011,921793,0x0b33f702e524,2025-11-30T09:25:52.251341+00:00
6114,170,33,NO,buy,245.78,632.23,0.388752,108138,0x03c9dd0e6bc9,2025-11-30T09:25:10.907695+00:00
11543,453,31,NO,sell,406.89,660.08,0.616425,316845,0x0d4a19067dfa,2025-11-30T09:24:59.420929+00:00
4495,84,21,NO,buy,128.18,292.38,0.438403,644512,0x055f170bcd56,2025-11-30T09:24:50.871877+00:00
7538,246,40,YES,sell,46.13,74.29,0.620932,494047,0x05662c02c188,2025-11-30T09:24:46.318200+00:00
6113,170,44,YES,buy,487.29,774.0,0.629575,552773,0x04a2980ec844,2025-11-30T09:24:37.907695+00:00
9246,329,26,YES,buy,37.7,66.82,0.564216,281448,0x0aab0b061b29,2025-11-30T09:24:33.737607+00:00
11542,453,35,NO,sell,270.72,435.43,0.621733,562898,0x0e453b065bed,2025-11-30T09:24:20.420929+00:00
6381,186,21,NO,sell,40.05,96.39,0.415506,942349,0x0d1e33054a22,2025-11-30T09:24:19.957147+00:00
12504,504,15,NO,buy,5.32,13.58,0.391645,289877,0x0a5a430d34d1,2025-11-30T09:24:19.007871+00:00
11636,458,36,NO,sell,38.34,56.32,0.680778,985730,0x0439e708f071,2025-11-30T09:24:14.832761+00:00
4494,84,27,YES,sell,172.9,448.69,0.385342,379323,0x06d60506d2ac,2025-11-30T09:24:12.871877+00:00
6112,170,36,NO,buy,201.67,362.96,0.555633,251417,0x0f2c5f06301a,2025-11-30T09:24:10.907695+00:00
6111,170,20,NO,sell,384.71,1087.67,0.353702,732057,0x0b49930ed57c,2025-11-30T09:24:02.907695+00:00
8146,276,21,NO,sell,272.52,774.82,0.35172,515853,0x0c055708b937,2025-11-30T09:23:56.499621+00:00
11541,453,32,YES,buy,140.9,365.6,0.385393,713011,0x0cf1d005ca7c,2025-11-30T09:23:45.420929+00:00
7011,217,18,YES,sell,300.58,940.66,0.319542,939698,0x0e720f058ca4,2025-11-30T09:23:44.269277+00:00
5779,151,36,NO,sell,45.6,115.42,0.395068,263188,0x095ff70b53de,2025-11-30T09:23:23.782167+00:00
6449,189,21,YES,sell,41.59,126.36,0.329151,329312,0x04ed170798fc,2025-11-30T09:23:15.189983+00:00
7010,217,32,NO,sell,269.39,718.53,0.374916,13957,0x0e058e087795,2025-11-30T09:23:05.269277+00:00
4493,84,31,YES,buy,298.65,486.0,0.614503,570460,0x041368082e47,2025-11-30T09:23:03.871877+00:00
6110,170,31,YES,buy,386.93,864.94,0.447349,526304,0x0a6c5e0caf33,2025-11-30T09:22:55.907695+00:00
11540,453,42,YES,buy,250.61,424.17,0.590828,846565,0x05c58f0c63f9,2025-11-30T09:22:45.420929+00:00
6448,189,27,NO,sell,19.47,30.46,0.639226,345029,0x040a6a06df67,2025-11-30T09:22:33.189983+00:00
4492,84,36,NO,sell,411.76,791.75,0.520064,743057,0x02b1250e1204,2025-11-30T09:22:22.871877+00:00
4755,96,19,NO,sell,29.16,57.61,0.506153,502365,0x0ddc9a096072,2025-11-30T09:22:14.923637+00:00
7009,217,34,YES,buy,170.44,283.78,0.600598,908187,0x0d4861092a4c,2025-11-30T09:22:13.269277+00:00
8145,276,36,YES,buy,233.71,603.3,0.387384,879397,0x08d6a3060256,2025-11-30T09:22:12.499621+00:00
6447,189,36,YES,sell,16.03,27.66,0.579556,22507,0x07867f052057,2025-11-30T09:22:12.189983+00:00
9468,341,26,NO,sell,85.13,261.57,0.325461,813220,0x028c0d0c2d59,2025-11-30T09:21:42.527392+00:00
4408,81,25,YES,buy,20.02,43.62,0.458942,290617,0x06be700f3b5b,2025-11-30T09:21:38.615018+00:00
11539,453,39,NO,sell,367.17,909.58,0.403668,738562,0x05b6490ad65b,2025-11-30T09:21:17.420929+00:00
6109,170,30,NO,sell,252.7,613.48,0.411915,604675,0x062cec09bbca,2025-11-30T09:21:10.907695+00:00
8144,276,26,NO,buy,214.6,327.61,0.655046,41046,0x0ded4602bcad,2025-11-30T09:21:02.499621+00:00
6108,170,32,YES,sell,160.5,248.38,0.646187,702145,0x0d319e01e5ea,2025-11-30T09:20:59.907695+00:00
9467,341,17,YES,sell,148.18,219.52,0.675009,616651,0x069cbf090c45,2025-11-30T09:20:53.527392+00:00
4491,84,19,YES,buy,470.02,872.42,0.538752,646512,0x0de78a0b8820,2025-11-30T09:20:34.871877+00:00
8143,276,18,YES,sell,118.27,195.91,0.603683,235719,0x03d38d0a3c15,2025-11-30T09:20:30.499621+00:00
13040,531,36,NO,sell,7.68,18.76,0.409427,138625,0x03caab0c07f1,2025-11-30T09:20:24.921211+00:00
7008,217,29,NO,buy,159.44,364.1,0.437901,953821,0x0b4a4d0af74c,2025-11-30T09:20:19.269277+00:00
6107,170,26,NO,buy,158.37,257.32,0.615464,387974,0x0d10590c5680,2025-11-30T09:20:15.907695+00:00
7007,217,20,YES,sell,316.74,901.05,0.351524,418495,0x07aacc083276,2025-11-30T09:20:09.269277+00:00
11538,453,34,YES,buy,187.65,475.77,0.394413,916978,0x02b152042f57,2025-11-30T09:19:53.420929+00:00
6606,198,26,YES,sell,35.03,94.35,0.371281,929775,0x069e8b0d4a14,2025-11-30T09:19:40.770022+00:00
7006,217,30,YES,buy,394.37,579.51,0.680526,550909,0x0480760b3404,2025-11-30T09:19:19.269277+00:00
11537,453,28,NO,sell,278.71,606.47,0.459564,600552,0x06840904f075,2025-11-30T09:19:07.420929+00:00
9466,341,35,YES,buy,123.48,352.51,0.350289,233423,0x04eff60a0ac0,2025-11-30T09:19:03.527392+00:00
8142,276,17,YES,buy,174.66,256.07,0.682086,31341,0x0abd9809b65a,2025-11-30T09:19:01.499621+00:00
8141,276,23,YES,sell,253.28,456.79,0.554472,217351,0x0b0a4506b1c2,2025-11-30T09:18:53.499621+00:00
6106,170,16,NO,sell,477.09,863.27,0.552653,993101,0x04085a073360,2025-11-30T09:18:38.907695+00:00
9465,341,44,NO,sell,450.83,1342.82,0.335734,110330,0x01fd1c07b795,2025-11-30T09:18:36.527392+00:00
4490,84,23,YES,buy,325.27,809.12,0.402006,745163,0x06d09c08fcb7,2025-11-30T09:18:34.871877+00:00
9464,341,26,NO,buy,160.66,530.27,0.302976,834666,0x037b580beb18,2025-11-30T09:18:24.527392+00:00
9888,364,25,NO,sell,17.53,44.42,0.394601,834992,0x0252f7051526,2025-11-30T09:18:08.253548+00:00
8140,276,34,NO,sell,324.73,604.57,0.53713,168415,0x0efeea05fd9a,2025-11-30T09:17:59.499621+00:00
11324,442,18,NO,buy,12.69,18.26,0.694937,723174,0x02608a03fc4d,2025-11-30T09:17:54.693234+00:00
13240,540,43,YES,buy,35.82,54.3,0.659646,98698,0x02ef660cd328,2025-11-30T09:17:44.607519+00:00
11536,453,24,NO,buy,286.52,409.93,0.698941,761331,0x0b1a5d0e997b,2025-11-30T09:17:36.420929+00:00
7005,217,34,NO,sell,325.83,926.34,0.351739,595487,0x0ad45a067e12,2025-11-30T09:17:34.269277+00:00
4489,84,17,YES,buy,388.73,1117.87,0.347742,293670,0x022d100861cb,2025-11-30T09:17:22.871877+00:00
9463,341,33,YES,sell,248.96,581.04,0.428471,57103,0x069b050c0016,2025-11-30T09:17:14.527392+00:00
11535,453,39,YES,buy,389.88,1285.61,0.303264,225884,0x06f9740e2756,2025-11-30T09:17:12.420929+00:00
9462,341,36,YES,sell,111.23,186.49,0.596429,277507,0x0efda20cf2ff,2025-11-30T09:17:02.527392+00:00
6105,170,38,NO,buy,123.72,180.8,0.684309,485405,0x058e3302d72f,2025-11-30T09:16:46.907695+00:00
8139,276,32,NO,sell,92.18,163.53,0.563694,251768,0x084c37041cde,2025-11-30T09:16:32.499621+00:00
4488,84,35,NO,buy,405.98,592.05,0.685716,187044,0x063b9308b4f8,2025-11-30T09:15:54.871877+00:00
7004,217,21,YES,buy,259.71,573.99,0.452464,634674,0x0e6f4408f180,2025-11-30T09:15:54.269277+00:00
8138,276,37,YES,buy,485.23,1328.62,0.365214,347338,0x0a3c560b2998,2025-11-30T09:15:46.499621+00:00
11534,453,32,NO,buy,278.31,503.13,0.553161,811044,0x03b17408e039,2025-11-30T09:15:41.420929+00:00
7003,217,42,NO,sell,184.48,411.99,0.447775,432084,0x0cec3407ed4b,2025-11-30T09:15:34.269277+00:00
8137,276,24,NO,sell,393.37,832.54,0.472494,218295,0x0d76b1052d98,2025-11-30T09:15:22.499621+00:00
8136,276,35,NO,buy,301.61,473.81,0.636564,639291,0x0704a8079b92,2025-11-30T09:15:20.499621+00:00
11533,453,25,NO,sell,304.63,661.95,0.460202,22882,0x07117902f2f2,2025-11-30T09:15:15.420929+00:00
6104,170,24,YES,buy,181.94,388.83,0.46792,387144,0x0cff6b039d32,2025-11-30T09:15:13.907695+00:00
9461,341,37,NO,sell,452.47,659.13,0.686461,78975,0x088f3a04fec6,2025-11-30T09:15:04.527392+00:00
8379,288,18,YES,buy,6.93,10.97,0.631597,528900,0x04ed220f3a6e,2025-11-30T09:14:50.419715+00:00
7002,217,42,NO,sell,432.97,656.47,0.659545,125630,0x0a464003e034,2025-11-30T09:14:48.269277+00:00
9460,341,25,YES,buy,108.01,295.92,0.364993,165850,0x05bc420361cc,2025-11-30T09:14:26.527392+00:00
6103,170,36,NO,buy,299.12,535.99,0.558074,323433,0x0c32920d36f7,2025-11-30T09:14:20.907695+00:00
7001,217,39,YES,sell,411.7,673.2,0.611554,18058,0x05fae00c668d,2025-11-30T09:14:16.269277+00:00
9459,341,31,YES,sell,422.58,810.26,0.521535,501538,0x0583a7031aa0,2025-11-30T09:14:12.527392+00:00
11532,453,23,NO,buy,100.18,231.57,0.432618,327463,0x0be60f024664,2025-11-30T09:14:00.420929+00:00
4487,84,15,NO,buy,340.64,556.27,0.61237,237504,0x089d6a0ece3c,2025-11-30T09:13:57.871877+00:00
4486,84,16,NO,sell,254.96,414.4,0.615245,579944,0x0c7cfe068741,2025-11-30T09:13:50.871877+00:00
8135,276,32,YES,sell,411.26,877.77,0.46853,420148,0x0e134a0617fd,2025-11-30T09:13:28.499621+00:00
11812,466,18,YES,sell,38.12,58.67,0.64969,186429,0x038cc006e5d9,2025-11-30T09:13:20.446701+00:00
7000,217,42,NO,buy,227.81,585.75,0.388922,269269,0x0dc05f085312,2025-11-30T09:13:11.269277+00:00
6102,170,17,NO,sell,181.74,319.29,0.5692,420517,0x03ca360cac14,2025-11-30T09:13:00.907695+00:00
6999,217,27,NO,buy,135.38,225.0,0.601686,334704,0x056704078865,2025-11-30T09:12:53.269277+00:00
5462,135,42,YES,sell,2.17,5.92,0.366774,540908,0x02b1b103a4d8,2025-11-30T09:12:43.571274+00:00
4485,84,38,NO,buy,294.59,476.12,0.618733,727596,0x0ca9f70620ca,2025-11-30T09:12:24.871877+00:00
11531,453,22,YES,buy,112.67,206.73,0.545021,715111,0x035c8c02051f,2025-11-30T09:12:21.420929+00:00
8134,276,40,NO,sell,352.68,845.21,0.417269,500831,0x03309a082ccb,2025-11-30T09:12:16.499621+00:00
9458,341,42,NO,sell,148.55,214.05,0.694012,488157,0x06949609f4e7,2025-11-30T09:12:15.527392+00:00
4484,84,16,NO,sell,123.04,190.11,0.647214,907852,0x0d5b960a841b,2025-11-30T09:11:55.871877+00:00
6101,170,30,NO,buy,296.58,657.26,0.451235,554985,0x0dbf5d048760,2025-11-30T09:11:37.907695+00:00
6998,217,44,NO,sell,250.13,399.22,0.626545,263065,0x0ccb17027776,2025-11-30T09:11:34.269277+00:00
8133,276,25,NO,sell,298.91,506.13,0.590578,234760,0x0cbb4a0c7803,2025-11-30T09:11:01.499621+00:00
9457,341,30,NO,buy,143.49,245.14,0.585342,976142,0x0c71330b82b6,2025-11-30T09:10:55.527392+00:00
4483,84,36,NO,buy,432.54,750.63,0.576238,791200,0x063f8504ca36,2025-11-30T09:10:45.871877+00:00
9456,341,29,NO,sell,114.08,271.36,0.420406,494689,0x023a360766b5,2025-11-30T09:10:44.527392+00:00
11530,453,19,YES,buy,385.63,1143.04,0.337373,728073,0x0dad5a0ee294,2025-11-30T09:10:30.420929+00:00
6100,170,23,YES,buy,189.88,320.03,0.593314,187064,0x0f3cac0bd389,2025-11-30T09:10:26.907695+00:00
6997,217,33,YES,buy,481.87,996.81,0.483412,192511,0x05811201ab4d,2025-11-30T09:10:23.269277+00:00
6996,217,36,YES,sell,148.17,227.69,0.650762,626654,0x04f70f080d10,2025-11-30T09:10:20.269277+00:00
8132,276,15,NO,buy,411.24,1298.5,0.316704,348149,0x0d27ae03f6d3,2025-11-30T09:10:17.499621+00:00
4482,84,27,YES,buy,361.51,951.44,0.379961,169752,0x0d87620e182a,2025-11-30T09:10:08.871877+00:00
4481,84,36,NO,sell,448.54,956.47,0.468955,112642,0x01baee09e3ba,2025-11-30T09:10:04.871877+00:00
11529,453,42,YES,buy,384.68,820.79,0.468669,662183,0x09107e0863a9,2025-11-30T09:09:57.420929+00:00
9455,341,28,YES,buy,203.84,555.36,0.367044,927543,0x049e4107631f,2025-11-30T09:09:46.527392+00:00
6099,170,35,YES,buy,107.1,263.06,0.407124,908281,0x024715037c04,2025-11-30T09:09:35.907695+00:00
7537,246,28,NO,sell,10.24,17.86,0.573307,408914,0x044613035d55,2025-11-30T09:09:28.318200+00:00
6605,198,29,YES,sell,15.28,48.6,0.314421,628325,0x0b982705226a,2025-11-30T09:09:12.770022+00:00
4480,84,19,YES,sell,378.35,626.09,0.60431,612116,0x0a85b9093638,2025-11-30T09:08:50.871877+00:00
10382,392,23,YES,sell,45.33,126.37,0.358698,66827,0x09d65c08bcdf,2025-11-30T09:08:40.150760+00:00
8131,276,35,YES,buy,311.32,497.06,0.626326,968605,0x0e7cd208b24c,2025-11-30T09:08:20.499621+00:00
11528,453,44,YES,buy,108.86,308.04,0.353394,464398,0x0b57f6041cea,2025-11-30T09:08:20.420929+00:00
6995,217,30,YES,buy,155.03,260.86,0.594314,695077,0x063fe80e7e75,2025-11-30T09:08:20.269277+00:00
9454,341,19,YES,sell,281.15,829.04,0.339126,343395,0x07e02108273e,2025-11-30T09:08:10.527392+00:00
9453,341,17,NO,sell,180.23,483.39,0.372848,684839,0x0346d6055ce1,2025-11-30T09:08:06.527392+00:00
11527,453,37,NO,buy,420.66,766.19,0.549027,780825,0x08c09f0b8e55,2025-11-30T09:07:59.420929+00:00
6098,170,22,NO,sell,339.6,552.55,0.614609,655728,0x01cc3b0de23c,2025-11-30T09:07:55.907695+00:00
13313,543,30,NO,buy,7.39,15.03,0.491591,538500,0x0c64f506862a,2025-11-30T09:07:42.865683+00:00
6097,170,33,NO,buy,312.07,988.35,0.31575,427489,0x090acc025fdd,2025-11-30T09:07:28.907695+00:00
4479,84,32,YES,buy,168.08,286.95,0.585754,966939,0x0c82fc070cf2,2025-11-30T09:07:23.871877+00:00
9452,341,29,YES,sell,146.07,312.87,0.466878,628154,0x0523a0075cda,2025-11-30T09:07:18.527392+00:00
6446,189,39,YES,sell,25.55,44.22,0.577755,933984,0x0387e10cfe0c,2025-11-30T09:07:10.189983+00:00
8130,276,25,NO,sell,171.7,253.77,0.676607,232343,0x0df0e908ec21,2025-11-30T09:06:44.499621+00:00
6994,217,40,NO,buy,349.61,806.29,0.433603,862216,0x09e0690c69d1,2025-11-30T09:06:27.269277+00:00
8129,276,42,NO,sell,350.61,577.76,0.606841,347650,0x026bbb0599d5,2025-11-30T09:06:16.499621+00:00
11526,453,27,NO,buy,494.98,876.34,0.564828,839261,0x049b930d4d1f,2025-11-30T09:06:09.420929+00:00
8128,276,39,NO,sell,181.94,277.23,0.656283,682966,0x044d37049ca7,2025-11-30T09:05:59.499621+00:00
6096,170,31,YES,sell,235.22,735.98,0.319599,179505,0x067ce70eabcf,2025-11-30T09:05:47.907695+00:00
6993,217,20,NO,buy,362.46,555.12,0.652945,229948,0x06040105d5c6,2025-11-30T09:05:45.269277+00:00
9451,341,15,YES,buy,82.39,130.36,0.632018,434134,0x0e8c4206d96c,2025-11-30T09:05:39.527392+00:00
4478,84,19,NO,sell,434.09,836.2,0.519122,773610,0x068c670cea76,2025-11-30T09:05:23.871877+00:00
11525,453,16,YES,buy,202.87,546.37,0.371305,97008,0x0538af08ba3f,2025-11-30T09:05:17.420929+00:00
11524,453,25,NO,sell,491.39,787.39,0.624074,219303,0x0d1052044a17,2025-11-30T09:05:16.420929+00:00
6095,170,23,YES,sell,238.64,683.44,0.349177,837449,0x08222803ea0c,2025-11-30T09:05:12.907695+00:00
4477,84,28,YES,sell,247.11,565.28,0.437144,844890,0x063b8f08c57b,2025-11-30T09:05:05.871877+00:00
9450,341,29,NO,buy,220.47,640.8,0.344054,601474,0x0c2e0f0bb71e,2025-11-30T09:04:52.527392+00:00
13357,545,30,NO,buy,4.31,10.73,0.401797,230193,0x0374f908107f,2025-11-30T09:04:26.026962+00:00
13312,543,30,YES,buy,7.63,24.23,0.314901,299064,0x0f2db30a52a8,2025-11-30T09:04:25.865683+00:00
13239,540,41,YES,sell,21.12,41.45,0.509514,905032,0x06292d0610e0,2025-11-30T09:04:25.607519+00:00
13170,537,32,NO,buy,16.62,28.68,0.579541,474603,0x0414d9095e9c,2025-11-30T09:04:25.373956+00:00
13125,535,44,NO,buy,22.71,34.12,0.665664,338232,0x08833707f3c9,2025-11-30T09:04:25.220222+00:00
13039,531,19,NO,sell,28.2,80.43,0.350604,978644,0x0c48fd04dd5b,2025-11-30T09:04:24.921211+00:00
12973,527,41,YES,sell,20.67,64.95,0.318264,113273,0x01d04d0849ce,2025-11-30T09:04:24.686250+00:00
12553,506,28,NO,buy,19.37,34.0,0.569693,728377,0x09892401f1bb,2025-11-30T09:04:23.178632+00:00
12503,504,27,YES,sell,3.6,8.23,0.437393,441167,0x027c070ce912,2025-11-30T09:04:23.007871+00:00
11881,472,43,NO,buy,5.75,14.65,0.392363,599456,0x0b09900d84d4,2025-11-30T09:04:20.686643+00:00
11811,466,20,YES,buy,22.73,46.07,0.493387,7072,0x07966f0c802e,2025-11-30T09:04:20.446701+00:00
11635,458,20,YES,sell,39.29,121.86,0.322407,767935,0x0883d50b083c,2025-11-30T09:04:19.832761+00:00
11523,453,22,NO,sell,369.79,751.87,0.491824,663763,0x05d1f3037aea,2025-11-30T09:04:19.420929+00:00
11345,443,17,YES,sell,18.71,40.62,0.460652,829309,0x070fd6063cf8,2025-11-30T09:04:18.772966+00:00
11323,442,38,NO,sell,23.64,50.1,0.471843,488424,0x022543047369,2025-11-30T09:04:18.693234+00:00
10741,409,34,YES,sell,12.02,26.68,0.450472,308641,0x05121803aa93,2025-11-30T09:04:16.516855+00:00
4476,84,38,YES,buy,242.71,449.28,0.540218,925204,0x06ace5099775,2025-11-30T09:04:15.871877+00:00
10381,392,17,NO,sell,38.85,59.81,0.649519,468953,0x0427ea0ee20d,2025-11-30T09:04:15.150760+00:00
10230,383,25,NO,sell,18.0,41.93,0.429297,642671,0x0b0cc80dc569,2025-11-30T09:04:14.596740+00:00
10135,379,30,NO,sell,16.31,33.71,0.483851,237815,0x064bb6035dcb,2025-11-30T09:04:14.240051+00:00
9887,364,42,YES,sell,48.8,99.37,0.491104,884401,0x03050a0bbabf,2025-11-30T09:04:13.253548+00:00
9494,343,27,YES,buy,38.34,106.49,0.360037,124469,0x0c35b20eac39,2025-11-30T09:04:11.699582+00:00
9449,341,17,NO,buy,370.26,1062.65,0.34843,310438,0x0e3aa50ad6d5,2025-11-30T09:04:11.527392+00:00
9405,338,31,NO,buy,35.16,73.95,0.475441,159646,0x090f1302accd,2025-11-30T09:04:11.349984+00:00
9290,332,30,YES,buy,33.4,90.19,0.370343,685152,0x0c8b05051c1e,2025-11-30T09:04:10.905483+00:00
9245,329,17,NO,sell,4.95,7.18,0.689264,592426,0x0840f8039ae0,2025-11-30T09:04:10.737607+00:00
9068,321,32,NO,buy,11.32,21.37,0.529751,397323,0x069cf90abacf,2025-11-30T09:04:10.084155+00:00
8900,312,36,NO,buy,22.92,37.08,0.618146,273061,0x01916409f7bf,2025-11-30T09:04:09.433231+00:00
8444,291,21,YES,sell,28.15,44.85,0.627667,696436,0x0571900e3216,2025-11-30T09:04:07.664216+00:00
8127,276,28,YES,buy,426.03,1048.34,0.406384,853771,0x0ba89a0713c4,2025-11-30T09:04:07.499621+00:00
8398,289,17,YES,sell,5.77,8.57,0.673508,952510,0x0df6990ea25d,2025-11-30T09:04:07.489641+00:00
8378,288,36,NO,sell,48.16,135.39,0.3557,894910,0x0f33ea0a51e2,2025-11-30T09:04:07.419715+00:00
8332,285,24,NO,sell,46.57,66.65,0.698725,188843,0x089d68086c52,2025-11-30T09:04:07.251341+00:00
8126,276,31,NO,sell,315.64,499.06,0.632465,780490,0x08872902ce47,2025-11-30T09:04:06.499621+00:00
6094,170,15,NO,buy,238.72,430.38,0.554667,760063,0x02f1e4074f31,2025-11-30T09:04:05.907695+00:00
7536,246,27,YES,buy,6.58,17.19,0.382873,524859,0x0eb2da01bbbd,2025-11-30T09:04:04.318200+00:00
7373,237,21,YES,buy,6.05,13.11,0.461326,296522,0x069c2c07a0f9,2025-11-30T09:04:03.699723+00:00
7283,232,40,NO,buy,43.97,145.9,0.301372,432856,0x0bbc930e8792,2025-11-30T09:04:03.356039+00:00
6992,217,31,YES,buy,180.85,519.66,0.348019,795201,0x026f5a0bb20d,2025-11-30T09:04:02.269277+00:00
6897,213,36,YES,buy,30.16,82.32,0.366362,949036,0x0ddf4a02c51b,2025-11-30T09:04:01.909440+00:00
6648,201,27,NO,sell,19.9,35.52,0.560257,660711,0x0849260d9d39,2025-11-30T09:04:00.925906+00:00
6628,200,40,NO,buy,28.93,57.75,0.50099,670286,0x097dba089a0e,2025-11-30T09:04:00.856054+00:00
6604,198,22,NO,sell,40.56,67.93,0.597099,961842,0x0253690c3d58,2025-11-30T09:04:00.770022+00:00
6465,190,37,YES,sell,45.94,93.47,0.4915,734336,0x0dc6790e7567,2025-11-30T09:04:00.262174+00:00
6445,189,27,NO,buy,4.61,10.14,0.454743,276532,0x088db8092a77,2025-11-30T09:04:00.189983+00:00
6380,186,44,YES,sell,36.03,103.33,0.348681,858556,0x0a4a2c02dd18,2025-11-30T09:03:59.957147+00:00
6093,170,25,NO,sell,96.96,204.61,0.473876,629318,0x01f226023b72,2025-11-30T09:03:58.907695+00:00
6068,166,44,NO,buy,39.99,61.05,0.654987,529168,0x03209b02f1fb,2025-11-30T09:03:58.822578+00:00
5778,151,33,YES,buy,32.79,49.36,0.664325,405807,0x0aab740bd7af,2025-11-30T09:03:57.782167+00:00
5461,135,20,YES,sell,13.91,26.66,0.521832,106901,0x090b2c0d695a,2025-11-30T09:03:56.571274+00:00
5161,121,33,NO,sell,34.99,103.58,0.337821,403611,0x0b030e046c65,2025-11-30T09:03:55.491061+00:00
4754,96,43,NO,buy,32.99,109.84,0.300347,410451,0x0221990c28d9,2025-11-30T09:03:53.923637+00:00
4631,91,35,NO,buy,15.93,50.34,0.316473,157846,0x0a2a2d0a9082,2025-11-30T09:03:53.486544+00:00
4475,84,32,NO,sell,468.24,764.56,0.612433,607658,0x045c720c984f,2025-11-30T09:03:52.871877+00:00
4407,81,28,YES,sell,10.89,17.31,0.629026,624952,0x03e4550edf21,2025-11-30T09:03:52.615018+00:00
4322,76,42,YES,sell,32.11,55.47,0.578916,835328,0x0f20a9028a07,2025-11-30T09:03:52.315092+00:00
4143,64,40,NO,buy,17.15,32.78,0.523185,265236,0x07b5fd06127d,2025-11-30T09:03:51.573924+00:00
4121,63,20,YES,sell,4.41,7.39,0.596388,783354,0x02043202fe76,2025-11-30T09:03:51.491714+00:00
4026,58,42,NO,sell,1.29,2.93,0.440704,895905,0x0d94db07c402,2025-11-30T09:03:51.120420+00:00
4730,94,35,YES,sell,31.04,46.93,0.661434,12307,0x0a161f0dfb78,2025-11-30T00:24:12.753751+00:00
4729,94,31,NO,sell,26.33,51.69,0.509343,258143,0x0b497902f0e6,2025-11-29T23:51:47.753751+00:00
4728,94,37,NO,buy,29.43,42.98,0.684695,766654,0x02ce9003cc9d,2025-11-29T23:01:42.753751+00:00
13311,542,21,YES,buy,30.5,54.43,0.56035,475071,0x08364e03de1c,2025-11-29T22:55:23.774606+00:00
13310,542,34,YES,sell,45.08,123.08,0.366253,383154,0x0b38dc039583,2025-11-29T22:42:30.774606+00:00
4727,94,31,NO,sell,46.4,87.46,0.530541,596748,0x020faf0221b8,2025-11-29T22:28:33.753751+00:00
12949,525,21,YES,buy,45.78,76.07,0.601779,991592,0x0339b20a3ee4,2025-11-29T22:10:44.524019+00:00
12126,483,26,NO,buy,15.22,23.65,0.643587,42000,0x06f5630f1f29,2025-11-29T22:06:12.510667+00:00
13309,542,43,YES,buy,19.04,35.23,0.540477,694311,0x0810d9047b47,2025-11-29T21:58:25.774606+00:00
12010,477,19,YES,sell,30.26,43.59,0.694119,673510,0x09427f0f2a7a,2025-11-29T21:54:56.074147+00:00
12948,525,18,YES,buy,2.09,3.8,0.549985,274750,0x085ea003a1cb,2025-11-29T21:45:45.524019+00:00
11966,475,26,YES,buy,12.55,21.25,0.590648,533391,0x0374f501fdf1,2025-11-29T21:44:20.904029+00:00
11031,425,30,NO,sell,18.67,34.05,0.548288,629649,0x0729370b6b1d,2025-11-29T21:44:00.506721+00:00
12947,525,34,YES,sell,40.98,82.33,0.497775,401108,0x0bd2d10c6bd1,2025-11-29T21:42:37.524019+00:00
4726,94,22,YES,sell,30.62,57.65,0.531175,249250,0x0f13220d3872,2025-11-29T21:39:47.753751+00:00
12946,525,27,YES,sell,32.76,92.71,0.353367,428274,0x0aadec08a595,2025-11-29T21:36:18.524019+00:00
9932,367,44,NO,sell,21.24,45.21,0.469844,960128,0x068eab0b1e07,2025-11-29T21:35:44.333060+00:00
12125,483,15,NO,sell,27.7,52.63,0.526353,743285,0x082ce50507e1,2025-11-29T21:28:24.510667+00:00
12945,525,21,NO,sell,44.51,113.16,0.393334,129476,0x01944f0336f1,2025-11-29T21:27:07.524019+00:00
13308,542,43,YES,buy,18.77,36.86,0.509204,54915,0x09e91b07522f,2025-11-29T21:26:21.774606+00:00
11965,475,24,YES,buy,19.61,44.86,0.437142,190327,0x06b4980b6637,2025-11-29T21:26:16.904029+00:00
4725,94,37,NO,buy,23.27,49.55,0.46965,404402,0x0ea5a308ba03,2025-11-29T21:15:22.753751+00:00
9708,353,44,YES,sell,6.24,13.35,0.467307,521609,0x09f0a509f746,2025-11-29T21:13:44.473959+00:00
4321,75,35,YES,sell,26.27,63.87,0.41129,997413,0x076e5708cd0e,2025-11-29T21:11:58.236635+00:00
12009,477,22,YES,buy,4.25,9.95,0.426951,571460,0x03e9b70e3a2c,2025-11-29T21:10:42.074147+00:00
4320,75,27,NO,buy,29.29,71.88,0.407487,474947,0x08274a078754,2025-11-29T21:06:39.236635+00:00
6311,181,35,YES,buy,26.03,52.07,0.499874,284551,0x0e99a30af906,2025-11-29T21:00:46.634534+00:00
11030,425,25,NO,buy,39.09,70.62,0.553517,522798,0x07e91c050b0e,2025-11-29T20:49:03.506721+00:00
9931,367,29,NO,sell,11.16,20.02,0.557407,810193,0x0574f1036396,2025-11-29T20:48:21.333060+00:00
12124,483,44,YES,sell,15.44,39.55,0.390344,171584,0x0bec14029c9b,2025-11-29T20:48:04.510667+00:00
13307,542,33,NO,sell,28.8,67.87,0.42436,978178,0x0747ef0ca6ea,2025-11-29T20:47:45.774606+00:00
11964,475,39,YES,sell,3.97,7.3,0.543838,501081,0x0559d603c68d,2025-11-29T20:38:42.904029+00:00
12123,483,22,YES,buy,40.81,79.09,0.516022,724047,0x06d29d07b844,2025-11-29T20:38:31.510667+00:00
12944,525,31,YES,sell,38.28,100.54,0.380755,491407,0x02807901adb3,2025-11-29T20:37:05.524019+00:00
12008,477,26,YES,sell,1.44,2.75,0.523556,206257,0x035a8e0ce015,2025-11-29T20:35:42.074147+00:00
11963,475,20,YES,buy,47.91,130.64,0.366731,802444,0x09ee240517b5,2025-11-29T20:27:58.904029+00:00
4942,107,20,YES,sell,48.23,98.71,0.488596,255415,0x08b7d70ae3b6,2025-11-29T20:27:33.570755+00:00
7806,259,15,NO,buy,35.38,95.23,0.371519,355917,0x09541d068579,2025-11-29T20:25:34.266883+00:00
9707,353,41,YES,sell,26.68,39.88,0.668938,351673,0x0bcdf50df0e1,2025-11-29T20:25:23.473959+00:00
7805,259,15,YES,buy,38.25,74.02,0.516761,494887,0x09a17c01a1c7,2025-11-29T20:25:06.266883+00:00
9706,353,44,NO,sell,11.91,38.45,0.309719,583779,0x09814c0d1f66,2025-11-29T20:24:38.473959+00:00
4724,94,36,NO,buy,5.15,9.25,0.556897,937989,0x082df808d284,2025-11-29T20:21:21.753751+00:00
8443,290,36,YES,sell,44.0,80.28,0.548076,540044,0x093176047b2a,2025-11-29T20:20:31.580940+00:00
4319,75,19,YES,buy,8.17,19.05,0.428839,885532,0x057c9b0db59e,2025-11-29T20:20:20.236635+00:00
10583,400,20,NO,sell,30.25,79.99,0.37819,261892,0x065d6806ae88,2025-11-29T20:19:53.826167+00:00
4941,107,28,YES,buy,15.74,32.43,0.48537,23876,0x091c150846a4,2025-11-29T20:19:26.570755+00:00
13306,542,43,YES,buy,46.84,67.85,0.690325,812321,0x07af7a05f125,2025-11-29T20:18:17.774606+00:00
9244,328,38,YES,buy,45.35,73.94,0.61337,886420,0x0ead230f210a,2025-11-29T20:16:15.646004+00:00
12416,497,26,YES,buy,43.74,105.79,0.413478,666521,0x061dc40c95b5,2025-11-29T20:14:23.588206+00:00
9930,367,23,YES,sell,29.96,43.09,0.695334,260243,0x0363390679f3,2025-11-29T20:13:23.333060+00:00
12007,477,26,YES,sell,12.7,41.7,0.304588,475823,0x0e2c210e5bbf,2025-11-29T20:10:53.074147+00:00
6310,181,41,YES,buy,19.63,58.76,0.334051,96948,0x0b0e8807fa40,2025-11-29T20:08:25.634534+00:00
12059,479,28,YES,sell,10.2,24.89,0.409757,602336,0x03807203bcc7,2025-11-29T20:03:42.229414+00:00
4940,107,41,YES,buy,43.09,112.3,0.383692,682301,0x0be76203d92d,2025-11-29T20:02:46.570755+00:00
9705,353,37,YES,sell,35.46,59.19,0.599078,59838,0x082a8e0649c6,2025-11-29T20:02:37.473959+00:00
6309,181,40,YES,sell,27.46,58.74,0.467515,699964,0x06a628091929,2025-11-29T20:01:52.634534+00:00
12058,479,16,YES,sell,48.61,97.51,0.498493,204273,0x0b6fc2064e37,2025-11-29T20:01:10.229414+00:00
11962,475,41,NO,buy,38.28,69.26,0.552708,570371,0x0defe70ec362,2025-11-29T19:57:30.904029+00:00
6308,181,44,YES,sell,48.65,108.23,0.44952,181958,0x01b5de0a26c7,2025-11-29T19:57:30.634534+00:00
13553,554,27,NO,sell,36.35,53.05,0.68523,591136,0x02d6500d8b8c,2025-11-29T19:56:25.649077+00:00
7804,259,20,YES,sell,45.87,86.39,0.530975,121434,0x067b31065522,2025-11-29T19:55:47.266883+00:00
11029,425,28,YES,sell,20.15,39.16,0.514532,899285,0x075185062c7d,2025-11-29T19:55:23.506721+00:00
4939,107,24,NO,sell,40.43,120.67,0.335054,201070,0x03b00d01bf75,2025-11-29T19:54:58.570755+00:00
4723,94,36,YES,buy,1.57,2.81,0.559356,928873,0x03d46e0d113b,2025-11-29T19:47:58.753751+00:00
12943,525,28,NO,buy,16.36,30.71,0.532733,869367,0x0f027104a402,2025-11-29T19:46:22.524019+00:00
12122,483,19,YES,buy,19.63,39.53,0.496631,390204,0x0202c607ed21,2025-11-29T19:45:55.510667+00:00
9567,346,39,YES,buy,29.83,55.18,0.540555,400033,0x075cc4042510,2025-11-29T19:43:19.891893+00:00
13356,544,20,YES,sell,47.71,97.36,0.490048,453765,0x0755cd0bf2ec,2025-11-29T19:40:41.943036+00:00
13552,554,38,YES,buy,7.79,20.63,0.377623,968430,0x095ec00c9dee,2025-11-29T19:39:52.649077+00:00
11413,446,17,YES,buy,15.66,27.86,0.562195,451114,0x032f69044b1f,2025-11-29T19:38:01.935996+00:00
4299,74,18,NO,sell,16.63,39.59,0.420106,121675,0x0e7d250ce5f9,2025-11-29T19:37:27.164634+00:00
10066,374,36,NO,buy,48.58,96.8,0.501834,467532,0x072e840db733,2025-11-29T19:36:21.904247+00:00
4318,75,23,YES,buy,48.18,78.43,0.614276,910165,0x02797505f68a,2025-11-29T19:35:24.236635+00:00
8442,290,41,NO,sell,11.44,17.03,0.671879,299580,0x06c86b0c15b7,2025-11-29T19:33:15.580940+00:00
11028,425,23,YES,sell,5.57,18.47,0.301492,964338,0x0ee51708085b,2025-11-29T19:30:25.506721+00:00
10582,400,36,NO,buy,38.07,67.32,0.565524,448972,0x09c0e502e3ec,2025-11-29T19:28:58.826167+00:00
10960,421,31,YES,sell,48.13,148.39,0.324345,332481,0x03d672059b61,2025-11-29T19:28:08.244640+00:00
9704,353,44,NO,buy,19.96,53.49,0.373119,703510,0x04fd9e02a658,2025-11-29T19:28:02.473959+00:00
9067,320,44,YES,sell,36.69,88.79,0.413223,790826,0x0f09e607f4be,2025-11-29T19:27:44.996666+00:00
7803,259,37,YES,sell,40.27,64.72,0.622226,836928,0x0a9aa1075293,2025-11-29T19:27:43.266883+00:00
11961,475,18,NO,sell,11.94,27.3,0.437291,321298,0x03ce4b0a120a,2025-11-29T19:27:40.904029+00:00
9929,367,34,NO,sell,15.37,23.13,0.664519,982683,0x066e31071977,2025-11-29T19:24:59.333060+00:00
12415,497,21,YES,sell,39.16,107.42,0.364563,269280,0x084c290cc094,2025-11-29T19:23:31.588206+00:00
13551,554,34,NO,sell,35.45,57.66,0.614852,640053,0x0be50d0ab197,2025-11-29T19:23:30.649077+00:00
12414,497,37,YES,sell,45.93,75.82,0.605763,292852,0x0e143c0d25b8,2025-11-29T19:22:32.588206+00:00
9928,367,33,YES,buy,17.09,26.79,0.637839,481455,0x0326920ac8bb,2025-11-29T19:22:26.333060+00:00
4938,107,35,NO,sell,34.9,53.9,0.647512,762173,0x0d6f0f0b27f4,2025-11-29T19:21:35.570755+00:00
10581,400,23,NO,buy,9.51,18.84,0.504889,484248,0x06625507122e,2025-11-29T19:20:43.826167+00:00
9243,328,18,YES,sell,48.3,87.2,0.553912,589275,0x090cf80ee2e5,2025-11-29T19:20:02.646004+00:00
13550,554,30,YES,sell,48.62,143.99,0.337663,743926,0x0cd7020a252e,2025-11-29T19:19:10.649077+00:00
13305,542,35,YES,sell,42.57,77.56,0.548855,154095,0x079301040431,2025-11-29T19:18:19.774606+00:00
9927,367,28,NO,sell,39.8,74.12,0.536988,914298,0x0ca9a80c8b41,2025-11-29T19:17:50.333060+00:00
9566,346,19,NO,sell,22.64,36.36,0.622693,728921,0x0872450853d8,2025-11-29T19:15:50.891893+00:00
13355,544,19,YES,buy,37.64,65.79,0.572158,971735,0x09cbca03485e,2025-11-29T19:14:01.943036+00:00
12057,479,39,YES,buy,44.04,141.06,0.312213,827296,0x0c353406ad22,2025-11-29T19:13:13.229414+00:00
12006,477,38,NO,sell,41.56,105.95,0.392268,242486,0x07874c07b262,2025-11-29T19:11:46.074147+00:00
7032,218,28,NO,buy,39.09,71.95,0.54332,661471,0x0e1bd50910ba,2025-11-29T19:10:02.346890+00:00
4937,107,17,NO,buy,22.26,72.47,0.307166,14950,0x07d84603648a,2025-11-29T19:09:42.570755+00:00
12056,479,39,YES,buy,31.05,81.53,0.380855,152610,0x0af92903f3d0,2025-11-29T19:07:54.229414+00:00
6307,181,24,YES,buy,38.13,79.35,0.480517,539071,0x07390209e084,2025-11-29T19:07:00.634534+00:00
11027,425,36,YES,sell,14.28,30.87,0.462537,623765,0x0b12630c0d0a,2025-11-29T19:06:58.506721+00:00
11412,446,37,NO,sell,18.84,30.79,0.611864,963134,0x04cc1203d7a6,2025-11-29T19:06:45.935996+00:00
4298,74,19,NO,sell,17.81,29.02,0.613708,366219,0x09dd1c0940b0,2025-11-29T19:04:47.164634+00:00
8308,283,25,YES,buy,33.92,56.92,0.595878,874793,0x0b0406051670,2025-11-29T19:04:40.089637+00:00
9242,328,22,NO,buy,5.06,13.69,0.369607,950773,0x06f92205378e,2025-11-29T19:02:31.646004+00:00
9703,353,16,NO,buy,10.43,22.35,0.466591,566377,0x0e42b2069e76,2025-11-29T19:02:08.473959+00:00
12413,497,27,NO,sell,40.42,58.95,0.685686,231414,0x0cf4e70302a2,2025-11-29T19:01:43.588206+00:00
8441,290,24,NO,sell,26.1,68.95,0.378511,267658,0x01b22a052c81,2025-11-29T18:57:46.580940+00:00
9066,320,17,YES,buy,23.09,45.49,0.507621,412553,0x06a64505a5e3,2025-11-29T18:57:28.996666+00:00
4936,107,36,NO,sell,17.73,26.57,0.667245,222321,0x0e7c6804855c,2025-11-29T18:56:54.570755+00:00
10065,374,22,YES,buy,30.52,50.1,0.609152,31916,0x04d8a102ac10,2025-11-29T18:56:43.904247+00:00
9886,363,40,NO,buy,11.14,19.79,0.563011,416032,0x01feb60afe27,2025-11-29T18:56:17.174625+00:00
4317,75,33,NO,sell,30.25,82.35,0.367351,304387,0x0cca6d063541,2025-11-29T18:56:09.236635+00:00
9065,320,27,YES,sell,30.81,63.3,0.486738,43871,0x0d424901bbdb,2025-11-29T18:55:34.996666+00:00
12121,483,15,YES,sell,47.34,105.17,0.450131,928928,0x03bdf401ca5b,2025-11-29T18:54:54.510667+00:00
10204,381,19,NO,buy,19.15,33.09,0.578765,66134,0x095e0a06501d,2025-11-29T18:54:29.415048+00:00
11960,475,43,NO,buy,25.04,40.62,0.6165,954693,0x0e9ed903d283,2025-11-29T18:54:26.904029+00:00
4919,105,33,YES,buy,26.77,50.67,0.528315,259114,0x08304602c157,2025-11-29T18:53:28.479651+00:00
9241,328,20,NO,sell,40.7,59.79,0.680749,172161,0x087ece0c8a10,2025-11-29T18:52:53.646004+00:00
6808,208,29,NO,buy,42.75,101.8,0.419938,113272,0x0ebab701eda7,2025-11-29T18:52:20.485951+00:00
4316,75,26,NO,buy,31.19,50.8,0.61394,845565,0x0e8ad704d643,2025-11-29T18:51:56.236635+00:00
10849,413,27,YES,buy,38.29,60.32,0.634731,338351,0x08a77c09f42d,2025-11-29T18:51:53.841463+00:00
9885,363,33,NO,sell,46.98,95.07,0.49414,698871,0x02180307563c,2025-11-29T18:51:02.174625+00:00
10203,381,17,NO,buy,32.37,104.06,0.311079,696469,0x06aa9c04a015,2025-11-29T18:49:54.415048+00:00
12942,525,42,NO,buy,3.77,7.81,0.482683,330052,0x03420b095792,2025-11-29T18:49:36.524019+00:00
6306,181,32,NO,buy,40.95,63.93,0.64056,938598,0x0a459207e8ef,2025-11-29T18:49:05.634534+00:00
4722,94,19,YES,sell,42.32,95.29,0.444115,303483,0x08339f03fe80,2025-11-29T18:48:14.753751+00:00
9730,354,19,NO,sell,43.25,77.19,0.560326,863198,0x0406b50e656c,2025-11-29T18:46:49.565450+00:00
9565,346,42,YES,sell,6.46,19.01,0.339846,129575,0x0a225a08cc94,2025-11-29T18:46:46.891893+00:00
11026,425,34,NO,buy,40.16,61.6,0.651965,121018,0x09d6fa0e6ff9,2025-11-29T18:43:05.506721+00:00
11008,424,40,YES,sell,20.23,66.83,0.302712,286438,0x0be7cd067731,2025-11-29T18:42:51.416707+00:00
13304,542,40,YES,buy,3.81,5.66,0.672964,347816,0x08124808185b,2025-11-29T18:42:43.774606+00:00
12005,477,33,YES,sell,27.44,42.04,0.652733,846803,0x053e3a0be262,2025-11-29T18:42:28.074147+00:00
6807,208,39,NO,sell,19.71,61.9,0.318401,187336,0x0669cb0c01e1,2025-11-29T18:42:19.485951+00:00
10959,421,40,NO,sell,22.48,74.69,0.300976,845590,0x0a69af03f61f,2025-11-29T18:41:32.244640+00:00
8307,283,24,YES,buy,45.75,83.15,0.550189,38939,0x0d1c39078134,2025-11-29T18:40:11.089637+00:00
9240,328,44,YES,buy,1.74,3.19,0.544765,644012,0x077dfb079ec0,2025-11-29T18:39:20.646004+00:00
7031,218,19,YES,sell,49.34,73.73,0.669202,878595,0x019bab0c985a,2025-11-29T18:37:46.346890+00:00
10429,393,18,NO,buy,17.4,27.99,0.621638,377241,0x0e2eab01fd4e,2025-11-29T18:36:11.246771+00:00
9064,320,36,YES,sell,26.27,62.2,0.422342,818449,0x0f1dd502f9d1,2025-11-29T18:35:21.996666+00:00
10428,393,35,NO,sell,11.17,34.53,0.323529,435166,0x0f21420adc31,2025-11-29T18:33:45.246771+00:00
13549,554,16,NO,buy,18.94,62.76,0.301782,918441,0x0b6ce702d06b,2025-11-29T18:33:16.649077+00:00
7802,259,19,NO,sell,8.81,13.47,0.654219,867507,0x097a9804c60a,2025-11-29T18:33:07.266883+00:00
9063,320,41,NO,buy,16.5,23.78,0.693776,939041,0x0df6ab09a8fe,2025-11-29T18:31:52.996666+00:00
10958,421,22,YES,sell,38.73,107.5,0.360277,186928,0x084f1d0846ac,2025-11-29T18:31:27.244640+00:00
10580,400,37,YES,buy,20.5,39.75,0.515762,621618,0x0aa3c10bd86a,2025-11-29T18:31:00.826167+00:00
13354,544,20,YES,buy,7.47,18.21,0.410257,145215,0x077eb805a18d,2025-11-29T18:28:42.943036+00:00
9564,346,40,NO,sell,46.34,96.32,0.481106,261289,0x02401e06ac04,2025-11-29T18:27:53.891893+00:00
12412,497,29,NO,sell,23.57,50.42,0.467431,443577,0x0795b90c15a8,2025-11-29T18:27:42.588206+00:00
9926,367,32,YES,buy,12.12,18.35,0.660503,110684,0x06287401d2a6,2025-11-29T18:27:19.333060+00:00
7237,227,44,YES,sell,6.06,12.37,0.489928,480898,0x0408470bc7f8,2025-11-29T18:26:36.119583+00:00
11411,446,41,NO,buy,47.43,105.06,0.451447,161868,0x04dd4f0b1a61,2025-11-29T18:25:34.935996+00:00
12055,479,37,YES,buy,40.39,63.77,0.633337,993979,0x0267220a5974,2025-11-29T18:24:00.229414+00:00
13303,542,32,NO,buy,45.09,101.9,0.442504,39903,0x09e45b06317e,2025-11-29T18:23:51.774606+00:00
6444,188,19,YES,sell,20.01,63.87,0.313303,598053,0x080bfa0950f0,2025-11-29T18:23:42.104362+00:00
9702,353,23,YES,sell,44.37,109.99,0.403391,578744,0x0a046708d29f,2025-11-29T18:22:49.473959+00:00
12120,483,19,YES,sell,25.56,39.19,0.652177,804477,0x0650e708f581,2025-11-29T18:21:44.510667+00:00
13353,544,24,YES,buy,23.49,50.5,0.46511,573352,0x08fe6a0958d6,2025-11-29T18:21:37.943036+00:00
10579,400,35,YES,sell,15.83,32.05,0.493906,600202,0x0816ab0a3cf0,2025-11-29T18:21:14.826167+00:00
11410,446,44,YES,buy,33.76,89.19,0.378534,794652,0x0724fb0d48a8,2025-11-29T18:20:14.935996+00:00
10427,393,28,YES,sell,15.31,28.18,0.543386,886659,0x07593c0ba1ee,2025-11-29T18:20:14.246771+00:00
9729,354,44,YES,buy,3.68,7.51,0.489828,896705,0x09d42605d37d,2025-11-29T18:19:21.565450+00:00
4721,94,27,NO,sell,20.9,44.09,0.474076,182833,0x04e7c40c202c,2025-11-29T18:15:39.753751+00:00
4297,74,19,NO,buy,24.66,58.97,0.418173,872699,0x02e64903620b,2025-11-29T18:14:47.164634+00:00
11959,475,32,YES,buy,46.29,139.4,0.332073,90387,0x08d7330bf914,2025-11-29T18:14:36.904029+00:00
8440,290,16,NO,buy,48.32,94.54,0.511084,714797,0x0db51f0a21a0,2025-11-29T18:13:33.580940+00:00
11025,425,23,YES,sell,23.25,67.86,0.342614,505245,0x0bb2790250a7,2025-11-29T18:11:56.506721+00:00
12004,477,42,NO,buy,45.48,78.29,0.580917,572080,0x0b4751022cd0,2025-11-29T18:11:56.074147+00:00
10848,413,38,NO,buy,6.98,22.98,0.30377,621286,0x0654450bb469,2025-11-29T18:10:00.841463+00:00
9840,361,15,NO,buy,44.44,98.86,0.449514,744920,0x01b91208403e,2025-11-29T18:09:46.994549+00:00
10064,374,43,NO,sell,19.2,31.03,0.618663,573905,0x0d41f4089b66,2025-11-29T18:09:21.904247+00:00
9701,353,34,NO,sell,1.41,4.04,0.349324,557974,0x0a72980285c2,2025-11-29T18:08:11.473959+00:00
10847,413,32,YES,buy,46.36,111.69,0.415094,310432,0x070b050c98c9,2025-11-29T18:08:02.841463+00:00
4918,105,21,NO,buy,41.91,69.85,0.599975,591607,0x0eafe105e3fa,2025-11-29T18:08:02.479651+00:00
4935,107,16,YES,sell,43.96,104.9,0.419059,478100,0x0aebd40d1c84,2025-11-29T18:05:02.570755+00:00
4315,75,17,NO,buy,39.01,98.82,0.394778,617482,0x0e7f430d53e3,2025-11-29T18:04:44.236635+00:00
9062,320,16,YES,sell,11.4,33.75,0.337808,185651,0x0af66e0e56b7,2025-11-29T18:02:52.996666+00:00
12941,525,23,NO,buy,14.45,38.72,0.373235,352154,0x09ce2e09e078,2025-11-29T18:02:29.524019+00:00
13548,554,44,YES,sell,20.43,32.4,0.630624,729217,0x0881c70ce342,2025-11-29T18:01:59.649077+00:00
9239,328,23,NO,buy,34.09,69.64,0.48953,593024,0x0a0325072bfb,2025-11-29T18:01:55.646004+00:00
4917,105,37,NO,sell,25.16,39.42,0.638335,367586,0x03e50d03811c,2025-11-29T18:01:29.479651+00:00
10957,421,38,YES,sell,42.08,98.76,0.42608,676595,0x0d5a070be031,2025-11-29T18:01:01.244640+00:00
6443,188,32,NO,sell,38.24,96.21,0.397452,595628,0x0781b50c8095,2025-11-29T18:00:18.104362+00:00
10202,381,32,NO,buy,4.98,9.1,0.547325,171460,0x0bad73069d6d,2025-11-29T18:00:12.415048+00:00
11207,435,35,NO,buy,2.25,3.27,0.688794,8978,0x02b749080e79,2025-11-29T17:59:54.183084+00:00
8306,283,18,YES,sell,28.39,62.55,0.453907,96018,0x0bfdb70e75e9,2025-11-29T17:59:13.089637+00:00
9563,346,35,NO,buy,24.44,43.15,0.566432,501528,0x0c4d940e6a22,2025-11-29T17:59:11.891893+00:00
10063,374,36,NO,sell,35.64,52.74,0.67574,859738,0x0d1f8307a5a5,2025-11-29T17:59:07.904247+00:00
11958,475,35,NO,sell,44.73,145.03,0.308421,939932,0x09c32803e41b,2025-11-29T17:58:48.904029+00:00
7151,223,42,NO,buy,33.88,65.04,0.520876,469323,0x0e7c0e08fb6c,2025-11-29T17:58:20.786787+00:00
9728,354,28,NO,sell,41.89,77.99,0.537151,357325,0x06b1f00677e7,2025-11-29T17:57:58.565450+00:00
9562,346,22,YES,sell,28.46,44.66,0.6372,588359,0x09937a096f68,2025-11-29T17:57:47.891893+00:00
11409,446,23,NO,sell,38.77,118.95,0.325931,227568,0x0ea77f069662,2025-11-29T17:56:27.935996+00:00
10201,381,36,NO,sell,19.77,28.78,0.687033,707629,0x06968e09e6e7,2025-11-29T17:56:14.415048+00:00
8439,290,39,YES,sell,42.41,95.23,0.445346,449073,0x0201590e9fe5,2025-11-29T17:55:09.580940+00:00
9061,320,38,YES,buy,38.0,74.95,0.506994,560729,0x0991540862ce,2025-11-29T17:54:12.996666+00:00
9884,363,37,YES,sell,7.47,10.83,0.689654,885036,0x0218b70685d7,2025-11-29T17:53:58.174625+00:00
7236,227,38,YES,buy,15.19,23.33,0.650972,408117,0x0cd6cc0d9b04,2025-11-29T17:52:44.119583+00:00
6305,181,26,NO,buy,44.97,134.88,0.3334,767463,0x08a31e01e26d,2025-11-29T17:51:50.634534+00:00
9727,354,17,NO,buy,28.76,44.74,0.642858,627305,0x01a0a70246f5,2025-11-29T17:50:33.565450+00:00
8438,290,29,YES,sell,45.92,91.47,0.50201,607894,0x01b694095ab6,2025-11-29T17:50:29.580940+00:00
11024,425,39,YES,buy,17.05,26.94,0.632869,895687,0x0260450301a0,2025-11-29T17:50:20.506721+00:00
6442,188,32,NO,buy,47.82,68.69,0.696194,647551,0x06ea330b5f32,2025-11-29T17:48:15.104362+00:00
7801,259,43,NO,sell,48.26,72.14,0.669001,605703,0x0afee90defd5,2025-11-29T17:47:47.266883+00:00
12411,497,44,NO,sell,32.2,59.09,0.544974,287455,0x09296a0b7088,2025-11-29T17:46:45.588206+00:00
6806,208,32,NO,buy,25.39,53.82,0.471753,236288,0x0d8c7b06ba3e,2025-11-29T17:46:32.485951+00:00
11206,435,30,NO,buy,5.06,13.01,0.388976,895914,0x0aa83d0815ad,2025-11-29T17:46:22.183084+00:00
12003,477,42,YES,buy,42.79,93.13,0.45947,104993,0x0f1a7f0bf0f6,2025-11-29T17:45:17.074147+00:00
13547,554,39,YES,buy,17.97,39.88,0.45056,470300,0x044b760d25a0,2025-11-29T17:45:09.649077+00:00
13079,532,22,YES,buy,19.51,46.83,0.416593,181954,0x0e3a2a0e43fa,2025-11-29T17:44:43.992530+00:00
11007,424,29,NO,sell,2.81,6.11,0.459644,29782,0x03fa08052062,2025-11-29T17:44:08.416707+00:00
6441,188,16,YES,sell,3.23,5.93,0.54463,68538,0x0db0e20612c1,2025-11-29T17:43:11.104362+00:00
13302,542,18,YES,buy,45.24,109.44,0.413373,918221,0x0f2dde0da8f2,2025-11-29T17:42:00.774606+00:00
9925,367,42,NO,buy,1.74,3.68,0.473226,770604,0x0508ef01c3f1,2025-11-29T17:41:22.333060+00:00
12901,523,26,NO,sell,49.85,105.31,0.473364,75782,0x03a26c08ea82,2025-11-29T17:41:19.367831+00:00
4296,74,31,YES,sell,19.33,39.84,0.485225,724975,0x0c66150af17d,2025-11-29T17:40:28.164634+00:00
7150,223,33,YES,buy,35.71,57.72,0.61863,864944,0x08616706966d,2025-11-29T17:39:33.786787+00:00
7030,218,34,YES,sell,25.18,81.16,0.310269,437189,0x0d85c60a141f,2025-11-29T17:38:29.346890+00:00
9924,367,33,YES,sell,10.1,15.72,0.6425,809840,0x0e799b0b3399,2025-11-29T17:38:18.333060+00:00
4934,107,17,YES,buy,37.29,76.86,0.485152,884855,0x0e1ace0470f3,2025-11-29T17:38:03.570755+00:00
10578,400,35,YES,sell,43.71,67.65,0.64614,983291,0x04e79b056a65,2025-11-29T17:37:27.826167+00:00
4916,105,20,NO,sell,6.69,10.17,0.65807,463966,0x0971c7022db5,2025-11-29T17:36:59.479651+00:00
9238,328,37,NO,buy,29.25,68.84,0.424917,230897,0x021aa409d0ac,2025-11-29T17:36:34.646004+00:00
10062,374,23,YES,buy,37.55,103.27,0.363623,27327,0x07bd6103cd07,2025-11-29T17:36:22.904247+00:00
13078,532,35,YES,sell,43.98,132.76,0.331263,229826,0x082eba0a93ef,2025-11-29T17:36:08.992530+00:00
6304,181,15,NO,buy,42.63,64.52,0.660775,88753,0x0a42010e5017,2025-11-29T17:35:37.634534+00:00
9237,328,44,NO,sell,13.31,25.71,0.517635,783101,0x036c490996f2,2025-11-29T17:35:30.646004+00:00
10956,421,17,YES,buy,21.66,51.28,0.422364,837502,0x0557a50c99ef,2025-11-29T17:35:22.244640+00:00
4720,94,41,NO,buy,43.2,66.84,0.646272,737333,0x054a2c086eee,2025-11-29T17:35:12.753751+00:00
12054,479,40,NO,sell,6.73,9.67,0.695659,204351,0x04705107ab05,2025-11-29T17:34:48.229414+00:00
6440,188,39,YES,buy,34.81,65.48,0.531591,366124,0x0192ee05f6fe,2025-11-29T17:34:25.104362+00:00
13506,552,20,YES,sell,35.6,67.48,0.527551,260818,0x080d520c4be5,2025-11-29T17:33:56.492040+00:00
10490,396,35,NO,sell,3.41,9.41,0.362459,274093,0x0952cc0ebb0d,2025-11-29T17:33:38.487751+00:00
9839,361,33,NO,sell,39.79,60.81,0.654339,174833,0x06bd7e08854b,2025-11-29T17:31:57.994549+00:00
9561,346,33,NO,sell,17.65,29.21,0.604296,941615,0x0a3c8c059b62,2025-11-29T17:29:58.891893+00:00
9560,346,37,NO,sell,48.6,73.22,0.663796,21987,0x0abadd066af9,2025-11-29T17:29:28.891893+00:00
10426,393,28,YES,buy,38.06,87.27,0.436131,228214,0x0eb67b0c1caf,2025-11-29T17:29:26.246771+00:00
7235,227,37,NO,buy,38.33,58.76,0.652278,932372,0x0ac0530a5957,2025-11-29T17:29:26.119583+00:00
6805,208,21,YES,sell,4.36,12.98,0.335829,949383,0x01fee70c00f2,2025-11-29T17:28:19.485951+00:00
10846,413,41,YES,sell,17.35,31.96,0.542849,989395,0x0a8c720a6b65,2025-11-29T17:27:37.841463+00:00
12119,483,28,NO,buy,46.57,150.11,0.310246,373067,0x05bb33034ca7,2025-11-29T17:27:32.510667+00:00
8305,283,15,YES,buy,4.36,6.79,0.642227,898738,0x0e7f08072fdf,2025-11-29T17:27:16.089637+00:00
9883,363,38,YES,sell,12.21,17.84,0.684236,118477,0x07531801f620,2025-11-29T17:26:21.174625+00:00
9700,353,28,YES,sell,30.24,83.37,0.362713,699169,0x0617f80323c2,2025-11-29T17:26:18.473959+00:00
13352,544,42,YES,buy,18.14,26.01,0.697304,16463,0x09aaf20e6c63,2025-11-29T17:26:17.943036+00:00
4295,74,16,NO,sell,48.32,102.33,0.472182,272306,0x01b1d4031a84,2025-11-29T17:25:09.164634+00:00
11205,435,23,NO,sell,3.73,8.33,0.447953,969786,0x03cd030f22d9,2025-11-29T17:25:06.183084+00:00
13351,544,16,YES,sell,20.73,31.54,0.657301,307086,0x02cd9502ec88,2025-11-29T17:24:39.943036+00:00
9699,353,42,YES,sell,9.42,16.56,0.568794,529042,0x07909606afb0,2025-11-29T17:24:33.473959+00:00
10425,393,33,NO,buy,39.52,127.47,0.310023,934079,0x0aa56e01f66d,2025-11-29T17:24:11.246771+00:00
9559,346,23,NO,buy,39.28,81.32,0.483023,603611,0x0cff9e06b83f,2025-11-29T17:23:00.891893+00:00
12410,497,41,YES,buy,7.83,11.72,0.66815,253712,0x07b24d04d7ec,2025-11-29T17:22:26.588206+00:00
9726,354,28,NO,sell,42.91,77.36,0.554679,839207,0x021b9e0ae4b7,2025-11-29T17:20:46.565450+00:00
9060,320,23,YES,sell,14.26,30.32,0.470283,559555,0x0a52680bfc99,2025-11-29T17:20:14.996666+00:00
10200,381,27,YES,sell,4.99,9.03,0.552741,968329,0x02fa0e0cbc53,2025-11-29T17:20:08.415048+00:00
4915,105,32,NO,buy,10.26,31.88,0.321827,494090,0x0474c5021984,2025-11-29T17:19:04.479651+00:00
4565,87,27,YES,sell,48.85,84.33,0.579298,723689,0x08e312069388,2025-11-29T17:18:26.122574+00:00
9838,361,36,YES,buy,14.66,36.61,0.400446,775648,0x03d780030fda,2025-11-29T17:17:50.994549+00:00
10955,421,15,YES,buy,7.32,19.82,0.369322,20984,0x08e4cf0774c6,2025-11-29T17:17:33.244640+00:00
12940,525,43,NO,sell,47.57,77.52,0.613645,977329,0x04ae7105d763,2025-11-29T17:17:10.524019+00:00
12409,497,37,NO,sell,16.08,24.12,0.666604,505458,0x0504660b2ea1,2025-11-29T17:16:51.588206+00:00
6804,208,19,YES,buy,23.46,75.23,0.31185,952452,0x0d19b20d74c1,2025-11-29T17:16:10.485951+00:00
8437,290,33,NO,buy,35.29,51.41,0.686413,432201,0x058051097f5f,2025-11-29T17:16:09.580940+00:00
10489,396,26,NO,buy,4.31,6.25,0.689962,555295,0x0f0bc8097d48,2025-11-29T17:15:51.487751+00:00
10488,396,40,NO,sell,32.7,65.56,0.498746,703604,0x01f05409d51a,2025-11-29T17:14:07.487751+00:00
6439,188,36,YES,buy,1.48,3.24,0.457068,227735,0x0c5dd20b7a80,2025-11-29T17:13:30.104362+00:00
13546,554,43,YES,sell,27.19,63.4,0.428831,667778,0x0ef1a906b202,2025-11-29T17:12:28.649077+00:00
13350,544,20,YES,buy,39.3,113.27,0.346949,867113,0x0845fa01fd75,2025-11-29T17:10:54.943036+00:00
12900,523,26,NO,sell,24.28,49.72,0.488359,885604,0x01e673089b23,2025-11-29T17:10:21.367831+00:00
6803,208,16,NO,buy,11.73,28.91,0.405801,57394,0x080f6c01e702,2025-11-29T17:10:11.485951+00:00
10487,396,24,NO,sell,35.85,60.12,0.596307,468643,0x0f22fe04d46f,2025-11-29T17:09:14.487751+00:00
11006,424,17,YES,sell,32.43,47.91,0.676844,266801,0x0c85f0077d71,2025-11-29T17:09:08.416707+00:00
4314,75,39,YES,sell,43.87,140.21,0.312892,905081,0x05bb1d071a65,2025-11-29T17:08:49.236635+00:00
4914,105,31,NO,sell,44.74,104.97,0.426217,997200,0x0962e20dbea3,2025-11-29T17:08:35.479651+00:00
6802,208,35,NO,sell,28.66,69.1,0.414746,927280,0x07e31f035b4c,2025-11-29T17:07:52.485951+00:00
13301,542,22,YES,buy,8.03,18.66,0.430341,685735,0x0e6fb003c956,2025-11-29T17:07:40.774606+00:00
9837,361,31,YES,sell,12.87,26.53,0.485138,336311,0x0431fb0e942f,2025-11-29T17:07:28.994549+00:00
11957,475,38,NO,buy,47.01,108.46,0.433434,977505,0x06582005b2b6,2025-11-29T17:07:15.904029+00:00
10577,400,17,YES,sell,12.28,19.72,0.622563,274879,0x0dae5b071900,2025-11-29T17:06:50.826167+00:00
9836,361,39,NO,sell,40.49,101.39,0.399367,380181,0x04cd69090e01,2025-11-29T17:06:21.994549+00:00
10954,421,43,NO,buy,1.21,3.39,0.357325,302853,0x0d7b55083901,2025-11-29T17:03:23.244640+00:00
11023,425,16,YES,buy,36.06,54.39,0.662968,367659,0x0abcf80c0c21,2025-11-29T17:02:25.506721+00:00
12053,479,18,NO,buy,24.98,61.16,0.408409,878114,0x07c8310a90b5,2025-11-29T17:01:10.229414+00:00
7029,218,38,YES,sell,42.74,100.75,0.424204,301533,0x0f126a08b3e6,2025-11-29T17:00:47.346890+00:00
10424,393,35,NO,sell,47.76,90.52,0.527593,867845,0x01d0a20efb0f,2025-11-29T16:58:52.246771+00:00
7800,259,20,YES,buy,44.5,66.73,0.666821,652618,0x0212a30303ad,2025-11-29T16:58:40.266883+00:00
4933,107,28,YES,sell,33.38,63.29,0.527391,268240,0x059478073694,2025-11-29T16:57:55.570755+00:00
11408,446,35,YES,buy,13.97,32.98,0.423575,288348,0x07002d03ebcf,2025-11-29T16:57:50.935996+00:00
6438,188,32,YES,sell,35.71,66.63,0.535955,30412,0x0762670bd418,2025-11-29T16:57:36.104362+00:00
4719,94,19,NO,buy,19.09,36.74,0.519554,738520,0x02603c018a14,2025-11-29T16:56:49.753751+00:00
9882,363,20,YES,sell,18.86,32.6,0.578443,8550,0x0aab1d0a5930,2025-11-29T16:56:34.174625+00:00
13077,532,31,YES,sell,19.81,50.43,0.392855,14845,0x0540be05c6b4,2025-11-29T16:56:14.992530+00:00
4564,87,39,YES,buy,26.76,57.02,0.46927,527883,0x0a2d9c020c00,2025-11-29T16:54:34.122574+00:00
9059,320,16,NO,sell,20.16,41.98,0.480237,80581,0x0b2478056e00,2025-11-29T16:53:17.996666+00:00
13076,532,29,NO,buy,31.38,77.61,0.404351,890533,0x070aee0ba88f,2025-11-29T16:53:06.992530+00:00
12002,477,15,YES,sell,22.97,40.26,0.570562,699117,0x08d4f70da5d8,2025-11-29T16:53:02.074147+00:00
8304,283,42,YES,buy,29.72,48.39,0.614162,829184,0x093c92049d3f,2025-11-29T16:51:42.089637+00:00
6303,181,42,YES,buy,5.36,16.65,0.321969,698678,0x040f420c1914,2025-11-29T16:50:27.634534+00:00
4913,105,23,NO,sell,14.86,22.83,0.650775,799557,0x0b55310ecc9f,2025-11-29T16:50:25.479651+00:00
7799,259,29,NO,buy,34.26,108.14,0.316817,998148,0x0d145f0af7a4,2025-11-29T16:49:38.266883+00:00
10199,381,33,NO,sell,13.39,24.71,0.541783,814222,0x0bb321066b0b,2025-11-29T16:47:13.415048+00:00
11956,475,32,NO,buy,4.52,9.69,0.466526,531531,0x04f719059040,2025-11-29T16:46:14.904029+00:00
10061,374,22,YES,sell,34.54,64.84,0.532732,252547,0x0f1cab02220c,2025-11-29T16:44:24.904247+00:00
4294,74,44,YES,buy,38.68,68.7,0.563041,679428,0x0734bd042ff2,2025-11-29T16:43:10.164634+00:00
7149,223,18,NO,buy,49.05,75.05,0.653561,713307,0x052c820911ff,2025-11-29T16:42:54.786787+00:00
13505,552,22,NO,sell,23.71,36.88,0.642845,399618,0x0ee15a0d606d,2025-11-29T16:42:48.492040+00:00
12052,479,22,NO,buy,35.68,113.04,0.315635,547006,0x06d73507a9b8,2025-11-29T16:42:31.229414+00:00
7234,227,27,NO,sell,33.68,77.39,0.435226,733684,0x0a81450ad099,2025-11-29T16:42:13.119583+00:00
9923,367,42,NO,sell,41.81,120.45,0.347128,903928,0x0dba0b037b18,2025-11-29T16:40:51.333060+00:00
7028,218,34,YES,buy,26.27,69.62,0.37735,200100,0x08e13c022bc1,2025-11-29T16:40:16.346890+00:00
4563,87,42,NO,sell,9.96,16.44,0.605705,418206,0x09b43a060298,2025-11-29T16:39:15.122574+00:00
12051,479,19,NO,sell,40.7,70.16,0.580111,288181,0x035a2b08ecd3,2025-11-29T16:39:03.229414+00:00
9236,328,18,YES,sell,5.84,15.09,0.387028,855320,0x0a9f3e0759df,2025-11-29T16:38:01.646004+00:00
11005,424,23,YES,buy,27.64,40.88,0.676176,323805,0x085f2d072d5e,2025-11-29T16:37:38.416707+00:00
12118,483,26,NO,buy,31.82,52.8,0.60265,562476,0x0e14f70e0c8e,2025-11-29T16:36:55.510667+00:00
10953,421,40,NO,sell,39.52,95.28,0.414779,728346,0x09458b0ccf03,2025-11-29T16:36:50.244640+00:00
10576,400,25,NO,buy,49.25,84.39,0.583587,731619,0x0520ee0292a9,2025-11-29T16:36:40.826167+00:00
9558,346,17,YES,buy,43.33,78.34,0.553086,717018,0x05e0250d75c0,2025-11-29T16:36:22.891893+00:00
9698,353,43,NO,buy,43.89,120.63,0.363852,327713,0x0aef0b0246ee,2025-11-29T16:34:46.473959+00:00
12899,523,23,YES,sell,26.85,62.12,0.432234,106231,0x0a5e3302b1e0,2025-11-29T16:32:58.367831+00:00
10845,413,22,NO,sell,43.98,124.44,0.353433,508848,0x09a89e0af4f4,2025-11-29T16:32:46.841463+00:00
8436,290,42,YES,buy,7.24,14.57,0.496794,628280,0x05952e075939,2025-11-29T16:31:59.580940+00:00
11204,435,31,YES,buy,27.19,51.34,0.529637,238318,0x0b321d03c2c8,2025-11-29T16:31:39.183084+00:00
13075,532,34,YES,sell,33.14,93.15,0.35576,964368,0x06b77206e835,2025-11-29T16:30:12.992530+00:00
9835,361,34,NO,buy,33.94,75.71,0.448263,653806,0x032b1d04e5bd,2025-11-29T16:28:56.994549+00:00
4932,107,28,NO,buy,28.0,41.98,0.666921,536456,0x09bd92033f7c,2025-11-29T16:28:45.570755+00:00
12408,497,41,YES,sell,6.74,17.33,0.388837,873875,0x0604f40e1cf3,2025-11-29T16:28:41.588206+00:00
8435,290,44,YES,buy,30.39,76.81,0.395662,968248,0x0d06be07e972,2025-11-29T16:25:21.580940+00:00
10423,393,34,NO,buy,30.51,93.42,0.326584,69958,0x0798230635e6,2025-11-29T16:25:15.246771+00:00
9725,354,35,NO,buy,32.73,104.71,0.312582,156866,0x0d33a902c2a0,2025-11-29T16:24:30.565450+00:00
11022,425,25,NO,sell,21.28,41.51,0.51259,350870,0x0d7e190c0f6b,2025-11-29T16:24:27.506721+00:00
4313,75,41,YES,sell,27.77,39.9,0.69591,871392,0x032a1f0d4d3c,2025-11-29T16:24:02.236635+00:00
13349,544,19,NO,sell,30.89,60.08,0.514172,886594,0x0c17c9037dae,2025-11-29T16:23:19.943036+00:00
11407,446,35,NO,sell,42.36,77.0,0.550128,510025,0x0c626e09343a,2025-11-29T16:23:03.935996+00:00
9881,363,27,YES,buy,40.98,130.37,0.314342,150763,0x08f900097380,2025-11-29T16:22:54.174625+00:00
13504,552,30,NO,sell,38.04,86.53,0.439622,217678,0x02d0e40c9403,2025-11-29T16:22:12.492040+00:00
10575,400,20,NO,buy,2.2,5.17,0.425629,92830,0x0d4d7906b019,2025-11-29T16:21:39.826167+00:00
9058,320,25,NO,sell,42.11,65.94,0.638605,513877,0x0af2fa080df3,2025-11-29T16:20:28.996666+00:00
9235,328,15,NO,buy,49.67,75.56,0.657338,405276,0x0a5e02095a60,2025-11-29T16:20:28.646004+00:00
12939,525,23,YES,buy,40.34,82.08,0.491465,877606,0x0a1877041435,2025-11-29T16:19:53.524019+00:00
11004,424,23,NO,sell,16.97,31.12,0.545304,575545,0x0a5a11029cff,2025-11-29T16:18:55.416707+00:00
10198,381,34,YES,sell,30.58,64.33,0.475396,718699,0x05a898051979,2025-11-29T16:18:41.415048+00:00
10422,393,23,NO,buy,29.32,48.59,0.603431,772129,0x091c080b0cb5,2025-11-29T16:17:44.246771+00:00
13545,554,40,YES,sell,46.23,132.29,0.349467,154531,0x019a4c04098c,2025-11-29T16:16:56.649077+00:00
6437,188,41,NO,buy,38.48,66.15,0.581674,487220,0x0f09cc039790,2025-11-29T16:16:50.104362+00:00
13348,544,17,NO,sell,8.23,15.17,0.542596,423293,0x0dfec60d35bf,2025-11-29T16:16:16.943036+00:00
11003,424,42,YES,buy,37.46,70.9,0.528382,429232,0x03ec140bf7b9,2025-11-29T16:15:07.416707+00:00
10844,413,34,NO,sell,43.73,98.87,0.442306,498627,0x0613780c0839,2025-11-29T16:14:53.841463+00:00
11955,475,17,YES,buy,32.5,106.56,0.304985,599797,0x070905078154,2025-11-29T16:14:07.904029+00:00
6801,208,32,NO,buy,27.9,48.55,0.574647,186272,0x02a3100b9450,2025-11-29T16:14:02.485951+00:00
6436,188,40,NO,sell,32.05,58.59,0.547054,297243,0x0209a80888ec,2025-11-29T16:13:41.104362+00:00
6302,181,42,YES,buy,11.5,35.89,0.320392,948992,0x08e5d20ea494,2025-11-29T16:13:23.634534+00:00
13300,542,21,YES,buy,8.25,14.86,0.555142,667884,0x0b24c309cd8a,2025-11-29T16:11:52.774606+00:00
10486,396,27,YES,buy,20.71,58.82,0.352091,760066,0x07fa29045ead,2025-11-29T16:11:42.487751+00:00
7148,223,44,NO,buy,12.54,25.91,0.484067,686520,0x03d622050c01,2025-11-29T16:10:24.786787+00:00
10060,374,39,YES,buy,29.17,43.3,0.673635,588413,0x024a8a0914a5,2025-11-29T16:10:21.904247+00:00
12117,483,31,NO,buy,2.48,3.87,0.640319,78837,0x05f0b908e361,2025-11-29T16:10:20.510667+00:00
7147,223,41,NO,sell,28.59,61.39,0.465728,877583,0x0a4e570b0680,2025-11-29T16:08:39.786787+00:00
9724,354,35,YES,sell,41.79,78.57,0.531849,505407,0x0817b303db3e,2025-11-29T16:08:31.565450+00:00
7798,259,40,YES,sell,28.3,41.11,0.688371,556780,0x0850760a5614,2025-11-29T16:05:57.266883+00:00
10574,400,20,NO,buy,36.71,85.22,0.430771,216785,0x099fad0d4b67,2025-11-29T16:05:26.826167+00:00
9234,328,27,YES,sell,10.31,15.74,0.655075,889164,0x0dd3e3038f23,2025-11-29T16:04:52.646004+00:00
6800,208,15,NO,buy,8.81,26.07,0.33788,997585,0x0ddf0e0a7c70,2025-11-29T16:04:21.485951+00:00
12407,497,43,NO,buy,39.89,96.8,0.412068,600143,0x098aad0cd1a9,2025-11-29T16:03:57.588206+00:00
6799,208,44,NO,buy,21.17,58.17,0.363908,477508,0x05150a070974,2025-11-29T16:03:00.485951+00:00
9834,361,17,YES,buy,6.74,15.85,0.42534,501472,0x0f3fbd06f2a4,2025-11-29T16:01:06.994549+00:00
7027,218,33,YES,buy,8.18,18.87,0.43341,877426,0x0b7a640d6ee9,2025-11-29T16:00:15.346890+00:00
13074,532,37,YES,sell,5.19,9.49,0.54703,587596,0x04837e0e2bd6,2025-11-29T16:00:06.992530+00:00
4562,87,34,YES,buy,42.55,94.88,0.448479,942748,0x069292096740,2025-11-29T15:59:52.122574+00:00
12050,479,42,YES,buy,14.71,40.88,0.359854,481442,0x0d31c90ad334,2025-11-29T15:59:49.229414+00:00
4293,74,44,NO,buy,39.75,89.56,0.443812,623665,0x0e85cb0a1dca,2025-11-29T15:59:27.164634+00:00
8303,283,27,YES,buy,40.93,80.85,0.50625,1339,0x06938a0d8361,2025-11-29T15:59:13.089637+00:00
10059,374,39,YES,buy,34.71,86.41,0.40167,613847,0x01cbb4028139,2025-11-29T15:58:56.904247+00:00
4718,94,24,NO,sell,49.52,92.89,0.533091,424831,0x0b4f4a09b152,2025-11-29T15:58:48.753751+00:00
12001,477,34,NO,buy,15.65,25.56,0.612308,360848,0x081dd909e625,2025-11-29T15:57:53.074147+00:00
13503,552,43,NO,sell,39.71,124.7,0.31845,414698,0x01baad08a969,2025-11-29T15:57:35.492040+00:00
13544,554,31,YES,buy,3.52,5.25,0.671045,531226,0x0bec4f0302c3,2025-11-29T15:57:21.649077+00:00
11406,446,33,YES,sell,18.93,41.24,0.459047,847270,0x08e70101d73c,2025-11-29T15:56:04.935996+00:00
11021,425,21,YES,buy,26.23,64.65,0.405708,383103,0x03fafd0e6036,2025-11-29T15:55:50.506721+00:00
9922,367,36,YES,sell,34.49,96.78,0.356382,985435,0x0576b6047f14,2025-11-29T15:54:47.333060+00:00
10421,393,44,NO,sell,13.84,36.98,0.374306,126532,0x0d4ab0033fdb,2025-11-29T15:54:05.246771+00:00
10420,393,40,YES,buy,41.19,62.31,0.661092,437508,0x04e7cb055eaf,2025-11-29T15:53:52.246771+00:00
4912,105,25,NO,buy,13.76,32.35,0.425308,915022,0x039262098364,2025-11-29T15:53:16.479651+00:00
4931,107,17,NO,sell,8.28,23.58,0.351116,261732,0x0655190efd90,2025-11-29T15:52:53.570755+00:00
11405,446,23,YES,sell,9.79,15.75,0.621402,2509,0x0f14ca0bf30f,2025-11-29T15:51:31.935996+00:00
7233,227,22,NO,sell,8.8,13.51,0.651263,969678,0x0df71405dbcd,2025-11-29T15:49:51.119583+00:00
6435,188,37,YES,buy,16.66,38.31,0.434904,951540,0x0d0997047492,2025-11-29T15:49:50.104362+00:00
11002,424,20,NO,buy,18.67,56.6,0.329887,336983,0x0745cc024882,2025-11-29T15:48:47.416707+00:00
9833,361,36,NO,sell,13.93,24.11,0.57765,827109,0x059f7a0a2320,2025-11-29T15:48:32.994549+00:00
10419,393,15,YES,sell,34.43,59.49,0.578794,18768,0x083f1009dbdd,2025-11-29T15:48:18.246771+00:00
4911,105,19,YES,buy,13.75,27.42,0.501499,139327,0x06f3e40903e6,2025-11-29T15:46:59.479651+00:00
4312,75,33,NO,buy,29.06,71.37,0.407156,385682,0x0a37300eb2ca,2025-11-29T15:46:52.236635+00:00
12049,479,25,YES,sell,6.34,9.71,0.653037,975349,0x02a54408d406,2025-11-29T15:46:42.229414+00:00
10952,421,44,NO,sell,2.26,3.94,0.57402,391234,0x090d8907660e,2025-11-29T15:46:18.244640+00:00
6301,181,24,YES,sell,40.54,124.05,0.326798,174164,0x0eafc505c06f,2025-11-29T15:43:49.634534+00:00
9557,346,20,NO,sell,5.12,9.05,0.565711,534188,0x052c3a047d49,2025-11-29T15:43:28.891893+00:00
12116,483,32,NO,sell,41.83,111.53,0.375051,547527,0x06b42f0e2f4a,2025-11-29T15:43:22.510667+00:00
7797,259,15,NO,buy,48.75,105.05,0.464079,383901,0x065e6a03a358,2025-11-29T15:43:03.266883+00:00
12938,525,29,YES,buy,47.65,109.16,0.436523,361920,0x02693a08bce0,2025-11-29T15:42:48.524019+00:00
7146,223,40,YES,sell,27.5,76.42,0.359833,930409,0x0dfd2903df6e,2025-11-29T15:42:27.786787+00:00
13347,544,40,YES,buy,3.65,7.27,0.501934,657990,0x0d948c054569,2025-11-29T15:42:11.943036+00:00
9697,353,35,YES,sell,27.68,52.27,0.529592,397782,0x01b4cc01bf08,2025-11-29T15:41:42.473959+00:00
10197,381,37,NO,sell,47.1,124.78,0.377471,277833,0x0259fc0ecd93,2025-11-29T15:41:17.415048+00:00
12115,483,42,NO,sell,20.68,61.53,0.336104,958301,0x01b267063c11,2025-11-29T15:40:42.510667+00:00
9880,363,33,YES,sell,1.24,1.92,0.646231,408022,0x0d9d6d05f63c,2025-11-29T15:40:41.174625+00:00
13299,542,40,NO,sell,7.83,11.54,0.678251,603572,0x0dae8a0e2d23,2025-11-29T15:40:36.774606+00:00
13502,552,25,YES,buy,21.94,44.73,0.490528,81517,0x03a98704c0b4,2025-11-29T15:39:35.492040+00:00
11203,435,24,YES,buy,46.63,91.63,0.508883,325557,0x038cae0a0551,2025-11-29T15:39:02.183084+00:00
10485,396,19,YES,buy,45.76,91.91,0.497888,387870,0x06ad660be17c,2025-11-29T15:36:20.487751+00:00
7145,223,27,YES,buy,33.2,59.62,0.556897,390577,0x0c6d9002e8bb,2025-11-29T15:36:00.786787+00:00
12898,523,32,YES,sell,36.83,97.8,0.376579,976229,0x0bdf70078f63,2025-11-29T15:35:23.367831+00:00
9723,354,27,NO,sell,14.17,27.15,0.521857,211523,0x0a7a95068537,2025-11-29T15:34:52.565450+00:00
7232,227,42,YES,sell,21.41,62.59,0.342091,388421,0x0916ef0e0ccb,2025-11-29T15:34:44.119583+00:00
11954,475,22,YES,buy,27.7,44.94,0.616383,233869,0x0e440101a504,2025-11-29T15:32:30.904029+00:00
11404,446,31,NO,sell,25.94,59.89,0.43311,983771,0x0265e008ab4e,2025-11-29T15:31:15.935996+00:00
11953,475,44,YES,buy,48.76,88.29,0.552266,639931,0x01b4fc03cf72,2025-11-29T15:30:54.904029+00:00
11020,425,20,YES,sell,27.17,44.74,0.607303,324683,0x01bc2104d7aa,2025-11-29T15:29:20.506721+00:00
9233,328,24,YES,sell,15.24,44.8,0.340171,42381,0x05db4a07273a,2025-11-29T15:28:38.646004+00:00
12114,483,31,YES,sell,34.96,111.03,0.314874,128693,0x0cd5c70a5945,2025-11-29T15:28:25.510667+00:00
8434,290,31,NO,sell,22.2,45.48,0.488178,668427,0x09385402e396,2025-11-29T15:27:26.580940+00:00
4561,87,21,YES,sell,8.64,25.21,0.342676,696650,0x02c81c0c56c0,2025-11-29T15:26:05.122574+00:00
13346,544,35,YES,buy,29.49,83.64,0.35258,436776,0x0c106904028c,2025-11-29T15:25:30.943036+00:00
10843,413,31,YES,sell,25.36,43.46,0.583471,567456,0x03acfa0c9305,2025-11-29T15:25:09.841463+00:00
4292,74,28,NO,buy,23.0,42.66,0.539174,561324,0x0ad77f07f052,2025-11-29T15:24:42.164634+00:00
9232,328,30,YES,buy,2.11,3.05,0.691989,891623,0x0b80fa070d3b,2025-11-29T15:24:34.646004+00:00
4930,107,22,YES,sell,26.84,48.02,0.55889,491963,0x02de91062d58,2025-11-29T15:22:52.570755+00:00
9057,320,15,NO,buy,29.39,50.79,0.578608,692381,0x071603080417,2025-11-29T15:21:48.996666+00:00
4910,105,34,YES,buy,13.43,24.51,0.547863,704869,0x065db107d74d,2025-11-29T15:21:30.479651+00:00
10573,400,15,YES,sell,22.74,66.57,0.341583,33773,0x06c0a303240f,2025-11-29T15:20:06.826167+00:00
9921,367,15,YES,sell,31.8,52.49,0.605884,250998,0x033d2d058a3f,2025-11-29T15:18:32.333060+00:00
13073,532,33,YES,buy,29.61,71.97,0.411425,282325,0x04895705e7cc,2025-11-29T15:18:05.992530+00:00
7231,227,33,YES,sell,24.91,37.81,0.65889,826789,0x040c9607710c,2025-11-29T15:17:46.119583+00:00
4311,75,15,YES,sell,2.6,6.67,0.389937,819665,0x06250404379b,2025-11-29T15:15:29.236635+00:00
13501,552,25,NO,buy,2.14,6.26,0.341813,429084,0x09bb1d01e195,2025-11-29T15:15:25.492040+00:00
11403,446,17,NO,sell,20.9,67.55,0.309403,210514,0x04ab1207a2ab,2025-11-29T15:15:12.935996+00:00
12406,497,41,YES,sell,35.07,56.62,0.619348,442620,0x0dae94031507,2025-11-29T15:14:21.588206+00:00
12000,477,22,NO,buy,46.51,105.39,0.441306,852962,0x0c7eba0e45fb,2025-11-29T15:14:13.074147+00:00
8302,283,22,YES,buy,19.27,30.2,0.638037,750860,0x082e7e0cf5d3,2025-11-29T15:13:54.089637+00:00
4717,94,29,YES,buy,34.39,80.61,0.426639,958564,0x0aa67a0e3c44,2025-11-29T15:12:15.753751+00:00
10196,381,38,YES,buy,26.47,41.08,0.644301,396762,0x0cf2770c9f61,2025-11-29T15:10:59.415048+00:00
11202,435,27,YES,sell,34.58,75.05,0.460775,897327,0x0d43ee05ced9,2025-11-29T15:10:38.183084+00:00
4560,87,36,YES,sell,37.12,94.23,0.393945,217823,0x05661605c5b9,2025-11-29T15:10:17.122574+00:00
9920,367,26,NO,buy,44.15,83.05,0.531581,453911,0x04418809c298,2025-11-29T15:10:12.333060+00:00
11201,435,35,YES,buy,2.29,3.75,0.610423,500864,0x07c4d902a789,2025-11-29T15:10:11.183084+00:00
9722,354,38,NO,buy,28.59,43.49,0.657376,238665,0x02ea78027e01,2025-11-29T15:10:06.565450+00:00
7144,223,30,NO,buy,5.83,8.41,0.692876,3608,0x049afb0cb8fb,2025-11-29T15:09:38.786787+00:00
6798,208,43,YES,sell,13.84,32.19,0.429905,239447,0x03b3720901c9,2025-11-29T15:08:56.485951+00:00
7026,218,20,YES,sell,49.54,112.63,0.439845,91346,0x052352083b07,2025-11-29T15:08:22.346890+00:00
9832,361,32,NO,sell,42.67,116.53,0.36617,247193,0x099fd5044861,2025-11-29T15:06:15.994549+00:00
12405,497,30,YES,sell,33.7,80.44,0.418927,141195,0x0c36ab0aa0cd,2025-11-29T15:05:26.588206+00:00
10484,396,40,NO,buy,39.8,114.67,0.347082,947462,0x096e680a3f91,2025-11-29T15:05:12.487751+00:00
11001,424,39,NO,buy,25.76,37.62,0.684709,819742,0x05476901a51e,2025-11-29T15:04:49.416707+00:00
11019,425,22,YES,buy,30.99,44.71,0.693132,276957,0x056b740316f6,2025-11-29T15:03:55.506721+00:00
6300,181,25,NO,buy,11.34,19.7,0.575554,620682,0x09c5a70c3dd8,2025-11-29T15:03:02.634534+00:00
9831,361,23,YES,buy,22.71,37.8,0.600766,497474,0x0caf010daeba,2025-11-29T15:02:21.994549+00:00
12897,523,30,NO,buy,40.45,67.03,0.603481,74426,0x0ac2b00f22b2,2025-11-29T15:02:11.367831+00:00
10058,374,23,NO,sell,12.17,20.1,0.605529,285651,0x0e0c0a0587b1,2025-11-29T15:01:51.904247+00:00
9231,328,28,NO,sell,36.06,55.59,0.648681,410723,0x0dab8a083d2e,2025-11-29T15:00:13.646004+00:00
9919,367,16,YES,sell,13.14,18.94,0.69368,593220,0x0ab40f0acfbc,2025-11-29T14:59:27.333060+00:00
12048,479,29,NO,sell,23.97,37.26,0.64326,178177,0x094ea9050985,2025-11-29T14:58:38.229414+00:00
13543,554,37,NO,sell,28.07,44.76,0.62712,909552,0x0d81d505d43b,2025-11-29T14:57:29.649077+00:00
9696,353,35,NO,buy,20.78,40.67,0.510961,531040,0x0c7ed3044ec8,2025-11-29T14:57:15.473959+00:00
4909,105,23,YES,buy,28.29,88.17,0.320845,953344,0x054889090f90,2025-11-29T14:57:09.479651+00:00
11952,475,32,YES,sell,26.31,63.08,0.417088,706723,0x050dc00559c1,2025-11-29T14:57:07.904029+00:00
11200,435,26,YES,buy,13.66,24.96,0.547382,91858,0x02f45a0c3119,2025-11-29T14:56:30.183084+00:00
13072,532,29,YES,sell,44.93,80.58,0.557599,353996,0x01dff1023c36,2025-11-29T14:55:02.992530+00:00
7230,227,17,NO,buy,49.87,71.99,0.692735,854618,0x07fe920775f0,2025-11-29T14:54:55.119583+00:00
12937,525,43,YES,sell,41.87,60.59,0.691063,682647,0x0842da029be9,2025-11-29T14:54:41.524019+00:00
6434,188,29,NO,sell,43.72,135.02,0.323808,797442,0x040d6b083572,2025-11-29T14:54:13.104362+00:00
13500,552,35,NO,sell,37.24,53.21,0.699931,205105,0x0e288c096358,2025-11-29T14:54:07.492040+00:00
13071,532,28,YES,buy,5.44,8.58,0.633792,457550,0x0bcf3f0899fc,2025-11-29T14:53:46.992530+00:00
13345,544,16,YES,buy,18.18,28.09,0.647189,385395,0x0bc48401d925,2025-11-29T14:52:42.943036+00:00
9556,346,23,NO,sell,14.86,24.59,0.604432,637421,0x0bd2f1099b6a,2025-11-29T14:51:29.891893+00:00
10418,393,39,YES,sell,26.13,38.43,0.680008,763727,0x0222c5067dda,2025-11-29T14:49:47.246771+00:00
9056,320,22,NO,sell,25.66,36.93,0.694771,441954,0x0787ff074fba,2025-11-29T14:48:40.996666+00:00
13298,542,41,YES,buy,6.13,9.67,0.634001,937142,0x085ab9032523,2025-11-29T14:48:29.774606+00:00
7796,259,33,YES,sell,9.17,20.84,0.440025,556123,0x06808e03d10f,2025-11-29T14:48:08.266883+00:00
9830,361,33,YES,buy,1.49,2.31,0.644352,244694,0x0e7b9a07fb6c,2025-11-29T14:47:42.994549+00:00
10951,421,21,YES,buy,11.27,21.16,0.532523,580766,0x04321a079345,2025-11-29T14:47:30.244640+00:00
12404,497,24,YES,sell,6.61,11.04,0.598678,150920,0x0d294805c40f,2025-11-29T14:44:57.588206+00:00
11999,477,18,NO,buy,19.77,28.78,0.687021,501525,0x0ab41209f0ea,2025-11-29T14:44:10.074147+00:00
9879,363,32,YES,buy,11.55,24.09,0.479513,32351,0x0209a6045a16,2025-11-29T14:42:28.174625+00:00
13542,554,37,NO,sell,18.09,52.08,0.347381,940777,0x079ebb0f3162,2025-11-29T14:42:25.649077+00:00
6433,188,25,NO,buy,34.45,49.26,0.699284,142802,0x02d9550c3216,2025-11-29T14:41:37.104362+00:00
12896,523,16,NO,buy,38.49,67.16,0.573117,757097,0x0d3cd70c180f,2025-11-29T14:41:00.367831+00:00
10572,400,41,NO,buy,48.69,144.46,0.337058,716627,0x0d3f460e5c84,2025-11-29T14:40:36.826167+00:00
7795,259,32,NO,sell,27.05,44.2,0.611949,112813,0x06f9e50573d1,2025-11-29T14:40:02.266883+00:00
10195,381,43,YES,sell,4.75,8.38,0.567093,934665,0x08e3de0f1488,2025-11-29T14:39:17.415048+00:00
12047,479,23,NO,buy,31.16,74.31,0.419347,67693,0x04338f03049c,2025-11-29T14:39:02.229414+00:00
11199,435,44,YES,sell,21.57,36.68,0.58804,259729,0x0b45580524a4,2025-11-29T14:37:27.183084+00:00
4310,75,30,NO,sell,21.37,33.6,0.635957,87686,0x0958560433b1,2025-11-29T14:36:44.236635+00:00
4929,107,26,YES,sell,31.9,94.61,0.337179,487041,0x09bd4506fe69,2025-11-29T14:36:32.570755+00:00
11198,435,25,NO,buy,15.72,23.36,0.67282,798683,0x0d894701c6ee,2025-11-29T14:35:50.183084+00:00
9721,354,19,YES,sell,7.75,17.48,0.443261,681718,0x059270084c13,2025-11-29T14:35:44.565450+00:00
4291,74,17,NO,sell,7.82,18.57,0.421133,162630,0x05919b0c1082,2025-11-29T14:35:43.164634+00:00
10842,413,43,YES,sell,47.08,93.69,0.502485,950126,0x04c11b0edd94,2025-11-29T14:35:18.841463+00:00
9918,367,32,NO,sell,9.31,14.11,0.659584,967466,0x0a683c05b5a9,2025-11-29T14:35:12.333060+00:00
9230,328,19,YES,buy,11.98,20.32,0.589597,454756,0x05ae6c0d7280,2025-11-29T14:34:50.646004+00:00
6797,208,24,YES,buy,48.09,105.36,0.456433,364489,0x0210940a051a,2025-11-29T14:34:35.485951+00:00
11402,446,21,NO,sell,29.76,63.86,0.466012,783235,0x0d9b4c065a5d,2025-11-29T14:32:44.935996+00:00
4716,94,19,YES,buy,33.38,69.37,0.48119,646474,0x06309f07c3fe,2025-11-29T14:32:38.753751+00:00
8301,283,31,YES,buy,3.08,4.88,0.631419,547448,0x037ce3068c2d,2025-11-29T14:32:38.089637+00:00
13499,552,17,YES,sell,25.03,38.48,0.650419,524493,0x0a589407c1e7,2025-11-29T14:32:19.492040+00:00
13498,552,42,NO,sell,17.53,27.12,0.646356,409797,0x0a00a50b4d99,2025-11-29T14:31:25.492040+00:00
9555,346,20,NO,sell,48.21,141.85,0.339856,966350,0x09af280596ec,2025-11-29T14:31:21.891893+00:00
12113,483,42,NO,sell,30.85,57.12,0.540123,872498,0x061c690c10bf,2025-11-29T14:30:50.510667+00:00
13497,552,22,NO,sell,15.68,40.82,0.384119,952072,0x058b51034f54,2025-11-29T14:30:01.492040+00:00
10483,396,36,NO,sell,29.53,93.49,0.315867,633950,0x035b83035166,2025-11-29T14:29:04.487751+00:00
9878,363,36,YES,sell,4.16,9.07,0.458783,164683,0x0bb8bb043e86,2025-11-29T14:29:00.174625+00:00
8433,290,35,YES,sell,2.55,4.22,0.604211,424087,0x01fd610d2523,2025-11-29T14:28:31.580940+00:00
9554,346,43,YES,buy,35.33,101.33,0.348656,495728,0x08dce907f538,2025-11-29T14:27:14.891893+00:00
13070,532,16,YES,buy,31.87,101.88,0.312824,249845,0x05783c090b04,2025-11-29T14:26:36.992530+00:00
6432,188,16,YES,buy,32.06,69.33,0.462449,965036,0x0b762b077608,2025-11-29T14:25:30.104362+00:00
10057,374,21,NO,buy,17.08,27.72,0.616269,331924,0x053d0a036d5d,2025-11-29T14:25:10.904247+00:00
7025,218,36,NO,sell,5.75,17.93,0.320732,206992,0x095e730975b3,2025-11-29T14:24:21.346890+00:00
12046,479,16,NO,sell,27.77,75.13,0.369627,985324,0x0ca1d40490c2,2025-11-29T14:23:38.229414+00:00
11000,424,19,YES,sell,16.38,31.62,0.51809,612326,0x0e695709d644,2025-11-29T14:23:32.416707+00:00
12045,479,18,YES,sell,38.52,56.88,0.677241,978032,0x0e8d0303c865,2025-11-29T14:22:31.229414+00:00
10194,381,25,NO,buy,9.73,19.09,0.509796,201228,0x032d4d0c2b2a,2025-11-29T14:22:19.415048+00:00
12936,525,18,NO,sell,18.66,27.01,0.690922,821579,0x02e5f209f065,2025-11-29T14:19:42.524019+00:00
4559,87,17,YES,sell,16.38,42.28,0.387426,192663,0x0ab48d05d4c2,2025-11-29T14:19:11.122574+00:00
11951,475,22,YES,sell,11.74,21.37,0.549401,380234,0x0a68f3034fd1,2025-11-29T14:18:15.904029+00:00
9055,320,42,NO,sell,48.95,102.59,0.47715,679290,0x01ce1b04b720,2025-11-29T14:18:13.996666+00:00
4908,105,19,NO,sell,34.66,59.21,0.585334,772861,0x0cdc72084c6c,2025-11-29T14:16:13.479651+00:00
7143,223,15,NO,sell,36.11,59.91,0.602698,441391,0x042d8508dfb2,2025-11-29T14:12:13.786787+00:00
13344,544,38,NO,buy,10.58,21.36,0.49538,155303,0x06c2d6076666,2025-11-29T14:11:37.943036+00:00
10417,393,36,NO,sell,47.07,94.89,0.496028,456686,0x0856bf02c8ac,2025-11-29T14:11:29.246771+00:00
6299,181,24,YES,sell,24.51,60.3,0.40647,183657,0x0542370ed20f,2025-11-29T14:10:51.634534+00:00
11018,425,28,NO,buy,12.49,26.02,0.480007,115365,0x0ba4f10a5c7f,2025-11-29T14:10:19.506721+00:00
10841,413,19,YES,buy,39.91,70.25,0.568105,767023,0x0e56b405a46e,2025-11-29T14:09:06.841463+00:00
10482,396,28,YES,sell,49.26,82.73,0.595459,495581,0x0b781a0c284c,2025-11-29T14:07:55.487751+00:00
9829,361,18,NO,sell,43.33,64.39,0.672881,79940,0x046c9d07550c,2025-11-29T14:06:39.994549+00:00
12403,497,34,YES,buy,25.24,67.01,0.376663,890989,0x0e863b0512a7,2025-11-29T14:06:19.588206+00:00
9917,367,27,NO,sell,14.61,31.52,0.463517,273329,0x0932b2078ad1,2025-11-29T14:03:24.333060+00:00
13343,544,36,NO,sell,43.53,73.09,0.595607,267497,0x0ae1270c2231,2025-11-29T14:03:20.943036+00:00
9695,353,31,NO,buy,6.11,11.63,0.525377,919828,0x0c16eb0b87fa,2025-11-29T14:02:45.473959+00:00
13496,552,42,YES,sell,7.98,13.26,0.601976,164890,0x0ae23d0ded62,2025-11-29T14:01:55.492040+00:00
7229,227,33,NO,buy,31.47,49.78,0.632151,876392,0x0739aa08008b,2025-11-29T14:01:54.119583+00:00
12044,479,21,YES,sell,36.71,65.79,0.558012,667549,0x0b4af306864c,2025-11-29T14:01:49.229414+00:00
11017,425,35,YES,buy,4.95,15.01,0.329708,52571,0x0ba4b60ad1f0,2025-11-29T14:01:14.506721+00:00
10571,400,18,YES,sell,7.43,13.31,0.558283,833525,0x0e7cba0cfde5,2025-11-29T14:00:08.826167+00:00
10481,396,22,YES,buy,38.43,114.96,0.334285,223503,0x066600053e1f,2025-11-29T14:00:08.487751+00:00
10950,421,17,NO,sell,30.45,60.36,0.504481,632472,0x0cad5905dfad,2025-11-29T13:58:51.244640+00:00
6431,188,27,YES,buy,7.97,12.81,0.622177,716104,0x0ccadc08a61a,2025-11-29T13:58:47.104362+00:00
10193,381,35,YES,buy,27.21,57.12,0.47635,647804,0x0759740c0152,2025-11-29T13:58:23.415048+00:00
13069,532,35,YES,sell,3.29,7.2,0.457125,518421,0x019e0104d4a2,2025-11-29T13:58:15.992530+00:00
13297,542,39,YES,buy,43.95,70.66,0.622012,152927,0x0ea66304d937,2025-11-29T13:58:03.774606+00:00
9694,353,34,YES,sell,23.74,74.15,0.32015,380518,0x0c864e08fe47,2025-11-29T13:55:49.473959+00:00
4558,87,32,YES,sell,13.16,39.03,0.337204,861959,0x0c4e170d81a9,2025-11-29T13:55:41.122574+00:00
9229,328,31,NO,sell,30.34,47.49,0.638894,904851,0x07bf1e01990e,2025-11-29T13:55:10.646004+00:00
10056,374,28,YES,buy,31.59,51.54,0.612903,621620,0x071b380dddde,2025-11-29T13:54:00.904247+00:00
9720,354,20,NO,buy,28.3,49.79,0.568368,249089,0x09ef8a050623,2025-11-29T13:53:31.565450+00:00
11998,477,28,YES,buy,4.64,9.25,0.501445,942408,0x08c9840a644f,2025-11-29T13:52:33.074147+00:00
4309,75,16,NO,buy,24.75,65.47,0.378051,530990,0x07ab420a82dd,2025-11-29T13:52:00.236635+00:00
13541,554,38,NO,sell,27.19,43.63,0.62325,339019,0x0d375a09cf8c,2025-11-29T13:51:49.649077+00:00
7024,218,30,NO,buy,35.83,83.87,0.427195,204603,0x02afc20c0841,2025-11-29T13:51:17.346890+00:00
9054,320,32,YES,buy,8.74,14.49,0.603341,448661,0x0ac5750b6927,2025-11-29T13:51:01.996666+00:00
12895,523,43,YES,sell,37.51,89.21,0.42047,648671,0x09180f0b5a04,2025-11-29T13:50:06.367831+00:00
10570,400,18,NO,sell,24.0,58.73,0.408631,190903,0x05e68703e47b,2025-11-29T13:50:04.826167+00:00
13296,542,34,NO,sell,11.37,20.94,0.543067,111012,0x0de5130e9351,2025-11-29T13:49:27.774606+00:00
9693,353,16,YES,buy,10.31,16.06,0.641778,31977,0x0a8dc008e466,2025-11-29T13:49:17.473959+00:00
10840,413,22,NO,buy,14.54,35.77,0.406454,757240,0x048046086f94,2025-11-29T13:49:01.841463+00:00
12112,483,31,YES,sell,48.78,134.09,0.363785,612552,0x0ee0df0cf330,2025-11-29T13:48:52.510667+00:00
4290,74,36,YES,sell,47.21,122.99,0.383859,872662,0x0e49f1062fea,2025-11-29T13:48:16.164634+00:00
9877,363,33,NO,buy,5.75,18.14,0.317009,483013,0x0ebc4002a311,2025-11-29T13:47:45.174625+00:00
10999,424,29,YES,buy,34.65,65.23,0.531163,874274,0x0b24d905316f,2025-11-29T13:47:10.416707+00:00
9876,363,26,YES,sell,9.21,20.09,0.458497,108921,0x0a60ac0a96b7,2025-11-29T13:46:56.174625+00:00
13068,532,31,YES,buy,10.51,24.47,0.429586,994228,0x0647890bd9cd,2025-11-29T13:44:53.992530+00:00
12402,497,15,NO,buy,43.31,63.11,0.686252,862227,0x0c248e079ccf,2025-11-29T13:44:50.588206+00:00
10480,396,30,YES,sell,7.98,11.69,0.682489,761192,0x076f6f0aa503,2025-11-29T13:44:43.487751+00:00
4907,105,22,NO,buy,19.11,33.31,0.573707,11821,0x08db4302e5cf,2025-11-29T13:44:03.479651+00:00
8300,283,39,YES,sell,35.24,50.95,0.691614,429631,0x0a588a0e24f0,2025-11-29T13:44:00.089637+00:00
7794,259,22,NO,buy,2.62,5.78,0.453016,557859,0x05c3a8059639,2025-11-29T13:43:21.266883+00:00
7142,223,23,YES,sell,8.8,15.75,0.558681,935805,0x050adb04380b,2025-11-29T13:42:45.786787+00:00
10998,424,40,YES,sell,15.27,26.24,0.581973,119566,0x0990d30be55a,2025-11-29T13:42:39.416707+00:00
6796,208,19,YES,buy,46.11,82.19,0.561047,626437,0x09bd4208ac77,2025-11-29T13:42:04.485951+00:00
11197,435,24,NO,sell,28.79,56.12,0.51301,154809,0x0af1f10645cb,2025-11-29T13:41:18.183084+00:00
4928,107,43,NO,sell,14.16,26.22,0.540136,444061,0x02f82c0da135,2025-11-29T13:41:01.570755+00:00
8299,283,38,YES,buy,21.88,58.42,0.374505,355449,0x0360e90e8695,2025-11-29T13:40:49.089637+00:00
9553,346,30,NO,buy,41.11,64.92,0.633261,42806,0x0326760b8a14,2025-11-29T13:39:55.891893+00:00
10997,424,17,YES,sell,41.29,107.68,0.383467,824418,0x0351440bf042,2025-11-29T13:38:09.416707+00:00
6298,181,32,NO,buy,21.13,46.66,0.452802,227789,0x031e7d03e6a2,2025-11-29T13:37:35.634534+00:00
4715,94,17,YES,sell,17.04,30.54,0.557996,229182,0x02827402f972,2025-11-29T13:36:42.753751+00:00
10569,400,21,NO,buy,15.54,45.51,0.341435,451704,0x0837200402dd,2025-11-29T13:36:25.826167+00:00
9053,320,19,YES,buy,2.42,3.76,0.643167,747540,0x051a0f0bab06,2025-11-29T13:36:12.996666+00:00
8432,290,30,YES,sell,2.12,3.4,0.623425,795192,0x0707650c398b,2025-11-29T13:35:54.580940+00:00
4289,74,27,NO,sell,18.89,28.08,0.672827,573133,0x04b9010b0063,2025-11-29T13:35:50.164634+00:00
11401,446,23,NO,sell,18.85,43.73,0.431065,260338,0x0e6e54047561,2025-11-29T13:33:54.935996+00:00
10192,381,16,NO,sell,32.79,51.15,0.6411,620224,0x09e317033271,2025-11-29T13:31:20.415048+00:00
13067,532,16,NO,buy,40.48,73.57,0.550198,701750,0x07e6c4055e77,2025-11-29T13:30:36.992530+00:00
12935,525,29,YES,buy,29.96,79.08,0.378843,446950,0x0ddc2908155e,2025-11-29T13:30:27.524019+00:00
7023,218,30,YES,sell,42.63,140.84,0.302691,986007,0x057e0f0e4098,2025-11-29T13:30:09.346890+00:00
11400,446,22,NO,buy,46.98,95.3,0.49299,956555,0x0cd56e05a253,2025-11-29T13:27:44.935996+00:00
11950,475,38,NO,buy,39.72,63.54,0.625162,773578,0x0cfbaa048bb5,2025-11-29T13:27:35.904029+00:00
12894,523,22,NO,buy,17.63,32.74,0.538459,491282,0x0e97320412ad,2025-11-29T13:27:02.367831+00:00
4906,105,21,NO,buy,21.5,46.4,0.46341,305289,0x03dc6801fc7a,2025-11-29T13:26:01.479651+00:00
10839,413,38,YES,buy,5.3,13.3,0.398594,482079,0x0d78b6028223,2025-11-29T13:25:40.841463+00:00
12401,497,21,NO,buy,42.8,129.85,0.329613,105083,0x03d6dd02fd73,2025-11-29T13:25:40.588206+00:00
6430,188,34,YES,buy,5.89,17.67,0.333334,817745,0x0320b408edd7,2025-11-29T13:23:59.104362+00:00
9828,361,39,YES,sell,30.93,55.88,0.553467,277790,0x09048f083c43,2025-11-29T13:22:26.994549+00:00
9875,363,32,NO,buy,2.18,5.63,0.387458,123000,0x0f3d0a05b699,2025-11-29T13:20:46.174625+00:00
4557,87,17,NO,buy,34.17,87.17,0.391972,371248,0x0693db081feb,2025-11-29T13:20:16.122574+00:00
7793,259,43,NO,sell,39.15,72.57,0.539514,531420,0x02f8ac03b5e4,2025-11-29T13:19:44.266883+00:00
9719,354,16,NO,buy,5.85,8.41,0.695623,239723,0x05aeb303317b,2025-11-29T13:18:05.565450+00:00
10416,393,19,YES,buy,6.14,9.37,0.655508,997808,0x0e059f0c307f,2025-11-29T13:18:03.246771+00:00
10949,421,40,NO,sell,45.01,103.19,0.436195,774625,0x0a8ce9067236,2025-11-29T13:17:57.244640+00:00
10568,400,40,NO,buy,42.53,108.0,0.393799,774799,0x0c312301992e,2025-11-29T13:17:54.826167+00:00
7228,227,22,NO,sell,32.2,65.79,0.489421,291170,0x0ea9360567ea,2025-11-29T13:16:33.119583+00:00
9874,363,42,YES,sell,42.94,84.14,0.510353,916288,0x0a592f02ff04,2025-11-29T13:15:11.174625+00:00
11016,425,23,NO,buy,45.55,74.95,0.607716,264364,0x06762a0485c5,2025-11-29T13:14:57.506721+00:00
4288,74,27,NO,sell,37.01,66.91,0.553161,255200,0x0abd6d0e0997,2025-11-29T13:13:26.164634+00:00
9692,353,28,NO,buy,21.25,68.2,0.311577,203933,0x04cef4094b5c,2025-11-29T13:12:57.473959+00:00
9228,328,33,YES,sell,39.09,121.92,0.32063,281469,0x0e9e290e772a,2025-11-29T13:12:33.646004+00:00
8298,283,15,NO,buy,11.38,24.69,0.460944,482879,0x08962c05f1f5,2025-11-29T13:11:17.089637+00:00
13540,554,31,NO,sell,44.45,92.27,0.481723,722593,0x04c35a08f7e8,2025-11-29T13:10:56.649077+00:00
4927,107,34,YES,sell,33.61,53.11,0.632821,514406,0x09ba7304b94c,2025-11-29T13:10:27.570755+00:00
9827,361,26,YES,sell,5.53,12.6,0.43902,457344,0x0a75c60b4485,2025-11-29T13:10:07.994549+00:00
10055,374,37,NO,buy,7.43,16.13,0.460607,658807,0x01e52c0c1da7,2025-11-29T13:09:50.904247+00:00
4308,75,35,YES,buy,24.99,70.17,0.356119,473908,0x068f250eff65,2025-11-29T13:09:33.236635+00:00
4714,94,30,YES,sell,16.94,49.96,0.339062,323998,0x08a63b04583b,2025-11-29T13:08:50.753751+00:00
7022,218,22,YES,sell,31.17,67.23,0.463616,600650,0x09f1e8086a6a,2025-11-29T13:07:15.346890+00:00
13342,544,27,NO,buy,29.46,93.85,0.313921,966684,0x08c33903c636,2025-11-29T13:07:11.943036+00:00
13066,532,39,NO,buy,38.59,127.57,0.302495,285257,0x0a005706fbc4,2025-11-29T13:06:50.992530+00:00
12043,479,21,YES,buy,43.49,108.42,0.401115,701131,0x02f8e7059ffa,2025-11-29T13:06:10.229414+00:00
9052,320,32,NO,buy,21.08,36.21,0.582189,44608,0x0968d10a159b,2025-11-29T13:06:07.996666+00:00
9916,367,33,NO,sell,22.27,64.81,0.343635,820400,0x0e8557028019,2025-11-29T13:05:51.333060+00:00
13495,552,24,YES,buy,13.46,22.76,0.591438,619724,0x0ae4dd027198,2025-11-29T13:04:55.492040+00:00
9826,361,25,NO,buy,14.96,49.42,0.302705,207879,0x0536a4027724,2025-11-29T13:04:15.994549+00:00
4556,87,39,NO,sell,34.4,52.23,0.65861,122916,0x01f6a7093cc6,2025-11-29T13:02:30.122574+00:00
11949,475,38,YES,buy,1.28,2.86,0.44748,840670,0x02d06c0ee5fc,2025-11-29T13:02:23.904029+00:00
4287,74,42,YES,sell,16.71,24.61,0.678912,330445,0x04bd500930a6,2025-11-29T13:01:09.164634+00:00
13341,544,42,YES,buy,12.61,32.97,0.382523,249143,0x0efe070c4f25,2025-11-29T12:59:31.943036+00:00
9718,354,33,YES,sell,8.94,12.9,0.69307,646809,0x083f0a0914ab,2025-11-29T12:59:24.565450+00:00
9051,320,15,YES,sell,5.26,9.48,0.554847,402459,0x020455082abe,2025-11-29T12:58:43.996666+00:00
12111,483,42,NO,sell,38.75,56.39,0.687226,791696,0x0338b803a9f5,2025-11-29T12:58:28.510667+00:00
13295,542,43,YES,buy,46.62,95.4,0.488695,287791,0x0c787d058f04,2025-11-29T12:58:26.774606+00:00
9873,363,17,NO,buy,22.94,38.2,0.600478,738411,0x0675e9045e9f,2025-11-29T12:58:20.174625+00:00
10191,381,24,NO,buy,17.12,28.63,0.598076,206338,0x04eb020dc4ae,2025-11-29T12:58:15.415048+00:00
10838,413,35,YES,sell,43.31,64.29,0.673696,467890,0x07d2b50e7bc7,2025-11-29T12:57:02.841463+00:00
6297,181,17,YES,sell,29.93,52.14,0.574062,401788,0x0e8b650828ba,2025-11-29T12:56:16.634534+00:00
11399,446,16,NO,buy,10.35,24.35,0.424978,95247,0x0345070bab74,2025-11-29T12:55:14.935996+00:00
11997,477,43,YES,sell,25.51,42.38,0.601912,383716,0x0c27ad0b8ffe,2025-11-29T12:53:26.074147+00:00
12400,497,38,NO,sell,4.59,8.35,0.54985,713771,0x0c32a10881e1,2025-11-29T12:52:57.588206+00:00
7227,227,28,YES,sell,9.52,29.58,0.321804,997939,0x0e7d5e0adbff,2025-11-29T12:52:03.119583+00:00
10996,424,30,YES,sell,37.16,65.25,0.569524,388273,0x087dd60b16f4,2025-11-29T12:49:38.416707+00:00
11196,435,20,NO,buy,41.72,99.25,0.420357,288341,0x05455901dc45,2025-11-29T12:49:15.183084+00:00
10948,421,15,YES,buy,30.72,61.59,0.498791,42930,0x0bb84b0d99ef,2025-11-29T12:49:07.244640+00:00
9872,363,29,NO,sell,1.36,4.21,0.322905,113080,0x0c80a304ed12,2025-11-29T12:49:06.174625+00:00
12893,523,32,YES,sell,16.59,35.77,0.463817,367311,0x0233310a950c,2025-11-29T12:48:57.367831+00:00
9227,328,28,NO,buy,25.78,71.69,0.359613,763556,0x0c7e1c0d1c7c,2025-11-29T12:48:43.646004+00:00
10479,396,16,NO,buy,7.28,21.53,0.33806,827551,0x03d4960f050a,2025-11-29T12:47:47.487751+00:00
7141,223,31,YES,sell,39.55,77.85,0.508,540285,0x07de680caacc,2025-11-29T12:47:34.786787+00:00
8431,290,23,NO,buy,44.58,93.09,0.478875,283687,0x0c02bc077714,2025-11-29T12:47:33.580940+00:00
7140,223,31,NO,sell,49.68,86.45,0.574694,212253,0x0d12700411c0,2025-11-29T12:47:09.786787+00:00
9717,354,19,NO,sell,28.55,60.9,0.468764,640770,0x08cbea045179,2025-11-29T12:47:03.565450+00:00
10995,424,21,YES,buy,28.03,65.69,0.426733,616783,0x0adddd06c29f,2025-11-29T12:46:38.416707+00:00
6795,208,37,YES,buy,3.87,10.9,0.355179,17810,0x0bd44b0d0fe9,2025-11-29T12:46:36.485951+00:00
12110,483,38,YES,sell,9.27,18.39,0.503981,76626,0x0e0c200c9846,2025-11-29T12:46:17.510667+00:00
4555,87,40,NO,sell,35.02,51.02,0.686422,808369,0x0a895d094392,2025-11-29T12:45:44.122574+00:00
4905,105,42,NO,sell,37.58,82.99,0.452829,217642,0x086d430f3a2f,2025-11-29T12:44:54.479651+00:00
9552,346,29,YES,sell,13.58,24.57,0.552781,505393,0x0c775105eb11,2025-11-29T12:44:53.891893+00:00
9551,346,18,NO,sell,30.48,72.0,0.42331,986748,0x03447806efe2,2025-11-29T12:43:15.891893+00:00
10415,393,16,YES,sell,7.59,21.84,0.347467,227000,0x03bd8701d27c,2025-11-29T12:42:58.246771+00:00
7792,259,22,YES,sell,30.99,55.17,0.561746,459905,0x0493da06fb75,2025-11-29T12:42:52.266883+00:00
13539,554,32,YES,sell,26.4,48.22,0.547498,384687,0x0a798f0bd9c1,2025-11-29T12:42:37.649077+00:00
7139,223,24,NO,sell,18.77,42.07,0.44612,324761,0x0358400c06da,2025-11-29T12:42:26.786787+00:00
7021,218,16,NO,sell,27.16,41.67,0.651739,691887,0x02e380091b8c,2025-11-29T12:42:13.346890+00:00
8297,283,31,YES,buy,17.18,40.51,0.424137,401305,0x0b79eb062d7c,2025-11-29T12:41:58.089637+00:00
8296,283,41,YES,sell,20.05,31.88,0.629018,67582,0x0998a908c17f,2025-11-29T12:41:28.089637+00:00
8430,290,30,NO,buy,26.4,37.8,0.698338,448863,0x0ee0d801df9f,2025-11-29T12:41:26.580940+00:00
10054,374,26,YES,sell,3.54,8.08,0.438307,283523,0x0691f60dd3cd,2025-11-29T12:41:10.904247+00:00
10053,374,39,YES,sell,33.96,62.04,0.547375,333704,0x0992df0d4a27,2025-11-29T12:39:45.904247+00:00
10567,400,27,YES,buy,7.76,17.19,0.451296,744692,0x066d6c0aadf3,2025-11-29T12:38:36.826167+00:00
6429,188,43,NO,buy,3.08,5.58,0.551578,29894,0x067a3a0d373e,2025-11-29T12:38:21.104362+00:00
4554,87,23,YES,sell,25.81,49.31,0.523452,357480,0x09939b063be1,2025-11-29T12:37:35.122574+00:00
4553,87,26,NO,sell,12.09,17.64,0.685223,603833,0x08cd5107fd3b,2025-11-29T12:37:06.122574+00:00
6794,208,34,NO,sell,29.52,50.75,0.581621,464068,0x07ff23086fdc,2025-11-29T12:36:19.485951+00:00
4307,75,26,YES,sell,21.49,60.51,0.355147,195776,0x07aa4d084b64,2025-11-29T12:36:10.236635+00:00
13538,554,23,YES,sell,5.05,7.63,0.661468,247152,0x0a67b807f3f1,2025-11-29T12:35:41.649077+00:00
10947,421,39,YES,sell,16.0,42.87,0.373215,305318,0x099e440f16d5,2025-11-29T12:35:35.244640+00:00
12399,497,28,YES,sell,14.09,39.48,0.356848,296335,0x04e5f4089ccc,2025-11-29T12:33:08.588206+00:00
10994,424,17,YES,sell,33.14,49.91,0.663975,629827,0x07f5530a8cce,2025-11-29T12:32:53.416707+00:00
12934,525,18,YES,buy,40.52,80.23,0.505026,346997,0x02c777052cf7,2025-11-29T12:32:33.524019+00:00
12042,479,35,YES,buy,28.85,43.66,0.660828,824419,0x0d3cba0db641,2025-11-29T12:32:19.229414+00:00
4904,105,31,NO,sell,41.54,83.47,0.49766,214013,0x051e1c0cf161,2025-11-29T12:31:44.479651+00:00
9691,353,19,NO,buy,37.17,76.54,0.485644,531830,0x0926e80d43d3,2025-11-29T12:31:25.473959+00:00
10414,393,23,YES,sell,3.46,6.4,0.54082,944365,0x0942480a3096,2025-11-29T12:31:14.246771+00:00
13494,552,26,YES,sell,46.48,120.57,0.385491,564466,0x05bf5b0c661f,2025-11-29T12:31:10.492040+00:00
13340,544,24,YES,sell,47.81,137.55,0.347584,381766,0x0db5460e619b,2025-11-29T12:30:57.943036+00:00
12398,497,29,YES,sell,34.07,104.09,0.327316,515654,0x0a6a650aa2e5,2025-11-29T12:30:27.588206+00:00
8295,283,24,YES,sell,13.31,28.79,0.46228,118543,0x06ce35045ad0,2025-11-29T12:28:34.089637+00:00
13339,544,32,YES,buy,44.69,137.07,0.326034,507018,0x0d012c03d87e,2025-11-29T12:28:27.943036+00:00
11398,446,15,YES,buy,4.86,14.22,0.341854,680317,0x0a68f20ad90b,2025-11-29T12:27:56.935996+00:00
9716,354,25,NO,sell,31.93,74.88,0.426438,896522,0x0706050c2652,2025-11-29T12:26:22.565450+00:00
10478,396,28,YES,buy,22.7,34.17,0.664295,524347,0x0b6194060c79,2025-11-29T12:26:11.487751+00:00
12933,525,37,NO,buy,42.73,75.82,0.563546,364483,0x036fdd0ba5ce,2025-11-29T12:25:00.524019+00:00
4926,107,19,YES,sell,25.05,52.97,0.472943,948634,0x0e6d72067ccc,2025-11-29T12:23:32.570755+00:00
4306,75,40,NO,buy,33.93,79.78,0.425274,123629,0x0557d1066976,2025-11-29T12:23:31.236635+00:00
7226,227,40,NO,sell,21.98,72.78,0.301991,537869,0x05bec60add41,2025-11-29T12:22:32.119583+00:00
10052,374,40,NO,sell,39.96,62.56,0.638725,802843,0x0571960d5974,2025-11-29T12:22:02.904247+00:00
11015,425,33,NO,buy,30.03,96.63,0.310763,951553,0x08d0a208498a,2025-11-29T12:21:26.506721+00:00
13493,552,43,NO,sell,9.49,16.33,0.581312,457544,0x03258c09dceb,2025-11-29T12:21:19.492040+00:00
9825,361,36,YES,sell,31.53,64.11,0.491848,619039,0x0ce9b30c78f7,2025-11-29T12:16:09.994549+00:00
6428,188,20,YES,buy,36.73,120.86,0.303893,983429,0x0211f20a2dea,2025-11-29T12:15:26.104362+00:00
11195,435,31,YES,buy,11.56,19.87,0.581722,880319,0x0cae8a064b80,2025-11-29T12:14:12.183084+00:00
11996,477,29,YES,buy,35.72,64.27,0.555819,583546,0x0eb4e40d29f3,2025-11-29T12:13:33.074147+00:00
8294,283,27,NO,sell,40.31,59.2,0.680921,976531,0x042c1a05c4f4,2025-11-29T12:13:14.089637+00:00
13492,552,37,YES,sell,9.16,13.75,0.665954,255317,0x0e9ea30b2df4,2025-11-29T12:12:49.492040+00:00
13065,532,17,NO,buy,18.8,47.69,0.394232,989088,0x08b937088abf,2025-11-29T12:11:58.992530+00:00
6296,181,41,NO,sell,39.38,76.96,0.511675,235546,0x09693b0bbf7b,2025-11-29T12:11:52.634534+00:00
4713,94,33,NO,buy,9.48,16.69,0.567842,603080,0x0d5b120cea9a,2025-11-29T12:11:33.753751+00:00
9915,367,38,NO,buy,2.29,3.43,0.666862,172583,0x0dbce20a377c,2025-11-29T12:10:59.333060+00:00
11995,477,23,YES,sell,33.27,103.97,0.320002,41467,0x07f0be050ef5,2025-11-29T12:10:45.074147+00:00
10190,381,19,NO,sell,15.1,49.93,0.302421,723923,0x0e9e37036b0a,2025-11-29T12:10:22.415048+00:00
7138,223,24,YES,buy,12.14,23.11,0.525409,483173,0x0890f00c2a6a,2025-11-29T12:10:07.786787+00:00
8429,290,18,NO,buy,20.2,29.25,0.690701,924955,0x05b94b0aff0b,2025-11-29T12:09:46.580940+00:00
10566,400,26,NO,buy,47.14,87.49,0.538778,614733,0x0eb8c308200e,2025-11-29T12:08:13.826167+00:00
13294,542,43,NO,sell,27.53,63.25,0.435261,103952,0x0aaba80af577,2025-11-29T12:08:09.774606+00:00
11948,475,30,NO,buy,24.76,45.13,0.548623,881136,0x0b51e20e1cc0,2025-11-29T12:06:42.904029+00:00
10946,421,39,NO,buy,1.07,2.9,0.368505,904671,0x088af10ac3bd,2025-11-29T12:06:29.244640+00:00
10051,374,32,NO,buy,25.33,36.4,0.695896,796461,0x02e1610ee59a,2025-11-29T12:04:56.904247+00:00
4286,74,27,NO,sell,40.4,93.56,0.431817,856088,0x06e1b4086a6d,2025-11-29T12:04:46.164634+00:00
4285,74,23,YES,sell,30.1,79.58,0.378219,320457,0x033cc803b197,2025-11-29T12:04:09.164634+00:00
9050,320,19,YES,sell,48.0,79.64,0.602717,403258,0x0da1b80489c6,2025-11-29T12:03:28.996666+00:00
9871,363,20,YES,buy,6.14,16.88,0.363796,650191,0x07b582073c19,2025-11-29T12:01:43.174625+00:00
11194,435,17,YES,sell,24.24,34.8,0.69655,33121,0x0b8f2b0a66e2,2025-11-29T12:01:26.183084+00:00
12041,479,38,NO,buy,36.78,91.79,0.400682,606543,0x0469fe0eeb2d,2025-11-29T12:01:20.229414+00:00
12892,523,34,YES,buy,14.52,42.17,0.344332,400966,0x037b6d059e77,2025-11-29T12:00:43.367831+00:00
10413,393,24,YES,buy,38.06,113.33,0.335832,280294,0x0ecc49045318,2025-11-29T12:00:34.246771+00:00
10837,413,27,NO,buy,22.88,49.18,0.465226,9934,0x048b860a6235,2025-11-29T11:59:56.841463+00:00
4552,87,31,YES,buy,46.04,88.57,0.519837,587273,0x0d24e30ecd57,2025-11-29T11:57:09.122574+00:00
9550,346,36,YES,sell,18.29,31.95,0.572506,584923,0x077de1027be2,2025-11-29T11:57:01.891893+00:00
6793,208,39,YES,sell,21.23,68.05,0.311989,990278,0x06ac1c0786e0,2025-11-29T11:56:55.485951+00:00
9824,361,30,YES,buy,17.77,35.01,0.507551,162037,0x070a440a6554,2025-11-29T11:56:52.994549+00:00
12040,479,30,YES,sell,10.36,18.22,0.568507,350050,0x0d6a590984de,2025-11-29T11:56:00.229414+00:00
7791,259,40,NO,buy,41.89,61.53,0.680773,272151,0x0792480a94f4,2025-11-29T11:54:24.266883+00:00
12109,483,40,YES,sell,24.15,49.03,0.492605,320950,0x0e22c3047e2c,2025-11-29T11:53:26.510667+00:00
12891,523,32,YES,sell,31.21,92.37,0.33788,517792,0x0b355005602f,2025-11-29T11:53:13.367831+00:00
7790,259,40,YES,buy,31.22,46.48,0.67163,398499,0x058fc3060130,2025-11-29T11:52:42.266883+00:00
9226,328,43,YES,buy,8.88,13.01,0.682404,470780,0x062cf8086894,2025-11-29T11:51:56.646004+00:00
9049,320,37,YES,sell,30.12,51.22,0.588105,541612,0x0d7162089f9c,2025-11-29T11:50:30.996666+00:00
9225,328,39,YES,buy,5.76,9.92,0.580662,439325,0x0a9ec6066199,2025-11-29T11:50:16.646004+00:00
7789,259,44,YES,sell,10.88,27.7,0.392731,254604,0x0c79f80df26a,2025-11-29T11:49:00.266883+00:00
6427,188,37,YES,sell,18.65,34.04,0.54795,382914,0x072a3702ce8e,2025-11-29T11:48:10.104362+00:00
9048,320,43,YES,sell,17.82,40.87,0.435975,925415,0x0df4fc0d508f,2025-11-29T11:48:01.996666+00:00
13537,554,32,NO,buy,26.91,68.51,0.392782,133159,0x06c2e307874f,2025-11-29T11:47:47.649077+00:00
10477,396,34,NO,sell,9.23,19.27,0.478891,229344,0x07f8d00490dd,2025-11-29T11:47:28.487751+00:00
11947,475,37,NO,buy,20.0,50.89,0.393011,918847,0x0ce09e05fb19,2025-11-29T11:47:03.904029+00:00
9690,353,41,NO,sell,22.01,52.24,0.421285,524915,0x022ae40e83ad,2025-11-29T11:46:44.473959+00:00
13338,544,34,NO,buy,24.09,56.0,0.430163,936222,0x06a50709b94b,2025-11-29T11:46:37.943036+00:00
10189,381,27,NO,sell,42.58,107.67,0.395468,535475,0x08a4360b7920,2025-11-29T11:46:22.415048+00:00
7020,218,32,NO,buy,45.85,86.94,0.527354,572682,0x0ec32d0df459,2025-11-29T11:46:19.346890+00:00
9549,346,31,YES,sell,30.52,51.26,0.595392,118550,0x02f3e409a3e1,2025-11-29T11:45:13.891893+00:00
4551,87,20,YES,sell,39.2,88.84,0.441251,615549,0x07d92108035a,2025-11-29T11:43:19.122574+00:00
13293,542,38,NO,buy,20.1,46.84,0.429142,997315,0x052fb60993e2,2025-11-29T11:43:12.774606+00:00
4550,87,21,YES,buy,31.14,54.67,0.56961,687837,0x07481e055a9e,2025-11-29T11:43:08.122574+00:00
9224,328,22,NO,sell,40.71,75.88,0.536524,194334,0x02226c0bae9d,2025-11-29T11:42:54.646004+00:00
4903,105,28,NO,buy,5.36,11.99,0.447168,15800,0x0a9a0d03674a,2025-11-29T11:42:31.479651+00:00
11397,446,34,YES,buy,24.34,73.45,0.331404,578053,0x09c6ff0b41fb,2025-11-29T11:42:09.935996+00:00
4712,94,30,NO,buy,17.69,28.28,0.625566,823412,0x0afb3d086c9b,2025-11-29T11:41:40.753751+00:00
9715,354,24,NO,sell,7.81,14.46,0.539959,536820,0x0cb183094c60,2025-11-29T11:41:00.565450+00:00
12932,525,29,YES,sell,17.79,28.91,0.615354,753274,0x08b2d30e5e86,2025-11-29T11:40:55.524019+00:00
10993,424,19,YES,sell,37.41,72.72,0.514433,294223,0x0b5dcd0678dd,2025-11-29T11:40:23.416707+00:00
4284,74,19,YES,buy,22.3,47.6,0.468441,81657,0x0946090e0c6d,2025-11-29T11:39:20.164634+00:00
4925,107,17,YES,buy,8.98,14.68,0.611797,790114,0x0615b80be16c,2025-11-29T11:38:43.570755+00:00
12397,497,40,NO,buy,35.69,71.87,0.496623,830768,0x0dcc3205f589,2025-11-29T11:38:27.588206+00:00
11193,435,42,YES,buy,16.05,28.27,0.567798,48921,0x089fb70d7b0a,2025-11-29T11:37:31.183084+00:00
10836,413,16,YES,sell,24.92,70.13,0.355331,394289,0x01c0890c5cfd,2025-11-29T11:36:51.841463+00:00
12890,523,20,NO,sell,40.3,106.6,0.378047,509578,0x0267d70af346,2025-11-29T11:36:15.367831+00:00
10835,413,32,YES,buy,2.49,4.69,0.531299,232693,0x05c341063e89,2025-11-29T11:35:40.841463+00:00
4305,75,33,YES,sell,18.25,37.77,0.483144,707309,0x04494c0e8bb2,2025-11-29T11:35:10.236635+00:00
6792,208,15,YES,sell,40.44,71.46,0.565892,214336,0x029ed807558c,2025-11-29T11:34:39.485951+00:00
8428,290,16,YES,buy,9.77,19.71,0.495693,844258,0x023e9e0940bd,2025-11-29T11:33:12.580940+00:00
11192,435,31,NO,sell,26.12,45.46,0.574565,572769,0x08e24802f5c7,2025-11-29T11:32:07.183084+00:00
9548,346,19,NO,sell,21.82,51.16,0.426502,88194,0x084759027e82,2025-11-29T11:31:55.891893+00:00
4711,94,17,NO,sell,20.64,44.35,0.465377,575566,0x0b75ba056cc8,2025-11-29T11:30:39.753751+00:00
9870,363,18,YES,buy,4.22,8.27,0.510244,293839,0x0d79d1091615,2025-11-29T11:29:58.174625+00:00
7225,227,36,NO,sell,7.19,17.05,0.421712,313896,0x09891207ebe8,2025-11-29T11:29:38.119583+00:00
9914,367,23,YES,buy,22.83,41.86,0.545426,890007,0x04e80e0d9bb0,2025-11-29T11:29:07.333060+00:00
6426,188,44,YES,buy,17.21,53.58,0.321229,973042,0x0e963508a29d,2025-11-29T11:29:07.104362+00:00
10188,381,24,NO,buy,11.98,37.38,0.320509,370466,0x045681070535,2025-11-29T11:28:23.415048+00:00
7019,218,44,NO,sell,21.98,32.47,0.676964,990097,0x0329aa0b7bea,2025-11-29T11:28:20.346890+00:00
11014,425,43,YES,buy,16.95,46.96,0.360962,805235,0x0ca0dd0e2d7f,2025-11-29T11:28:18.506721+00:00
8427,290,34,YES,buy,35.73,59.24,0.603162,856340,0x0610910e9dd0,2025-11-29T11:28:17.580940+00:00
10992,424,19,NO,sell,16.62,24.53,0.677542,223431,0x06f20404731e,2025-11-29T11:27:50.416707+00:00
6295,181,20,YES,sell,30.92,61.75,0.500734,313086,0x0e73810af5d0,2025-11-29T11:27:34.634534+00:00
10476,396,17,YES,buy,18.04,28.12,0.641619,825454,0x0c94ef087a2e,2025-11-29T11:27:31.487751+00:00
13064,532,42,NO,sell,42.22,85.64,0.492991,823948,0x05e315042788,2025-11-29T11:27:25.992530+00:00
12108,483,17,YES,sell,38.08,99.19,0.383908,395523,0x061179092b73,2025-11-29T11:27:21.510667+00:00
8293,283,16,YES,buy,3.21,4.98,0.64423,869953,0x0bd83c0afe32,2025-11-29T11:27:08.089637+00:00
6791,208,35,NO,sell,17.16,48.12,0.356609,325058,0x0ab2fd0e6750,2025-11-29T11:24:15.485951+00:00
13292,542,27,NO,sell,12.82,29.3,0.437595,956051,0x061cd4074698,2025-11-29T11:23:29.774606+00:00
4549,87,41,YES,sell,22.51,59.13,0.380683,544323,0x0c09390e6370,2025-11-29T11:23:27.122574+00:00
10412,393,35,YES,sell,41.21,67.15,0.613723,910690,0x05ec0403c689,2025-11-29T11:20:47.246771+00:00
13291,542,30,NO,sell,39.0,107.42,0.363065,464573,0x081b030daa7b,2025-11-29T11:19:01.774606+00:00
13491,552,19,YES,buy,34.95,57.88,0.603868,972639,0x07f25203f0da,2025-11-29T11:18:13.492040+00:00
11013,425,30,YES,buy,46.41,109.62,0.423353,485095,0x05ca6c05234d,2025-11-29T11:17:46.506721+00:00
9869,363,30,NO,sell,47.97,106.52,0.45032,275120,0x0cfb3d0e1e99,2025-11-29T11:17:45.174625+00:00
11994,477,27,NO,buy,35.1,98.86,0.355055,831586,0x07e80903ee88,2025-11-29T11:15:04.074147+00:00
7137,223,26,YES,sell,26.51,48.71,0.54421,201498,0x01ce8f090630,2025-11-29T11:12:19.786787+00:00
12107,483,43,NO,sell,48.62,159.89,0.304088,754223,0x073ca10dee96,2025-11-29T11:12:19.510667+00:00
4924,107,38,YES,sell,5.53,13.75,0.402066,908558,0x055dfe0ddc23,2025-11-29T11:11:20.570755+00:00
10411,393,44,YES,buy,39.42,61.23,0.643774,592960,0x0db525049caf,2025-11-29T11:11:06.246771+00:00
11946,475,20,NO,sell,9.88,17.82,0.554386,914989,0x0ae47803c1f5,2025-11-29T11:10:32.904029+00:00
9714,354,31,NO,sell,13.4,43.87,0.305421,464699,0x035d6006d6b6,2025-11-29T11:10:11.565450+00:00
10565,400,28,NO,buy,48.53,100.42,0.483251,681321,0x0d5313084112,2025-11-29T11:08:24.826167+00:00
4304,75,18,NO,sell,26.86,48.34,0.555643,642003,0x0b13d107be7d,2025-11-29T11:08:13.236635+00:00
10050,374,43,NO,buy,17.8,30.37,0.586033,132461,0x0e9f2d0866fd,2025-11-29T11:08:09.904247+00:00
10945,421,33,YES,buy,25.14,42.72,0.588525,699202,0x092da4018ae3,2025-11-29T11:07:26.244640+00:00
4923,107,38,YES,buy,43.3,69.77,0.620623,837917,0x060d9a06b255,2025-11-29T11:07:23.570755+00:00
10475,396,31,NO,buy,18.23,32.05,0.568742,818654,0x0880a00be4b1,2025-11-29T11:06:29.487751+00:00
7136,223,23,NO,buy,32.88,52.73,0.623497,245599,0x023c0e0e5949,2025-11-29T11:06:01.786787+00:00
4283,74,43,YES,buy,34.58,94.02,0.367801,282444,0x05d41d06580f,2025-11-29T11:05:31.164634+00:00
13063,532,19,YES,sell,16.81,36.57,0.459611,421756,0x02e45a03a4a9,2025-11-29T11:05:28.992530+00:00
8426,290,19,NO,buy,41.29,78.18,0.528151,117873,0x091e5405c1d6,2025-11-29T11:05:13.580940+00:00
8292,283,34,NO,sell,31.33,62.49,0.501346,784188,0x07d8d6040cbd,2025-11-29T11:04:54.089637+00:00
7788,259,18,YES,sell,9.45,16.75,0.564276,566852,0x020bab080926,2025-11-29T11:04:15.266883+00:00
10944,421,26,NO,sell,5.73,8.77,0.653703,187578,0x08ef83037e57,2025-11-29T11:02:47.244640+00:00
8291,283,29,YES,buy,48.86,119.35,0.409376,372993,0x0e920b05c010,2025-11-29T11:01:47.089637+00:00
7224,227,40,YES,buy,12.92,23.97,0.539082,902689,0x06e4fa0ed826,2025-11-29T11:01:22.119583+00:00
6425,188,40,YES,sell,46.14,74.53,0.619117,313386,0x0b9da70f1f72,2025-11-29T11:01:15.104362+00:00
10187,381,28,NO,sell,49.3,98.52,0.500386,690797,0x09ed9c0435f3,2025-11-29T11:00:52.415048+00:00
12889,523,17,YES,buy,45.36,94.06,0.482248,63883,0x0dc47506d475,2025-11-29T11:00:30.367831+00:00
11191,435,27,NO,buy,8.0,23.67,0.338032,189820,0x0a80660adaa0,2025-11-29T11:00:20.183084+00:00
4902,105,44,YES,sell,10.72,18.47,0.580504,421515,0x0439d9025289,2025-11-29T11:00:10.479651+00:00
12931,525,18,NO,sell,7.89,25.76,0.306286,891762,0x01f5b8088166,2025-11-29T11:00:07.524019+00:00
13536,554,22,YES,buy,38.77,102.27,0.379105,436499,0x06afdc093847,2025-11-29T10:59:33.649077+00:00
12396,497,15,NO,sell,43.07,74.16,0.580788,996459,0x06179403e51f,2025-11-29T10:59:10.588206+00:00
9047,320,23,NO,sell,24.53,39.34,0.623515,81556,0x08130807d8e7,2025-11-29T10:58:35.996666+00:00
12039,479,44,YES,buy,30.34,85.01,0.356896,835677,0x0e5c8308e544,2025-11-29T10:58:00.229414+00:00
9823,361,30,NO,buy,41.93,101.94,0.411322,932739,0x018ea50812d2,2025-11-29T10:57:38.994549+00:00
10834,413,43,NO,buy,6.92,11.14,0.620992,688380,0x028e38022435,2025-11-29T10:54:18.841463+00:00
9223,328,25,YES,buy,35.05,53.33,0.657274,995964,0x06f397078d67,2025-11-29T10:54:16.646004+00:00
9689,353,15,YES,sell,1.79,5.92,0.302307,258067,0x0dfa2e067dc1,2025-11-29T10:53:41.473959+00:00
10564,400,32,NO,sell,17.15,38.45,0.445978,431744,0x0264b40dee2b,2025-11-29T10:53:24.826167+00:00
7223,227,33,YES,buy,12.16,32.89,0.369724,398234,0x046e3109cc5a,2025-11-29T10:53:14.119583+00:00
11396,446,36,YES,sell,6.82,19.8,0.34448,350817,0x05cf620e1a39,2025-11-29T10:53:08.935996+00:00
9222,328,35,YES,buy,14.12,37.45,0.377036,881125,0x060c3c0cec9b,2025-11-29T10:52:23.646004+00:00
9913,367,18,NO,buy,48.9,101.95,0.479652,809828,0x021ac907244d,2025-11-29T10:51:27.333060+00:00
13490,552,30,YES,buy,7.99,17.83,0.448014,261506,0x0547ff094310,2025-11-29T10:50:59.492040+00:00
9822,361,24,NO,buy,22.02,39.64,0.555475,101681,0x0d160b07bee6,2025-11-29T10:50:27.994549+00:00
9547,346,38,NO,sell,9.35,20.22,0.462515,610182,0x0609eb0a59f7,2025-11-29T10:50:27.891893+00:00
7018,218,25,YES,buy,26.41,67.13,0.393413,33485,0x0ed511053d6b,2025-11-29T10:49:15.346890+00:00
9912,367,32,YES,sell,15.66,47.79,0.327706,712948,0x07720c05c7c3,2025-11-29T10:49:08.333060+00:00
11395,446,22,YES,buy,19.24,30.01,0.641216,65870,0x084eb208b4ff,2025-11-29T10:48:40.935996+00:00
13337,544,17,YES,sell,27.88,46.24,0.602982,480088,0x04464b08bfd8,2025-11-29T10:48:27.943036+00:00
7017,218,41,NO,sell,8.83,14.37,0.614362,312271,0x0caebe03b15b,2025-11-29T10:48:19.346890+00:00
13535,554,23,NO,sell,20.06,64.38,0.311592,608465,0x0747fe097481,2025-11-29T10:48:02.649077+00:00
10563,400,36,YES,sell,8.6,14.46,0.594727,745302,0x036cbd0ada64,2025-11-29T10:47:17.826167+00:00
6790,208,29,YES,buy,26.65,79.77,0.334065,634475,0x03015e0c1ecd,2025-11-29T10:46:11.485951+00:00
4710,94,33,YES,buy,20.88,35.65,0.585709,584165,0x033cd206bd63,2025-11-29T10:46:09.753751+00:00
10049,374,34,YES,buy,44.74,78.24,0.571859,223319,0x0ec37806de77,2025-11-29T10:44:48.904247+00:00
4901,105,41,YES,buy,47.46,70.92,0.669245,658066,0x0be12c0b5163,2025-11-29T10:44:24.479651+00:00
10410,393,36,NO,sell,44.99,89.42,0.503104,694839,0x0366250202f8,2025-11-29T10:43:23.246771+00:00
12106,483,27,NO,buy,2.31,3.93,0.587665,321420,0x088b780416d0,2025-11-29T10:40:33.510667+00:00
9713,354,26,NO,sell,22.3,71.29,0.31281,15715,0x0677e90eb978,2025-11-29T10:39:57.565450+00:00
7787,259,40,NO,buy,33.83,101.24,0.33416,250941,0x0887df0dacac,2025-11-29T10:39:41.266883+00:00
6424,188,37,NO,sell,46.62,92.99,0.501352,186468,0x0a47cd066255,2025-11-29T10:39:23.104362+00:00
12395,497,16,YES,sell,13.59,36.45,0.372804,948013,0x073e1d0d7a81,2025-11-29T10:38:44.588206+00:00
10562,400,44,NO,buy,48.83,144.72,0.337401,957895,0x02e5b804ebc8,2025-11-29T10:37:56.826167+00:00
7222,227,18,YES,buy,6.58,17.18,0.383094,220231,0x0a12a5066f0f,2025-11-29T10:37:49.119583+00:00
9868,363,16,NO,buy,26.11,62.34,0.418816,809597,0x05607e0245bb,2025-11-29T10:37:14.174625+00:00
9712,354,21,YES,sell,48.83,134.29,0.36362,847410,0x0524730d159f,2025-11-29T10:37:08.565450+00:00
4303,75,39,YES,buy,40.18,78.06,0.514756,207647,0x0760e906bddb,2025-11-29T10:36:49.236635+00:00
9911,367,25,YES,buy,10.22,17.11,0.597201,196533,0x08ba4308441c,2025-11-29T10:36:14.333060+00:00
7221,227,42,YES,buy,33.58,105.31,0.318877,687833,0x07920303c366,2025-11-29T10:35:47.119583+00:00
13062,532,38,YES,sell,20.06,30.53,0.656978,741333,0x07a0c305dc54,2025-11-29T10:35:45.992530+00:00
6294,181,39,NO,buy,16.44,28.99,0.567084,333048,0x0cd97b02940e,2025-11-29T10:33:51.634534+00:00
9688,353,41,YES,buy,6.08,11.52,0.527999,153227,0x0197480dd277,2025-11-29T10:31:23.473959+00:00
8290,283,28,NO,buy,28.1,58.91,0.477001,777103,0x0e4eb4065f7a,2025-11-29T10:30:57.089637+00:00
4548,87,38,NO,sell,31.08,61.13,0.508402,61254,0x0ce95c0b15df,2025-11-29T10:30:29.122574+00:00
9546,346,28,NO,sell,13.34,27.52,0.484785,222308,0x09fb0b0e3263,2025-11-29T10:30:06.891893+00:00
13534,554,34,NO,buy,43.58,102.61,0.424725,628926,0x03387d0e7c5c,2025-11-29T10:30:01.649077+00:00
6789,208,44,NO,buy,13.2,37.99,0.347496,876595,0x03130a0d1815,2025-11-29T10:29:21.485951+00:00
13290,542,23,NO,buy,35.79,95.43,0.375029,209913,0x0f19fe06a1db,2025-11-29T10:29:09.774606+00:00
10833,413,39,YES,sell,10.9,20.18,0.540057,24781,0x0bba2f075ac1,2025-11-29T10:28:57.841463+00:00
10991,424,26,NO,sell,46.47,119.89,0.387617,165391,0x0ae4830c1cec,2025-11-29T10:28:38.416707+00:00
12930,525,39,NO,sell,29.06,49.68,0.584903,713291,0x0967740688d2,2025-11-29T10:28:23.524019+00:00
4547,87,19,NO,sell,5.32,13.13,0.405237,639613,0x07759002ce77,2025-11-29T10:27:45.122574+00:00
10943,421,25,NO,sell,8.98,14.77,0.608062,464156,0x0f169a04f3e7,2025-11-29T10:27:42.244640+00:00
6788,208,41,YES,sell,24.52,60.81,0.403205,54123,0x0571ea022d0c,2025-11-29T10:27:37.485951+00:00
4282,74,25,NO,buy,15.3,33.62,0.45512,945909,0x02e18d0d1f95,2025-11-29T10:27:10.164634+00:00
7016,218,25,YES,sell,7.49,13.96,0.536575,676731,0x0a2b10087b7a,2025-11-29T10:25:49.346890+00:00
6423,188,42,NO,sell,2.91,6.17,0.471707,575571,0x04a0400af03e,2025-11-29T10:24:16.104362+00:00
13533,554,43,YES,sell,10.44,19.96,0.523127,303510,0x0c15cf0e5583,2025-11-29T10:24:01.649077+00:00
7135,223,43,NO,buy,7.88,11.37,0.693036,753067,0x018b16043927,2025-11-29T10:23:44.786787+00:00
10990,424,30,NO,buy,3.68,7.98,0.461017,718309,0x0dd9be0b690b,2025-11-29T10:22:57.416707+00:00
12105,483,24,YES,sell,16.44,45.42,0.361989,58466,0x02a6b607d918,2025-11-29T10:22:53.510667+00:00
10409,393,30,YES,sell,25.53,64.78,0.394109,873834,0x0ba6300f2745,2025-11-29T10:22:43.246771+00:00
11012,425,35,NO,sell,21.98,44.5,0.49388,867207,0x0ab7ba04ee17,2025-11-29T10:22:42.506721+00:00
7134,223,15,NO,sell,32.37,47.51,0.681336,710708,0x0ab1c9058b99,2025-11-29T10:22:17.786787+00:00
11993,477,38,YES,buy,38.63,88.47,0.436653,767875,0x051b80089ac8,2025-11-29T10:21:16.074147+00:00
12038,479,34,YES,sell,35.8,54.26,0.659754,330373,0x08ff9509c307,2025-11-29T10:21:03.229414+00:00
10989,424,22,NO,buy,6.73,14.2,0.473935,799672,0x02a6df040146,2025-11-29T10:20:14.416707+00:00
9711,354,25,NO,buy,14.23,26.47,0.53768,265273,0x05ef400d166c,2025-11-29T10:20:10.565450+00:00
7220,227,38,YES,buy,7.65,21.57,0.354652,336036,0x021fa40207ad,2025-11-29T10:19:47.119583+00:00
4900,105,33,NO,sell,10.73,23.04,0.465799,919961,0x046fa407d260,2025-11-29T10:18:29.479651+00:00
4302,75,43,YES,sell,30.02,65.9,0.455534,216780,0x0ccd3804f66e,2025-11-29T10:17:39.236635+00:00
4922,107,29,NO,buy,17.14,53.98,0.317539,341698,0x0b7bd408c687,2025-11-29T10:17:17.570755+00:00
10561,400,25,NO,sell,42.35,76.09,0.556563,781005,0x08060707d904,2025-11-29T10:16:58.826167+00:00
13061,532,18,YES,buy,19.83,60.4,0.328333,299742,0x0a13e80762de,2025-11-29T10:16:46.992530+00:00
10474,396,16,NO,sell,20.58,30.53,0.674013,613060,0x09182a0b53bb,2025-11-29T10:16:05.487751+00:00
12104,483,30,NO,buy,15.69,37.46,0.418824,280286,0x06487103e14d,2025-11-29T10:15:19.510667+00:00
9687,353,36,YES,buy,10.73,26.01,0.412476,221401,0x0e7e3a0eb88f,2025-11-29T10:14:48.473959+00:00
11945,475,42,YES,buy,17.97,32.6,0.55131,742943,0x0c4dbf02226d,2025-11-29T10:13:26.904029+00:00
9910,367,18,NO,buy,39.43,129.24,0.305102,179047,0x044d1e07557e,2025-11-29T10:13:10.333060+00:00
10186,381,19,NO,sell,28.31,41.86,0.676291,26658,0x0a2cf207498d,2025-11-29T10:11:14.415048+00:00
10048,374,20,NO,sell,15.83,49.36,0.32072,791284,0x0b28630eadef,2025-11-29T10:09:37.904247+00:00
8425,290,28,NO,sell,43.32,72.41,0.598227,893091,0x057cf505053c,2025-11-29T10:06:33.580940+00:00
4709,94,30,YES,sell,24.45,38.3,0.638307,366549,0x060ac00dd01d,2025-11-29T10:04:44.753751+00:00
11190,435,18,YES,buy,17.49,44.72,0.391122,520232,0x02d4c707e960,2025-11-29T10:04:24.183084+00:00
8289,283,39,YES,sell,7.41,10.94,0.677354,348870,0x02017b0c12a1,2025-11-29T10:04:14.089637+00:00
12888,523,15,NO,buy,9.11,24.98,0.36464,63492,0x0f2fad0705ea,2025-11-29T10:03:03.367831+00:00
9046,320,19,NO,sell,29.44,70.33,0.418601,781854,0x0c42a40f2a4a,2025-11-29T10:02:50.996666+00:00
9867,363,28,YES,buy,39.01,118.55,0.329063,718172,0x0aec5e02bd9b,2025-11-29T10:02:39.174625+00:00
4708,94,27,YES,sell,39.65,60.72,0.652962,32734,0x08c745095373,2025-11-29T10:00:07.753751+00:00
11394,446,23,YES,sell,9.03,15.96,0.565892,934660,0x026f4d02dc1c,2025-11-29T09:59:49.935996+00:00
10942,421,34,NO,sell,9.41,27.94,0.336762,55017,0x0723e909460e,2025-11-29T09:58:35.244640+00:00
9686,353,35,YES,sell,31.25,58.79,0.531575,240353,0x0819780e05d4,2025-11-29T09:58:16.473959+00:00
13489,552,18,NO,sell,24.69,45.69,0.540411,877296,0x01e1e50e438f,2025-11-29T09:58:14.492040+00:00
11011,425,42,NO,buy,49.24,90.01,0.54703,894985,0x0ee07009b502,2025-11-29T09:57:55.506721+00:00
12103,483,25,YES,buy,16.68,36.52,0.456771,464936,0x02dc1b0b1e6a,2025-11-29T09:56:43.510667+00:00
6422,188,29,NO,buy,17.53,26.27,0.667358,64413,0x0841b70a0142,2025-11-29T09:56:25.104362+00:00
13532,554,44,YES,sell,48.76,157.92,0.308763,343707,0x0e6e3a0d27e4,2025-11-29T09:55:58.649077+00:00
10988,424,30,NO,buy,42.96,74.49,0.576752,265392,0x06a1ff03421a,2025-11-29T09:55:37.416707+00:00
11944,475,23,YES,sell,19.23,34.46,0.558027,758603,0x0cc74e09cb71,2025-11-29T09:55:27.904029+00:00
6293,181,35,NO,buy,27.65,40.87,0.676591,750629,0x029ced0ea796,2025-11-29T09:55:16.634534+00:00
9221,328,15,YES,sell,26.23,42.13,0.622571,346715,0x0b411801b771,2025-11-29T09:54:01.646004+00:00
11010,425,22,NO,buy,21.44,38.89,0.55135,877959,0x078b5408733b,2025-11-29T09:53:59.506721+00:00
9821,361,31,NO,buy,32.38,51.34,0.630746,936895,0x09e35702b00e,2025-11-29T09:53:27.994549+00:00
9909,367,28,NO,sell,3.02,4.76,0.634416,462048,0x083827019f53,2025-11-29T09:52:50.333060+00:00
10941,421,33,NO,buy,31.49,67.3,0.467898,335481,0x0bd3ee0ba7f9,2025-11-29T09:52:08.244640+00:00
7015,218,38,YES,buy,15.73,51.29,0.306673,603838,0x09ca8f0e82a4,2025-11-29T09:51:49.346890+00:00
13336,544,23,NO,sell,37.26,72.29,0.515435,408717,0x0790d6064508,2025-11-29T09:51:06.943036+00:00
6787,208,36,NO,buy,20.02,38.75,0.516711,315784,0x0d413806ea50,2025-11-29T09:50:22.485951+00:00
10832,413,17,YES,sell,27.72,42.64,0.650122,41949,0x08018c06ee92,2025-11-29T09:49:25.841463+00:00
7786,259,33,NO,buy,19.44,38.97,0.498801,923056,0x0af43b047736,2025-11-29T09:48:38.266883+00:00
11992,477,29,NO,sell,29.9,47.88,0.624535,511175,0x064d2d05c575,2025-11-29T09:48:24.074147+00:00
11393,446,18,NO,buy,31.93,52.2,0.611741,478263,0x0de24807cb6c,2025-11-29T09:47:28.935996+00:00
10185,381,32,YES,sell,19.53,28.59,0.68302,375582,0x0748db0d2b27,2025-11-29T09:47:23.415048+00:00
7133,223,29,YES,sell,37.92,84.07,0.451056,314686,0x0c9632096671,2025-11-29T09:47:21.786787+00:00
10473,396,36,YES,buy,44.69,65.12,0.686312,134049,0x01e7080c186a,2025-11-29T09:46:45.487751+00:00
13289,542,42,YES,buy,25.68,38.95,0.659231,446030,0x066659093a2b,2025-11-29T09:44:22.774606+00:00
4921,107,44,YES,sell,8.53,25.66,0.332425,692577,0x0ed12b0cd964,2025-11-29T09:44:22.570755+00:00
7132,223,21,NO,sell,30.86,60.43,0.510651,959789,0x064e9b069c39,2025-11-29T09:44:18.786787+00:00
12037,479,16,NO,buy,33.19,85.23,0.389429,445493,0x08480305969f,2025-11-29T09:44:00.229414+00:00
12394,497,20,YES,buy,3.31,8.76,0.377968,72055,0x0e10c7068499,2025-11-29T09:43:36.588206+00:00
13060,532,34,NO,sell,17.59,26.19,0.671527,170174,0x0864ec0eddb0,2025-11-29T09:43:28.992530+00:00
12929,525,44,NO,buy,20.82,32.41,0.642465,692374,0x024b4409441f,2025-11-29T09:41:50.524019+00:00
9545,346,23,YES,buy,1.66,2.53,0.655784,308116,0x021fdb01e2c7,2025-11-29T09:41:15.891893+00:00
12887,523,31,NO,buy,5.08,8.8,0.577494,989325,0x0eeb600f2956,2025-11-29T09:40:51.367831+00:00
12886,523,16,YES,buy,30.78,52.21,0.589501,529952,0x0364d306abba,2025-11-29T09:38:46.367831+00:00
7131,223,34,NO,sell,7.61,18.6,0.409094,282779,0x03f8b90a68e1,2025-11-29T09:36:40.786787+00:00
4301,75,22,NO,buy,10.13,18.0,0.562923,774207,0x07daee01fe32,2025-11-29T09:35:34.236635+00:00
4707,94,24,NO,sell,12.35,31.71,0.389518,958204,0x0b659e05a79b,2025-11-29T09:35:09.753751+00:00
12885,523,29,NO,sell,9.75,15.11,0.64544,739066,0x0d21ec07181a,2025-11-29T09:35:07.367831+00:00
7785,259,43,NO,sell,22.51,50.04,0.449834,687035,0x022e120da2c2,2025-11-29T09:34:28.266883+00:00
9710,354,21,YES,sell,41.11,59.65,0.689229,502240,0x036fdb0efa42,2025-11-29T09:34:22.565450+00:00
12928,525,32,YES,buy,5.01,15.97,0.313771,943404,0x0d01680e2547,2025-11-29T09:34:20.524019+00:00
8288,283,33,NO,sell,45.79,74.2,0.61711,566771,0x0c8b6605444e,2025-11-29T09:34:00.089637+00:00
4281,74,29,NO,buy,2.29,5.19,0.441566,628094,0x0303d00b13a0,2025-11-29T09:33:27.164634+00:00
10940,421,22,YES,buy,8.04,13.98,0.574971,980145,0x0c1ff80d26a5,2025-11-29T09:33:14.244640+00:00
12884,523,38,NO,sell,47.27,69.52,0.6799,82194,0x030c4f027d20,2025-11-29T09:32:48.367831+00:00
7014,218,19,YES,sell,37.32,66.11,0.564534,914011,0x0f2c210210e3,2025-11-29T09:32:15.346890+00:00
6421,188,22,YES,buy,23.95,57.2,0.418708,764753,0x0e108b0e2d33,2025-11-29T09:31:41.104362+00:00
4899,105,42,NO,sell,23.12,35.6,0.649402,182905,0x03a97b05b25e,2025-11-29T09:31:24.479651+00:00
4546,87,40,NO,buy,8.88,12.95,0.685828,96513,0x019c4b0e6552,2025-11-29T09:31:23.122574+00:00
11392,446,22,NO,buy,21.7,34.33,0.632149,647959,0x0d1d27024733,2025-11-29T09:30:12.935996+00:00
8538,295,23,YES,sell,367.03,789.47,0.464906,351568,0x09faa00e1262,2025-11-29T09:29:08.938009+00:00
8537,295,29,NO,buy,141.02,410.77,0.343309,34624,0x09f95d05293e,2025-11-29T09:28:49.938009+00:00
11189,435,35,NO,buy,26.0,85.0,0.305898,51434,0x0e144f05db57,2025-11-29T09:27:31.183084+00:00
4120,62,36,YES,sell,92.16,225.16,0.409308,967302,0x0db974067839,2025-11-29T09:27:07.409400+00:00
8536,295,37,NO,buy,445.77,953.64,0.467441,59788,0x09185c0e9bec,2025-11-29T09:26:54.938009+00:00
10560,400,43,YES,buy,10.77,22.91,0.470093,5879,0x0e8a170d1218,2025-11-29T09:26:36.826167+00:00
4119,62,39,NO,buy,419.03,656.72,0.638062,652924,0x0dce070e9ee6,2025-11-29T09:25:48.409400+00:00
8535,295,22,YES,buy,344.45,768.47,0.44823,770734,0x0a0061060930,2025-11-29T09:25:39.938009+00:00
4118,62,21,YES,sell,174.18,507.39,0.343287,386415,0x0f0d460a6d16,2025-11-29T09:25:33.409400+00:00
11075,427,29,NO,sell,247.22,580.5,0.425874,888096,0x041fc909c3b5,2025-11-29T09:25:10.675455+00:00
4117,62,26,NO,buy,486.73,901.08,0.540164,606991,0x0726f7032ef9,2025-11-29T09:24:28.409400+00:00
4870,102,33,YES,sell,122.02,214.05,0.570045,528191,0x06e6bf09793c,2025-11-29T09:24:20.303991+00:00
13488,552,31,NO,buy,44.16,67.08,0.658359,941465,0x02e6360ca66a,2025-11-29T09:24:09.492040+00:00
8534,295,34,YES,buy,488.17,1094.58,0.44599,603249,0x0e41fa048721,2025-11-29T09:23:56.938009+00:00
11074,427,25,YES,sell,197.07,398.56,0.494456,284936,0x0457470b11d5,2025-11-29T09:23:50.675455+00:00
10472,396,22,NO,sell,25.61,39.4,0.64997,390345,0x01f8700f19d6,2025-11-29T09:23:40.487751+00:00
13486,551,17,NO,sell,142.03,253.53,0.560216,32500,0x02add60b2388,2025-11-29T09:23:39.417945+00:00
4869,102,23,YES,sell,326.96,470.92,0.694306,410260,0x0791d60aa6cb,2025-11-29T09:23:38.303991+00:00
4116,62,40,YES,buy,326.32,621.99,0.524635,129168,0x06ccda0c3eff,2025-11-29T09:23:35.409400+00:00
11073,427,44,YES,sell,467.99,1113.61,0.420245,176347,0x0a85c60a91d0,2025-11-29T09:23:30.675455+00:00
10047,374,19,YES,buy,38.28,74.09,0.516657,478061,0x0d5320081b8e,2025-11-29T09:23:21.904247+00:00
13400,546,44,YES,buy,394.84,985.09,0.400815,755361,0x093d990e4c13,2025-11-29T09:23:11.108278+00:00
10408,393,40,YES,sell,16.02,35.18,0.455341,416289,0x049d0c0e1873,2025-11-29T09:22:50.246771+00:00
4115,62,30,YES,buy,429.34,1272.9,0.337292,775683,0x0312270d7076,2025-11-29T09:22:47.409400+00:00
4868,102,15,NO,buy,273.58,423.93,0.645347,946196,0x0a9d5a09c314,2025-11-29T09:22:44.303991+00:00
13485,551,22,NO,sell,324.41,521.45,0.62213,344272,0x086f5d0ceaae,2025-11-29T09:22:41.417945+00:00
8533,295,17,YES,buy,373.09,1108.66,0.336524,912737,0x07a7af08c8bc,2025-11-29T09:22:27.938009+00:00
13399,546,20,YES,buy,445.45,952.32,0.467751,332906,0x06a7f60c8216,2025-11-29T09:22:26.108278+00:00
4898,105,18,YES,buy,26.3,38.23,0.687866,801234,0x0ed0d90be9ab,2025-11-29T09:22:22.479651+00:00
4867,102,22,NO,buy,462.36,1417.41,0.3262,354993,0x06678b035b7f,2025-11-29T09:22:22.303991+00:00
11072,427,32,YES,buy,159.52,394.95,0.403901,485965,0x07492f0f240f,2025-11-29T09:22:12.675455+00:00
13398,546,37,NO,sell,471.6,1018.35,0.463104,129611,0x0c28ce09bf8f,2025-11-29T09:22:11.108278+00:00
8424,290,42,NO,sell,11.09,16.9,0.656341,295788,0x07d6c6090099,2025-11-29T09:22:10.580940+00:00
11071,427,20,NO,sell,451.79,1223.26,0.369334,433788,0x022d6c023343,2025-11-29T09:21:55.675455+00:00
4866,102,18,NO,sell,496.62,1068.52,0.464772,257092,0x026dd70c1b10,2025-11-29T09:21:50.303991+00:00
7219,227,25,YES,buy,5.68,8.82,0.643967,216803,0x085107058601,2025-11-29T09:21:41.119583+00:00
13397,546,33,YES,sell,135.9,238.23,0.570446,383219,0x0c50690e71ff,2025-11-29T09:21:28.108278+00:00
13484,551,35,YES,buy,477.32,887.48,0.537837,75482,0x0c5efa0d1006,2025-11-29T09:21:15.417945+00:00
4865,102,19,NO,sell,420.01,787.14,0.533587,358833,0x0dc4dc0b8740,2025-11-29T09:21:01.303991+00:00
13396,546,33,NO,sell,189.19,619.47,0.305408,153192,0x028ff8086f17,2025-11-29T09:20:58.108278+00:00
4864,102,30,NO,sell,401.92,971.35,0.413775,620145,0x02823701f9ea,2025-11-29T09:20:55.303991+00:00
8532,295,26,NO,sell,97.5,183.4,0.531619,80707,0x06a21808ec73,2025-11-29T09:20:48.938009+00:00
4114,62,28,YES,sell,259.24,457.99,0.566043,721184,0x0783c303f7d5,2025-11-29T09:20:48.409400+00:00
13335,544,17,YES,sell,9.0,19.46,0.462554,17370,0x04bbb20dfbe3,2025-11-29T09:20:27.943036+00:00
4863,102,33,NO,sell,279.88,436.13,0.641741,411396,0x09a201026aec,2025-11-29T09:20:21.303991+00:00
11070,427,34,YES,buy,262.37,560.67,0.467956,673041,0x0d00370250e4,2025-11-29T09:20:17.675455+00:00
13483,551,32,NO,sell,474.05,1447.6,0.327474,515591,0x0b3061038a51,2025-11-29T09:20:14.417945+00:00
4862,102,24,YES,sell,260.89,613.88,0.424984,802123,0x07c04c09533d,2025-11-29T09:20:06.303991+00:00
4113,62,35,YES,sell,269.65,688.94,0.391397,476528,0x06f2e30ec3bb,2025-11-29T09:19:56.409400+00:00
13482,551,23,YES,buy,152.78,401.84,0.3802,811655,0x0f107b07b632,2025-11-29T09:19:53.417945+00:00
13481,551,37,YES,sell,404.28,728.13,0.55523,933291,0x09757601ae9f,2025-11-29T09:19:49.417945+00:00
13395,546,19,NO,buy,188.58,287.55,0.655814,866503,0x08cb3a01b6bf,2025-11-29T09:19:45.108278+00:00
13288,542,19,NO,buy,15.56,36.76,0.42327,705125,0x0c802a0ba84e,2025-11-29T09:19:42.774606+00:00
13480,551,33,YES,buy,320.82,622.27,0.515563,335616,0x091e5d065101,2025-11-29T09:19:06.417945+00:00
12883,523,31,YES,buy,31.85,86.88,0.366583,656931,0x03b48605bf9d,2025-11-29T09:19:04.367831+00:00
11069,427,23,YES,buy,465.08,1022.83,0.454701,73206,0x02fbe20e2f13,2025-11-29T09:18:59.675455+00:00
8531,295,35,NO,buy,140.47,238.24,0.589609,9077,0x03546201a63b,2025-11-29T09:18:54.938009+00:00
13479,551,38,YES,buy,398.53,712.15,0.559617,926798,0x087fb60b2b01,2025-11-29T09:18:54.417945+00:00
10046,374,23,NO,sell,35.36,53.66,0.658996,785092,0x06076a0865cf,2025-11-29T09:18:51.904247+00:00
11068,427,37,YES,sell,145.66,362.24,0.402104,330520,0x01b3f80cbc84,2025-11-29T09:18:47.675455+00:00
11067,427,36,NO,sell,204.31,436.26,0.468324,864993,0x0ba942079a78,2025-11-29T09:18:39.675455+00:00
13478,551,41,NO,buy,246.32,733.3,0.335908,874333,0x0d6346063def,2025-11-29T09:18:30.417945+00:00
13477,551,29,NO,sell,147.39,400.83,0.367711,987736,0x0d0a900c29b6,2025-11-29T09:18:27.417945+00:00
4861,102,42,NO,sell,273.06,871.99,0.313144,903153,0x0a6ebb0c1392,2025-11-29T09:18:26.303991+00:00
11066,427,42,YES,sell,453.22,745.98,0.607547,102239,0x0f0579076eac,2025-11-29T09:18:14.675455+00:00
13476,551,27,YES,sell,277.62,414.56,0.669667,153452,0x0d397e06411f,2025-11-29T09:18:12.417945+00:00
4112,62,31,NO,sell,292.33,619.24,0.47208,120971,0x0e37250cc11d,2025-11-29T09:18:06.409400+00:00
8530,295,25,NO,buy,256.81,379.86,0.676071,254707,0x0264600c512e,2025-11-29T09:18:02.938009+00:00
13394,546,27,NO,buy,101.7,148.17,0.686384,806443,0x0bdae80e61ee,2025-11-29T09:17:51.108278+00:00
4860,102,25,YES,buy,496.1,760.83,0.65205,472980,0x036e9907a9f9,2025-11-29T09:17:45.303991+00:00
10184,381,15,NO,sell,43.91,90.97,0.482675,867261,0x04f6700df5db,2025-11-29T09:17:41.415048+00:00
11065,427,20,NO,sell,189.27,494.94,0.382412,799447,0x0e3a0d0e95b6,2025-11-29T09:17:29.675455+00:00
8529,295,28,NO,sell,294.28,629.6,0.467408,476727,0x03dac70588dd,2025-11-29T09:17:20.938009+00:00
11064,427,16,NO,buy,189.35,481.16,0.39353,885319,0x04e63e06c389,2025-11-29T09:17:10.675455+00:00
13475,551,36,NO,sell,368.53,760.18,0.484792,254993,0x04893203c201,2025-11-29T09:17:01.417945+00:00
4111,62,17,YES,sell,342.21,640.67,0.534146,400407,0x0ceb9a06ba95,2025-11-29T09:16:49.409400+00:00
4897,105,35,NO,buy,1.15,3.03,0.38003,604779,0x066a25068ba1,2025-11-29T09:16:36.479651+00:00
4859,102,31,NO,sell,164.81,291.78,0.564837,275375,0x095eb0099a43,2025-11-29T09:16:35.303991+00:00
4110,62,36,YES,sell,379.21,794.28,0.477425,638846,0x02d18a06adfe,2025-11-29T09:16:30.409400+00:00
13393,546,34,YES,buy,375.08,635.7,0.590023,203753,0x0e679f08a3b9,2025-11-29T09:15:56.108278+00:00
13392,546,20,NO,sell,386.41,588.52,0.656579,663337,0x07731f050ead,2025-11-29T09:15:55.108278+00:00
13391,546,41,YES,buy,122.98,252.23,0.487578,730860,0x08229608c14f,2025-11-29T09:15:44.108278+00:00
4109,62,16,NO,sell,350.2,1120.78,0.31246,422126,0x0930880f1528,2025-11-29T09:15:35.409400+00:00
8528,295,28,NO,sell,439.48,1187.1,0.370214,91647,0x04beee07f403,2025-11-29T09:15:24.938009+00:00
11063,427,22,NO,sell,104.89,165.84,0.632459,405581,0x03dd380be8e1,2025-11-29T09:15:16.675455+00:00
13390,546,39,YES,sell,194.83,458.0,0.42539,993561,0x0cf57c0d8f5d,2025-11-29T09:15:12.108278+00:00
13474,551,31,NO,buy,449.13,719.99,0.623799,612687,0x07b3000db3c9,2025-11-29T09:15:04.417945+00:00
4858,102,36,NO,buy,207.16,377.14,0.549293,694193,0x0db04902c00a,2025-11-29T09:14:58.303991+00:00
8527,295,22,YES,buy,266.26,666.38,0.399564,434866,0x02eaee046654,2025-11-29T09:14:29.938009+00:00
4108,62,30,NO,sell,295.56,860.13,0.343622,992340,0x099659051217,2025-11-29T09:14:16.409400+00:00
11062,427,27,YES,buy,419.26,868.41,0.482791,821162,0x042fe704d562,2025-11-29T09:14:12.675455+00:00
4107,62,15,YES,sell,102.01,170.96,0.596687,782886,0x09f178035821,2025-11-29T09:14:07.409400+00:00
8526,295,21,NO,buy,198.66,414.91,0.478805,46851,0x0ee03704017e,2025-11-29T09:13:52.938009+00:00
10987,424,29,NO,buy,42.95,87.56,0.490502,916527,0x083cca0e67a0,2025-11-29T09:13:43.416707+00:00
4857,102,15,YES,buy,428.73,858.74,0.499254,402219,0x01f430046433,2025-11-29T09:13:40.303991+00:00
13389,546,43,YES,sell,371.83,797.91,0.466005,551273,0x0a4ec00e7cf5,2025-11-29T09:13:39.108278+00:00
13388,546,34,NO,sell,279.76,429.79,0.650918,165274,0x0e76e70e830f,2025-11-29T09:13:34.108278+00:00
13387,546,25,NO,buy,453.58,1283.89,0.353285,518064,0x0c1be90b93cf,2025-11-29T09:13:28.108278+00:00
4106,62,20,YES,buy,135.36,305.35,0.443297,618457,0x0e240a055531,2025-11-29T09:13:25.409400+00:00
4856,102,19,NO,buy,131.32,264.9,0.495737,989181,0x0538120b946e,2025-11-29T09:13:22.303991+00:00
13473,551,16,NO,buy,105.67,165.46,0.638642,792412,0x035c2f02038a,2025-11-29T09:13:16.417945+00:00
13386,546,31,NO,sell,222.68,428.25,0.519979,64721,0x0b0a61091b1d,2025-11-29T09:13:16.108278+00:00
13472,551,35,YES,sell,414.07,724.86,0.571243,455900,0x0c53c50d5233,2025-11-29T09:13:12.417945+00:00
4855,102,23,NO,sell,279.85,517.03,0.541266,537256,0x07ff39094745,2025-11-29T09:12:46.303991+00:00
11061,427,31,YES,sell,176.92,550.97,0.321104,670147,0x045d0d0969df,2025-11-29T09:12:26.675455+00:00
11060,427,36,YES,sell,230.2,390.51,0.58949,645532,0x0c4fa10b4a08,2025-11-29T09:12:19.675455+00:00
8525,295,43,YES,buy,248.61,464.63,0.53507,843610,0x06203a06f3ca,2025-11-29T09:11:52.938009+00:00
10831,413,35,NO,buy,11.38,25.78,0.441463,169252,0x0b475b05e62b,2025-11-29T09:11:48.841463+00:00
4105,62,34,YES,sell,440.53,1230.96,0.357875,263829,0x039b120a2b58,2025-11-29T09:11:42.409400+00:00
8524,295,43,NO,buy,172.75,366.58,0.471243,788659,0x01b3060b0d21,2025-11-29T09:11:32.938009+00:00
11059,427,38,NO,sell,185.31,615.07,0.301283,8187,0x01e0500c2243,2025-11-29T09:11:30.675455+00:00
4854,102,18,YES,sell,384.58,934.79,0.411407,611185,0x0cf1180dc80c,2025-11-29T09:11:30.303991+00:00
13471,551,19,YES,sell,454.91,1499.88,0.303298,666489,0x05339a040606,2025-11-29T09:11:27.417945+00:00
12393,497,15,NO,buy,21.03,56.46,0.37246,285422,0x078d610a807f,2025-11-29T09:11:26.588206+00:00
13385,546,15,NO,sell,374.18,911.61,0.41046,982884,0x0b6cbe0da354,2025-11-29T09:11:23.108278+00:00
11058,427,20,YES,buy,425.74,786.0,0.541657,826902,0x08d11101ce3f,2025-11-29T09:10:50.675455+00:00
9820,361,42,YES,buy,22.27,34.98,0.636738,23134,0x0b11fe02653b,2025-11-29T09:10:43.994549+00:00
4853,102,43,YES,buy,232.76,613.12,0.379635,886029,0x04bae70b0b95,2025-11-29T09:10:38.303991+00:00
6786,208,27,YES,buy,7.8,15.67,0.497789,873068,0x08d5750d6687,2025-11-29T09:10:29.485951+00:00
13384,546,26,NO,buy,271.96,440.65,0.617174,87957,0x0626db053011,2025-11-29T09:10:09.108278+00:00
8523,295,25,YES,buy,211.09,326.29,0.646939,503409,0x0b90e9094501,2025-11-29T09:09:58.938009+00:00
13470,551,30,YES,buy,158.02,262.73,0.601465,130436,0x03b6a4047eb0,2025-11-29T09:09:48.417945+00:00
4104,62,17,YES,buy,421.48,1071.93,0.393199,827952,0x0dea7003e301,2025-11-29T09:09:46.409400+00:00
8522,295,37,YES,sell,338.9,718.49,0.471686,305015,0x0355bc0e5ab0,2025-11-29T09:09:30.938009+00:00
8521,295,39,NO,sell,339.62,1101.33,0.308372,497061,0x0f14f003a62f,2025-11-29T09:09:27.938009+00:00
4103,62,17,YES,buy,101.24,233.59,0.433404,593002,0x038a680e1e16,2025-11-29T09:09:19.409400+00:00
11057,427,31,YES,sell,427.67,1007.77,0.424374,492153,0x03c3bd0f3f55,2025-11-29T09:09:18.675455+00:00
13383,546,27,NO,buy,432.34,1268.29,0.340884,814471,0x0a28410de968,2025-11-29T09:09:03.108278+00:00
4852,102,29,YES,buy,140.21,304.64,0.46025,778447,0x0af98c032747,2025-11-29T09:08:39.303991+00:00
13469,551,33,YES,sell,348.8,851.44,0.409657,134699,0x058be4057feb,2025-11-29T09:08:34.417945+00:00
4102,62,26,NO,buy,247.22,657.63,0.375923,865226,0x037afd0f182b,2025-11-29T09:08:20.409400+00:00
4851,102,41,NO,sell,155.3,222.02,0.699489,111280,0x09646a0c4787,2025-11-29T09:07:48.303991+00:00
8520,295,23,NO,sell,458.08,815.49,0.561726,609571,0x0edc780640e0,2025-11-29T09:07:40.938009+00:00
13382,546,37,NO,sell,449.47,1141.98,0.393588,109158,0x027dfd049090,2025-11-29T09:07:26.108278+00:00
11056,427,27,NO,buy,434.86,857.74,0.506984,253962,0x0a166305a449,2025-11-29T09:07:23.675455+00:00
13468,551,22,NO,buy,262.94,600.61,0.437786,199007,0x0590bd02ad30,2025-11-29T09:06:52.417945+00:00
4101,62,16,NO,buy,266.22,391.37,0.680222,105180,0x0f368c07542f,2025-11-29T09:06:52.409400+00:00
8519,295,44,YES,sell,98.15,220.34,0.445452,86481,0x038e720b2d14,2025-11-29T09:06:32.938009+00:00
8518,295,33,YES,sell,134.12,351.3,0.381782,422749,0x030ef9018d07,2025-11-29T09:06:26.938009+00:00
8423,290,25,YES,buy,40.31,61.84,0.6518,542616,0x080c33074d22,2025-11-29T09:06:17.580940+00:00
4100,62,38,YES,sell,355.07,560.51,0.633477,985668,0x0b6056080e44,2025-11-29T09:06:16.409400+00:00
13381,546,30,YES,sell,357.21,818.08,0.436642,961768,0x0ae49b0b607f,2025-11-29T09:06:08.108278+00:00
11055,427,39,YES,sell,440.14,970.62,0.453464,184332,0x021b3c08ff74,2025-11-29T09:06:06.675455+00:00
4850,102,29,YES,sell,202.05,314.65,0.642146,73990,0x048be30f3bf8,2025-11-29T09:05:53.303991+00:00
13467,551,34,NO,sell,419.19,949.41,0.441527,884175,0x0554e60e2685,2025-11-29T09:05:44.417945+00:00
9544,346,33,YES,sell,39.39,96.38,0.408708,325355,0x0875cd074686,2025-11-29T09:05:39.891893+00:00
8517,295,37,NO,sell,252.52,361.76,0.698041,514769,0x04812a0f3176,2025-11-29T09:05:00.938009+00:00
4099,62,19,NO,sell,235.82,346.92,0.679752,440486,0x0cab6c0a2b40,2025-11-29T09:05:00.409400+00:00
11054,427,33,NO,buy,197.51,307.24,0.642861,343770,0x0bf3320745ab,2025-11-29T09:04:57.675455+00:00
7013,218,15,YES,buy,15.19,47.49,0.319868,490066,0x0c0eb60cb340,2025-11-29T09:04:52.346890+00:00
8516,295,25,NO,buy,308.24,560.07,0.550363,874417,0x0486c6047ef6,2025-11-29T09:04:36.938009+00:00
10407,393,26,NO,buy,19.11,50.49,0.378471,943639,0x022f050298f3,2025-11-29T09:04:32.246771+00:00
13531,554,16,YES,buy,26.96,83.87,0.321459,360793,0x07783404a0e4,2025-11-29T09:04:26.649077+00:00
13487,552,32,NO,sell,14.31,31.8,0.44995,273026,0x0948ba0d9579,2025-11-29T09:04:26.492040+00:00
13466,551,25,NO,sell,208.98,544.4,0.383875,676965,0x0443020e27ed,2025-11-29T09:04:26.417945+00:00
13380,546,16,YES,sell,180.14,471.22,0.382281,299550,0x0b87db047339,2025-11-29T09:04:26.108278+00:00
13334,544,32,YES,sell,34.0,61.08,0.55666,888292,0x070d5702ad80,2025-11-29T09:04:25.943036+00:00
13287,542,36,YES,buy,9.0,14.28,0.630458,195795,0x064fe90adb0a,2025-11-29T09:04:25.774606+00:00
13059,532,41,NO,buy,9.84,19.64,0.501047,898395,0x0677ae0285ec,2025-11-29T09:04:24.992530+00:00
12927,525,25,YES,buy,24.73,47.38,0.521896,157199,0x05124e09b239,2025-11-29T09:04:24.524019+00:00
12882,523,35,YES,buy,44.54,66.76,0.667135,504485,0x056fd101ca82,2025-11-29T09:04:24.367831+00:00
12392,497,41,YES,buy,34.84,108.5,0.321112,777103,0x07e1a804622b,2025-11-29T09:04:22.588206+00:00
12102,483,21,NO,buy,31.8,62.48,0.508934,164728,0x0d8ebf02a7db,2025-11-29T09:04:21.510667+00:00
12036,479,32,YES,buy,39.62,81.03,0.488964,319033,0x027bde05a6cb,2025-11-29T09:04:21.229414+00:00
11991,477,28,NO,sell,11.72,19.0,0.6168,773175,0x03738b0cc1b7,2025-11-29T09:04:21.074147+00:00
11943,475,32,YES,sell,2.88,9.06,0.318045,496920,0x03da1b0a7efe,2025-11-29T09:04:20.904029+00:00
11391,446,18,NO,buy,15.36,30.04,0.511372,615196,0x0695c40ec916,2025-11-29T09:04:18.935996+00:00
11188,435,24,NO,buy,7.45,12.29,0.606362,934229,0x07750005868d,2025-11-29T09:04:18.183084+00:00
11053,427,33,NO,sell,349.79,621.52,0.562795,107601,0x064fb5070aff,2025-11-29T09:04:17.675455+00:00
11009,425,26,YES,buy,7.79,11.88,0.655826,817466,0x0e01b70c4a5d,2025-11-29T09:04:17.506721+00:00
10986,424,39,NO,buy,12.61,40.2,0.313656,12648,0x03e3d909796d,2025-11-29T09:04:17.416707+00:00
10939,421,43,NO,sell,49.24,83.06,0.592816,595995,0x095f0b0c77b3,2025-11-29T09:04:17.244640+00:00
10830,413,44,NO,buy,6.64,20.02,0.331594,554991,0x0d81470de0e0,2025-11-29T09:04:16.841463+00:00
10559,400,28,YES,sell,9.5,13.9,0.683649,822314,0x0edb970b0318,2025-11-29T09:04:15.826167+00:00
10471,396,18,YES,buy,14.8,35.16,0.420947,88712,0x0671dc047c08,2025-11-29T09:04:15.487751+00:00
10406,393,24,NO,sell,24.09,61.3,0.392989,504409,0x0cc5a10e66ab,2025-11-29T09:04:15.246771+00:00
10183,381,31,YES,sell,44.58,125.99,0.353846,165509,0x0c5f8903fd55,2025-11-29T09:04:14.415048+00:00
10045,374,35,NO,buy,33.75,60.77,0.555376,148381,0x076c6b0ebf7e,2025-11-29T09:04:13.904247+00:00
9908,367,16,YES,buy,13.79,42.74,0.322675,277946,0x09dec1036383,2025-11-29T09:04:13.333060+00:00
9866,363,41,YES,buy,22.15,35.95,0.616113,520865,0x0ce63b096f7c,2025-11-29T09:04:13.174625+00:00
9819,361,25,YES,buy,31.2,47.05,0.663114,593060,0x0970270a7b41,2025-11-29T09:04:12.994549+00:00
9709,354,25,NO,sell,27.49,49.56,0.554641,770652,0x0548eb0ba23b,2025-11-29T09:04:12.565450+00:00
9685,353,26,YES,sell,49.62,74.45,0.666459,245014,0x07a1240cbee7,2025-11-29T09:04:12.473959+00:00
9543,346,24,YES,sell,37.15,72.06,0.515538,503011,0x07ba3a0b9b6d,2025-11-29T09:04:11.891893+00:00
9220,328,40,YES,sell,26.25,53.03,0.495013,9688,0x0b264305858e,2025-11-29T09:04:10.646004+00:00
9045,320,41,NO,sell,35.71,67.96,0.525421,933572,0x0e8f3f01e7b1,2025-11-29T09:04:09.996666+00:00
8515,295,33,NO,buy,417.88,901.5,0.463539,247868,0x0b903f032579,2025-11-29T09:04:07.938009+00:00
8422,290,26,YES,sell,11.7,18.74,0.624319,880158,0x0cd48b05a59f,2025-11-29T09:04:07.580940+00:00
8287,283,15,NO,sell,37.81,60.41,0.625844,439794,0x0cfa6d05e053,2025-11-29T09:04:07.089637+00:00
4849,102,25,NO,buy,241.61,500.46,0.482778,721420,0x0d4dfe06849a,2025-11-29T09:04:05.303991+00:00
7784,259,21,YES,sell,39.31,80.14,0.490543,905189,0x0b85c90dce6d,2025-11-29T09:04:05.266883+00:00
7218,227,24,YES,buy,20.78,42.22,0.49216,80049,0x032ce8069104,2025-11-29T09:04:03.119583+00:00
7130,223,21,NO,buy,29.61,62.56,0.473303,637907,0x0295d50eb463,2025-11-29T09:04:02.786787+00:00
7012,218,25,YES,buy,48.83,90.46,0.539796,423000,0x040083038af1,2025-11-29T09:04:02.346890+00:00
6785,208,18,NO,buy,20.9,69.42,0.30106,892703,0x0accd90f3848,2025-11-29T09:04:01.485951+00:00
6420,188,16,NO,sell,3.22,7.31,0.440718,641442,0x0a82720c2651,2025-11-29T09:04:00.104362+00:00
6292,181,16,NO,sell,33.66,96.25,0.349729,21602,0x05901d021f9d,2025-11-29T09:03:59.634534+00:00
4920,107,43,NO,buy,14.93,21.56,0.692534,392704,0x037a4c07d524,2025-11-29T09:03:54.570755+00:00
4896,105,26,NO,sell,23.21,74.64,0.31094,673758,0x025c050bc9b0,2025-11-29T09:03:54.479651+00:00
4848,102,31,YES,sell,400.15,687.67,0.581892,43581,0x0a70a30d147f,2025-11-29T09:03:54.303991+00:00
4706,94,44,NO,buy,5.55,8.94,0.62094,102987,0x0cb4160904ae,2025-11-29T09:03:53.753751+00:00
4545,87,38,YES,sell,39.37,57.92,0.679698,534036,0x03215d04f50b,2025-11-29T09:03:53.122574+00:00
4300,75,36,YES,buy,26.28,50.46,0.520764,448080,0x06d25b0a7bc4,2025-11-29T09:03:52.236635+00:00
4280,74,15,NO,sell,18.64,45.7,0.407907,197494,0x03a55f02ec31,2025-11-29T09:03:52.164634+00:00
4098,62,19,YES,buy,207.83,418.13,0.49705,931358,0x0314b905485d,2025-11-29T09:03:51.409400+00:00
7372,236,25,YES,buy,14.45,25.88,0.55829,481333,0x0929b1067d97,2025-11-29T00:49:10.606447+00:00
7371,236,17,NO,sell,19.86,39.44,0.503588,224951,0x02bd4c0c8500,2025-11-28T23:52:06.606447+00:00
7370,236,38,YES,sell,13.51,41.28,0.327255,286148,0x060910028244,2025-11-28T23:35:25.606447+00:00
7369,236,35,YES,buy,11.62,22.8,0.509569,670958,0x09add40ac255,2025-11-28T22:43:33.606447+00:00
9112,322,20,NO,sell,19.91,29.1,0.684166,460542,0x04e41f064b76,2025-11-28T22:08:32.160740+00:00
9589,347,21,YES,sell,33.82,109.64,0.308454,227239,0x0289f304ac36,2025-11-28T21:56:54.994624+00:00
7368,236,24,NO,buy,24.28,39.49,0.614833,725485,0x0a03f20cf8e2,2025-11-28T21:55:02.606447+00:00
10558,399,20,NO,sell,18.71,55.99,0.334138,355682,0x0c2ae107d709,2025-11-28T21:53:24.744888+00:00
9588,347,17,NO,sell,31.04,60.62,0.512065,535380,0x09362c0b8624,2025-11-28T21:47:03.994624+00:00
9111,322,19,YES,buy,8.24,13.83,0.595658,550987,0x076492027b15,2025-11-28T21:39:51.160740+00:00
4474,83,18,NO,sell,33.26,48.73,0.682476,5548,0x03ae180981d3,2025-11-28T21:38:05.784706+00:00
7367,236,17,YES,sell,3.45,6.15,0.561234,114541,0x018a5e02c3d7,2025-11-28T21:32:13.606447+00:00
8241,280,28,NO,buy,9.05,18.12,0.499484,790012,0x0ef9f00e3ccb,2025-11-28T21:20:13.834652+00:00
9356,334,29,YES,sell,5.02,13.35,0.375953,636447,0x0240c10810d9,2025-11-28T21:19:17.079058+00:00
9956,368,30,YES,sell,28.19,83.33,0.338304,499140,0x05448a0d2cc1,2025-11-28T21:18:31.434762+00:00
5396,131,33,NO,buy,32.61,49.61,0.657288,45702,0x0b71a308a336,2025-11-28T21:14:14.259939+00:00
5395,131,29,NO,sell,8.26,19.98,0.413369,409346,0x0372a90a8da0,2025-11-28T21:13:19.259939+00:00
5394,131,24,YES,sell,19.0,46.33,0.410073,839708,0x07b2f20cb035,2025-11-28T21:05:50.259939+00:00
9587,347,36,NO,buy,17.81,48.09,0.370373,408054,0x021a63031c92,2025-11-28T21:05:30.994624+00:00
4473,83,29,YES,sell,6.28,13.48,0.465788,705791,0x0ba8600eece2,2025-11-28T20:57:44.784706+00:00
9110,322,26,NO,buy,21.9,35.48,0.617282,458898,0x0adf900cf251,2025-11-28T20:55:02.160740+00:00
7763,257,37,NO,buy,2.27,6.22,0.36517,50372,0x02d4650664dd,2025-11-28T20:53:59.113594+00:00
10557,399,19,NO,buy,39.08,85.53,0.456941,816074,0x0ac808048705,2025-11-28T20:53:36.744888+00:00
10089,375,18,YES,buy,3.94,10.81,0.364376,529254,0x0b414e01eec3,2025-11-28T20:50:08.988389+00:00
5393,131,36,YES,buy,26.06,44.94,0.579851,504805,0x04bb430924f8,2025-11-28T20:45:53.259939+00:00
11634,457,25,NO,buy,12.09,27.92,0.432958,223163,0x051581098cee,2025-11-28T20:44:57.752148+00:00
4472,83,37,NO,buy,13.46,35.57,0.378369,412981,0x0375330f2936,2025-11-28T20:42:51.784706+00:00
10182,380,36,YES,buy,36.09,57.12,0.631809,673078,0x0585fe05cc66,2025-11-28T20:41:16.321280+00:00
10556,399,37,NO,buy,10.08,28.07,0.359082,366226,0x0e5552069265,2025-11-28T20:37:11.744888+00:00
5754,149,28,NO,sell,19.48,39.26,0.496186,338132,0x0962bd0331e9,2025-11-28T20:33:15.580897+00:00
7366,236,23,YES,buy,43.49,121.4,0.358229,801690,0x0b78d4077078,2025-11-28T20:32:52.606447+00:00
10088,375,29,YES,sell,45.49,88.96,0.511345,76916,0x0b6c3d042880,2025-11-28T20:32:31.988389+00:00
8240,280,40,YES,sell,26.49,81.68,0.324308,789334,0x0ba14e09b840,2025-11-28T20:30:00.834652+00:00
9109,322,42,YES,sell,49.21,92.53,0.531829,998429,0x0d9b240a45c2,2025-11-28T20:28:55.160740+00:00
9955,368,33,YES,buy,20.69,41.71,0.496033,194904,0x059b660ad0e3,2025-11-28T20:28:50.434762+00:00
11744,462,38,NO,sell,26.88,50.61,0.531078,640150,0x04849e048f39,2025-11-28T20:28:33.144370+00:00
8239,280,36,NO,buy,41.77,69.65,0.599705,469732,0x0f02a701dd5b,2025-11-28T20:26:39.834652+00:00
9355,334,25,NO,buy,22.43,57.99,0.38677,35851,0x0b6eec077611,2025-11-28T20:26:36.079058+00:00
9379,335,36,YES,sell,14.34,25.86,0.554421,662307,0x0e0f8b0b53ba,2025-11-28T20:26:24.154967+00:00
8238,280,24,NO,buy,48.78,80.31,0.607414,15545,0x018b640ecaa7,2025-11-28T20:13:36.834652+00:00
9954,368,15,YES,buy,39.04,70.11,0.556875,242022,0x0e1ea50d5741,2025-11-28T20:09:45.434762+00:00
9586,347,18,NO,buy,47.3,100.35,0.471331,897039,0x06dd5901df89,2025-11-28T20:08:15.994624+00:00
9108,322,15,YES,buy,25.75,54.5,0.472437,701173,0x04941306bf7d,2025-11-28T20:08:05.160740+00:00
7762,257,17,NO,sell,17.57,43.76,0.401488,809964,0x0ab55c050235,2025-11-28T20:06:42.113594+00:00
4984,110,38,NO,buy,6.99,15.91,0.43946,505550,0x023da4083503,2025-11-28T20:05:58.736724+00:00
7365,236,44,NO,sell,43.96,81.44,0.539758,389467,0x01e9090a85c5,2025-11-28T20:04:05.606447+00:00
10272,385,19,NO,buy,15.45,39.79,0.388262,699090,0x0276e20ca758,2025-11-28T20:03:53.676440+00:00
10087,375,23,NO,sell,6.67,14.75,0.452312,65284,0x0e2d7207d237,2025-11-28T20:03:00.988389+00:00
9354,334,37,NO,buy,34.84,55.96,0.622566,778680,0x075be304a89b,2025-11-28T19:59:41.079058+00:00
5528,139,35,NO,buy,2.24,5.02,0.446275,703586,0x08fbab0ddb98,2025-11-28T19:58:00.727017+00:00
5392,131,41,NO,buy,22.19,40.02,0.554479,859311,0x047b9903caf8,2025-11-28T19:54:54.259939+00:00
11633,457,26,NO,sell,45.34,66.48,0.681988,956993,0x0d29350d4372,2025-11-28T19:54:37.752148+00:00
9107,322,32,YES,buy,13.8,45.78,0.30144,422880,0x053de3071493,2025-11-28T19:52:35.160740+00:00
5753,149,32,NO,buy,14.85,41.93,0.35419,308189,0x0dbe0304b1cd,2025-11-28T19:50:20.580897+00:00
10555,399,34,NO,buy,20.1,51.14,0.393028,738922,0x03aae00c8ed6,2025-11-28T19:48:30.744888+00:00
10271,385,25,YES,buy,2.15,5.02,0.428067,769085,0x0f21a40d263d,2025-11-28T19:48:22.676440+00:00
9174,325,15,NO,buy,36.23,82.52,0.43907,351994,0x0a7d720dfae5,2025-11-28T19:47:40.396637+00:00
10181,380,25,NO,buy,33.8,62.44,0.541287,901364,0x0b69d70309a8,2025-11-28T19:47:34.321280+00:00
4471,83,35,NO,sell,35.4,111.21,0.318311,148271,0x042701096796,2025-11-28T19:46:35.784706+00:00
9953,368,29,YES,buy,29.88,78.51,0.380569,321370,0x0d6fcb01a2f1,2025-11-28T19:46:25.434762+00:00
8237,280,41,YES,buy,41.62,74.5,0.558635,67246,0x074d4f08e038,2025-11-28T19:45:28.834652+00:00
9378,335,16,YES,buy,18.12,29.56,0.612939,914496,0x0de3fb064643,2025-11-28T19:42:21.154967+00:00
11743,462,35,YES,sell,18.07,43.1,0.419268,589386,0x079a2806024f,2025-11-28T19:38:22.144370+00:00
10829,412,40,NO,sell,4.59,8.43,0.544596,480128,0x075f680c4719,2025-11-28T19:37:49.764822+00:00
9353,334,40,NO,buy,49.13,86.42,0.568503,519881,0x06647501a3e5,2025-11-28T19:37:03.079058+00:00
5391,131,24,NO,sell,49.15,78.25,0.628108,574276,0x0efe500f16eb,2025-11-28T19:36:58.259939+00:00
12722,515,42,NO,sell,1.3,2.55,0.509206,474756,0x0776050f37e3,2025-11-28T19:35:14.719695+00:00
9952,368,28,YES,buy,13.83,36.58,0.378059,90531,0x03065f09c94e,2025-11-28T19:33:17.434762+00:00
10180,380,30,NO,sell,19.93,29.26,0.681058,558240,0x0265480c8149,2025-11-28T19:32:54.321280+00:00
9106,322,26,NO,sell,19.03,58.42,0.32577,173162,0x0a27020b5521,2025-11-28T19:30:42.160740+00:00
5390,131,21,YES,sell,2.21,4.4,0.502322,972027,0x07c6fd026a94,2025-11-28T19:28:30.259939+00:00
5527,139,41,NO,sell,25.01,40.63,0.615586,586005,0x0c7de4037320,2025-11-28T19:28:07.727017+00:00
9585,347,23,YES,sell,25.06,53.54,0.46803,68769,0x0621f80a8dcc,2025-11-28T19:28:04.994624+00:00
10554,399,29,YES,sell,39.11,90.59,0.431724,508410,0x038eea047f29,2025-11-28T19:23:48.744888+00:00
7364,236,38,YES,buy,19.68,30.72,0.640729,266493,0x0bc4890c5c59,2025-11-28T19:22:31.606447+00:00
10828,412,19,YES,buy,42.22,77.34,0.545899,212638,0x0189970355a4,2025-11-28T19:21:46.764822+00:00
9173,325,31,NO,buy,13.65,20.01,0.682113,655857,0x0ad88b028cb1,2025-11-28T19:19:54.396637+00:00
5526,139,25,YES,buy,47.81,70.5,0.678196,746902,0x0edd1205f83c,2025-11-28T19:18:12.727017+00:00
10086,375,18,NO,sell,7.87,22.34,0.352281,878423,0x06564807a33c,2025-11-28T19:12:22.988389+00:00
10553,399,41,YES,buy,13.88,25.24,0.549988,759305,0x05394f07d499,2025-11-28T19:11:34.744888+00:00
5389,131,37,YES,buy,4.29,11.88,0.361209,102568,0x03766109d7d1,2025-11-28T19:11:28.259939+00:00
4983,110,33,NO,buy,46.9,111.12,0.422066,192970,0x060fc404f9a5,2025-11-28T19:09:53.736724+00:00
9377,335,30,YES,buy,15.92,37.02,0.430083,103004,0x09af880d6d3b,2025-11-28T19:09:07.154967+00:00
7761,257,24,YES,buy,1.21,2.72,0.444835,343120,0x055ad90e6180,2025-11-28T19:08:26.113594+00:00
7783,258,15,NO,sell,36.45,61.62,0.591566,753697,0x0470140becd6,2025-11-28T19:04:49.193963+00:00
11632,457,35,NO,sell,12.92,27.26,0.473884,507446,0x0c272a07a29e,2025-11-28T19:02:33.752148+00:00
11631,457,43,YES,sell,33.28,52.63,0.632292,259497,0x0e08fe0a5670,2025-11-28T19:02:15.752148+00:00
5752,149,40,YES,buy,33.51,78.25,0.428221,604022,0x09f6990a88a8,2025-11-28T19:02:14.580897+00:00
10179,380,34,NO,sell,34.77,52.76,0.659016,559532,0x0eed96061f41,2025-11-28T19:00:02.321280+00:00
9352,334,40,NO,buy,14.62,26.34,0.555004,752491,0x0a623c02f98f,2025-11-28T18:56:36.079058+00:00
10178,380,16,NO,sell,45.3,107.01,0.423306,446613,0x05d5bd0e0604,2025-11-28T18:56:25.321280+00:00
9105,322,20,NO,buy,34.57,86.36,0.400282,956709,0x0d3e4e030ae5,2025-11-28T18:56:17.160740+00:00
8236,280,28,NO,sell,36.67,102.04,0.359361,955796,0x086973074b95,2025-11-28T18:56:14.834652+00:00
10085,375,21,YES,sell,2.19,5.23,0.418706,696669,0x0a6ce60f3e3c,2025-11-28T18:56:09.988389+00:00
10270,385,16,YES,buy,21.79,53.58,0.406655,884309,0x0efcdd06269e,2025-11-28T18:55:56.676440+00:00
9584,347,18,NO,sell,11.97,24.02,0.498292,714831,0x0e054f08ff99,2025-11-28T18:52:02.994624+00:00
4470,83,26,NO,buy,5.77,10.24,0.563564,373390,0x018f9f06fcd2,2025-11-28T18:49:46.784706+00:00
9376,335,42,YES,buy,39.64,86.65,0.457497,424047,0x0a864e0501a5,2025-11-28T18:48:58.154967+00:00
11742,462,27,YES,buy,42.01,101.31,0.414688,881493,0x0bbd9c0200c5,2025-11-28T18:46:45.144370+00:00
11681,459,21,NO,buy,18.9,38.47,0.491302,948345,0x021042044b2a,2025-11-28T18:45:51.914892+00:00
9172,325,19,YES,buy,42.63,70.67,0.603256,890051,0x0b81ae0bc98b,2025-11-28T18:43:17.396637+00:00
5525,139,32,NO,sell,38.92,66.82,0.582498,880387,0x0734ab068399,2025-11-28T18:42:24.727017+00:00
12721,515,34,YES,sell,6.35,9.95,0.638423,582146,0x07a39d0659a2,2025-11-28T18:41:15.719695+00:00
10827,412,39,NO,sell,38.75,68.18,0.568338,946427,0x0660cd0b33da,2025-11-28T18:38:18.764822+00:00
9951,368,23,NO,buy,46.45,74.37,0.62461,802217,0x08d8970501a0,2025-11-28T18:37:56.434762+00:00
10084,375,30,NO,buy,40.56,89.48,0.453274,730529,0x0791110ce848,2025-11-28T18:37:43.988389+00:00
10552,399,26,YES,sell,46.09,81.44,0.565917,839260,0x01eee30af551,2025-11-28T18:36:51.744888+00:00
9152,324,32,YES,buy,10.46,20.64,0.506703,671467,0x04e5ad098b02,2025-11-28T18:36:44.321466+00:00
7782,258,33,YES,sell,47.88,105.91,0.45209,778669,0x0f421a071b9d,2025-11-28T18:36:12.193963+00:00
9151,324,27,YES,sell,42.71,69.11,0.617971,156168,0x05bd2b032eb6,2025-11-28T18:36:07.321466+00:00
7363,236,27,YES,buy,46.99,81.5,0.576535,523993,0x0b35bc08036f,2025-11-28T18:32:57.606447+00:00
9104,322,17,YES,buy,7.84,13.03,0.601467,897841,0x018a9f0dc129,2025-11-28T18:29:23.160740+00:00
5751,149,19,YES,sell,10.23,22.16,0.461714,962135,0x07424f0276bf,2025-11-28T18:29:17.580897+00:00
5206,122,41,NO,buy,24.22,39.5,0.613087,766939,0x032cc70cbe83,2025-11-28T18:28:52.574204+00:00
5388,131,35,YES,sell,31.78,54.08,0.587657,509512,0x01a10c0e6a6e,2025-11-28T18:28:44.259939+00:00
5524,139,19,NO,sell,33.58,77.94,0.430836,123994,0x0988290daf9d,2025-11-28T18:25:48.727017+00:00
9950,368,24,NO,buy,28.23,46.07,0.612699,490987,0x08710a029354,2025-11-28T18:23:46.434762+00:00
10269,385,43,YES,sell,47.53,79.8,0.595587,317897,0x0a9ee307f66e,2025-11-28T18:22:45.676440+00:00
7781,258,33,YES,sell,25.84,63.44,0.407345,796042,0x0c692201ebea,2025-11-28T18:22:10.193963+00:00
5523,139,34,YES,buy,9.08,13.97,0.649846,940475,0x06b30402c53e,2025-11-28T18:22:05.727017+00:00
5140,118,44,NO,buy,39.98,92.31,0.43312,804562,0x051b550abdce,2025-11-28T18:21:05.344377+00:00
12720,515,44,YES,sell,33.95,54.5,0.622932,966335,0x0c248307539a,2025-11-28T18:19:58.719695+00:00
11680,459,34,YES,buy,25.51,77.14,0.330681,942916,0x02d85f041b89,2025-11-28T18:17:59.914892+00:00
4982,110,26,NO,sell,15.86,32.08,0.49437,150044,0x0e2f6503cfd1,2025-11-28T18:16:13.736724+00:00
11679,459,34,YES,buy,27.69,54.6,0.507116,592106,0x0dde6e096d05,2025-11-28T18:15:50.914892+00:00
8235,280,39,YES,buy,37.99,82.15,0.462472,64336,0x0aac840ae50f,2025-11-28T18:14:07.834652+00:00
11741,462,21,YES,buy,42.98,67.0,0.641507,628620,0x05256305e3a5,2025-11-28T18:12:33.144370+00:00
7760,257,44,YES,buy,38.86,86.89,0.447223,528942,0x0537f10d9f39,2025-11-28T18:11:47.113594+00:00
5139,118,39,NO,buy,36.24,63.99,0.566373,698802,0x0c4168037ed5,2025-11-28T18:11:39.344377+00:00
11630,457,16,YES,sell,42.15,66.0,0.638644,53841,0x03d8c80d45fc,2025-11-28T18:10:46.752148+00:00
9103,322,42,YES,buy,40.03,110.58,0.362007,998638,0x0d1bbc0aad2c,2025-11-28T18:10:04.160740+00:00
9150,324,39,NO,sell,20.84,30.73,0.678252,230765,0x089b0903afff,2025-11-28T18:09:05.321466+00:00
10177,380,40,NO,buy,1.23,1.78,0.689237,600945,0x070b8e036220,2025-11-28T18:08:59.321280+00:00
4981,110,34,NO,buy,6.92,13.09,0.528706,161751,0x022b9e09e3eb,2025-11-28T18:08:01.736724+00:00
9351,334,18,YES,sell,22.66,59.43,0.381319,809081,0x0a581e0ef7f2,2025-11-28T18:06:57.079058+00:00
9171,325,19,NO,sell,40.65,70.37,0.577696,70914,0x0a50370ed626,2025-11-28T18:05:21.396637+00:00
4469,83,41,YES,sell,17.27,28.45,0.606967,752470,0x0b2006091894,2025-11-28T18:04:45.784706+00:00
9949,368,40,NO,buy,25.9,47.23,0.548328,137167,0x0d8af20c4303,2025-11-28T18:04:24.434762+00:00
5750,149,44,NO,sell,47.26,83.28,0.567482,259182,0x0292c306f07b,2025-11-28T18:04:10.580897+00:00
11740,462,38,NO,buy,23.33,38.65,0.603618,974759,0x04c2dd030c69,2025-11-28T18:03:23.144370+00:00
9375,335,27,NO,sell,31.57,72.94,0.432813,776004,0x0be970071932,2025-11-28T18:01:18.154967+00:00
4468,83,35,NO,buy,33.08,68.56,0.482483,866401,0x06fac30756e0,2025-11-28T18:00:53.784706+00:00
4980,110,31,YES,buy,23.32,74.49,0.313043,388272,0x04090a0a7865,2025-11-28T17:59:45.736724+00:00
9170,325,16,NO,sell,22.54,43.15,0.522373,472076,0x0cf2a9083d38,2025-11-28T17:57:39.396637+00:00
12719,515,39,YES,sell,11.52,19.24,0.598604,215861,0x06e1e8021c4f,2025-11-28T17:57:24.719695+00:00
9583,347,24,YES,sell,3.26,4.76,0.684202,418441,0x0b2d280ed294,2025-11-28T17:57:08.994624+00:00
10268,385,28,YES,sell,48.94,137.04,0.357134,468347,0x0c14cf080e6f,2025-11-28T17:53:52.676440+00:00
7362,236,42,YES,buy,49.65,128.96,0.385007,709517,0x0f1c9908bf64,2025-11-28T17:53:27.606447+00:00
9977,369,41,NO,sell,39.27,59.28,0.662477,371719,0x09a41f05e234,2025-11-28T17:49:30.526670+00:00
9169,325,27,NO,sell,9.87,21.27,0.464072,74551,0x0675060dbcae,2025-11-28T17:49:23.396637+00:00
10176,380,21,NO,buy,14.39,38.38,0.374893,717772,0x0b74eb0bdaae,2025-11-28T17:49:20.321280+00:00
9149,324,27,NO,sell,17.15,25.47,0.673373,503124,0x0d984904db08,2025-11-28T17:48:52.321466+00:00
5138,118,20,YES,buy,22.31,38.05,0.586306,947495,0x0416f206bff8,2025-11-28T17:45:19.344377+00:00
10826,412,38,YES,buy,18.11,38.79,0.466894,139942,0x0e7885041dd0,2025-11-28T17:45:17.764822+00:00
5205,122,38,YES,buy,14.78,42.72,0.346008,260369,0x05be0b0cbdbd,2025-11-28T17:43:13.574204+00:00
5387,131,31,YES,buy,26.3,50.11,0.52482,235402,0x09736403b554,2025-11-28T17:42:27.259939+00:00
9168,325,31,NO,sell,40.29,70.56,0.570972,617765,0x0850bc0abea1,2025-11-28T17:42:20.396637+00:00
10083,375,31,YES,buy,5.44,14.97,0.363335,63301,0x0aa02f02461d,2025-11-28T17:40:16.988389+00:00
10551,399,24,YES,sell,9.52,14.28,0.666622,648034,0x02e4b80e099d,2025-11-28T17:40:06.744888+00:00
7780,258,25,NO,buy,26.08,42.33,0.6161,407219,0x03f3fd043047,2025-11-28T17:35:22.193963+00:00
5749,149,20,YES,sell,10.46,28.89,0.362101,984373,0x0b564206ec9a,2025-11-28T17:32:58.580897+00:00
9350,334,22,YES,sell,31.44,55.32,0.568284,447017,0x0d54cd072542,2025-11-28T17:32:40.079058+00:00
5204,122,28,NO,sell,14.83,44.53,0.333046,648614,0x08639c057d65,2025-11-28T17:32:39.574204+00:00
5203,122,26,YES,buy,3.55,5.62,0.631934,774253,0x0866880b144a,2025-11-28T17:31:57.574204+00:00
12718,515,38,YES,buy,3.61,7.4,0.487911,502078,0x0a215908536d,2025-11-28T17:31:05.719695+00:00
9102,322,23,NO,sell,37.85,65.48,0.578026,101645,0x08232009f39e,2025-11-28T17:30:57.160740+00:00
5137,118,29,YES,sell,47.8,96.98,0.492867,256177,0x0a2d3305615b,2025-11-28T17:30:43.344377+00:00
7348,235,24,NO,buy,2.06,4.45,0.462718,7095,0x03bc3d069076,2025-11-28T17:30:25.519458+00:00
11739,462,32,YES,sell,49.54,74.6,0.664068,123770,0x05c56b0ab7d2,2025-11-28T17:29:57.144370+00:00
8963,314,36,YES,sell,16.23,28.87,0.56216,25473,0x032fb809f2bf,2025-11-28T17:29:55.582276+00:00
11738,462,30,YES,buy,22.49,37.37,0.601801,416491,0x06398f067646,2025-11-28T17:28:27.144370+00:00
5522,139,42,NO,buy,9.24,15.06,0.613346,975700,0x04fd2d02fcbf,2025-11-28T17:27:05.727017+00:00
11678,459,28,YES,buy,23.18,69.37,0.334161,333554,0x0a7fa8039ed7,2025-11-28T17:26:29.914892+00:00
11629,457,36,NO,buy,2.56,5.15,0.496647,383458,0x09c4840e6b4c,2025-11-28T17:26:23.752148+00:00
9148,324,18,NO,sell,42.85,140.98,0.303954,269645,0x04bb800ce2e3,2025-11-28T17:24:22.321466+00:00
8234,280,25,YES,buy,17.38,51.43,0.337923,682366,0x02e91e0d8a93,2025-11-28T17:24:19.834652+00:00
10825,412,43,YES,buy,49.18,127.4,0.386032,828811,0x0581dd066a99,2025-11-28T17:22:24.764822+00:00
7925,264,42,YES,sell,16.35,24.66,0.662981,849240,0x0b0dde04aea5,2025-11-28T17:22:06.689504+00:00
5202,122,25,NO,sell,7.44,10.89,0.683071,133250,0x0e359301dd43,2025-11-28T17:21:10.574204+00:00
8962,314,25,YES,buy,5.27,15.71,0.335441,409336,0x062e6903992e,2025-11-28T17:18:29.582276+00:00
4467,83,27,NO,buy,28.3,94.31,0.300068,634553,0x02faee0e31c4,2025-11-28T17:18:28.784706+00:00
9948,368,30,YES,sell,19.3,40.77,0.473428,50534,0x09d4c909ff84,2025-11-28T17:17:58.434762+00:00
12168,485,44,YES,buy,46.3,148.89,0.310978,450897,0x0ee1240d1de9,2025-11-28T17:17:25.676889+00:00
9374,335,30,YES,sell,43.83,82.97,0.528272,972875,0x0c6f28021ebd,2025-11-28T17:16:43.154967+00:00
7826,260,24,YES,sell,43.14,78.57,0.549054,520472,0x08ecc709d401,2025-11-28T17:14:54.351266+00:00
8233,280,36,NO,sell,1.23,2.52,0.487502,664248,0x0a7e7803763d,2025-11-28T17:14:07.834652+00:00
7759,257,38,YES,sell,18.98,46.23,0.410538,907849,0x01b17c03ca79,2025-11-28T17:14:04.113594+00:00
5201,122,30,NO,buy,21.63,41.59,0.520049,750019,0x0e52b00c6f04,2025-11-28T17:12:19.574204+00:00
4979,110,38,NO,buy,8.07,23.0,0.35085,136670,0x0ce77f08d96a,2025-11-28T17:11:30.736724+00:00
4466,83,17,NO,sell,16.49,23.82,0.692268,19632,0x0d731f0bfad7,2025-11-28T17:11:18.784706+00:00
9132,323,18,NO,buy,13.48,25.44,0.529964,268877,0x069831073c35,2025-11-28T17:09:55.250441+00:00
8899,311,15,NO,buy,18.69,49.32,0.378955,295662,0x0b425c09e059,2025-11-28T17:07:27.352715+00:00
7779,258,30,NO,sell,44.17,99.3,0.444823,369148,0x0c4dbc0d6ab0,2025-11-28T17:06:39.193963+00:00
9349,334,20,YES,sell,18.43,38.44,0.479456,304719,0x040f2e070e55,2025-11-28T17:06:10.079058+00:00
10267,385,23,YES,buy,37.55,115.6,0.32484,373335,0x0d88670769c6,2025-11-28T17:03:16.676440+00:00
12717,515,29,NO,sell,4.39,7.38,0.594746,260304,0x05199d0cb7ae,2025-11-28T17:02:37.719695+00:00
9582,347,29,NO,sell,13.95,37.81,0.368992,864834,0x0dd9aa0b207e,2025-11-28T17:02:05.994624+00:00
7361,236,15,YES,sell,25.67,63.01,0.407369,266423,0x07baa30e997e,2025-11-28T17:00:30.606447+00:00
5200,122,16,YES,sell,21.63,50.01,0.432485,699566,0x020815041743,2025-11-28T16:58:34.574204+00:00
10824,412,18,NO,buy,19.85,46.1,0.430543,309161,0x0f24ef0a8a8b,2025-11-28T16:57:44.764822+00:00
5748,149,44,YES,sell,46.82,136.46,0.34311,619771,0x0c745304699c,2025-11-28T16:57:25.580897+00:00
5386,131,41,NO,sell,34.84,53.95,0.645726,614015,0x03780d0d5f9a,2025-11-28T16:56:15.259939+00:00
10175,380,34,YES,buy,6.09,10.54,0.577825,134917,0x0a8517034e2e,2025-11-28T16:55:54.321280+00:00
9167,325,28,NO,buy,2.55,3.97,0.642195,110129,0x041c520e6862,2025-11-28T16:55:26.396637+00:00
5747,149,43,NO,buy,25.86,41.33,0.625745,653300,0x08a5c70202e7,2025-11-28T16:54:37.580897+00:00
11677,459,33,NO,buy,43.5,75.99,0.572414,230323,0x078a650374a2,2025-11-28T16:54:05.914892+00:00
9947,368,32,NO,buy,27.89,87.67,0.318139,701339,0x064c1b0a472b,2025-11-28T16:52:50.434762+00:00
9976,369,43,NO,sell,46.64,117.34,0.397473,778348,0x0578a80922cb,2025-11-28T16:52:23.526670+00:00
9147,324,24,NO,sell,29.05,73.99,0.392602,76206,0x033dcd0c984c,2025-11-28T16:52:01.321466+00:00
9946,368,27,NO,buy,20.82,53.04,0.392558,20748,0x0bb8230d24f2,2025-11-28T16:51:44.434762+00:00
7347,235,31,NO,sell,29.85,82.03,0.363897,842135,0x05fc1b0e8d5d,2025-11-28T16:50:49.519458+00:00
7360,236,40,NO,buy,1.21,3.7,0.326945,866537,0x03bd2d0e39ed,2025-11-28T16:50:00.606447+00:00
5385,131,16,YES,buy,14.24,20.5,0.694469,624210,0x033d1806dc92,2025-11-28T16:49:27.259939+00:00
10550,399,34,YES,buy,47.05,79.42,0.592385,149173,0x09b2b204f442,2025-11-28T16:48:36.744888+00:00
9101,322,38,YES,buy,32.0,103.28,0.309834,362279,0x0c7a750a6e16,2025-11-28T16:46:19.160740+00:00
8961,314,37,YES,sell,11.36,26.86,0.422902,18921,0x09039007cf84,2025-11-28T16:45:08.582276+00:00
11628,457,44,NO,sell,38.84,106.09,0.36612,360909,0x0453db0c0c45,2025-11-28T16:44:21.752148+00:00
12716,515,17,NO,sell,10.1,19.78,0.510725,808392,0x0978d80b1a0b,2025-11-28T16:43:02.719695+00:00
5746,149,21,NO,buy,43.73,65.75,0.665046,602866,0x0b1f12078337,2025-11-28T16:42:23.580897+00:00
10082,375,18,YES,buy,32.92,99.73,0.330094,667411,0x07b4bb02ce86,2025-11-28T16:41:00.988389+00:00
4465,83,22,NO,sell,41.04,123.79,0.331532,601870,0x08a2050e5897,2025-11-28T16:40:33.784706+00:00
10549,399,31,NO,sell,13.74,27.51,0.499498,919548,0x0830f70d6382,2025-11-28T16:39:51.744888+00:00
5199,122,38,NO,buy,18.6,28.69,0.648206,199775,0x04b389034be9,2025-11-28T16:38:58.574204+00:00
4978,110,32,NO,sell,29.63,53.43,0.554584,977261,0x0891310c8cd7,2025-11-28T16:37:55.736724+00:00
9975,369,26,NO,sell,4.65,10.0,0.465154,676719,0x0a4e6d058ac0,2025-11-28T16:37:15.526670+00:00
11737,462,40,YES,buy,27.0,78.54,0.343761,801947,0x0c3ae7024d15,2025-11-28T16:37:01.144370+00:00
5521,139,35,NO,sell,29.21,45.54,0.64136,847514,0x0b33c805f630,2025-11-28T16:36:36.727017+00:00
8232,280,39,NO,buy,12.82,18.31,0.699996,307595,0x0c3b47094063,2025-11-28T16:35:46.834652+00:00
7758,257,42,NO,buy,20.67,68.58,0.301379,445012,0x0450470355ce,2025-11-28T16:34:54.113594+00:00
9146,324,44,YES,sell,24.92,72.88,0.341909,507779,0x0b5ac0025b8f,2025-11-28T16:34:35.321466+00:00
9166,325,18,YES,buy,15.37,44.71,0.343802,927581,0x0c51150979fa,2025-11-28T16:33:51.396637+00:00
9373,335,24,NO,sell,2.66,4.78,0.556289,137443,0x0aeba203baf7,2025-11-28T16:33:49.154967+00:00
7346,235,30,NO,sell,16.39,27.29,0.600548,431684,0x0b57e90908b8,2025-11-28T16:32:54.519458+00:00
7825,260,22,NO,sell,24.52,37.56,0.652747,201560,0x05a6e9064769,2025-11-28T16:31:22.351266+00:00
5136,118,40,YES,buy,25.4,75.86,0.334836,576402,0x0ed7f20c4b7c,2025-11-28T16:30:50.344377+00:00
7924,264,15,YES,sell,40.1,132.97,0.301571,510908,0x02acc808a35c,2025-11-28T16:29:42.689504+00:00
7778,258,37,NO,sell,21.26,61.28,0.346947,508633,0x033ef4025871,2025-11-28T16:27:10.193963+00:00
9145,324,31,NO,buy,17.39,55.9,0.311093,585155,0x0690ac03699e,2025-11-28T16:25:52.321466+00:00
10081,375,29,NO,sell,18.97,27.28,0.695459,571119,0x0cd78301ecc6,2025-11-28T16:23:55.988389+00:00
11676,459,44,YES,sell,16.28,35.15,0.463215,407308,0x07cbfe0a746a,2025-11-28T16:23:15.914892+00:00
7923,264,31,NO,buy,23.9,36.25,0.659273,848379,0x05781c0802ae,2025-11-28T16:22:16.689504+00:00
12715,515,44,YES,buy,16.25,42.72,0.380341,528689,0x0b22b30447b9,2025-11-28T16:21:20.719695+00:00
12167,485,21,NO,buy,1.06,2.35,0.451426,490918,0x0d43040a512c,2025-11-28T16:19:22.676889+00:00
12166,485,35,YES,sell,14.33,25.8,0.555414,691263,0x02da7b09a5c1,2025-11-28T16:19:02.676889+00:00
9100,322,27,YES,sell,29.42,60.65,0.485077,505786,0x0d4c9c058a76,2025-11-28T16:17:38.160740+00:00
9348,334,27,YES,buy,34.63,112.84,0.306887,243559,0x0896c60b5201,2025-11-28T16:17:30.079058+00:00
9131,323,28,NO,buy,13.38,30.69,0.435927,209876,0x0515790c09ef,2025-11-28T16:16:46.250441+00:00
8960,314,15,YES,sell,38.61,69.81,0.553069,402674,0x0b6def0ba644,2025-11-28T16:15:56.582276+00:00
7345,235,19,NO,buy,49.68,116.52,0.426369,848038,0x070d7d050e3b,2025-11-28T16:15:45.519458+00:00
10266,385,20,NO,buy,34.2,76.41,0.447593,701439,0x0e5aa60bb028,2025-11-28T16:14:51.676440+00:00
5198,122,32,NO,buy,49.48,87.96,0.562512,147668,0x088e3a041d7f,2025-11-28T16:14:40.574204+00:00
10823,412,25,NO,buy,10.27,17.35,0.591816,163868,0x0d0c1201f8f6,2025-11-28T16:13:40.764822+00:00
10080,375,23,NO,buy,49.56,100.02,0.495486,364402,0x0ab234050b3b,2025-11-28T16:11:16.988389+00:00
9581,347,22,NO,sell,40.74,78.93,0.516122,197503,0x0e221b0bb496,2025-11-28T16:08:49.994624+00:00
8898,311,20,YES,sell,5.1,8.88,0.574308,672839,0x06ef1b04dd86,2025-11-28T16:08:47.352715+00:00
9974,369,43,NO,buy,35.59,76.86,0.463056,52628,0x0aa14b0ad707,2025-11-28T16:07:58.526670+00:00
9580,347,37,NO,buy,37.03,66.36,0.558046,423663,0x0859120e98ac,2025-11-28T16:07:06.994624+00:00
4464,83,42,YES,buy,37.82,88.31,0.428254,53796,0x06d1f805f9f4,2025-11-28T16:05:47.784706+00:00
5745,149,15,NO,buy,47.83,127.41,0.375393,191617,0x0b75b7097f41,2025-11-28T16:05:41.580897+00:00
7922,264,34,NO,sell,38.97,70.28,0.55446,620647,0x0e963909d3bb,2025-11-28T16:03:34.689504+00:00
9579,347,39,YES,sell,20.06,46.57,0.430794,523169,0x09a5620a6d45,2025-11-28T16:02:50.994624+00:00
11627,457,29,YES,buy,24.43,41.71,0.585767,953246,0x05c08209c7de,2025-11-28T16:02:31.752148+00:00
5197,122,15,YES,sell,12.08,26.37,0.458144,450148,0x06507f075b99,2025-11-28T16:02:04.574204+00:00
7824,260,31,YES,buy,9.71,17.3,0.561254,763961,0x0e3188090b09,2025-11-28T16:00:31.351266+00:00
10174,380,26,NO,sell,25.51,43.92,0.580881,445960,0x0a481f05d28b,2025-11-28T15:59:54.321280+00:00
9945,368,42,NO,sell,45.23,64.99,0.695928,103459,0x028da20bf4d6,2025-11-28T15:58:26.434762+00:00
12165,485,39,NO,sell,36.33,66.1,0.549587,474727,0x092dd20bdf8b,2025-11-28T15:58:00.676889+00:00
4977,110,43,YES,sell,11.52,34.78,0.331229,423317,0x0c5ae309f22a,2025-11-28T15:57:36.736724+00:00
8897,311,31,NO,sell,37.95,80.25,0.472924,17505,0x0544850e0055,2025-11-28T15:56:59.352715+00:00
12164,485,37,NO,sell,31.31,86.97,0.360015,55789,0x038ab30d5a05,2025-11-28T15:56:35.676889+00:00
5520,139,18,YES,sell,9.74,18.54,0.525464,548689,0x038d9a0e46a9,2025-11-28T15:56:21.727017+00:00
7823,260,24,NO,buy,29.56,81.35,0.363381,631498,0x039c46070f21,2025-11-28T15:54:55.351266+00:00
9165,325,15,NO,sell,11.07,16.8,0.658807,765727,0x0a30570f1bcb,2025-11-28T15:54:04.396637+00:00
12714,515,29,NO,buy,31.17,45.32,0.687701,674801,0x06045f0ae151,2025-11-28T15:53:25.719695+00:00
10822,412,19,NO,sell,38.66,63.57,0.608178,723042,0x0628ff086120,2025-11-28T15:52:40.764822+00:00
5384,131,27,YES,sell,33.83,69.73,0.485123,483576,0x0dbbda09d063,2025-11-28T15:52:00.259939+00:00
11675,459,37,YES,sell,14.85,31.25,0.475191,720367,0x0c5ab90d3032,2025-11-28T15:51:43.914892+00:00
10548,399,20,NO,buy,29.36,53.16,0.552344,759950,0x0c7d5c080c51,2025-11-28T15:51:40.744888+00:00
5135,118,43,YES,sell,15.4,40.74,0.378031,919797,0x03d10309d8c4,2025-11-28T15:51:38.344377+00:00
7359,236,29,YES,sell,10.66,19.31,0.552056,890928,0x0c42a403c69f,2025-11-28T15:50:56.606447+00:00
9130,323,20,YES,buy,49.53,89.17,0.555478,882363,0x0d82a5020345,2025-11-28T15:47:33.250441+00:00
7777,258,20,NO,buy,23.3,38.09,0.61178,858345,0x0add5c0748b0,2025-11-28T15:47:26.193963+00:00
5519,139,26,NO,sell,28.49,51.18,0.55664,622427,0x04c46d02c3f7,2025-11-28T15:45:47.727017+00:00
9129,323,40,YES,buy,34.66,57.54,0.60238,394071,0x0b63fe09c761,2025-11-28T15:45:45.250441+00:00
11736,462,29,NO,sell,45.49,101.0,0.450385,636476,0x0624d903b4e6,2025-11-28T15:45:30.144370+00:00
11626,457,36,YES,buy,39.18,89.47,0.437896,317586,0x073da60ebb7e,2025-11-28T15:44:47.752148+00:00
5744,149,18,YES,buy,48.22,94.24,0.511648,404443,0x0199b706c171,2025-11-28T15:44:37.580897+00:00
8896,311,38,NO,buy,47.7,157.52,0.302824,350273,0x06a4c4030f3a,2025-11-28T15:43:56.352715+00:00
10079,375,43,NO,buy,48.96,80.18,0.610651,695458,0x07cd83082ae9,2025-11-28T15:42:25.988389+00:00
7822,260,41,NO,sell,35.1,101.95,0.34428,960174,0x0e317e067b74,2025-11-28T15:42:14.351266+00:00
7757,257,18,NO,buy,4.28,10.71,0.399587,146277,0x07e4b90d2f13,2025-11-28T15:41:26.113594+00:00
9128,323,39,YES,sell,14.04,34.95,0.401698,484304,0x0ee4a901bfe9,2025-11-28T15:40:23.250441+00:00
8231,280,29,NO,sell,9.45,15.57,0.606979,768210,0x095b8104ee9a,2025-11-28T15:40:05.834652+00:00
9144,324,16,NO,buy,17.3,53.58,0.32289,983886,0x0ecdc905e24d,2025-11-28T15:39:54.321466+00:00
10173,380,24,YES,sell,22.87,39.83,0.574245,136106,0x0c0c230b657a,2025-11-28T15:37:12.321280+00:00
9372,335,15,NO,sell,33.51,75.73,0.442518,915024,0x023308023053,2025-11-28T15:37:03.154967+00:00
9164,325,22,NO,buy,39.21,125.46,0.312528,721547,0x04bc290de61f,2025-11-28T15:36:47.396637+00:00
9347,334,35,NO,sell,49.8,88.19,0.564704,148320,0x089ffb0ccb42,2025-11-28T15:36:20.079058+00:00
10078,375,44,YES,buy,37.01,67.62,0.547354,973880,0x0b9bea059194,2025-11-28T15:33:42.988389+00:00
10821,412,29,NO,sell,48.08,119.36,0.402823,663254,0x0d43970a1318,2025-11-28T15:32:45.764822+00:00
4463,83,32,YES,buy,32.53,89.67,0.362771,894251,0x0f1b7f0908d5,2025-11-28T15:31:47.784706+00:00
7921,264,16,NO,sell,2.04,4.95,0.41236,420436,0x062ce409dcdc,2025-11-28T15:31:44.689504+00:00
9099,322,20,NO,buy,23.74,52.64,0.451014,784748,0x0c2ad809ee65,2025-11-28T15:31:37.160740+00:00
9944,368,26,NO,buy,14.75,21.51,0.685668,980757,0x071c150e38ce,2025-11-28T15:29:46.434762+00:00
7756,257,21,NO,buy,29.4,60.52,0.485819,291740,0x01b2c208ec7f,2025-11-28T15:29:19.113594+00:00
5196,122,30,YES,buy,26.93,40.84,0.659404,958464,0x0818ee0381e2,2025-11-28T15:28:38.574204+00:00
4976,110,29,YES,buy,35.87,56.81,0.631375,66214,0x02d647030079,2025-11-28T15:28:26.736724+00:00
7776,258,41,YES,buy,49.55,108.95,0.454807,887178,0x0f3aa006faf8,2025-11-28T15:27:31.193963+00:00
9973,369,40,NO,sell,48.47,156.29,0.310134,198378,0x082e9f0da7b5,2025-11-28T15:26:05.526670+00:00
9127,323,19,YES,sell,18.11,27.86,0.649941,161302,0x0c756605e821,2025-11-28T15:25:47.250441+00:00
12713,515,31,NO,buy,22.93,68.72,0.333693,864610,0x0848e40aa6cf,2025-11-28T15:25:21.719695+00:00
8959,314,39,NO,buy,28.92,41.91,0.690096,455715,0x06fb5c0e7631,2025-11-28T15:25:07.582276+00:00
5518,139,44,YES,sell,14.93,22.46,0.664604,765750,0x0858330ae09b,2025-11-28T15:24:45.727017+00:00
8958,314,16,NO,buy,30.66,51.8,0.591905,332831,0x0a17f9032e0e,2025-11-28T15:24:39.582276+00:00
12163,485,44,YES,sell,45.33,141.64,0.320031,393684,0x05b10506c53a,2025-11-28T15:24:23.676889+00:00
10265,385,16,NO,buy,33.56,94.33,0.35576,1708,0x0f09760c1865,2025-11-28T15:23:45.676440+00:00
5517,139,29,YES,buy,18.17,34.7,0.523662,660367,0x052471070b92,2025-11-28T15:23:38.727017+00:00
7755,257,34,NO,buy,7.05,21.52,0.327661,602744,0x07818f0a76de,2025-11-28T15:22:21.113594+00:00
7344,235,24,YES,sell,22.81,36.96,0.617206,67703,0x050d17076d3b,2025-11-28T15:20:36.519458+00:00
7821,260,35,NO,buy,14.84,40.55,0.365949,490313,0x01d6130e2076,2025-11-28T15:19:15.351266+00:00
5743,149,39,YES,sell,2.0,3.69,0.542464,716873,0x0a709f0278e3,2025-11-28T15:18:59.580897+00:00
11674,459,37,NO,sell,38.67,58.16,0.664873,544890,0x04173a089ff8,2025-11-28T15:17:49.914892+00:00
8957,314,30,YES,sell,22.74,74.23,0.306348,657130,0x0684180d0b4c,2025-11-28T15:17:41.582276+00:00
9371,335,17,NO,sell,31.85,46.31,0.687683,680376,0x02f4870538a0,2025-11-28T15:17:28.154967+00:00
9972,369,21,NO,sell,35.43,72.03,0.491859,841050,0x0511560e5fa6,2025-11-28T15:17:03.526670+00:00
9578,347,29,YES,sell,46.5,95.28,0.48806,742107,0x09f9330b86bc,2025-11-28T15:15:12.994624+00:00
7775,258,24,NO,buy,29.75,51.26,0.580364,841950,0x088be70d21b4,2025-11-28T15:12:32.193963+00:00
7774,258,29,NO,sell,44.91,110.72,0.405611,818345,0x06f86f036308,2025-11-28T15:12:21.193963+00:00
9370,335,27,NO,buy,26.63,76.62,0.347553,863073,0x0dca510c6a15,2025-11-28T15:09:29.154967+00:00
9163,325,29,YES,sell,18.87,30.6,0.616743,503556,0x06e87c0ab9ad,2025-11-28T15:05:51.396637+00:00
11735,462,21,NO,buy,23.37,33.64,0.694697,77578,0x0406b7093969,2025-11-28T15:04:54.144370+00:00
7920,264,34,NO,sell,15.47,25.17,0.614722,237830,0x042d8206ae06,2025-11-28T15:04:32.689504+00:00
9971,369,39,NO,buy,14.96,31.26,0.478574,423255,0x09962706cd2f,2025-11-28T15:04:12.526670+00:00
5134,118,30,NO,buy,18.07,26.75,0.675634,899734,0x0924d20c0f2e,2025-11-28T15:03:43.344377+00:00
4975,110,19,NO,buy,6.16,12.16,0.506581,817368,0x049b540eb0fd,2025-11-28T15:03:37.736724+00:00
10172,380,15,YES,buy,18.42,29.67,0.620866,948328,0x02cfab0aa4b5,2025-11-28T15:03:04.321280+00:00
12712,515,43,NO,sell,16.19,35.27,0.458982,375934,0x056c7907a6bf,2025-11-28T15:01:58.719695+00:00
9369,335,26,YES,sell,37.02,54.88,0.674528,257581,0x065f9c0acdb4,2025-11-28T15:01:21.154967+00:00
7358,236,37,NO,sell,4.14,6.19,0.669012,804143,0x09567207edd9,2025-11-28T15:00:57.606447+00:00
8230,280,35,YES,buy,49.97,77.77,0.642503,796081,0x05623d027dd2,2025-11-28T15:00:34.834652+00:00
12162,485,30,YES,sell,3.07,6.5,0.47261,413430,0x0ca6140c5f04,2025-11-28T15:00:31.676889+00:00
10077,375,17,YES,buy,4.31,13.34,0.32317,417875,0x04a8dc0da496,2025-11-28T15:00:12.988389+00:00
5195,122,18,YES,sell,44.62,119.16,0.374463,107260,0x0732ca01aaee,2025-11-28T14:59:04.574204+00:00
10264,385,20,YES,sell,27.84,46.71,0.595979,912672,0x0bddf5079e7a,2025-11-28T14:58:48.676440+00:00
12161,485,39,NO,sell,15.34,23.55,0.651385,406403,0x07a2b805efd1,2025-11-28T14:58:30.676889+00:00
11625,457,44,YES,buy,32.52,67.97,0.478437,334454,0x0d91d90c9c91,2025-11-28T14:55:46.752148+00:00
9143,324,41,YES,sell,28.27,50.29,0.562144,620480,0x0ecc35039315,2025-11-28T14:55:27.321466+00:00
9368,335,19,YES,buy,8.49,12.55,0.67648,301163,0x01c9dd0e36a2,2025-11-28T14:55:21.154967+00:00
10547,399,17,NO,buy,34.43,89.11,0.386368,472413,0x09150c062513,2025-11-28T14:55:15.744888+00:00
5383,131,31,NO,buy,31.42,47.61,0.659965,793026,0x0638280261e8,2025-11-28T14:54:09.259939+00:00
7343,235,39,NO,buy,40.91,65.82,0.621531,449759,0x0425010cbb2c,2025-11-28T14:53:37.519458+00:00
9970,369,19,YES,sell,15.45,45.17,0.342077,590133,0x040fae021ec8,2025-11-28T14:50:17.526670+00:00
10171,380,28,YES,sell,17.98,34.84,0.516026,689690,0x01e139096af9,2025-11-28T14:50:15.321280+00:00
9346,334,36,NO,sell,46.57,67.45,0.690433,58932,0x0e2e690d9756,2025-11-28T14:49:20.079058+00:00
5742,149,23,NO,buy,12.11,17.44,0.694254,357222,0x0ba76c02d4ba,2025-11-28T14:47:59.580897+00:00
8895,311,17,NO,sell,25.77,74.66,0.345176,834267,0x0874380904b4,2025-11-28T14:47:10.352715+00:00
7342,235,33,YES,sell,44.88,67.21,0.66774,99825,0x03c1db022f8f,2025-11-28T14:46:45.519458+00:00
11624,457,29,YES,buy,25.91,76.77,0.337522,207367,0x09ab9907ed1c,2025-11-28T14:45:36.752148+00:00
5516,139,37,YES,buy,35.01,67.97,0.515093,65076,0x06d28b030a93,2025-11-28T14:40:49.727017+00:00
12711,515,27,YES,sell,46.1,103.46,0.445581,788746,0x0c867f07d184,2025-11-28T14:40:16.719695+00:00
11734,462,20,NO,buy,38.14,105.46,0.361652,123086,0x0e889c0ab54e,2025-11-28T14:40:04.144370+00:00
9943,368,15,NO,buy,13.51,26.21,0.515471,241077,0x0e2f260d8715,2025-11-28T14:39:34.434762+00:00
8956,314,43,NO,buy,30.06,96.51,0.311486,502072,0x068e5f09822b,2025-11-28T14:38:17.582276+00:00
10170,380,32,NO,sell,29.76,93.83,0.317171,911950,0x023b4e0abf38,2025-11-28T14:38:12.321280+00:00
9142,324,38,NO,buy,10.36,14.93,0.694136,672681,0x09e3c108199e,2025-11-28T14:37:54.321466+00:00
7820,260,25,NO,sell,40.72,123.05,0.33093,842033,0x0f00c204e6ee,2025-11-28T14:37:50.351266+00:00
10820,412,21,YES,sell,38.72,108.03,0.358409,182952,0x0e0dc00df49a,2025-11-28T14:37:35.764822+00:00
9162,325,42,NO,sell,2.81,4.65,0.60434,604899,0x0b61970229da,2025-11-28T14:37:13.396637+00:00
9098,322,31,YES,sell,10.43,20.15,0.517566,213367,0x0eb5440bc364,2025-11-28T14:36:34.160740+00:00
5741,149,20,YES,sell,18.4,31.57,0.582905,96142,0x058edf098552,2025-11-28T14:35:14.580897+00:00
4462,83,38,YES,sell,17.94,31.45,0.570518,880789,0x07af1403e783,2025-11-28T14:35:12.784706+00:00
10263,385,31,NO,sell,34.38,83.03,0.414051,790819,0x0d080a0b9b8a,2025-11-28T14:34:45.676440+00:00
5194,122,44,NO,sell,3.82,12.63,0.302356,313843,0x08e43c06c85f,2025-11-28T14:34:45.574204+00:00
7754,257,33,NO,buy,12.24,34.75,0.352275,121054,0x0e8e340c1e31,2025-11-28T14:34:03.113594+00:00
11673,459,19,YES,sell,48.67,120.69,0.403278,278967,0x062ef7076eac,2025-11-28T14:32:37.914892+00:00
5193,122,33,NO,buy,46.23,68.83,0.671644,866837,0x0bd03e09c63b,2025-11-28T14:32:10.574204+00:00
7753,257,43,YES,buy,19.96,30.03,0.664689,597773,0x0e43630e499c,2025-11-28T14:31:38.113594+00:00
7819,260,41,NO,buy,37.94,71.02,0.534196,623214,0x099d3d041c3b,2025-11-28T14:30:38.351266+00:00
7818,260,32,NO,buy,12.68,21.79,0.582013,883667,0x0a914808b9ac,2025-11-28T14:30:13.351266+00:00
9126,323,28,NO,sell,27.74,66.82,0.415156,890580,0x090e5c050f38,2025-11-28T14:29:07.250441+00:00
9577,347,43,NO,buy,49.98,75.8,0.659399,11343,0x04fa9b0e02ed,2025-11-28T14:28:13.994624+00:00
7919,264,26,NO,sell,12.83,22.34,0.574178,29062,0x021aec02d347,2025-11-28T14:27:56.689504+00:00
9942,368,28,YES,sell,7.09,20.64,0.343461,401296,0x061df908e7f8,2025-11-28T14:27:46.434762+00:00
9125,323,31,YES,sell,44.67,126.32,0.353639,77117,0x0685a805f715,2025-11-28T14:27:20.250441+00:00
10076,375,35,NO,sell,1.64,3.34,0.491066,603047,0x0bb16e03254f,2025-11-28T14:27:01.988389+00:00
7918,264,20,NO,sell,18.18,26.89,0.676121,584554,0x0cc5630bdc3f,2025-11-28T14:24:40.689504+00:00
8955,314,37,NO,sell,23.39,54.46,0.429467,459035,0x090df20cafb4,2025-11-28T14:23:34.582276+00:00
7341,235,23,YES,sell,33.3,87.47,0.380682,433783,0x0c743d097a0f,2025-11-28T14:23:13.519458+00:00
7773,258,22,YES,buy,13.95,22.63,0.616498,758661,0x0d80230ec90c,2025-11-28T14:22:41.193963+00:00
5133,118,35,NO,buy,48.51,81.62,0.594325,245903,0x0c5f6c08a280,2025-11-28T14:22:08.344377+00:00
7357,236,36,YES,buy,10.46,18.74,0.558043,59825,0x0405d80c9eda,2025-11-28T14:22:03.606447+00:00
5132,118,36,NO,sell,33.35,110.7,0.301252,338833,0x0bbc2c0e871c,2025-11-28T14:20:50.344377+00:00
7817,260,15,YES,sell,4.61,13.09,0.352278,590667,0x036eb20f199c,2025-11-28T14:19:30.351266+00:00
7772,258,40,NO,buy,42.3,76.13,0.555621,248814,0x0915a70db0d4,2025-11-28T14:19:29.193963+00:00
5515,139,20,NO,buy,16.57,44.58,0.37169,6874,0x090dc4029940,2025-11-28T14:19:22.727017+00:00
4974,110,43,YES,sell,15.66,27.63,0.566769,601588,0x0e91300cf6ab,2025-11-28T14:17:33.736724+00:00
10169,380,32,YES,sell,31.69,62.71,0.505329,542154,0x06ebbe0e0e9e,2025-11-28T14:17:30.321280+00:00
9345,334,29,YES,buy,43.51,68.17,0.638217,597869,0x081dd401f623,2025-11-28T14:15:04.079058+00:00
5382,131,15,NO,buy,38.04,69.66,0.546083,255432,0x065d360e1cab,2025-11-28T14:14:22.259939+00:00
10262,385,30,YES,sell,43.82,133.59,0.328015,853898,0x087f610b2c87,2025-11-28T14:13:52.676440+00:00
9124,323,24,NO,buy,32.22,67.56,0.476879,352797,0x0b535b0c167c,2025-11-28T14:13:34.250441+00:00
10261,385,44,NO,buy,12.02,20.15,0.596423,15689,0x0c6b9e049552,2025-11-28T14:13:19.676440+00:00
9123,323,27,NO,buy,37.25,60.46,0.616153,935291,0x0472c807c1e0,2025-11-28T14:12:59.250441+00:00
10168,380,37,YES,sell,17.09,42.17,0.405304,849920,0x0a303d02d1e5,2025-11-28T14:12:30.321280+00:00
12160,485,24,NO,buy,4.57,8.35,0.547461,999283,0x0a36df04e87d,2025-11-28T14:12:14.676889+00:00
9367,335,19,YES,sell,24.74,59.36,0.416784,496589,0x0748520e12a7,2025-11-28T14:12:14.154967+00:00
8229,280,18,NO,buy,4.73,7.03,0.67321,401372,0x05a68d059961,2025-11-28T14:11:46.834652+00:00
5740,149,18,NO,sell,40.44,89.37,0.452516,889422,0x091dcc03bdf5,2025-11-28T14:11:38.580897+00:00
9122,323,26,YES,buy,32.06,63.54,0.50458,84675,0x09f56a085b92,2025-11-28T14:10:20.250441+00:00
7816,260,26,YES,buy,28.71,57.59,0.498541,702821,0x0f1408094294,2025-11-28T14:10:19.351266+00:00
5514,139,26,NO,sell,23.68,35.11,0.674481,894802,0x0d795f0d0c47,2025-11-28T14:09:58.727017+00:00
7917,264,17,YES,sell,48.21,146.84,0.328323,18743,0x0edc7507b0d9,2025-11-28T14:09:12.689504+00:00
11623,457,31,NO,sell,37.96,54.65,0.694597,613056,0x036ff00b2743,2025-11-28T14:06:44.752148+00:00
10075,375,23,NO,sell,49.78,132.37,0.376057,157285,0x0435b7023055,2025-11-28T14:06:31.988389+00:00
5739,149,39,YES,buy,2.44,3.63,0.67153,348907,0x0d2f3e037018,2025-11-28T14:05:24.580897+00:00
7815,260,17,NO,sell,25.51,75.05,0.339889,8305,0x0bac9608e407,2025-11-28T14:03:38.351266+00:00
8228,280,40,NO,buy,46.69,69.23,0.674403,605879,0x0954000d2b5f,2025-11-28T14:03:22.834652+00:00
10546,399,23,NO,buy,31.32,59.76,0.524126,475589,0x05489f051469,2025-11-28T14:00:22.744888+00:00
10545,399,19,NO,sell,1.66,4.36,0.380685,854763,0x0812910c11f1,2025-11-28T13:59:08.744888+00:00
10819,412,43,NO,buy,17.88,44.49,0.401867,783636,0x08f9ae098ec1,2025-11-28T13:57:42.764822+00:00
8894,311,31,YES,buy,44.64,89.7,0.497643,786697,0x01f37703266d,2025-11-28T13:55:18.352715+00:00
12710,515,40,YES,sell,37.98,58.61,0.648047,107388,0x05b7fa0cba43,2025-11-28T13:55:17.719695+00:00
11622,457,32,NO,buy,49.55,135.52,0.365633,134068,0x0c7f8304973a,2025-11-28T13:54:32.752148+00:00
9969,369,33,NO,sell,25.07,35.92,0.697989,82222,0x05f5030cc933,2025-11-28T13:52:11.526670+00:00
9161,325,40,NO,sell,23.31,54.01,0.431617,212503,0x0d2a85095b63,2025-11-28T13:51:11.396637+00:00
4461,83,15,YES,sell,26.44,45.96,0.575297,454873,0x0b6aee030cbc,2025-11-28T13:49:52.784706+00:00
7916,264,34,YES,buy,30.81,52.83,0.583208,645738,0x07d11b0d7d96,2025-11-28T13:49:19.689504+00:00
5192,122,42,YES,sell,15.66,37.52,0.417418,774876,0x04ef57018fc6,2025-11-28T13:48:55.574204+00:00
7915,264,42,NO,sell,13.66,24.79,0.550955,472625,0x0b574309ee19,2025-11-28T13:48:54.689504+00:00
8954,314,20,YES,sell,4.32,6.24,0.691902,178898,0x0ac973076ad4,2025-11-28T13:47:59.582276+00:00
11733,462,28,NO,buy,8.24,13.9,0.592915,980188,0x0dbc84063ef1,2025-11-28T13:47:43.144370+00:00
11672,459,20,NO,buy,36.92,110.08,0.335383,656344,0x04b52e053852,2025-11-28T13:46:27.914892+00:00
7356,236,15,YES,buy,32.84,64.16,0.51188,475777,0x03060a063522,2025-11-28T13:43:58.606447+00:00
8893,311,17,YES,buy,5.84,11.99,0.486929,305226,0x0711290d2276,2025-11-28T13:43:50.352715+00:00
9344,334,40,NO,buy,23.79,35.2,0.67578,617551,0x057c970248c8,2025-11-28T13:42:54.079058+00:00
7752,257,28,NO,sell,6.35,11.65,0.54515,339586,0x07f242021e32,2025-11-28T13:42:28.113594+00:00
9366,335,25,YES,buy,31.78,47.81,0.664778,555275,0x0e6bb006bb30,2025-11-28T13:41:31.154967+00:00
9141,324,35,NO,sell,13.59,25.24,0.53845,162858,0x0afeed05c83b,2025-11-28T13:40:12.321466+00:00
9576,347,27,NO,buy,12.86,29.54,0.435306,4380,0x05dea204773d,2025-11-28T13:39:41.994624+00:00
7771,258,23,YES,sell,16.91,24.81,0.681668,977454,0x0f02b30cf4d5,2025-11-28T13:39:15.193963+00:00
5131,118,15,YES,sell,47.6,79.26,0.600576,474870,0x0580a2076bb6,2025-11-28T13:38:28.344377+00:00
9097,322,25,NO,buy,17.61,41.27,0.426717,494364,0x06ebf90d15d9,2025-11-28T13:38:10.160740+00:00
5381,131,37,NO,sell,18.36,37.73,0.486621,30017,0x08170b08e80b,2025-11-28T13:36:03.259939+00:00
7340,235,34,NO,sell,31.02,88.45,0.350724,562378,0x092f930d9af6,2025-11-28T13:34:21.519458+00:00
7914,264,36,NO,sell,39.74,82.45,0.481998,234291,0x05cf3e01f688,2025-11-28T13:34:05.689504+00:00
11671,459,30,NO,buy,29.75,60.24,0.493867,218869,0x0d72970249dd,2025-11-28T13:33:46.914892+00:00
9941,368,21,NO,buy,10.23,15.89,0.643795,126115,0x093b0a0cfa53,2025-11-28T13:32:40.434762+00:00
8892,311,26,YES,sell,19.83,44.62,0.444378,927999,0x0c03b8023678,2025-11-28T13:32:29.352715+00:00
9121,323,35,NO,sell,31.15,46.45,0.670573,171751,0x07946503f64b,2025-11-28T13:30:56.250441+00:00
7814,260,17,NO,sell,22.83,42.45,0.537767,421831,0x05311903addf,2025-11-28T13:30:20.351266+00:00
9365,335,36,NO,sell,45.11,128.03,0.352335,41998,0x01b786063979,2025-11-28T13:29:09.154967+00:00
12709,515,21,NO,buy,34.82,92.1,0.378069,646475,0x0c65a50edecb,2025-11-28T13:28:58.719695+00:00
5130,118,40,YES,buy,23.39,40.37,0.579323,932104,0x0d21200ee482,2025-11-28T13:28:50.344377+00:00
4973,110,38,YES,sell,17.61,44.65,0.394439,594071,0x0d75400ad4d5,2025-11-28T13:28:36.736724+00:00
12159,485,29,YES,sell,23.47,33.7,0.696473,91472,0x08471a0ae245,2025-11-28T13:28:30.676889+00:00
4460,83,30,NO,buy,44.49,93.41,0.476275,687789,0x028a0c05b630,2025-11-28T13:28:15.784706+00:00
8227,280,32,YES,buy,41.95,64.93,0.646122,708931,0x09069902204d,2025-11-28T13:27:35.834652+00:00
5738,149,39,YES,buy,26.96,45.53,0.592152,261885,0x0d3f2c04a3c8,2025-11-28T13:24:11.580897+00:00
10167,380,35,YES,buy,23.75,38.79,0.6123,716369,0x09a77d0b5e3b,2025-11-28T13:22:28.321280+00:00
5513,139,43,NO,buy,7.93,15.57,0.5093,644825,0x04cc190e5ef3,2025-11-28T13:21:02.727017+00:00
11670,459,30,YES,buy,49.61,97.78,0.507366,429470,0x04078f0d3ebb,2025-11-28T13:19:44.914892+00:00
4459,83,20,NO,sell,30.96,48.0,0.64503,936081,0x0ef1450d298e,2025-11-28T13:19:10.784706+00:00
10260,385,25,NO,sell,28.95,89.44,0.323678,363140,0x0cb703047d10,2025-11-28T13:17:57.676440+00:00
5737,149,32,NO,buy,48.57,151.22,0.321188,616983,0x0d98eb07426c,2025-11-28T13:15:51.580897+00:00
9940,368,38,YES,sell,13.22,41.56,0.318104,552059,0x0502f502bad4,2025-11-28T13:14:34.434762+00:00
8953,314,23,NO,buy,13.61,44.54,0.305536,884098,0x09230805175e,2025-11-28T13:14:29.582276+00:00
7770,258,29,NO,sell,23.77,41.93,0.566892,10846,0x0f3fcc027f02,2025-11-28T13:12:37.193963+00:00
7355,236,43,YES,sell,6.69,13.17,0.507901,55462,0x0cb21a0c034d,2025-11-28T13:12:29.606447+00:00
10166,380,39,YES,sell,4.16,8.54,0.487206,691635,0x06c5120b8fb4,2025-11-28T13:11:36.321280+00:00
7913,264,39,NO,sell,16.42,46.91,0.350057,480959,0x0dc24e03f720,2025-11-28T13:11:32.689504+00:00
7339,235,33,YES,buy,35.45,107.67,0.32926,459598,0x03d12d05ae2a,2025-11-28T13:10:40.519458+00:00
10074,375,27,YES,sell,49.06,128.01,0.383263,419277,0x01dc1b0ba685,2025-11-28T13:09:59.988389+00:00
9160,325,40,NO,buy,15.22,23.56,0.646031,267295,0x03038502df0b,2025-11-28T13:08:44.396637+00:00
8952,314,34,NO,sell,9.03,13.43,0.672574,300806,0x0be218029ae5,2025-11-28T13:08:32.582276+00:00
9575,347,23,NO,sell,18.49,31.18,0.593025,687288,0x0ce0d00c3b46,2025-11-28T13:07:12.994624+00:00
9140,324,22,NO,sell,3.32,4.99,0.665037,244236,0x0c64810ef664,2025-11-28T13:07:09.321466+00:00
5129,118,25,YES,sell,33.59,74.42,0.451374,916488,0x0271160738eb,2025-11-28T13:06:08.344377+00:00
9968,369,20,YES,buy,41.06,90.14,0.455521,68651,0x0a5dd401fee0,2025-11-28T13:05:40.526670+00:00
10544,399,15,NO,sell,21.44,54.22,0.395433,196471,0x01ee06025138,2025-11-28T13:03:34.744888+00:00
11621,457,42,YES,buy,28.25,41.94,0.673648,267643,0x0c34a802d45c,2025-11-28T13:02:40.752148+00:00
10818,412,38,NO,sell,17.86,36.85,0.484727,722280,0x036a1b0572a0,2025-11-28T13:01:53.764822+00:00
7751,257,43,YES,sell,42.4,75.48,0.561737,270172,0x0e426807ef81,2025-11-28T13:00:20.113594+00:00
10259,385,34,YES,buy,17.68,29.22,0.604978,781750,0x0acb760bc000,2025-11-28T12:59:30.676440+00:00
12708,515,37,NO,sell,42.62,105.01,0.405855,954306,0x07c3a70d2c14,2025-11-28T12:58:34.719695+00:00
9939,368,15,YES,sell,10.12,25.61,0.395097,463879,0x0d83f9055ef4,2025-11-28T12:57:19.434762+00:00
5191,122,20,NO,buy,17.56,30.72,0.571625,893104,0x0ed5600a26db,2025-11-28T12:56:26.574204+00:00
9343,334,32,NO,sell,32.01,63.8,0.501699,817072,0x0a5bbd03ddde,2025-11-28T12:54:51.079058+00:00
11732,462,37,YES,sell,48.67,136.16,0.357458,510881,0x096eca0ca474,2025-11-28T12:54:26.144370+00:00
9120,323,19,NO,sell,42.02,99.48,0.422411,3789,0x062ae40d8728,2025-11-28T12:54:22.250441+00:00
7338,235,15,YES,buy,47.01,118.13,0.397936,811453,0x0ecf0806e98d,2025-11-28T12:53:44.519458+00:00
10073,375,42,YES,buy,2.69,6.16,0.436561,48862,0x0c2251038e4c,2025-11-28T12:52:37.988389+00:00
8226,280,27,NO,sell,47.58,97.31,0.488941,359247,0x0ec5dc02d9b9,2025-11-28T12:52:05.834652+00:00
4972,110,35,NO,buy,3.34,5.96,0.560385,313434,0x03859908b4a6,2025-11-28T12:49:22.736724+00:00
5380,131,27,NO,buy,7.79,16.34,0.476761,981292,0x0689bd099640,2025-11-28T12:49:07.259939+00:00
4458,83,16,YES,buy,21.39,39.88,0.5363,712346,0x0e5cb30aa104,2025-11-28T12:49:06.784706+00:00
7912,264,41,NO,buy,4.39,11.58,0.379173,847452,0x05ba8b0e799d,2025-11-28T12:47:14.689504+00:00
12158,485,33,YES,buy,44.49,139.96,0.317873,722817,0x0916e80a6d5d,2025-11-28T12:46:21.676889+00:00
9096,322,33,YES,buy,15.73,22.84,0.688628,293444,0x07476703bd89,2025-11-28T12:45:29.160740+00:00
9364,335,40,YES,sell,15.24,24.41,0.624354,794997,0x069f000d7259,2025-11-28T12:45:23.154967+00:00
7750,257,27,YES,sell,6.05,13.27,0.455972,47888,0x0ab6f8051574,2025-11-28T12:44:44.113594+00:00
10817,412,34,NO,sell,49.38,71.77,0.68804,890930,0x0bbbab098f59,2025-11-28T12:43:39.764822+00:00
5128,118,23,NO,sell,38.09,70.31,0.541749,715982,0x06e92207755c,2025-11-28T12:42:33.344377+00:00
8951,314,23,NO,buy,19.22,30.02,0.640187,800916,0x0b6be807d8aa,2025-11-28T12:42:23.582276+00:00
8891,311,21,YES,sell,35.2,67.88,0.518554,772780,0x03bf480c752e,2025-11-28T12:40:51.352715+00:00
7337,235,28,YES,sell,5.11,12.33,0.414427,327703,0x03f6200b39ec,2025-11-28T12:40:26.519458+00:00
5512,139,18,NO,sell,36.28,55.64,0.65209,339046,0x05dd1409e2b4,2025-11-28T12:38:53.727017+00:00
8950,314,31,YES,buy,6.53,17.69,0.369061,932726,0x0a649007c89d,2025-11-28T12:36:46.582276+00:00
5379,131,28,YES,sell,15.94,38.05,0.418934,573344,0x0b943808e783,2025-11-28T12:36:26.259939+00:00
12707,515,41,NO,buy,23.46,35.64,0.658235,794517,0x075e4c0eeb02,2025-11-28T12:35:55.719695+00:00
7813,260,19,YES,buy,20.5,35.17,0.582887,52353,0x01b17e085885,2025-11-28T12:35:52.351266+00:00
11620,457,30,YES,buy,15.94,44.87,0.355275,924718,0x02ab180dd5a6,2025-11-28T12:35:45.752148+00:00
7769,258,35,NO,buy,12.71,27.99,0.454074,793780,0x05aaf2035ee8,2025-11-28T12:34:25.193963+00:00
9574,347,16,NO,sell,40.8,115.62,0.352874,227984,0x07c1c80b9ad1,2025-11-28T12:33:33.994624+00:00
11731,462,17,NO,buy,25.9,51.33,0.504574,270303,0x0805c40e43ae,2025-11-28T12:33:13.144370+00:00
11669,459,39,YES,buy,5.18,16.98,0.305139,891916,0x020987093d71,2025-11-28T12:31:35.914892+00:00
4971,110,39,NO,sell,49.36,143.41,0.344177,392096,0x027c290efdc0,2025-11-28T12:31:29.736724+00:00
5190,122,20,YES,sell,42.13,83.35,0.505474,520577,0x025723084a18,2025-11-28T12:30:24.574204+00:00
8225,280,27,NO,buy,33.32,104.35,0.319311,929262,0x03be010828a5,2025-11-28T12:29:41.834652+00:00
9139,324,38,YES,sell,13.28,28.93,0.458973,252352,0x03f50d0e239c,2025-11-28T12:28:41.321466+00:00
9159,325,26,YES,sell,3.05,5.43,0.561385,190624,0x070eb7048984,2025-11-28T12:27:37.396637+00:00
5378,131,20,NO,sell,40.41,113.62,0.355671,263165,0x0dcef604b7cd,2025-11-28T12:27:01.259939+00:00
10543,399,35,YES,sell,21.32,46.11,0.462325,25741,0x0bd64a09cefc,2025-11-28T12:26:24.744888+00:00
10165,380,21,YES,buy,29.76,88.96,0.334517,631667,0x0d0a010ae38c,2025-11-28T12:25:45.321280+00:00
9138,324,24,YES,buy,13.11,19.12,0.685686,384123,0x0d88450439e3,2025-11-28T12:25:24.321466+00:00
11619,457,40,NO,buy,38.91,58.77,0.662046,239703,0x0cff0403eae3,2025-11-28T12:24:14.752148+00:00
5736,149,36,NO,sell,12.4,20.02,0.619367,152239,0x09a735080a47,2025-11-28T12:23:23.580897+00:00
9342,334,27,YES,buy,36.78,105.69,0.348015,551866,0x07fab3018701,2025-11-28T12:21:14.079058+00:00
5511,139,30,YES,sell,7.85,12.08,0.649686,10708,0x08375b07ea97,2025-11-28T12:18:28.727017+00:00
12157,485,30,YES,buy,28.66,46.33,0.618667,203858,0x0450a4066631,2025-11-28T12:17:29.676889+00:00
7336,235,17,YES,sell,41.12,81.15,0.506727,538530,0x0613de0be13c,2025-11-28T12:15:11.519458+00:00
11668,459,19,YES,sell,24.53,65.03,0.377214,342455,0x0dd28201d642,2025-11-28T12:14:57.914892+00:00
5189,122,36,YES,sell,48.27,84.71,0.569809,948701,0x0dbec809e6f2,2025-11-28T12:14:53.574204+00:00
10072,375,40,NO,sell,26.5,42.13,0.629014,608928,0x0261930e3d97,2025-11-28T12:14:46.988389+00:00
9363,335,28,YES,sell,24.27,54.11,0.448557,374006,0x071fcc0a8d44,2025-11-28T12:14:35.154967+00:00
9573,347,19,NO,buy,35.16,79.19,0.44399,648707,0x060a1a059f65,2025-11-28T12:14:08.994624+00:00
9967,369,42,YES,sell,22.16,33.79,0.655756,820083,0x0ed4430e22a3,2025-11-28T12:14:08.526670+00:00
7354,236,37,YES,sell,45.62,66.21,0.688986,487162,0x0d18310a9a07,2025-11-28T12:13:45.606447+00:00
9572,347,18,NO,buy,18.42,38.37,0.480113,991526,0x0f15c60903d7,2025-11-28T12:10:12.994624+00:00
11618,457,20,YES,buy,7.26,13.99,0.51904,22892,0x07e7c90b8031,2025-11-28T12:10:06.752148+00:00
7749,257,28,YES,buy,25.45,80.36,0.316719,887629,0x0a416709e718,2025-11-28T12:09:20.113594+00:00
12706,515,24,YES,buy,16.67,26.0,0.641166,366331,0x022ca902c98d,2025-11-28T12:08:42.719695+00:00
9095,322,44,NO,sell,19.46,33.83,0.57526,816189,0x0f310f04d4bb,2025-11-28T12:08:26.160740+00:00
9966,369,39,YES,buy,22.49,40.67,0.552936,435450,0x0e8dab09b676,2025-11-28T12:07:12.526670+00:00
5377,131,35,NO,sell,20.56,31.07,0.661665,627040,0x05b4bf065bb5,2025-11-28T12:05:39.259939+00:00
10258,385,43,YES,buy,36.07,75.35,0.478712,383951,0x0bd42c0ad896,2025-11-28T12:05:34.676440+00:00
7335,235,22,YES,buy,10.72,21.68,0.494518,615228,0x0a26fc0737b7,2025-11-28T12:04:25.519458+00:00
12156,485,39,NO,buy,11.52,18.47,0.623855,968246,0x045ea1079828,2025-11-28T12:03:08.676889+00:00
9938,368,28,YES,sell,40.71,73.9,0.550907,494660,0x0adaa5032da3,2025-11-28T12:03:04.434762+00:00
9119,323,18,YES,buy,20.02,50.82,0.393947,188615,0x07880a086e2e,2025-11-28T12:02:53.250441+00:00
7812,260,25,NO,buy,10.88,20.56,0.529146,999608,0x077c3b09a61e,2025-11-28T12:02:01.351266+00:00
7911,264,33,NO,buy,40.53,61.31,0.661094,311286,0x08c713032095,2025-11-28T12:01:59.689504+00:00
7910,264,18,NO,buy,16.18,33.7,0.480174,435184,0x099029074dee,2025-11-28T12:01:44.689504+00:00
10164,380,43,NO,buy,33.47,107.73,0.310698,512966,0x06aa2d0a6843,2025-11-28T12:00:38.321280+00:00
11617,457,19,NO,sell,16.39,38.53,0.425406,155606,0x019a250b479f,2025-11-28T11:59:45.752148+00:00
4457,83,37,NO,sell,32.79,52.99,0.618764,730987,0x0355b403a564,2025-11-28T11:59:21.784706+00:00
10163,380,19,YES,sell,20.6,53.34,0.386219,639561,0x09c6af0e9521,2025-11-28T11:53:49.321280+00:00
8890,311,20,YES,sell,33.64,110.28,0.305048,913716,0x0785390b2177,2025-11-28T11:52:13.352715+00:00
9094,322,28,NO,buy,9.7,19.64,0.493947,55128,0x09ac1508610c,2025-11-28T11:51:18.160740+00:00
9965,369,22,NO,buy,41.55,88.65,0.468698,156865,0x09ca8c0d311a,2025-11-28T11:50:27.526670+00:00
5127,118,15,YES,buy,11.34,18.39,0.616715,546337,0x07895a0b2c73,2025-11-28T11:50:25.344377+00:00
5510,139,31,YES,buy,10.67,16.47,0.6479,929517,0x03583102269f,2025-11-28T11:49:21.727017+00:00
10816,412,24,YES,buy,13.59,23.19,0.585908,313271,0x037e78082a93,2025-11-28T11:47:24.764822+00:00
9118,323,17,NO,buy,13.45,23.98,0.560799,37248,0x0516450c6722,2025-11-28T11:47:07.250441+00:00
9158,325,43,YES,buy,1.56,2.29,0.682527,253003,0x0dbb5a074091,2025-11-28T11:46:32.396637+00:00
9137,324,30,YES,buy,14.65,21.96,0.667215,931507,0x028a20053b9a,2025-11-28T11:44:14.321466+00:00
7768,258,27,YES,sell,5.57,12.19,0.456864,244121,0x0a2e070e78e8,2025-11-28T11:42:19.193963+00:00
9341,334,26,NO,sell,46.7,74.31,0.628464,22114,0x0c412e0a316f,2025-11-28T11:42:08.079058+00:00
7334,235,35,NO,buy,19.93,31.62,0.630362,215431,0x0ba5cc085dfc,2025-11-28T11:41:22.519458+00:00
9136,324,20,NO,sell,9.15,13.34,0.685944,797124,0x0f247906c483,2025-11-28T11:40:11.321466+00:00
10071,375,35,NO,buy,44.9,67.53,0.66488,985920,0x08af9f031dca,2025-11-28T11:38:08.988389+00:00
5509,139,31,YES,buy,21.86,66.04,0.331002,15286,0x038ff90da2d5,2025-11-28T11:38:08.727017+00:00
8889,311,42,YES,sell,31.73,60.19,0.527161,879051,0x0359b30462aa,2025-11-28T11:38:04.352715+00:00
8949,314,44,NO,buy,28.34,45.38,0.624542,828538,0x0a2f1b082d05,2025-11-28T11:37:54.582276+00:00
8888,311,42,NO,buy,3.28,8.3,0.394966,545918,0x0d40130d079f,2025-11-28T11:37:15.352715+00:00
5735,149,30,NO,buy,49.32,127.74,0.386082,565548,0x08c279067bab,2025-11-28T11:35:38.580897+00:00
11730,462,15,YES,buy,11.06,30.13,0.367122,430233,0x08374d07e9b1,2025-11-28T11:35:06.144370+00:00
8887,311,29,YES,sell,1.53,3.1,0.493053,951128,0x0a0df3048204,2025-11-28T11:34:50.352715+00:00
4970,110,35,YES,buy,2.37,3.83,0.618639,254063,0x0b018505aa38,2025-11-28T11:34:31.736724+00:00
9093,322,42,YES,buy,25.7,66.96,0.383807,235188,0x029bf80ada27,2025-11-28T11:33:27.160740+00:00
11667,459,40,NO,buy,21.93,52.7,0.416115,166976,0x07ef470e24e0,2025-11-28T11:32:52.914892+00:00
4456,83,17,NO,sell,9.96,21.64,0.460311,877303,0x08d49b05e00d,2025-11-28T11:32:52.784706+00:00
8224,280,21,YES,sell,9.28,18.06,0.51395,377648,0x0913690ceed5,2025-11-28T11:30:51.834652+00:00
10542,399,41,YES,sell,26.05,57.01,0.456946,369766,0x0bb1ac0352f4,2025-11-28T11:29:22.744888+00:00
11729,462,44,YES,buy,28.8,93.33,0.308577,979089,0x0f08aa0a1de7,2025-11-28T11:29:19.144370+00:00
9362,335,28,YES,sell,22.71,59.83,0.379581,353292,0x07d72d0855bf,2025-11-28T11:28:55.154967+00:00
8886,311,44,YES,sell,14.95,30.07,0.497125,121868,0x087ddf0b6d41,2025-11-28T11:26:55.352715+00:00
9964,369,40,YES,sell,32.67,64.47,0.506757,600966,0x05e87f085649,2025-11-28T11:26:31.526670+00:00
7748,257,19,NO,buy,24.68,43.94,0.561682,69870,0x0c8cf10ef074,2025-11-28T11:25:43.113594+00:00
8948,314,38,YES,buy,21.35,71.01,0.300659,56263,0x0598510db5e4,2025-11-28T11:24:58.582276+00:00
5188,122,15,YES,buy,35.99,61.94,0.581037,257089,0x0d8543070bfe,2025-11-28T11:24:17.574204+00:00
12705,515,26,NO,sell,11.92,21.61,0.551567,51711,0x051657018880,2025-11-28T11:22:07.719695+00:00
11616,457,35,YES,sell,27.28,58.23,0.468498,831752,0x093bc20d37c4,2025-11-28T11:21:53.752148+00:00
5376,131,44,YES,sell,11.72,23.95,0.489271,852138,0x07333205816a,2025-11-28T11:19:10.259939+00:00
7909,264,24,YES,sell,46.16,79.73,0.578963,331157,0x053aab0407f2,2025-11-28T11:18:09.689504+00:00
9963,369,34,NO,buy,47.15,67.53,0.698216,937127,0x0df59a0a6ca5,2025-11-28T11:15:46.526670+00:00
10257,385,23,YES,sell,46.23,71.83,0.643627,852924,0x0a5ef60ea13f,2025-11-28T11:15:45.676440+00:00
8947,314,29,YES,sell,29.48,86.46,0.34095,3333,0x042931069ee0,2025-11-28T11:15:20.582276+00:00
7353,236,43,YES,buy,8.22,21.73,0.378353,577825,0x096bb408e8cd,2025-11-28T11:15:05.606447+00:00
9571,347,30,YES,sell,42.93,69.91,0.614039,962231,0x092a55093a1a,2025-11-28T11:13:44.994624+00:00
10070,375,39,NO,sell,43.59,120.1,0.362946,783695,0x06a2d00c6375,2025-11-28T11:12:14.988389+00:00
9937,368,22,YES,sell,19.85,34.34,0.578068,664816,0x02e6430bc7ea,2025-11-28T11:11:48.434762+00:00
7908,264,21,YES,buy,6.43,10.0,0.643146,665260,0x0f34460a8610,2025-11-28T11:10:55.689504+00:00
12155,485,43,NO,buy,22.23,47.69,0.466126,171455,0x083dae093661,2025-11-28T11:10:17.676889+00:00
7811,260,23,YES,buy,12.26,20.83,0.588524,561520,0x02698d0939f4,2025-11-28T11:09:30.351266+00:00
7333,235,36,YES,buy,8.64,21.69,0.398363,410774,0x0c5421035910,2025-11-28T11:08:33.519458+00:00
5508,139,39,NO,sell,16.34,29.14,0.560803,744302,0x06acdf08e867,2025-11-28T11:05:00.727017+00:00
7907,264,28,YES,sell,4.11,12.92,0.318107,295548,0x05b71802c820,2025-11-28T11:04:24.689504+00:00
9117,323,24,YES,sell,39.36,69.42,0.566996,85657,0x0606c70aa94a,2025-11-28T11:03:50.250441+00:00
12154,485,41,NO,sell,3.86,12.06,0.319945,617904,0x03698f021552,2025-11-28T11:03:13.676889+00:00
11666,459,24,YES,sell,39.83,101.37,0.392907,560908,0x0c93990bdfa6,2025-11-28T11:02:54.914892+00:00
10815,412,27,YES,buy,47.42,81.25,0.583623,992399,0x0f1c1f0878f2,2025-11-28T11:02:49.764822+00:00
8885,311,22,NO,buy,39.42,78.19,0.504125,120257,0x0df9cb0938a2,2025-11-28T11:01:19.352715+00:00
9962,369,30,YES,buy,27.02,47.6,0.56768,665486,0x08a2300b4779,2025-11-28T11:00:30.526670+00:00
7747,257,15,NO,sell,22.34,32.45,0.68853,488621,0x05525a0deefd,2025-11-28T10:59:48.113594+00:00
5126,118,33,YES,sell,24.77,41.0,0.604213,280005,0x01ad900280b6,2025-11-28T10:58:56.344377+00:00
11728,462,20,YES,sell,22.05,51.43,0.428749,641202,0x05aa3709869c,2025-11-28T10:58:33.144370+00:00
8946,314,17,NO,buy,19.9,65.55,0.303582,811280,0x02c42c0f1e31,2025-11-28T10:57:00.582276+00:00
5125,118,18,YES,buy,15.36,34.05,0.451091,359772,0x05f43e028dd8,2025-11-28T10:56:45.344377+00:00
5187,122,19,NO,sell,26.24,37.53,0.699182,131748,0x0a0b5f0cb126,2025-11-28T10:56:27.574204+00:00
12704,515,24,NO,buy,12.99,37.97,0.342117,937304,0x02dcb908788f,2025-11-28T10:56:17.719695+00:00
10162,380,39,YES,buy,18.61,29.09,0.639672,478667,0x0997a10719d3,2025-11-28T10:55:57.321280+00:00
5734,149,26,YES,sell,28.92,42.6,0.67894,749276,0x0d2b8801f794,2025-11-28T10:54:40.580897+00:00
7767,258,31,NO,buy,44.77,106.24,0.421386,955283,0x039957059592,2025-11-28T10:54:28.193963+00:00
8223,280,37,YES,sell,35.97,59.01,0.609547,936264,0x0e1ee50e8b04,2025-11-28T10:53:42.834652+00:00
9340,334,39,NO,sell,12.6,28.08,0.448744,920372,0x0e305604a451,2025-11-28T10:53:15.079058+00:00
7810,260,25,YES,buy,18.42,39.84,0.462302,470045,0x0c6a240aaa10,2025-11-28T10:52:05.351266+00:00
5507,139,19,YES,sell,34.76,64.43,0.539492,724934,0x019d7205d0f2,2025-11-28T10:50:34.727017+00:00
9157,325,41,YES,buy,17.58,35.52,0.494994,640436,0x05ced8040899,2025-11-28T10:49:43.396637+00:00
7352,236,42,YES,buy,7.42,21.56,0.344099,689645,0x0884ee0e0c13,2025-11-28T10:49:35.606447+00:00
9339,334,36,NO,buy,49.05,130.67,0.375378,984287,0x054649057a2f,2025-11-28T10:49:19.079058+00:00
12153,485,35,NO,sell,6.56,10.56,0.621358,997795,0x06953b083b8d,2025-11-28T10:48:10.676889+00:00
10161,380,41,NO,sell,31.17,70.77,0.440459,639976,0x02f0e6025fc7,2025-11-28T10:46:11.321280+00:00
9570,347,26,NO,buy,40.03,67.45,0.593474,865278,0x0bf5b30c42a9,2025-11-28T10:45:12.994624+00:00
9135,324,26,YES,buy,42.39,65.3,0.649176,127036,0x0a495c01954f,2025-11-28T10:44:22.321466+00:00
10256,385,23,NO,buy,35.01,64.19,0.545443,674943,0x048d7804abf6,2025-11-28T10:44:15.676440+00:00
4969,110,27,YES,sell,11.47,22.73,0.504669,358259,0x06859c09de04,2025-11-28T10:42:41.736724+00:00
4455,83,35,YES,sell,18.52,38.98,0.475086,922148,0x0b798b05d19e,2025-11-28T10:42:40.784706+00:00
9092,322,38,NO,sell,49.67,88.76,0.559604,434804,0x027d8c0c1a28,2025-11-28T10:42:02.160740+00:00
10255,385,29,YES,buy,29.19,74.72,0.390678,366379,0x0caeed0bd4e9,2025-11-28T10:41:44.676440+00:00
10069,375,26,NO,sell,38.04,68.66,0.554015,874021,0x0d39ca01cf3a,2025-11-28T10:41:18.988389+00:00
12152,485,41,YES,sell,18.46,47.24,0.390793,454262,0x0226350ad22e,2025-11-28T10:40:39.676889+00:00
7332,235,15,YES,buy,41.25,73.77,0.559201,58613,0x09278e0a48f0,2025-11-28T10:40:37.519458+00:00
10541,399,15,NO,buy,12.51,22.14,0.565157,211787,0x0249cd09bf0d,2025-11-28T10:39:10.744888+00:00
5375,131,36,YES,buy,35.95,100.68,0.357058,454038,0x0d413504ac6b,2025-11-28T10:39:03.259939+00:00
9116,323,20,NO,buy,26.19,85.67,0.305713,934809,0x04d87b0cbdea,2025-11-28T10:36:01.250441+00:00
11615,457,39,YES,buy,34.49,96.17,0.358621,15459,0x0c743201c94f,2025-11-28T10:35:10.752148+00:00
11665,459,26,YES,sell,47.68,71.44,0.667416,951437,0x06d3e10bbd94,2025-11-28T10:32:41.914892+00:00
7331,235,16,NO,buy,33.28,59.51,0.559241,71146,0x0dae3708371f,2025-11-28T10:31:55.519458+00:00
9961,369,28,NO,buy,1.19,2.06,0.577934,93354,0x057f2c0aedae,2025-11-28T10:31:51.526670+00:00
9156,325,18,NO,buy,20.62,40.49,0.509296,157730,0x08e282069145,2025-11-28T10:31:42.396637+00:00
7906,264,38,NO,sell,47.86,83.87,0.570617,762560,0x03d0690662e1,2025-11-28T10:31:03.689504+00:00
7351,236,22,NO,buy,31.08,58.23,0.533723,719080,0x04f95b05a4f0,2025-11-28T10:31:02.606447+00:00
11664,459,29,NO,sell,6.37,12.05,0.528733,428181,0x0cbb7f05ed7a,2025-11-28T10:30:43.914892+00:00
9361,335,16,NO,buy,2.63,5.02,0.523707,215107,0x0c761c098e3e,2025-11-28T10:30:01.154967+00:00
7766,258,44,NO,buy,42.99,74.16,0.579704,363177,0x049a10020c64,2025-11-28T10:26:16.193963+00:00
8884,311,27,NO,buy,41.22,111.51,0.369666,324912,0x063af40f1ff6,2025-11-28T10:25:00.352715+00:00
10814,412,37,NO,sell,20.18,42.07,0.479645,184117,0x0ee9db08848d,2025-11-28T10:23:54.764822+00:00
7905,264,29,YES,buy,41.71,66.65,0.625833,646543,0x0e64c80e51c3,2025-11-28T10:22:21.689504+00:00
9091,322,30,YES,buy,27.63,63.12,0.437728,449606,0x06a46308e291,2025-11-28T10:22:18.160740+00:00
10813,412,34,YES,buy,46.14,69.97,0.659394,242582,0x0b51f20871ba,2025-11-28T10:21:36.764822+00:00
11663,459,32,YES,sell,23.64,39.21,0.602837,461504,0x0e3d680ad982,2025-11-28T10:21:33.914892+00:00
9960,369,29,NO,buy,8.57,17.23,0.497247,496008,0x0b176801c17d,2025-11-28T10:20:47.526670+00:00
7746,257,15,NO,sell,46.09,94.55,0.487485,768887,0x09409a0243e6,2025-11-28T10:20:31.113594+00:00
7809,260,19,YES,buy,43.55,106.84,0.407624,917923,0x082aae03a1b1,2025-11-28T10:20:05.351266+00:00
4968,110,29,NO,sell,38.99,59.76,0.65239,564539,0x02dfd6021e0e,2025-11-28T10:19:41.736724+00:00
11727,462,26,NO,sell,46.62,81.17,0.574315,982386,0x098d950e582c,2025-11-28T10:15:22.144370+00:00
10254,385,24,NO,buy,10.09,14.52,0.694939,388638,0x058d570e805e,2025-11-28T10:15:06.676440+00:00
5124,118,40,YES,sell,49.16,75.79,0.648646,958319,0x0893db0b8e26,2025-11-28T10:13:58.344377+00:00
9936,368,17,YES,sell,10.37,15.78,0.657113,684542,0x07e17409d1d7,2025-11-28T10:13:13.434762+00:00
8222,280,42,NO,sell,28.41,84.57,0.335945,183169,0x0f2d470623fd,2025-11-28T10:10:50.834652+00:00
10540,399,36,NO,sell,42.19,64.0,0.659255,458176,0x09da6f054b73,2025-11-28T10:09:27.744888+00:00
7330,235,44,YES,sell,48.73,103.42,0.471163,449802,0x0841e50ce8ec,2025-11-28T10:08:33.519458+00:00
10812,412,24,YES,buy,26.0,52.45,0.495678,957321,0x01b32d098285,2025-11-28T10:08:07.764822+00:00
5733,149,15,NO,buy,44.9,91.51,0.490651,67874,0x0cd3aa03e457,2025-11-28T10:07:57.580897+00:00
8221,280,34,NO,sell,22.98,33.75,0.680816,252037,0x0d541b0d5742,2025-11-28T10:07:53.834652+00:00
7745,257,16,YES,buy,10.04,27.31,0.367594,12972,0x04d6bc07c0a7,2025-11-28T10:07:00.113594+00:00
5186,122,17,NO,sell,40.61,133.46,0.304278,534392,0x084f430c5bc0,2025-11-28T10:06:24.574204+00:00
11662,459,42,YES,sell,11.86,36.26,0.327115,906601,0x07b41607aa4a,2025-11-28T10:05:26.914892+00:00
11726,462,31,YES,buy,12.11,36.09,0.335559,683477,0x0ad438058284,2025-11-28T10:04:39.144370+00:00
5374,131,26,YES,buy,13.32,30.27,0.440087,901737,0x060ee10e1710,2025-11-28T10:04:37.259939+00:00
7904,264,40,YES,buy,33.81,72.94,0.463506,26697,0x07a85a02e3e3,2025-11-28T10:04:11.689504+00:00
9115,323,27,YES,buy,1.81,3.47,0.521644,109137,0x07b99902322a,2025-11-28T10:03:50.250441+00:00
10253,385,37,NO,buy,43.99,76.51,0.574976,79024,0x05f8e7065088,2025-11-28T10:03:13.676440+00:00
10160,380,22,NO,buy,35.47,77.75,0.456177,809828,0x0a7a1d0ad90f,2025-11-28T10:02:33.321280+00:00
8945,314,22,NO,sell,30.75,47.14,0.652381,900993,0x03e0e10e4f3e,2025-11-28T10:02:31.582276+00:00
5185,122,42,YES,buy,4.76,12.02,0.396015,604263,0x030625042aed,2025-11-28T10:02:19.574204+00:00
9569,347,15,NO,sell,37.85,79.02,0.479,28428,0x0aba7c0364f0,2025-11-28T10:02:09.994624+00:00
5123,118,31,YES,sell,28.79,74.77,0.385029,787343,0x04bdad027837,2025-11-28T10:01:20.344377+00:00
7329,235,40,YES,sell,47.3,107.23,0.441098,734268,0x0c5e660b5ab6,2025-11-28T10:01:16.519458+00:00
11661,459,41,YES,sell,39.15,66.15,0.591877,254108,0x0c31c703e184,2025-11-28T10:00:34.914892+00:00
7328,235,24,NO,sell,15.19,25.59,0.593567,466502,0x0eee87057267,2025-11-28T10:00:14.519458+00:00
10539,399,42,NO,sell,5.25,11.36,0.462086,170655,0x0c666a094765,2025-11-28T09:58:23.744888+00:00
9114,323,35,NO,sell,23.87,36.72,0.650049,220505,0x04f0fd07d012,2025-11-28T09:58:21.250441+00:00
11614,457,35,YES,sell,44.8,145.85,0.307158,23088,0x0dad3d086d31,2025-11-28T09:58:09.752148+00:00
9134,324,20,YES,sell,39.52,106.12,0.372399,902278,0x09ab880ae8f8,2025-11-28T09:57:47.321466+00:00
4454,83,28,YES,buy,42.71,65.1,0.656117,146117,0x01ae3e0f2869,2025-11-28T09:57:13.784706+00:00
12703,515,20,NO,buy,9.04,25.97,0.34809,764198,0x0996ca0afba7,2025-11-28T09:56:21.719695+00:00
5732,149,29,NO,buy,23.55,49.56,0.475148,68798,0x0afb9e08813c,2025-11-28T09:56:06.580897+00:00
9935,368,36,YES,sell,21.04,34.72,0.605916,115514,0x0c752a0e6b00,2025-11-28T09:54:56.434762+00:00
7327,235,22,YES,sell,32.89,67.47,0.487489,806704,0x0e090a0a13d5,2025-11-28T09:54:55.519458+00:00
5506,139,41,YES,buy,38.6,96.3,0.40081,355280,0x0682580d5fc2,2025-11-28T09:53:27.727017+00:00
8883,311,15,YES,buy,33.15,59.67,0.555542,84028,0x0d8e100d8138,2025-11-28T09:53:14.352715+00:00
9090,322,18,NO,buy,38.33,112.34,0.34121,772556,0x035244068f87,2025-11-28T09:52:36.160740+00:00
7765,258,30,YES,buy,17.6,29.17,0.603347,105822,0x0b2c1808c95f,2025-11-28T09:52:28.193963+00:00
8882,311,39,NO,sell,32.14,69.94,0.459541,723739,0x0abb080caf89,2025-11-28T09:52:08.352715+00:00
9360,335,22,NO,buy,24.49,81.36,0.301009,202553,0x0857f20c8aad,2025-11-28T09:51:12.154967+00:00
9338,334,38,YES,buy,14.59,21.77,0.670223,132790,0x062c4e0810dd,2025-11-28T09:50:28.079058+00:00
11725,462,39,YES,buy,12.7,29.27,0.433892,565896,0x0ca3650ea728,2025-11-28T09:50:07.144370+00:00
7350,236,16,NO,buy,37.78,58.09,0.650326,189033,0x0ce6b90966a2,2025-11-28T09:50:06.606447+00:00
10811,412,22,YES,sell,23.03,36.4,0.632681,485692,0x0e19730e978f,2025-11-28T09:48:50.764822+00:00
5122,118,24,NO,buy,9.64,25.74,0.37456,511102,0x03acd904b1b7,2025-11-28T09:48:45.344377+00:00
7744,257,20,YES,buy,13.79,27.1,0.508891,340364,0x04b2f80569ae,2025-11-28T09:48:37.113594+00:00
10810,412,19,YES,sell,5.41,14.14,0.382543,137585,0x0e5b8b0bba22,2025-11-28T09:47:42.764822+00:00
10809,412,25,NO,sell,25.39,72.55,0.349979,162096,0x0c81b104a275,2025-11-28T09:47:23.764822+00:00
12151,485,29,NO,sell,29.58,63.83,0.463412,560119,0x0984a4034698,2025-11-28T09:46:33.676889+00:00
7903,264,16,YES,sell,34.27,62.03,0.552519,965780,0x0e8549037973,2025-11-28T09:46:02.689504+00:00
10068,375,29,YES,buy,34.42,104.79,0.328474,454157,0x0b2a810a8670,2025-11-28T09:45:36.988389+00:00
9359,335,43,YES,buy,15.15,22.14,0.68416,326247,0x0ab3b304419a,2025-11-28T09:45:17.154967+00:00
9959,369,16,YES,buy,25.68,78.04,0.329068,797106,0x0d2435091a54,2025-11-28T09:45:03.526670+00:00
9155,325,37,NO,sell,28.47,41.94,0.678859,699812,0x0258d404ff92,2025-11-28T09:40:59.396637+00:00
5184,122,23,NO,buy,15.95,24.8,0.643169,809010,0x066a9d0807b5,2025-11-28T09:40:49.574204+00:00
5731,149,25,YES,buy,36.29,61.82,0.587026,861962,0x0bd8670a641b,2025-11-28T09:40:39.580897+00:00
7743,257,24,YES,sell,43.24,64.0,0.67564,704343,0x05b04807a34d,2025-11-28T09:39:16.113594+00:00
7808,260,26,NO,sell,47.41,145.1,0.326729,523494,0x05eec50a00cc,2025-11-28T09:37:38.351266+00:00
11660,459,44,YES,sell,34.87,55.13,0.632559,721629,0x040ebe035c2f,2025-11-28T09:36:56.914892+00:00
4453,83,16,YES,buy,43.83,68.39,0.640899,710641,0x074a100e59f6,2025-11-28T09:35:43.784706+00:00
5373,131,16,YES,sell,41.45,118.64,0.349374,6337,0x0956f9066b45,2025-11-28T09:35:05.259939+00:00
4967,110,37,NO,sell,32.55,49.69,0.655032,649216,0x0b84000e23ac,2025-11-28T09:35:01.736724+00:00
8944,314,28,NO,sell,6.6,21.25,0.310594,658095,0x0e784c0b0b78,2025-11-28T09:34:09.582276+00:00
8943,314,24,YES,buy,49.4,89.13,0.554276,436958,0x05d3050ba2e7,2025-11-28T09:33:05.582276+00:00
9154,325,15,YES,sell,30.78,52.76,0.583421,392609,0x09419c08959a,2025-11-28T09:31:47.396637+00:00
13238,539,43,NO,sell,425.13,630.9,0.673847,364514,0x0f3b31081dfc,2025-11-28T09:30:27.524616+00:00
13237,539,16,YES,sell,234.38,350.69,0.668348,591995,0x0705520d9c9c,2025-11-28T09:28:56.524616+00:00
5230,123,27,YES,sell,177.32,300.28,0.590514,946991,0x076c9303e633,2025-11-28T09:28:43.669354+00:00
9337,334,38,YES,sell,12.28,28.64,0.428834,34991,0x075ae1061374,2025-11-28T09:28:17.079058+00:00
13236,539,17,NO,sell,314.61,680.37,0.462409,444812,0x053080082bc9,2025-11-28T09:27:51.524616+00:00
13235,539,21,NO,buy,422.33,806.4,0.523722,176612,0x0336ba03915d,2025-11-28T09:27:24.524616+00:00
8836,308,21,NO,sell,448.15,980.81,0.456918,221479,0x062ae1058aa3,2025-11-28T09:27:19.101191+00:00
5229,123,21,NO,buy,216.19,566.58,0.381567,900910,0x0b9a490e7319,2025-11-28T09:27:06.669354+00:00
8835,308,37,NO,sell,331.18,1040.32,0.318343,875680,0x0d000905f18e,2025-11-28T09:26:46.101191+00:00
12459,500,37,YES,buy,358.78,641.12,0.559614,432372,0x0ef2ad0a34a8,2025-11-28T09:26:10.746875+00:00
5228,123,42,YES,sell,477.18,1184.25,0.402938,634698,0x0b8ba90bacbd,2025-11-28T09:25:55.669354+00:00
11702,460,29,YES,buy,339.26,575.41,0.589596,288543,0x0984b607c4c2,2025-11-28T09:25:51.997863+00:00
13234,539,37,YES,sell,429.14,723.09,0.593483,99365,0x07ad7e05f352,2025-11-28T09:25:33.524616+00:00
11701,460,30,NO,buy,335.73,631.86,0.531339,482281,0x0f3ba7022420,2025-11-28T09:25:24.997863+00:00
4966,110,38,NO,sell,1.39,3.37,0.411912,966162,0x09f8750b4ad3,2025-11-28T09:24:50.736724+00:00
13233,539,34,YES,sell,469.87,813.81,0.577374,30023,0x040686079dd0,2025-11-28T09:24:50.524616+00:00
8834,308,40,YES,sell,474.97,1267.3,0.374789,874708,0x045cbe02103c,2025-11-28T09:24:47.101191+00:00
12458,500,36,NO,sell,229.05,568.97,0.402571,752434,0x0748c3083d6c,2025-11-28T09:24:42.746875+00:00
8833,308,26,NO,sell,360.54,1076.19,0.335014,190540,0x06218c0e5bc9,2025-11-28T09:24:36.101191+00:00
11613,457,40,NO,buy,13.93,28.88,0.482278,246824,0x02d6460710b8,2025-11-28T09:24:30.752148+00:00
5227,123,15,NO,buy,386.8,939.12,0.411876,564492,0x059f2601c6ae,2025-11-28T09:24:30.669354+00:00
11700,460,43,YES,sell,164.66,545.61,0.301791,424982,0x085864046c13,2025-11-28T09:23:47.997863+00:00
12457,500,19,YES,buy,331.82,621.26,0.534109,782226,0x090ccc0cb2e4,2025-11-28T09:23:37.746875+00:00
11699,460,34,NO,sell,360.13,708.83,0.508065,466365,0x0a8ade01b36a,2025-11-28T09:23:06.997863+00:00
13232,539,32,NO,sell,201.9,427.11,0.472715,846363,0x09b34001de3d,2025-11-28T09:22:59.524616+00:00
8832,308,18,YES,buy,494.29,1126.83,0.438655,731666,0x0567940a9a87,2025-11-28T09:22:55.101191+00:00
5226,123,43,NO,buy,251.5,461.81,0.544593,657361,0x06b85402712d,2025-11-28T09:22:45.669354+00:00
11698,460,33,NO,buy,218.72,357.01,0.612645,156724,0x090958089220,2025-11-28T09:22:35.997863+00:00
10807,411,25,NO,sell,339.43,493.1,0.68836,309700,0x018eb5044185,2025-11-28T09:22:29.675439+00:00
10806,411,20,YES,buy,464.69,733.49,0.633532,551370,0x05bd680bb5c9,2025-11-28T09:22:22.675439+00:00
12456,500,40,YES,sell,91.13,157.13,0.579954,570157,0x08484404aacf,2025-11-28T09:22:06.746875+00:00
13231,539,29,YES,sell,107.14,334.06,0.320718,916765,0x07405b03b54c,2025-11-28T09:21:52.524616+00:00
11697,460,43,NO,sell,470.29,854.95,0.550079,15008,0x057b740c6bcd,2025-11-28T09:21:37.997863+00:00
8942,314,27,NO,buy,37.4,72.76,0.514029,403577,0x0c6a2d0ebd7a,2025-11-28T09:21:27.582276+00:00
10892,418,24,YES,sell,134.05,264.23,0.507332,536157,0x051f970436fa,2025-11-28T09:21:21.988327+00:00
5225,123,32,YES,buy,352.43,637.22,0.553073,88289,0x076e8006b807,2025-11-28T09:21:14.669354+00:00
5183,122,36,NO,sell,9.97,14.36,0.694499,527625,0x0e4d27090647,2025-11-28T09:21:05.574204+00:00
10891,418,16,NO,sell,367.14,858.28,0.427763,432485,0x038722038b4c,2025-11-28T09:21:04.988327+00:00
11696,460,40,YES,buy,452.18,1209.49,0.37386,391928,0x091fd80439ca,2025-11-28T09:21:02.997863+00:00
8831,308,33,YES,buy,333.27,615.49,0.541469,472777,0x023865051008,2025-11-28T09:20:57.101191+00:00
12455,500,39,YES,sell,309.45,728.27,0.424909,260816,0x0da6360aff30,2025-11-28T09:20:50.746875+00:00
10805,411,40,NO,sell,217.27,315.42,0.688825,969412,0x0cd2d905eeb9,2025-11-28T09:20:47.675439+00:00
5224,123,19,NO,buy,193.58,314.13,0.616249,864408,0x0bcdf205828f,2025-11-28T09:20:47.669354+00:00
13230,539,17,NO,sell,446.48,1111.43,0.401716,973131,0x03f24508f1f7,2025-11-28T09:20:23.524616+00:00
12454,500,31,YES,buy,192.62,321.88,0.598428,934595,0x039def053c08,2025-11-28T09:20:08.746875+00:00
10804,411,17,NO,buy,444.4,1226.36,0.362373,896272,0x06c1090593ac,2025-11-28T09:20:08.675439+00:00
10890,418,42,YES,sell,389.55,807.12,0.48264,108527,0x0d6ff601a73f,2025-11-28T09:19:58.988327+00:00
10803,411,23,YES,sell,292.89,644.48,0.454458,153938,0x0872b408a9b7,2025-11-28T09:19:54.675439+00:00
10889,418,32,YES,sell,447.6,1273.65,0.35143,3860,0x08239006d86e,2025-11-28T09:19:45.988327+00:00
11695,460,36,NO,buy,134.08,362.49,0.369881,938855,0x0b65d8058076,2025-11-28T09:19:30.997863+00:00
5223,123,24,NO,buy,151.87,477.21,0.318245,41989,0x05565c063203,2025-11-28T09:19:25.669354+00:00
10888,418,37,YES,sell,114.11,337.57,0.338036,846976,0x0b01260abcb2,2025-11-28T09:19:16.988327+00:00
8830,308,25,YES,sell,421.19,860.87,0.489262,928534,0x04f8280ccdb6,2025-11-28T09:19:10.101191+00:00
8220,280,17,NO,buy,23.79,34.66,0.686382,717269,0x032e50038877,2025-11-28T09:19:07.834652+00:00
10802,411,28,YES,buy,314.63,526.6,0.597474,595982,0x0754a90351ad,2025-11-28T09:19:05.675439+00:00
12453,500,29,NO,buy,241.53,467.01,0.517186,354598,0x04d0e8055c9e,2025-11-28T09:19:04.746875+00:00
5222,123,21,YES,sell,291.6,495.72,0.588232,894884,0x05aacf066164,2025-11-28T09:18:56.669354+00:00
10887,418,31,NO,buy,242.74,627.73,0.386692,622194,0x0a5929037952,2025-11-28T09:18:48.988327+00:00
13229,539,17,YES,buy,92.1,207.66,0.443503,395085,0x04004c0e084f,2025-11-28T09:18:30.524616+00:00
12452,500,40,NO,buy,203.43,549.42,0.370262,296274,0x0c0ca708f5db,2025-11-28T09:18:24.746875+00:00
11694,460,20,NO,sell,149.13,231.03,0.645493,824547,0x06f5f2091661,2025-11-28T09:17:56.997863+00:00
5221,123,39,NO,sell,248.36,607.83,0.408598,168775,0x04788f01955f,2025-11-28T09:17:42.669354+00:00
10801,411,41,YES,sell,337.83,1018.35,0.331743,986804,0x0e30890e60dc,2025-11-28T09:17:25.675439+00:00
10800,411,40,NO,sell,263.28,519.02,0.507265,68923,0x0927d20f03e9,2025-11-28T09:17:19.675439+00:00
10799,411,17,YES,sell,317.84,516.07,0.615883,118337,0x0d25780aef29,2025-11-28T09:17:18.675439+00:00
8829,308,16,NO,buy,278.47,433.84,0.641871,676318,0x0a28cd0b559c,2025-11-28T09:17:16.101191+00:00
9958,369,26,YES,buy,46.69,139.23,0.335349,67542,0x07e2e3095013,2025-11-28T09:17:02.526670+00:00
10886,418,16,YES,buy,450.38,864.67,0.520869,9105,0x0c821c040311,2025-11-28T09:16:52.988327+00:00
12451,500,20,YES,buy,402.75,616.09,0.653722,656277,0x0769c00d6a98,2025-11-28T09:16:46.746875+00:00
5220,123,16,YES,sell,287.91,561.24,0.512988,174558,0x09bdde02b9c4,2025-11-28T09:16:45.669354+00:00
13228,539,39,YES,buy,296.31,685.12,0.432491,74260,0x0662c6029fb6,2025-11-28T09:16:43.524616+00:00
11693,460,37,NO,buy,473.02,1392.5,0.339692,382239,0x0ee57d08ea27,2025-11-28T09:16:05.997863+00:00
8828,308,16,YES,buy,451.57,714.28,0.632203,262683,0x0516530bb616,2025-11-28T09:16:03.101191+00:00
10885,418,21,NO,sell,296.21,771.1,0.38414,810462,0x0adade0e2087,2025-11-28T09:16:02.988327+00:00
12450,500,42,NO,buy,456.13,1166.76,0.390936,943582,0x05add3041ad5,2025-11-28T09:15:49.746875+00:00
9934,368,23,YES,sell,38.05,101.13,0.376262,83676,0x0bae5b0b60f0,2025-11-28T09:15:48.434762+00:00
11692,460,26,NO,sell,396.59,903.82,0.438794,889643,0x0e6e030ad657,2025-11-28T09:15:37.997863+00:00
5219,123,31,YES,buy,331.64,573.1,0.578682,48652,0x0396bd06290e,2025-11-28T09:15:32.669354+00:00
11691,460,23,NO,sell,184.89,366.02,0.505136,276117,0x02fc1f0aa542,2025-11-28T09:15:31.997863+00:00
10798,411,32,YES,buy,213.83,335.18,0.637947,968524,0x0219170379e7,2025-11-28T09:15:31.675439+00:00
10884,418,18,NO,buy,155.87,381.28,0.408809,879532,0x0c50d90d911a,2025-11-28T09:15:28.988327+00:00
12449,500,25,NO,sell,89.71,158.1,0.567443,302301,0x046e6302dcab,2025-11-28T09:15:23.746875+00:00
8219,280,28,NO,sell,36.2,62.98,0.574741,49426,0x0c764e0f2968,2025-11-28T09:15:20.834652+00:00
8827,308,40,YES,sell,155.28,266.29,0.583121,73324,0x0ed79903bf4c,2025-11-28T09:15:18.101191+00:00
13227,539,43,NO,sell,253.21,419.64,0.603405,884534,0x0db2bd02389d,2025-11-28T09:14:52.524616+00:00
8826,308,20,NO,sell,259.76,596.01,0.435834,609276,0x0c7597057a98,2025-11-28T09:14:50.101191+00:00
10797,411,18,YES,buy,395.12,1119.44,0.352963,737347,0x0364b4043bf8,2025-11-28T09:14:40.675439+00:00
5218,123,43,NO,sell,268.36,457.23,0.58693,507274,0x0880ff029bf5,2025-11-28T09:14:38.669354+00:00
10796,411,31,NO,buy,420.52,1329.05,0.316406,870633,0x09851902860d,2025-11-28T09:14:37.675439+00:00
8825,308,30,YES,sell,214.61,410.37,0.522967,491893,0x033bd40622af,2025-11-28T09:14:37.101191+00:00
10795,411,26,NO,sell,392.34,1194.2,0.328539,99305,0x01aa3307929d,2025-11-28T09:14:36.675439+00:00
12448,500,38,NO,buy,369.74,806.22,0.458611,606398,0x04cb420a3e36,2025-11-28T09:14:24.746875+00:00
10794,411,24,YES,buy,329.65,680.0,0.48478,226876,0x0288a009be78,2025-11-28T09:14:19.675439+00:00
11690,460,30,YES,sell,421.52,1287.82,0.327314,534464,0x03facd01925b,2025-11-28T09:13:58.997863+00:00
8824,308,28,NO,sell,188.05,409.57,0.459135,466371,0x0886ea038ff0,2025-11-28T09:13:51.101191+00:00
13226,539,20,NO,sell,249.32,671.78,0.371131,447407,0x0c09e802402a,2025-11-28T09:13:40.524616+00:00
10883,418,26,NO,buy,137.1,226.5,0.605298,285314,0x0599a1097818,2025-11-28T09:13:37.988327+00:00
13225,539,41,NO,buy,478.86,1241.3,0.385772,303184,0x03ae770d09d4,2025-11-28T09:13:24.524616+00:00
10793,411,17,YES,buy,487.18,877.95,0.554906,465016,0x0bf4770e906d,2025-11-28T09:13:18.675439+00:00
10792,411,28,YES,sell,224.92,611.6,0.367757,972481,0x067a73082577,2025-11-28T09:13:11.675439+00:00
11689,460,43,NO,buy,207.29,369.37,0.561203,773046,0x0cef050b0da2,2025-11-28T09:13:09.997863+00:00
12447,500,40,YES,sell,258.95,543.11,0.476792,794121,0x03174e04f1fe,2025-11-28T09:13:06.746875+00:00
10791,411,29,YES,sell,279.96,483.34,0.579215,668913,0x09237f04fbf5,2025-11-28T09:12:57.675439+00:00
8823,308,37,YES,buy,397.73,802.55,0.495585,232328,0x0b99770bd0a3,2025-11-28T09:12:48.101191+00:00
10882,418,31,NO,buy,259.15,381.42,0.679429,647218,0x08427809bb73,2025-11-28T09:12:44.988327+00:00
5217,123,39,YES,buy,98.4,261.23,0.376683,265792,0x0a55740ce959,2025-11-28T09:12:43.669354+00:00
10881,418,27,NO,sell,98.74,217.19,0.454622,375471,0x0bc7140c4e6f,2025-11-28T09:12:41.988327+00:00
12446,500,16,NO,buy,317.56,465.43,0.682288,330000,0x0c4a8909fcc2,2025-11-28T09:12:16.746875+00:00
11688,460,23,YES,buy,447.73,913.31,0.49023,511508,0x02cfd304ef8f,2025-11-28T09:12:15.997863+00:00
13224,539,17,YES,buy,470.47,1445.18,0.325545,688761,0x06e4af0e1979,2025-11-28T09:12:09.524616+00:00
8822,308,15,YES,sell,283.37,499.15,0.56771,711597,0x044ee1054bae,2025-11-28T09:12:05.101191+00:00
8821,308,33,NO,buy,138.68,339.96,0.407932,213034,0x065cc30e212f,2025-11-28T09:11:53.101191+00:00
5216,123,37,NO,buy,111.45,214.89,0.518632,761585,0x070322065978,2025-11-28T09:11:42.669354+00:00
11724,462,28,NO,sell,2.91,4.22,0.69018,325079,0x07f4870bade6,2025-11-28T09:11:27.144370+00:00
5215,123,18,YES,buy,97.24,141.47,0.687332,200684,0x0bfedd0e9abb,2025-11-28T09:11:17.669354+00:00
10790,411,39,YES,sell,91.74,189.56,0.483962,433126,0x09fd8405c1ee,2025-11-28T09:11:10.675439+00:00
10880,418,42,YES,sell,499.84,1333.85,0.374736,479657,0x06e92b01e5c4,2025-11-28T09:11:08.988327+00:00
10789,411,23,YES,buy,483.32,1001.86,0.482425,928622,0x0ed870048f38,2025-11-28T09:11:05.675439+00:00
12445,500,30,YES,sell,81.9,131.08,0.624803,774475,0x02324b0cc3d4,2025-11-28T09:10:59.746875+00:00
12150,485,27,NO,sell,11.1,18.24,0.608485,413371,0x0ac57508bd41,2025-11-28T09:10:40.676889+00:00
11687,460,44,NO,buy,90.92,132.03,0.688609,626726,0x095e75043cdb,2025-11-28T09:10:39.997863+00:00
10879,418,16,NO,sell,388.53,800.54,0.485333,399191,0x099dc10e8b42,2025-11-28T09:10:16.988327+00:00
13223,539,25,NO,sell,122.42,327.66,0.373615,229480,0x0207f80ae9b1,2025-11-28T09:10:10.524616+00:00
8820,308,39,YES,buy,475.5,939.36,0.506197,671722,0x0f34930adfbe,2025-11-28T09:10:00.101191+00:00
8819,308,31,NO,buy,396.27,903.47,0.43861,388000,0x0954e5060196,2025-11-28T09:09:58.101191+00:00
12444,500,22,NO,sell,117.05,308.44,0.379489,805554,0x0c671306f8c2,2025-11-28T09:09:52.746875+00:00
10878,418,43,NO,buy,440.93,647.82,0.68064,455611,0x0566c70cd18a,2025-11-28T09:09:50.988327+00:00
10788,411,38,YES,buy,377.85,620.64,0.608808,936811,0x0d186b09ea33,2025-11-28T09:09:49.675439+00:00
11686,460,31,YES,buy,202.48,304.16,0.665706,440257,0x07e21f0c0fea,2025-11-28T09:09:43.997863+00:00
13222,539,32,YES,sell,139.03,234.5,0.592871,750116,0x0daee90e5ef4,2025-11-28T09:09:40.524616+00:00
13221,539,32,NO,sell,356.96,912.97,0.390987,267286,0x0b2b9b025ae1,2025-11-28T09:09:35.524616+00:00
7902,264,24,NO,buy,12.09,36.7,0.329469,958769,0x0ee5220348ae,2025-11-28T09:09:29.689504+00:00
10877,418,41,NO,buy,290.6,857.64,0.338837,795577,0x05700904bc72,2025-11-28T09:09:27.988327+00:00
13220,539,30,NO,sell,84.97,212.29,0.400262,843005,0x067575091d2f,2025-11-28T09:09:25.524616+00:00
5214,123,40,NO,sell,180.07,438.79,0.410379,92468,0x0ae00707abb0,2025-11-28T09:09:23.669354+00:00
11685,460,19,YES,buy,191.46,511.27,0.37448,568126,0x0a86ad02a393,2025-11-28T09:09:22.997863+00:00
8818,308,34,NO,buy,362.48,551.23,0.657587,928093,0x0281a903c8bf,2025-11-28T09:09:21.101191+00:00
13219,539,32,NO,sell,281.14,404.76,0.694588,749809,0x0440a9044e0c,2025-11-28T09:08:19.524616+00:00
12443,500,29,NO,sell,234.36,656.87,0.356783,536465,0x06c5c605b350,2025-11-28T09:08:17.746875+00:00
12442,500,28,NO,buy,445.83,1013.12,0.440057,707359,0x098c6901ff04,2025-11-28T09:08:16.746875+00:00
10787,411,16,YES,sell,287.09,560.47,0.512234,596895,0x01c0d307ba41,2025-11-28T09:08:09.675439+00:00
11684,460,44,NO,buy,384.05,1130.48,0.339724,929774,0x0435d8073408,2025-11-28T09:07:52.997863+00:00
10876,418,44,NO,buy,352.27,843.96,0.417401,882667,0x083f630eacd6,2025-11-28T09:07:51.988327+00:00
5213,123,18,YES,buy,366.84,603.17,0.608185,379083,0x039c5d06d344,2025-11-28T09:07:48.669354+00:00
12441,500,24,YES,buy,437.13,1164.0,0.375541,728662,0x054b8004e758,2025-11-28T09:07:44.746875+00:00
8817,308,32,YES,sell,86.09,267.81,0.321462,329591,0x097029068c45,2025-11-28T09:07:31.101191+00:00
13218,539,28,YES,buy,370.64,579.96,0.639082,714023,0x0515450e9dfe,2025-11-28T09:07:30.524616+00:00
5212,123,30,NO,buy,260.98,650.98,0.400905,351520,0x0962ef0757da,2025-11-28T09:07:09.669354+00:00
13217,539,37,NO,sell,483.94,864.31,0.559914,109363,0x0a760f07a328,2025-11-28T09:06:51.524616+00:00
10875,418,35,NO,sell,422.25,697.56,0.605323,513388,0x08bccf0d55d4,2025-11-28T09:06:50.988327+00:00
10786,411,23,YES,sell,146.24,278.15,0.525756,75429,0x0c07ab062642,2025-11-28T09:06:44.675439+00:00
12440,500,24,NO,sell,236.36,431.6,0.547632,30197,0x08562002832c,2025-11-28T09:06:42.746875+00:00
8881,311,41,YES,buy,31.5,58.14,0.541758,103428,0x0f18ba0571ac,2025-11-28T09:06:42.352715+00:00
5211,123,43,YES,buy,97.17,302.85,0.320852,223274,0x0d712306ac0f,2025-11-28T09:06:32.669354+00:00
9358,335,41,YES,sell,43.39,85.37,0.508277,472644,0x06dd0c051dbe,2025-11-28T09:06:16.154967+00:00
8816,308,31,YES,sell,159.22,451.57,0.352591,253268,0x0393d706b1c4,2025-11-28T09:06:04.101191+00:00
8815,308,28,NO,buy,345.51,876.2,0.394329,370945,0x04eb8a0c602d,2025-11-28T09:05:59.101191+00:00
11683,460,31,NO,sell,176.52,310.24,0.56898,193515,0x0e495e0a2f03,2025-11-28T09:05:58.997863+00:00
10785,411,27,YES,buy,367.28,1192.26,0.308053,847198,0x06245d06839c,2025-11-28T09:05:51.675439+00:00
5210,123,24,YES,sell,232.7,343.62,0.677199,259965,0x0ce94708370e,2025-11-28T09:05:51.669354+00:00
10874,418,24,NO,sell,480.36,1135.15,0.423168,5169,0x04b503020017,2025-11-28T09:05:50.988327+00:00
5209,123,35,YES,buy,221.19,449.87,0.491678,676149,0x09af06085bea,2025-11-28T09:05:44.669354+00:00
13216,539,43,NO,buy,436.64,857.58,0.509155,564286,0x0d4ff402349e,2025-11-28T09:05:32.524616+00:00
12439,500,28,YES,buy,83.93,142.87,0.58746,625916,0x0a609205edf0,2025-11-28T09:05:30.746875+00:00
10784,411,26,NO,buy,233.82,373.6,0.62586,754221,0x0230da0a8780,2025-11-28T09:05:19.675439+00:00
13215,539,27,YES,sell,176.33,428.81,0.411211,783547,0x0d01a10d2fd2,2025-11-28T09:05:19.524616+00:00
8814,308,20,NO,sell,255.17,683.83,0.373149,410664,0x0218a7030709,2025-11-28T09:05:15.101191+00:00
12438,500,33,NO,sell,86.08,189.77,0.45361,994088,0x02c1860ef58c,2025-11-28T09:04:52.746875+00:00
8813,308,18,NO,buy,320.3,578.61,0.553565,836200,0x0727c60d38d7,2025-11-28T09:04:26.101191+00:00
13214,539,19,NO,sell,461.75,984.97,0.468794,165473,0x0b112f0b6ca3,2025-11-28T09:04:25.524616+00:00
10873,418,41,NO,buy,415.79,821.36,0.506224,680461,0x0887c802c84d,2025-11-28T09:04:24.988327+00:00
12702,515,31,YES,buy,49.88,71.71,0.695622,592075,0x0d0b0b0ee925,2025-11-28T09:04:23.719695+00:00
12437,500,41,YES,buy,467.27,751.02,0.622181,351868,0x04611502c737,2025-11-28T09:04:22.746875+00:00
12149,485,40,YES,buy,39.38,60.67,0.649073,624726,0x07f81b04f9c8,2025-11-28T09:04:21.676889+00:00
11723,462,29,YES,buy,3.21,7.46,0.430293,857085,0x07e505055621,2025-11-28T09:04:20.144370+00:00
11682,460,37,NO,buy,335.29,889.84,0.376798,836703,0x083c0a039d49,2025-11-28T09:04:19.997863+00:00
11659,459,25,NO,buy,42.86,139.79,0.3066,768274,0x041b900bc6bb,2025-11-28T09:04:19.914892+00:00
11612,457,36,NO,sell,31.28,74.76,0.418431,925499,0x0c7af40c61d8,2025-11-28T09:04:19.752148+00:00
10872,418,34,YES,sell,424.04,922.65,0.459591,939498,0x04b6d50ca660,2025-11-28T09:04:16.988327+00:00
10808,412,28,YES,buy,48.28,129.86,0.371775,486433,0x035f2c0c13ca,2025-11-28T09:04:16.764822+00:00
10783,411,38,NO,sell,160.02,485.65,0.329496,889414,0x0dc9b00a7a4e,2025-11-28T09:04:16.675439+00:00
10538,399,43,YES,sell,13.09,32.49,0.402899,347396,0x0a5b72089d7b,2025-11-28T09:04:15.744888+00:00
10252,385,21,NO,buy,19.85,40.17,0.494138,610120,0x01f6e10dde52,2025-11-28T09:04:14.676440+00:00
5208,123,28,YES,buy,118.19,368.9,0.320382,322331,0x080aea09ece8,2025-11-28T09:04:14.669354+00:00
10159,380,41,NO,buy,33.45,72.16,0.46356,807261,0x06d70a0a2204,2025-11-28T09:04:14.321280+00:00
10067,375,40,YES,sell,24.63,41.72,0.590417,255016,0x0ecfce09ae85,2025-11-28T09:04:13.988389+00:00
9957,369,35,NO,buy,28.36,63.66,0.445511,608796,0x04d8b80c128d,2025-11-28T09:04:13.526670+00:00
9933,368,33,NO,buy,37.11,95.0,0.390632,230051,0x0cfb580923c7,2025-11-28T09:04:13.434762+00:00
9568,347,25,YES,buy,22.97,35.56,0.645869,974444,0x0977210f0da2,2025-11-28T09:04:11.994624+00:00
9357,335,17,YES,buy,16.56,31.91,0.519004,820344,0x0a5edb08b96c,2025-11-28T09:04:11.154967+00:00
9336,334,41,YES,buy,45.99,107.08,0.429475,301577,0x01b8fc06a412,2025-11-28T09:04:11.079058+00:00
9153,325,40,NO,buy,16.0,30.06,0.532346,123648,0x0de7c2075dba,2025-11-28T09:04:10.396637+00:00
9133,324,33,YES,sell,37.93,71.35,0.531596,861555,0x04081d019e53,2025-11-28T09:04:10.321466+00:00
9113,323,21,YES,buy,42.7,82.47,0.51775,628032,0x045bff09db45,2025-11-28T09:04:10.250441+00:00
9089,322,42,NO,buy,36.29,64.59,0.561878,51888,0x0b2ebd0ab374,2025-11-28T09:04:10.160740+00:00
8941,314,23,NO,buy,49.88,160.76,0.310284,148129,0x09939e02fe98,2025-11-28T09:04:09.582276+00:00
8880,311,30,YES,buy,12.98,24.98,0.519706,197395,0x08595a0944b4,2025-11-28T09:04:09.352715+00:00
8812,308,41,YES,buy,306.81,543.83,0.564163,960559,0x0411410323be,2025-11-28T09:04:09.101191+00:00
8218,280,22,NO,buy,40.99,70.11,0.58464,864305,0x0a56b6052c52,2025-11-28T09:04:06.834652+00:00
7901,264,23,NO,buy,36.49,91.75,0.397727,485466,0x08e8e20547fa,2025-11-28T09:04:05.689504+00:00
7807,260,15,YES,buy,36.8,65.43,0.562433,759286,0x01957a02d799,2025-11-28T09:04:05.351266+00:00
7764,258,44,YES,buy,5.25,12.15,0.432168,612221,0x09bccd0baeb5,2025-11-28T09:04:05.193963+00:00
7742,257,16,YES,buy,34.81,90.05,0.386555,450670,0x0eed070d1512,2025-11-28T09:04:05.113594+00:00
7349,236,33,NO,sell,19.77,29.44,0.671524,859179,0x03489903d054,2025-11-28T09:04:03.606447+00:00
7326,235,22,YES,sell,39.9,91.17,0.437651,144357,0x0e62fe050041,2025-11-28T09:04:03.519458+00:00
5730,149,25,YES,buy,5.73,8.59,0.666992,499847,0x09a5270cdc0a,2025-11-28T09:03:57.580897+00:00
5505,139,21,NO,buy,5.11,11.08,0.461278,549830,0x0eef5c091a24,2025-11-28T09:03:56.727017+00:00
5372,131,31,NO,buy,15.88,38.24,0.415304,17349,0x0e528b063dd3,2025-11-28T09:03:56.259939+00:00
5207,123,21,YES,buy,130.59,283.58,0.460513,975230,0x05e85c0499c8,2025-11-28T09:03:55.669354+00:00
5182,122,19,NO,sell,3.59,6.08,0.590168,816297,0x0772c30cd88e,2025-11-28T09:03:55.574204+00:00
5121,118,41,NO,buy,5.75,9.43,0.609497,438090,0x08361809ecde,2025-11-28T09:03:55.344377+00:00
4965,110,43,YES,sell,21.55,32.94,0.654313,916979,0x0cbd0f0a6236,2025-11-28T09:03:54.736724+00:00
4452,83,17,YES,buy,45.33,81.28,0.557735,277955,0x08d57a064321,2025-11-28T09:03:52.784706+00:00
12552,505,29,YES,sell,48.85,74.8,0.653078,132093,0x05c72e0e4a96,2025-11-27T23:59:47.093008+00:00
12551,505,39,NO,sell,42.32,85.54,0.494764,232477,0x02604a028639,2025-11-27T23:44:41.093008+00:00
13286,541,39,NO,sell,39.98,123.08,0.324835,721549,0x069c1505952f,2025-11-27T23:36:21.685616+00:00
13285,541,19,YES,sell,35.01,68.21,0.513259,834898,0x05c0f00bdde4,2025-11-27T23:04:22.685616+00:00
12550,505,24,YES,sell,46.66,138.58,0.336694,751988,0x0d1f4b0c169b,2025-11-27T22:55:22.093008+00:00
5275,125,40,YES,sell,5.61,13.18,0.425487,72472,0x06416f041c04,2025-11-27T22:34:33.828136+00:00
12368,495,19,YES,buy,18.13,26.67,0.679696,375290,0x0e11570ce6f2,2025-11-27T22:32:45.420582+00:00
13284,541,42,YES,buy,37.0,71.59,0.516801,70484,0x08b5f902323f,2025-11-27T22:32:07.685616+00:00
11123,429,31,YES,buy,28.85,55.56,0.519234,174500,0x0a4f070328da,2025-11-27T22:28:27.853831+00:00
12549,505,20,NO,buy,42.97,101.42,0.423691,990397,0x0dc7a80da67b,2025-11-27T22:10:54.093008+00:00
12367,495,41,YES,sell,1.13,2.46,0.458451,774306,0x0cb63c04782a,2025-11-27T22:03:45.420582+00:00
11122,429,40,NO,sell,37.82,101.04,0.374298,994078,0x0e38c20e88e2,2025-11-27T21:58:46.853831+00:00
8217,279,21,NO,sell,23.59,41.76,0.564906,788754,0x0614350cae04,2025-11-27T21:48:38.749346+00:00
12836,520,28,YES,buy,6.42,9.92,0.647023,5328,0x05ed460912bd,2025-11-27T21:45:46.116547+00:00
13283,541,18,NO,sell,40.56,63.06,0.643228,941876,0x0cab4a01b79b,2025-11-27T21:44:59.685616+00:00
12548,505,32,NO,sell,13.34,30.32,0.440021,328357,0x01c08d060eab,2025-11-27T21:42:26.093008+00:00
5274,125,35,NO,buy,40.43,113.23,0.357049,910674,0x067a820a47b1,2025-11-27T21:39:57.828136+00:00
12366,495,29,YES,buy,10.95,31.64,0.346116,489018,0x0640f70d36a7,2025-11-27T21:36:48.420582+00:00
11767,463,17,NO,sell,13.57,27.52,0.493098,262059,0x0dfc61020100,2025-11-27T21:18:03.219879+00:00
8216,279,15,YES,sell,48.38,81.04,0.596994,680855,0x0d0565029863,2025-11-27T21:17:58.749346+00:00
11766,463,21,NO,buy,45.17,78.96,0.572061,899462,0x03b797053c70,2025-11-27T21:17:42.219879+00:00
8215,279,37,NO,sell,42.39,120.37,0.352172,525801,0x0702b6043907,2025-11-27T21:17:17.749346+00:00
11273,439,28,YES,buy,25.21,40.66,0.619946,595199,0x0d5555071ff7,2025-11-27T21:09:06.425500+00:00
11121,429,23,YES,sell,33.96,50.56,0.67164,863480,0x0cb6ef0cc139,2025-11-27T21:08:37.853831+00:00
12656,511,42,YES,sell,27.19,41.5,0.655169,564537,0x027a9c07bd46,2025-11-27T21:05:17.474547+00:00
12835,520,42,NO,sell,9.49,19.43,0.488344,468797,0x09a06a04a1a4,2025-11-27T21:01:19.116547+00:00
5273,125,28,YES,sell,12.72,18.2,0.698804,160804,0x0b3c6402b9d1,2025-11-27T21:01:05.828136+00:00
4544,86,32,NO,sell,49.44,93.1,0.53106,418469,0x0de9b90cd054,2025-11-27T20:59:19.031647+00:00
12547,505,44,NO,sell,7.2,14.65,0.491347,315205,0x06bb3404e3ae,2025-11-27T20:55:06.093008+00:00
13282,541,19,NO,sell,10.43,30.13,0.346166,600966,0x042c910dc011,2025-11-27T20:54:21.685616+00:00
12546,505,19,YES,buy,33.89,54.22,0.625083,770407,0x05326f048b32,2025-11-27T20:52:47.093008+00:00
4822,99,42,NO,buy,46.72,87.12,0.536272,7940,0x0789c902f0e8,2025-11-27T20:47:45.082055+00:00
12365,495,19,YES,sell,44.34,65.52,0.676772,545391,0x044fee051091,2025-11-27T20:44:45.420582+00:00
10694,406,25,NO,buy,35.49,65.68,0.54036,363900,0x04a4010a867f,2025-11-27T20:44:23.265563+00:00
11765,463,40,YES,buy,17.53,37.28,0.470251,319850,0x0e135104db9d,2025-11-27T20:41:24.219879+00:00
13281,541,31,NO,buy,30.8,54.24,0.567837,878152,0x0950e109a868,2025-11-27T20:41:17.685616+00:00
4451,82,25,YES,buy,1.62,4.83,0.335601,603042,0x034af30ee3bc,2025-11-27T20:37:15.691591+00:00
10693,406,19,YES,sell,18.91,35.38,0.534543,612883,0x0df7ea07aa6c,2025-11-27T20:36:44.265563+00:00
12545,505,15,NO,sell,46.93,68.15,0.688662,916836,0x0b42d00e0f34,2025-11-27T20:36:18.093008+00:00
8746,304,43,NO,sell,6.63,14.92,0.444311,31991,0x0e28a90b7677,2025-11-27T20:27:36.776450+00:00
8214,279,38,NO,sell,29.23,70.02,0.417473,778916,0x0ee40a02e0ea,2025-11-27T20:25:49.749346+00:00
4705,93,27,YES,sell,31.2,73.42,0.424976,748528,0x0e9ade04b23c,2025-11-27T20:25:49.668331+00:00
11120,429,24,YES,sell,2.28,3.34,0.681743,743221,0x08c85d060e82,2025-11-27T20:25:31.853831+00:00
4543,86,36,NO,buy,21.25,34.64,0.613515,389196,0x093ed00462a9,2025-11-27T20:20:59.031647+00:00
8514,294,23,NO,buy,43.41,122.31,0.354915,87845,0x0584d206bd17,2025-11-27T20:19:29.827836+00:00
4821,99,38,NO,buy,41.94,77.79,0.539174,318960,0x03d2f804d9b5,2025-11-27T20:15:11.082055+00:00
12655,511,35,YES,buy,9.27,13.86,0.668613,249312,0x0c8fe102df00,2025-11-27T20:11:46.474547+00:00
11272,439,32,NO,sell,16.43,47.87,0.343218,458913,0x0bbff90594d0,2025-11-27T20:11:44.425500+00:00
11271,439,36,YES,buy,31.8,63.51,0.50072,654814,0x0efe72094640,2025-11-27T20:08:22.425500+00:00
12834,520,43,YES,sell,21.73,56.87,0.382102,149614,0x02d7af02641d,2025-11-27T20:07:13.116547+00:00
4450,82,26,NO,sell,8.86,17.06,0.519256,979451,0x04d9560c8982,2025-11-27T20:04:17.691591+00:00
10651,404,44,NO,buy,30.18,48.13,0.627019,375549,0x08b1d606c0eb,2025-11-27T20:03:59.107264+00:00
11270,439,42,NO,buy,17.96,53.72,0.334357,936506,0x028b7506370d,2025-11-27T20:03:19.425500+00:00
5272,125,19,YES,sell,22.93,65.05,0.352479,654756,0x062de9074a7b,2025-11-27T20:02:30.828136+00:00
4542,86,19,NO,sell,13.8,26.83,0.514442,642603,0x0a8f8307604d,2025-11-27T20:02:01.031647+00:00
12364,495,26,NO,buy,3.23,6.89,0.468973,69916,0x0633cb071690,2025-11-27T20:01:53.420582+00:00
4704,93,19,YES,sell,45.26,141.36,0.320182,91302,0x07a9d90262fd,2025-11-27T19:56:33.668331+00:00
13280,541,43,YES,buy,24.05,58.67,0.409931,308857,0x0c423a0336ec,2025-11-27T19:55:06.685616+00:00
4541,86,31,YES,sell,33.07,57.5,0.575107,380867,0x06948e081141,2025-11-27T19:54:35.031647+00:00
10650,404,18,YES,buy,32.36,91.8,0.352496,58451,0x0db786029b63,2025-11-27T19:53:34.107264+00:00
4703,93,40,NO,buy,9.39,22.12,0.424551,466198,0x06f2190a2cd4,2025-11-27T19:52:56.668331+00:00
7080,220,37,NO,sell,31.73,60.57,0.523826,8251,0x07dc970a46e2,2025-11-27T19:51:57.525814+00:00
10692,406,28,YES,buy,1.53,2.62,0.584656,81695,0x0731170e8dd1,2025-11-27T19:51:39.265563+00:00
4449,82,18,YES,sell,10.73,28.24,0.3799,549558,0x05bbd90ed471,2025-11-27T19:50:21.691591+00:00
13279,541,28,NO,buy,8.61,19.22,0.447917,524628,0x03c11d03b56c,2025-11-27T19:49:53.685616+00:00
8055,270,35,NO,sell,37.68,101.09,0.372732,331885,0x0dff10026463,2025-11-27T19:49:40.169518+00:00
11764,463,20,NO,sell,11.58,29.41,0.393692,414828,0x0cac890ea14b,2025-11-27T19:49:11.219879+00:00
8513,294,20,YES,buy,15.3,45.66,0.335112,453244,0x0c7c6009b000,2025-11-27T19:49:05.827836+00:00
5910,157,43,YES,sell,46.12,71.59,0.644234,198831,0x0e587104f15e,2025-11-27T19:49:00.184165+00:00
4540,86,28,NO,buy,1.27,2.13,0.597458,548923,0x01a3c30ac60f,2025-11-27T19:46:23.031647+00:00
4820,99,43,NO,sell,40.38,97.19,0.415454,942331,0x0e6aa90d2c84,2025-11-27T19:46:05.082055+00:00
8213,279,25,YES,sell,40.75,75.8,0.537567,299932,0x073657059b71,2025-11-27T19:43:48.749346+00:00
7468,241,30,YES,buy,28.15,49.32,0.570759,359845,0x071a550634ee,2025-11-27T19:40:50.972257+00:00
12544,505,23,YES,sell,27.57,46.31,0.59532,414275,0x062f85062ce7,2025-11-27T19:39:54.093008+00:00
12833,520,33,YES,buy,10.49,21.96,0.477681,979890,0x01978e0a325f,2025-11-27T19:38:36.116547+00:00
12654,511,42,NO,buy,17.17,56.82,0.3022,283145,0x0477d803ed94,2025-11-27T19:37:45.474547+00:00
11269,439,17,NO,buy,13.83,29.88,0.462786,757264,0x0302170a06b6,2025-11-27T19:35:32.425500+00:00
10649,404,43,YES,buy,2.28,3.29,0.693966,725709,0x04574d01a02b,2025-11-27T19:34:41.107264+00:00
8745,304,28,YES,buy,12.49,37.83,0.330154,651831,0x06c5820e7f37,2025-11-27T19:34:13.776450+00:00
8054,270,44,NO,buy,43.43,65.89,0.659086,536725,0x038a6803d9d8,2025-11-27T19:33:35.169518+00:00
13278,541,41,NO,buy,13.0,26.49,0.490738,360255,0x05e00a032b0b,2025-11-27T19:32:20.685616+00:00
8512,294,26,NO,buy,13.51,28.52,0.473757,839479,0x049cac058bfe,2025-11-27T19:31:38.827836+00:00
4448,82,37,YES,sell,41.7,121.94,0.341966,124453,0x0d06b10b68b7,2025-11-27T19:30:54.691591+00:00
7079,220,21,NO,sell,20.03,57.36,0.349222,924907,0x05496504a48f,2025-11-27T19:29:47.525814+00:00
8511,294,35,NO,sell,11.53,24.76,0.465692,490571,0x051ce9042cf5,2025-11-27T19:28:59.827836+00:00
5909,157,26,YES,buy,6.52,11.51,0.566364,10287,0x0ae5210a03a1,2025-11-27T19:28:08.184165+00:00
11119,429,37,YES,buy,14.98,38.93,0.384753,14748,0x0d1bb607e42a,2025-11-27T19:27:31.853831+00:00
5908,157,18,YES,buy,10.92,25.99,0.420137,410688,0x0d78df0cbfdc,2025-11-27T19:27:13.184165+00:00
8053,270,19,YES,buy,42.65,109.43,0.389733,168368,0x09364702e2f2,2025-11-27T19:21:36.169518+00:00
5271,125,29,YES,buy,47.69,121.46,0.392628,715562,0x04f9ea0e720b,2025-11-27T19:17:41.828136+00:00
10691,406,33,NO,buy,22.31,72.36,0.308338,187751,0x09e7c60bd88e,2025-11-27T19:17:32.265563+00:00
7467,241,41,NO,buy,40.5,92.55,0.437578,550005,0x0c98a60257fb,2025-11-27T19:15:52.972257+00:00
13421,548,15,NO,buy,29.73,87.64,0.339237,593503,0x096a870b0aed,2025-11-27T19:13:40.185724+00:00
11763,463,27,YES,sell,43.89,67.41,0.651064,224636,0x0751250702fb,2025-11-27T19:11:44.219879+00:00
8510,294,25,YES,buy,45.91,82.74,0.554881,445962,0x0930840bf3d1,2025-11-27T19:11:00.827836+00:00
13277,541,34,YES,sell,13.98,23.49,0.59518,327795,0x0a2edf02c985,2025-11-27T19:09:33.685616+00:00
11118,429,17,YES,buy,40.38,95.85,0.421283,726708,0x03b24606a672,2025-11-27T19:09:08.853831+00:00
4539,86,18,NO,buy,13.47,22.22,0.606344,628354,0x02ddf1060ee2,2025-11-27T19:09:06.031647+00:00
12363,495,34,NO,sell,5.66,14.59,0.387947,642461,0x0bafe80bac87,2025-11-27T19:05:48.420582+00:00
10335,388,23,NO,sell,44.89,140.64,0.31919,619639,0x05199c0e1234,2025-11-27T19:05:19.908040+00:00
4702,93,34,YES,buy,27.58,53.06,0.519746,990098,0x05dcda03ca71,2025-11-27T19:04:41.668331+00:00
8212,279,15,NO,buy,40.71,60.65,0.671181,693863,0x06d1400ced23,2025-11-27T19:04:18.749346+00:00
4701,93,32,NO,sell,33.89,82.85,0.409062,121020,0x040bba05e771,2025-11-27T19:03:29.668331+00:00
8609,298,44,NO,buy,15.22,36.79,0.413697,227910,0x0d8b0c02df0f,2025-11-27T19:03:29.200021+00:00
8211,279,31,NO,sell,10.25,17.13,0.598202,486908,0x091b8f0e8879,2025-11-27T19:01:50.749346+00:00
5907,157,29,NO,sell,24.42,35.48,0.688346,611397,0x0c06ad047e79,2025-11-27T18:58:51.184165+00:00
13576,556,19,NO,sell,9.81,23.27,0.421507,566640,0x0224f20878a6,2025-11-27T18:58:06.731050+00:00
4819,99,15,NO,sell,18.22,26.37,0.691009,227172,0x0a809d02ed6d,2025-11-27T18:56:14.082055+00:00
8744,304,20,YES,sell,18.01,45.24,0.398124,340056,0x0bd1170cb87f,2025-11-27T18:55:08.776450+00:00
11117,429,35,NO,buy,48.54,84.39,0.575219,435783,0x05085d0e103e,2025-11-27T18:51:35.853831+00:00
10690,406,42,YES,buy,21.38,33.64,0.635522,393784,0x034ae60ea7e7,2025-11-27T18:50:51.265563+00:00
7078,220,17,NO,sell,48.26,71.53,0.674692,425270,0x0f16720d059e,2025-11-27T18:49:59.525814+00:00
4447,82,36,YES,sell,21.62,63.52,0.340392,654050,0x09d9cf05d873,2025-11-27T18:49:24.691591+00:00
8509,294,44,NO,sell,25.62,48.83,0.524649,930764,0x018f58026444,2025-11-27T18:46:46.827836+00:00
7466,241,20,NO,sell,10.05,20.75,0.484288,579143,0x05c0c103e8e0,2025-11-27T18:46:04.972257+00:00
5906,157,44,YES,buy,6.93,19.0,0.364798,697926,0x0aa7110483b8,2025-11-27T18:45:17.184165+00:00
12543,505,37,YES,sell,12.21,33.21,0.367644,686479,0x0a8bda027730,2025-11-27T18:44:35.093008+00:00
4700,93,24,YES,sell,32.3,84.13,0.383938,301487,0x04bc19049b4a,2025-11-27T18:44:26.668331+00:00
12832,520,37,YES,sell,3.18,5.66,0.562264,356683,0x08757b09c7c9,2025-11-27T18:43:35.116547+00:00
10648,404,29,NO,sell,31.15,96.78,0.321861,264340,0x0709450df6be,2025-11-27T18:43:27.107264+00:00
12653,511,29,NO,buy,9.61,26.66,0.360408,91044,0x09484503b85b,2025-11-27T18:41:19.474547+00:00
11762,463,30,YES,buy,16.0,42.31,0.378153,996262,0x01a4790c84fa,2025-11-27T18:41:05.219879+00:00
8052,270,39,YES,buy,37.29,102.72,0.363021,681314,0x07929a0e0e99,2025-11-27T18:39:50.169518+00:00
11268,439,25,YES,sell,24.06,35.01,0.687162,152248,0x07fb1d04553d,2025-11-27T18:39:12.425500+00:00
11267,439,36,NO,sell,33.71,54.98,0.613098,998863,0x0d3673045244,2025-11-27T18:38:25.425500+00:00
10334,388,40,NO,buy,44.44,96.73,0.459434,523906,0x0a86a701d24d,2025-11-27T18:38:06.908040+00:00
7217,226,35,NO,buy,34.09,51.17,0.666205,303311,0x03bc4e043792,2025-11-27T18:31:45.043465+00:00
5270,125,15,NO,sell,29.73,46.39,0.640811,159898,0x062af4041afe,2025-11-27T18:30:56.828136+00:00
4818,99,31,YES,sell,20.48,34.93,0.586386,405868,0x085e3d0770a1,2025-11-27T18:30:37.082055+00:00
4538,86,30,NO,sell,29.86,50.05,0.596558,731550,0x0db5e30eebc1,2025-11-27T18:29:37.031647+00:00
13575,556,27,NO,sell,4.16,12.06,0.344885,327160,0x0969c20efdb0,2025-11-27T18:25:43.731050+00:00
11922,473,43,YES,buy,25.87,56.58,0.457263,101385,0x0218ea05bf6c,2025-11-27T18:25:37.759247+00:00
12362,495,24,YES,sell,28.45,52.18,0.545213,402213,0x0dfdf20c431c,2025-11-27T18:25:31.420582+00:00
13574,556,35,YES,sell,21.01,35.31,0.594968,839050,0x07a1ea0b9281,2025-11-27T18:23:41.731050+00:00
8608,298,20,YES,buy,32.51,95.32,0.341058,599138,0x060e5e04161e,2025-11-27T18:23:32.200021+00:00
8051,270,44,YES,sell,9.93,30.13,0.329554,720183,0x0be925049fc3,2025-11-27T18:23:27.169518+00:00
11921,473,29,NO,buy,37.34,58.99,0.632994,941966,0x077232091983,2025-11-27T18:21:49.759247+00:00
5269,125,18,NO,sell,44.93,89.6,0.501431,813709,0x098f8a0e721f,2025-11-27T18:20:31.828136+00:00
13573,556,42,YES,buy,19.99,29.77,0.671548,622360,0x0e06f60abb33,2025-11-27T18:18:53.731050+00:00
11116,429,26,YES,sell,1.7,5.13,0.331677,280172,0x05666a0c5160,2025-11-27T18:18:43.853831+00:00
11115,429,42,YES,sell,7.08,10.33,0.685629,306985,0x0d72c7032fe7,2025-11-27T18:18:25.853831+00:00
7674,253,32,YES,buy,26.75,73.11,0.3659,798060,0x0a1c37018d38,2025-11-27T18:18:25.768617+00:00
8261,281,30,YES,sell,23.77,49.94,0.475955,840853,0x0b014409e7f7,2025-11-27T18:18:08.925859+00:00
11435,448,33,YES,buy,14.14,22.29,0.634332,792457,0x0c21470a20a6,2025-11-27T18:16:48.018344+00:00
13276,541,39,NO,buy,22.3,32.73,0.681406,67717,0x03471203fee3,2025-11-27T18:16:26.685616+00:00
13420,548,39,NO,buy,6.56,10.31,0.636022,451726,0x04b69c08c8ef,2025-11-27T18:14:44.185724+00:00
8050,270,21,NO,sell,30.97,64.14,0.482838,938476,0x0b1cac0922c7,2025-11-27T18:12:07.169518+00:00
8607,298,32,YES,buy,35.49,95.64,0.371072,622437,0x0e5fb00663e1,2025-11-27T18:11:12.200021+00:00
5905,157,17,YES,buy,13.88,20.43,0.679465,421821,0x073f87091eb0,2025-11-27T18:10:30.184165+00:00
11266,439,32,NO,buy,25.37,39.06,0.649469,918383,0x0837790266f4,2025-11-27T18:10:17.425500+00:00
12831,520,43,YES,buy,1.47,4.6,0.319541,948665,0x01d2de05a8dc,2025-11-27T18:10:10.116547+00:00
11920,473,22,YES,sell,27.59,72.73,0.379323,458851,0x0e669001e6cf,2025-11-27T18:09:47.759247+00:00
11761,463,32,NO,buy,23.64,53.04,0.44574,319940,0x03beee026560,2025-11-27T18:09:12.219879+00:00
7216,226,16,YES,buy,10.57,28.26,0.374008,917747,0x098fa5086f05,2025-11-27T18:08:42.043465+00:00
10689,406,41,NO,buy,24.73,41.58,0.594825,612347,0x0c9dde0812d2,2025-11-27T18:08:25.265563+00:00
8210,279,21,NO,sell,42.95,71.41,0.601447,289457,0x01d584055fe8,2025-11-27T18:05:57.749346+00:00
11434,448,29,NO,buy,19.95,46.54,0.428696,228464,0x0d9dd0071f60,2025-11-27T18:04:35.018344+00:00
9004,317,30,NO,sell,38.46,109.89,0.349974,395002,0x0c7bcb065897,2025-11-27T18:04:13.749091+00:00
7694,254,44,NO,buy,6.25,10.84,0.57635,861893,0x0ce53b0a046f,2025-11-27T18:02:39.849527+00:00
9196,326,24,NO,sell,44.4,126.7,0.350444,867292,0x0838f802648a,2025-11-27T18:02:11.477263+00:00
4446,82,28,NO,sell,7.06,17.6,0.401095,216477,0x0cc17a03f9d5,2025-11-27T18:01:47.691591+00:00
8508,294,33,NO,sell,34.11,71.1,0.479742,860251,0x07ea8b0bf418,2025-11-27T18:01:08.827836+00:00
8209,279,37,YES,sell,34.47,52.01,0.662754,120015,0x020e640a3931,2025-11-27T18:01:02.749346+00:00
11919,473,16,YES,buy,3.92,7.97,0.492127,30460,0x0926cd01c45f,2025-11-27T17:59:56.759247+00:00
7077,220,40,NO,sell,29.59,69.18,0.427727,601487,0x08e3bf037ee0,2025-11-27T17:59:38.525814+00:00
10647,404,32,NO,buy,48.7,85.23,0.571409,758674,0x043f32032b32,2025-11-27T17:58:48.107264+00:00
12652,511,40,NO,sell,16.51,42.43,0.389154,246052,0x0c850306e970,2025-11-27T17:58:20.474547+00:00
13419,548,21,NO,sell,38.83,73.41,0.528911,20857,0x055bc809b0db,2025-11-27T17:57:13.185724+00:00
11760,463,37,YES,sell,38.18,55.72,0.685272,765137,0x0df9ba0da85c,2025-11-27T17:56:13.219879+00:00
12301,492,34,YES,sell,28.05,41.9,0.669481,971030,0x01b3190c9f8a,2025-11-27T17:55:37.162423+00:00
8743,304,16,NO,buy,9.47,18.06,0.52431,90539,0x0b93f5092ad4,2025-11-27T17:55:29.776450+00:00
9638,349,17,NO,buy,3.16,6.15,0.51395,447626,0x05c2bf050b98,2025-11-27T17:54:30.198407+00:00
4445,82,23,YES,buy,33.44,59.56,0.561427,724255,0x01d77c024c32,2025-11-27T17:53:43.691591+00:00
4699,93,36,YES,sell,23.88,74.99,0.318456,691995,0x09dae90dc8e6,2025-11-27T17:53:23.668331+00:00
12542,505,42,NO,buy,30.55,53.71,0.568831,662267,0x07b3fd09e29d,2025-11-27T17:51:58.093008+00:00
4698,93,21,YES,sell,19.99,30.95,0.645924,327087,0x036116019775,2025-11-27T17:50:13.668331+00:00
4817,99,42,NO,buy,48.82,106.65,0.457769,633471,0x095f92069c29,2025-11-27T17:49:09.082055+00:00
4585,88,32,NO,sell,7.62,11.22,0.679394,620531,0x0a278c045bc4,2025-11-27T17:47:59.243337+00:00
7465,241,17,YES,buy,7.97,14.16,0.562728,289118,0x0abe5901fe32,2025-11-27T17:46:35.972257+00:00
11759,463,16,NO,buy,41.83,104.45,0.400474,517394,0x09c9990bdd26,2025-11-27T17:46:23.219879+00:00
11722,461,20,NO,sell,44.5,80.97,0.549589,567054,0x0a215002d384,2025-11-27T17:43:03.073333+00:00
10333,388,27,YES,buy,29.26,66.65,0.438999,561745,0x0ccb6909d997,2025-11-27T17:42:53.908040+00:00
13418,548,44,YES,buy,31.41,47.49,0.661431,443500,0x05d8fd089ccf,2025-11-27T17:42:25.185724+00:00
13275,541,30,YES,sell,13.43,37.07,0.362251,219517,0x07667c0824a5,2025-11-27T17:41:35.685616+00:00
5904,157,43,NO,buy,21.51,68.63,0.313415,737150,0x0881ac0a7140,2025-11-27T17:41:31.184165+00:00
4697,93,31,NO,sell,8.02,12.36,0.64872,710589,0x0eae1a09c8c2,2025-11-27T17:41:00.668331+00:00
7215,226,38,YES,sell,47.16,126.88,0.371682,13831,0x0d6a2404aa29,2025-11-27T17:40:57.043465+00:00
11433,448,37,YES,sell,21.79,56.46,0.385932,4666,0x05d3d802c5f3,2025-11-27T17:40:56.018344+00:00
8606,298,37,NO,buy,22.52,41.32,0.54505,763343,0x0c3296077f4b,2025-11-27T17:38:43.200021+00:00
8507,294,30,NO,sell,25.29,63.57,0.397843,346718,0x05c6180e1f17,2025-11-27T17:38:36.827836+00:00
7693,254,44,NO,buy,25.29,79.22,0.319231,217227,0x06d9990d841d,2025-11-27T17:35:31.849527+00:00
12361,495,27,NO,sell,2.19,5.81,0.376806,798713,0x0e08c504bd1c,2025-11-27T17:35:23.420582+00:00
4537,86,43,NO,sell,19.15,60.34,0.317375,241633,0x0a00c00863a1,2025-11-27T17:34:41.031647+00:00
4536,86,32,YES,buy,24.63,69.95,0.352132,868719,0x0b2e750a278a,2025-11-27T17:34:27.031647+00:00
11265,439,28,YES,sell,33.29,100.59,0.330939,71583,0x01d141049e3f,2025-11-27T17:34:22.425500+00:00
5268,125,24,NO,buy,16.41,35.97,0.456257,737789,0x073822039920,2025-11-27T17:34:18.828136+00:00
8260,281,35,YES,sell,18.99,34.29,0.553847,378537,0x02d88003926e,2025-11-27T17:33:54.925859+00:00
7464,241,36,YES,buy,37.78,68.92,0.548176,347671,0x0ed8480da92a,2025-11-27T17:33:35.972257+00:00
11052,426,17,YES,sell,4.51,9.08,0.496559,649698,0x02a06c01c687,2025-11-27T17:33:33.595177+00:00
7673,253,25,NO,buy,30.06,81.97,0.36672,985886,0x0dea260c2474,2025-11-27T17:33:02.768617+00:00
10688,406,40,YES,sell,42.54,100.03,0.425267,378518,0x0df2a20e1547,2025-11-27T17:28:07.265563+00:00
8677,301,38,NO,buy,34.01,83.61,0.406792,38760,0x0daccd0f1dd8,2025-11-27T17:27:14.473992+00:00
9195,326,22,YES,sell,32.38,46.49,0.696526,335042,0x0ab7ff029803,2025-11-27T17:27:11.477263+00:00
12541,505,41,YES,buy,27.94,62.88,0.444308,122496,0x0364ee0404fd,2025-11-27T17:24:18.093008+00:00
9003,317,32,NO,sell,13.53,20.62,0.656232,527496,0x0e201202a1c4,2025-11-27T17:23:55.749091+00:00
13417,548,16,NO,sell,3.93,6.2,0.633884,48031,0x0a03470b8b4c,2025-11-27T17:23:45.185724+00:00
11432,448,39,NO,sell,24.36,44.75,0.54441,489213,0x05f75e05a810,2025-11-27T17:21:27.018344+00:00
13572,556,24,YES,sell,15.68,29.02,0.540299,259864,0x0e73be02860d,2025-11-27T17:19:05.731050+00:00
11114,429,19,YES,buy,28.03,48.93,0.572851,603141,0x024a360bfa76,2025-11-27T17:18:41.853831+00:00
9637,349,18,NO,buy,43.83,65.34,0.670763,692499,0x08a68307a3eb,2025-11-27T17:17:33.198407+00:00
12300,492,30,YES,buy,44.52,65.58,0.67886,821511,0x0d60ad098470,2025-11-27T17:17:18.162423+00:00
7692,254,26,YES,buy,44.73,141.39,0.316361,898363,0x08864a09475d,2025-11-27T17:17:07.849527+00:00
11721,461,26,YES,sell,23.24,34.93,0.665424,857331,0x0bce0d0708ce,2025-11-27T17:16:45.073333+00:00
7691,254,38,NO,buy,46.5,108.01,0.430518,924534,0x05e30d0831f4,2025-11-27T17:15:53.849527+00:00
11918,473,31,NO,sell,6.67,17.0,0.392291,579815,0x04992006abe6,2025-11-27T17:15:15.759247+00:00
8049,270,15,YES,sell,34.23,92.75,0.369057,613387,0x026b4004d757,2025-11-27T17:14:03.169518+00:00
8742,304,44,NO,buy,26.75,57.55,0.46479,1271,0x0cfc1b01d28d,2025-11-27T17:13:51.776450+00:00
12830,520,31,NO,buy,29.18,59.46,0.490728,422834,0x070a790f411a,2025-11-27T17:13:25.116547+00:00
7076,220,23,YES,sell,48.46,81.75,0.592769,102789,0x075f2a04f253,2025-11-27T17:13:03.525814+00:00
4816,99,16,YES,buy,39.28,64.73,0.606838,88649,0x04a84601e2fb,2025-11-27T17:12:14.082055+00:00
10646,404,19,YES,sell,14.28,31.98,0.446575,864637,0x0e4d6f0d2bc1,2025-11-27T17:11:27.107264+00:00
8506,294,37,NO,buy,49.08,86.08,0.570196,540682,0x028e1604c932,2025-11-27T17:10:12.827836+00:00
10687,406,23,YES,buy,38.26,61.07,0.62651,569302,0x0446760e99a7,2025-11-27T17:10:02.265563+00:00
4444,82,33,YES,buy,18.96,33.84,0.560216,920123,0x021faa078769,2025-11-27T17:09:51.691591+00:00
12829,520,40,YES,sell,7.81,14.44,0.540809,281308,0x08fd6609d1c6,2025-11-27T17:09:22.116547+00:00
8605,298,15,YES,sell,49.05,91.02,0.538913,949741,0x029a7006c924,2025-11-27T17:09:08.200021+00:00
4443,82,21,YES,sell,1.94,4.98,0.389729,770735,0x03a00b04e7a9,2025-11-27T17:08:12.691591+00:00
12651,511,36,NO,buy,27.24,42.13,0.646609,821460,0x0ec16902090d,2025-11-27T17:07:47.474547+00:00
8208,279,16,NO,sell,2.05,3.33,0.615997,31803,0x049fee05aa01,2025-11-27T17:07:34.749346+00:00
9194,326,27,YES,buy,42.56,89.53,0.475361,365632,0x03d3c70d5677,2025-11-27T17:05:44.477263+00:00
5903,157,19,YES,sell,25.31,40.97,0.617735,743820,0x0867cb01dabf,2025-11-27T17:05:30.184165+00:00
11264,439,17,NO,sell,28.43,57.86,0.491378,316176,0x094a17089644,2025-11-27T17:03:50.425500+00:00
8676,301,29,NO,buy,3.7,5.62,0.658131,681400,0x0745420c71e7,2025-11-27T17:03:18.473992+00:00
5902,157,30,YES,sell,40.61,59.79,0.679216,173420,0x036220032686,2025-11-27T16:55:50.184165+00:00
12650,511,24,YES,buy,39.66,99.56,0.398366,909081,0x0d0dc408e7fc,2025-11-27T16:55:28.474547+00:00
13274,541,36,NO,sell,19.56,40.77,0.479715,489113,0x06876d058383,2025-11-27T16:52:09.685616+00:00
13416,548,43,YES,sell,10.75,34.14,0.314879,308270,0x055c4907ca1f,2025-11-27T16:51:58.185724+00:00
13273,541,33,NO,sell,10.53,19.57,0.538029,237174,0x0321e603c6f5,2025-11-27T16:51:20.685616+00:00
11051,426,22,YES,sell,21.85,31.73,0.688701,759993,0x05d91201a423,2025-11-27T16:51:08.595177+00:00
8259,281,15,NO,buy,10.36,15.82,0.654756,130802,0x04ac1d0c735f,2025-11-27T16:50:35.925859+00:00
12540,505,15,NO,buy,9.62,17.37,0.553694,835298,0x04f6130d910e,2025-11-27T16:50:19.093008+00:00
10332,388,35,YES,buy,25.64,40.14,0.63883,853221,0x05a3a2031344,2025-11-27T16:50:16.908040+00:00
9002,317,20,NO,buy,48.94,75.11,0.651543,394929,0x0d531209f26d,2025-11-27T16:49:56.749091+00:00
4815,99,18,NO,buy,20.68,32.5,0.636351,97973,0x08a954073e82,2025-11-27T16:49:48.082055+00:00
8675,301,15,YES,buy,37.21,54.29,0.685414,373365,0x02b89c0dcf3d,2025-11-27T16:49:41.473992+00:00
11113,429,18,YES,sell,35.65,51.96,0.686106,48577,0x0a4c1a08752e,2025-11-27T16:49:34.853831+00:00
11758,463,38,YES,buy,35.2,56.47,0.623336,602233,0x081c160d9740,2025-11-27T16:49:12.219879+00:00
7690,254,41,NO,buy,22.49,56.68,0.396804,419520,0x0e3d2509f526,2025-11-27T16:48:24.849527+00:00
4584,88,20,YES,buy,33.51,52.02,0.644148,490887,0x06baa60924f4,2025-11-27T16:48:22.243337+00:00
12360,495,37,NO,sell,43.35,90.1,0.481125,105993,0x08dab10c1148,2025-11-27T16:47:43.420582+00:00
8767,305,42,YES,buy,2.32,3.79,0.612171,531524,0x08d9ea0c14e2,2025-11-27T16:47:33.861800+00:00
11720,461,37,NO,sell,5.03,7.35,0.683934,338382,0x0d246a0eb72d,2025-11-27T16:47:31.073333+00:00
11431,448,38,YES,buy,17.68,51.75,0.341611,980227,0x0700e903b532,2025-11-27T16:45:42.018344+00:00
7214,226,41,YES,buy,43.32,68.89,0.628787,257262,0x0c07d604b150,2025-11-27T16:45:35.043465+00:00
13571,556,28,NO,buy,41.36,135.51,0.305222,75009,0x04511909f88e,2025-11-27T16:44:26.731050+00:00
12299,492,19,YES,buy,28.21,81.29,0.347017,570067,0x022d4c04ff0a,2025-11-27T16:43:45.162423+00:00
7689,254,31,YES,sell,1.4,3.67,0.381593,6251,0x0653790a61f5,2025-11-27T16:43:20.849527+00:00
9636,349,29,YES,sell,8.01,24.64,0.325107,698600,0x0d22c20a8a79,2025-11-27T16:42:55.198407+00:00
5267,125,33,YES,sell,3.24,7.61,0.425832,374973,0x0676ab01a95a,2025-11-27T16:42:50.828136+00:00
8048,270,25,YES,sell,6.1,10.01,0.609304,675564,0x021eb1086eba,2025-11-27T16:42:20.169518+00:00
4696,93,29,YES,sell,45.34,125.38,0.361631,769020,0x06f7bd0942ed,2025-11-27T16:41:11.668331+00:00
4535,86,41,YES,buy,9.69,14.67,0.660643,921390,0x0b1f76022684,2025-11-27T16:40:47.031647+00:00
7463,241,21,NO,buy,44.35,124.68,0.355708,278687,0x08f3260b1266,2025-11-27T16:40:44.972257+00:00
12359,495,32,NO,buy,14.32,20.59,0.695318,336945,0x0a7a520debaf,2025-11-27T16:39:35.420582+00:00
7672,253,40,NO,sell,40.92,80.0,0.511488,876260,0x0dd9750825d7,2025-11-27T16:38:17.768617+00:00
7671,253,35,YES,sell,36.71,104.75,0.350438,518392,0x0d355507d3ce,2025-11-27T16:37:35.768617+00:00
5266,125,15,NO,buy,28.03,50.47,0.555356,283243,0x020b33055f09,2025-11-27T16:36:52.828136+00:00
8505,294,32,NO,buy,10.1,31.47,0.320981,242595,0x09025d04d9ba,2025-11-27T16:36:52.827836+00:00
8766,305,39,NO,buy,7.91,17.36,0.455757,76880,0x094422047ab5,2025-11-27T16:36:51.861800+00:00
4695,93,21,NO,buy,6.5,10.59,0.613978,958720,0x0df87404c26b,2025-11-27T16:34:42.668331+00:00
7075,220,20,NO,sell,4.68,11.76,0.398118,464824,0x06bf8c067284,2025-11-27T16:34:10.525814+00:00
9193,326,37,NO,buy,26.07,47.26,0.55163,427982,0x0951b50d08d5,2025-11-27T16:34:03.477263+00:00
10331,388,39,YES,buy,25.14,74.91,0.335599,4207,0x018f5b03606f,2025-11-27T16:33:06.908040+00:00
9192,326,42,NO,buy,49.98,103.39,0.483408,637998,0x0aa32c0d0e9c,2025-11-27T16:32:17.477263+00:00
10645,404,44,NO,sell,15.83,37.4,0.42327,516152,0x0f1d05067c8f,2025-11-27T16:30:42.107264+00:00
10330,388,21,YES,sell,1.05,3.07,0.341861,573197,0x026ef408db63,2025-11-27T16:29:53.908040+00:00
10686,406,29,NO,buy,49.36,86.19,0.572705,445350,0x0302390c40ac,2025-11-27T16:29:48.265563+00:00
12828,520,17,NO,sell,45.89,91.42,0.501955,577565,0x02f0c80746d1,2025-11-27T16:28:58.116547+00:00
8741,304,31,NO,buy,44.79,73.8,0.606877,476915,0x0c79c70c9236,2025-11-27T16:27:58.776450+00:00
7074,220,18,NO,sell,3.64,7.13,0.510624,392558,0x0aaddf0283ea,2025-11-27T16:25:12.525814+00:00
9001,317,23,NO,buy,12.67,23.74,0.533672,77074,0x02023505a6af,2025-11-27T16:24:29.749091+00:00
12539,505,28,NO,buy,7.42,16.51,0.449297,412399,0x05dd8b0aed4f,2025-11-27T16:24:04.093008+00:00
11917,473,32,NO,sell,46.5,102.28,0.454615,915115,0x041a57042c1e,2025-11-27T16:24:00.759247+00:00
7670,253,29,YES,buy,29.84,45.69,0.653082,498268,0x0d4ae408113b,2025-11-27T16:22:45.768617+00:00
11263,439,25,YES,buy,27.99,56.87,0.492217,273197,0x07d19b055fd7,2025-11-27T16:20:52.425500+00:00
8258,281,15,NO,buy,33.09,82.64,0.400393,780158,0x02120204cbe7,2025-11-27T16:20:00.925859+00:00
7462,241,19,YES,sell,49.63,160.48,0.309264,99789,0x047c590a85ea,2025-11-27T16:19:18.972257+00:00
11050,426,28,YES,sell,34.56,82.38,0.419516,924890,0x02c05a07231a,2025-11-27T16:18:37.595177+00:00
8674,301,25,NO,buy,47.21,120.69,0.391162,441901,0x068cd20f15bd,2025-11-27T16:18:23.473992+00:00
4442,82,31,NO,sell,44.51,63.75,0.698189,377701,0x070275095e65,2025-11-27T16:16:50.691591+00:00
8047,270,43,YES,buy,47.4,126.91,0.373505,466696,0x0284db0a8db9,2025-11-27T16:16:36.169518+00:00
8257,281,16,YES,buy,36.16,57.41,0.629821,750082,0x0d426c0cb591,2025-11-27T16:16:13.925859+00:00
11719,461,32,NO,sell,14.9,21.99,0.677638,896002,0x053b6e043126,2025-11-27T16:15:31.073333+00:00
8604,298,23,YES,buy,11.7,30.89,0.378824,767319,0x07cc860747c7,2025-11-27T16:14:07.200021+00:00
4694,93,16,NO,sell,5.25,8.07,0.650819,870749,0x0778a108c1a2,2025-11-27T16:13:53.668331+00:00
8765,305,19,YES,buy,33.74,49.66,0.67942,219463,0x041208090a33,2025-11-27T16:13:19.861800+00:00
4814,99,33,NO,sell,34.77,58.67,0.592656,711943,0x022acb03c1b3,2025-11-27T16:12:02.082055+00:00
4534,86,22,NO,sell,7.48,24.39,0.306625,718611,0x09e3a609987b,2025-11-27T16:11:58.031647+00:00
11430,448,20,NO,buy,23.2,35.79,0.648285,412820,0x0d206304f69a,2025-11-27T16:10:34.018344+00:00
8504,294,40,YES,buy,33.58,59.97,0.559971,280224,0x0bdb0203b554,2025-11-27T16:10:31.827836+00:00
10329,388,40,NO,buy,44.54,111.54,0.399333,518789,0x0c1bb00cb496,2025-11-27T16:10:18.908040+00:00
8256,281,41,YES,sell,34.03,90.87,0.374495,218996,0x0d8a5f0acd33,2025-11-27T16:09:06.925859+00:00
11757,463,23,NO,buy,23.54,76.66,0.307075,226246,0x07a660097dee,2025-11-27T16:08:03.219879+00:00
8207,279,29,YES,sell,40.09,102.09,0.392702,825289,0x0768850c0e49,2025-11-27T16:07:42.749346+00:00
4533,86,36,NO,buy,36.49,83.49,0.437069,620284,0x08c8090b1206,2025-11-27T16:07:07.031647+00:00
12649,511,24,YES,sell,43.41,128.57,0.33763,893120,0x0643c30455c4,2025-11-27T16:06:59.474547+00:00
8740,304,18,YES,sell,49.46,75.44,0.655635,779123,0x05edab02e562,2025-11-27T16:06:33.776450+00:00
11262,439,19,NO,buy,20.53,57.39,0.357756,515362,0x0c32c309de29,2025-11-27T16:06:31.425500+00:00
9191,326,43,NO,sell,6.03,12.78,0.47199,10720,0x0d62f206bd15,2025-11-27T16:04:06.477263+00:00
7669,253,33,YES,sell,23.52,44.77,0.525343,245694,0x024a54075018,2025-11-27T16:01:35.768617+00:00
7213,226,24,YES,sell,38.29,60.24,0.63558,575531,0x0807d60bcd8b,2025-11-27T16:00:56.043465+00:00
9635,349,22,NO,sell,48.99,75.05,0.652795,265310,0x0818e109aef6,2025-11-27T16:00:37.198407+00:00
11049,426,30,NO,buy,1.98,3.15,0.627599,101272,0x079fe50b5590,2025-11-27T15:59:37.595177+00:00
13570,556,43,NO,buy,42.13,62.5,0.67404,853690,0x0c99d303a9db,2025-11-27T15:58:56.731050+00:00
11112,429,23,YES,buy,5.89,11.18,0.526949,176183,0x0dd50606dc52,2025-11-27T15:58:46.853831+00:00
5901,157,43,YES,sell,3.15,8.44,0.373071,612917,0x06f78d0c7454,2025-11-27T15:57:57.184165+00:00
7668,253,23,NO,buy,28.45,41.82,0.680295,324003,0x0aa3730629d7,2025-11-27T15:56:25.768617+00:00
5265,125,42,NO,buy,12.74,34.89,0.365104,223203,0x033ab402922c,2025-11-27T15:55:57.828136+00:00
12298,492,22,YES,buy,30.43,55.25,0.550761,78407,0x0e124904e963,2025-11-27T15:55:56.162423+00:00
9024,318,36,NO,buy,40.8,135.2,0.301772,183218,0x0e22c003eca3,2025-11-27T15:55:11.821813+00:00
9000,317,25,YES,sell,16.36,26.11,0.6266,314028,0x0c08ec063798,2025-11-27T15:54:48.749091+00:00
13415,548,25,YES,sell,17.77,35.88,0.495261,140826,0x07fad1065791,2025-11-27T15:54:05.185724+00:00
11718,461,27,YES,sell,37.14,71.31,0.520846,201081,0x09a56a0c3e4a,2025-11-27T15:54:03.073333+00:00
9190,326,42,NO,sell,18.25,37.08,0.492119,116866,0x0189120887ee,2025-11-27T15:53:19.477263+00:00
13272,541,34,NO,sell,5.91,17.51,0.337484,661723,0x0e49c8056007,2025-11-27T15:53:12.685616+00:00
11429,448,37,NO,buy,7.93,13.52,0.586656,145881,0x05025503c030,2025-11-27T15:53:11.018344+00:00
11717,461,39,NO,sell,16.58,40.04,0.41407,485597,0x0928770c6eff,2025-11-27T15:52:18.073333+00:00
9634,349,30,YES,buy,35.3,55.22,0.63922,859929,0x02900906c7c6,2025-11-27T15:52:00.198407+00:00
12648,511,24,YES,buy,2.39,4.66,0.513271,157460,0x0aa6770d4bc1,2025-11-27T15:51:30.474547+00:00
12827,520,26,NO,buy,34.72,59.13,0.587136,861414,0x0915b70eff30,2025-11-27T15:51:30.116547+00:00
8603,298,31,YES,sell,22.37,39.54,0.565783,768486,0x02e67209fc83,2025-11-27T15:51:02.200021+00:00
4583,88,24,YES,buy,37.14,77.82,0.477264,553329,0x038c6803a056,2025-11-27T15:50:58.243337+00:00
8739,304,16,NO,buy,42.22,86.72,0.486829,949498,0x0f20300eccac,2025-11-27T15:50:51.776450+00:00
8046,270,38,YES,sell,28.71,48.8,0.588349,150020,0x0ea3c60ee362,2025-11-27T15:47:29.169518+00:00
11916,473,39,NO,sell,11.32,36.66,0.308743,462391,0x09e7c60ec94a,2025-11-27T15:45:41.759247+00:00
11111,429,16,NO,sell,30.88,56.85,0.543161,314936,0x06d56f09de4a,2025-11-27T15:44:42.853831+00:00
7688,254,16,NO,sell,33.09,103.49,0.319726,665554,0x02d9d30e65b6,2025-11-27T15:43:30.849527+00:00
10644,404,20,YES,buy,1.08,1.61,0.669132,997979,0x0bad630cb73f,2025-11-27T15:43:16.107264+00:00
11048,426,16,NO,sell,30.74,88.61,0.346922,223659,0x066bbe06bb91,2025-11-27T15:42:42.595177+00:00
11915,473,38,NO,buy,24.26,36.39,0.6666,847509,0x05ac8f0389c0,2025-11-27T15:42:08.759247+00:00
12358,495,17,YES,buy,4.94,8.65,0.571363,514984,0x0dd35d0f160e,2025-11-27T15:41:48.420582+00:00
8673,301,41,NO,buy,38.59,72.35,0.533412,708025,0x08b1df02d304,2025-11-27T15:39:45.473992+00:00
12538,505,23,YES,sell,11.94,25.13,0.475196,623033,0x0905880806c8,2025-11-27T15:35:01.093008+00:00
7461,241,17,NO,buy,17.42,24.99,0.697123,41319,0x0348ef073208,2025-11-27T15:32:57.972257+00:00
8764,305,40,NO,sell,20.3,38.16,0.531962,947619,0x08708b0cae87,2025-11-27T15:32:55.861800+00:00
7212,226,17,NO,buy,3.22,5.66,0.568555,336631,0x0b9ea209eaff,2025-11-27T15:31:53.043465+00:00
12537,505,39,NO,sell,27.23,49.2,0.553426,808734,0x0c77f608efb7,2025-11-27T15:31:47.093008+00:00
10685,406,33,YES,sell,19.11,39.89,0.479097,877682,0x08fad9018fbf,2025-11-27T15:31:17.265563+00:00
7460,241,25,NO,sell,33.68,48.97,0.687798,590538,0x019a3b056495,2025-11-27T15:30:50.972257+00:00
9023,318,33,NO,buy,23.87,41.67,0.57287,550627,0x01cc2c0eea61,2025-11-27T15:30:15.821813+00:00
7073,220,17,NO,buy,34.29,61.9,0.553923,522195,0x02f7f2084be3,2025-11-27T15:29:49.525814+00:00
7072,220,26,YES,sell,25.69,82.64,0.310869,714970,0x07846804b5ec,2025-11-27T15:29:22.525814+00:00
8763,305,29,YES,sell,2.92,5.3,0.551306,362297,0x04bd8907bfe1,2025-11-27T15:28:06.861800+00:00
10684,406,25,NO,buy,35.6,83.9,0.424333,636664,0x06e11f037569,2025-11-27T15:27:50.265563+00:00
4441,82,18,NO,sell,9.18,14.58,0.629538,479073,0x064c0f062ddb,2025-11-27T15:26:59.691591+00:00
9189,326,26,NO,buy,3.29,9.44,0.348367,716209,0x031e980811ec,2025-11-27T15:26:04.477263+00:00
8738,304,32,YES,buy,28.25,72.66,0.388793,596952,0x0c2b8d0e7bf9,2025-11-27T15:26:01.776450+00:00
8737,304,17,NO,sell,24.34,70.64,0.344559,191332,0x01f289073932,2025-11-27T15:25:34.776450+00:00
4693,93,27,YES,buy,43.37,72.21,0.600616,330776,0x0ccf650f4040,2025-11-27T15:25:16.668331+00:00
8602,298,15,YES,buy,15.26,44.53,0.342678,71647,0x06eee207ea67,2025-11-27T15:24:44.200021+00:00
4532,86,20,YES,sell,30.44,49.27,0.617846,191719,0x0ea7330dce43,2025-11-27T15:24:25.031647+00:00
9633,349,43,NO,buy,31.58,47.15,0.669744,786089,0x0dc72603d857,2025-11-27T15:24:14.198407+00:00
4582,88,39,NO,buy,6.09,11.13,0.547241,977842,0x02dff60c00d1,2025-11-27T15:24:12.243337+00:00
9022,318,24,NO,buy,6.42,14.07,0.456181,636372,0x0340a90d9382,2025-11-27T15:23:55.821813+00:00
4581,88,21,YES,sell,6.05,18.59,0.325517,57440,0x0918cb0a4d02,2025-11-27T15:22:15.243337+00:00
8672,301,44,YES,sell,12.68,27.78,0.456519,380266,0x03c4eb020da9,2025-11-27T15:20:33.473992+00:00
11261,439,37,YES,sell,7.74,14.68,0.527128,565302,0x05c58e07b359,2025-11-27T15:19:50.425500+00:00
13569,556,44,YES,buy,35.42,82.06,0.431612,233327,0x0f21c30527ce,2025-11-27T15:19:19.731050+00:00
12647,511,31,NO,buy,37.85,57.54,0.657825,275799,0x0ac69c06d35f,2025-11-27T15:18:38.474547+00:00
12357,495,44,YES,sell,47.07,102.42,0.459586,585643,0x0e16970ae36f,2025-11-27T15:18:26.420582+00:00
4440,82,21,YES,buy,31.71,79.37,0.399529,328252,0x0c9f4d070914,2025-11-27T15:18:01.691591+00:00
10328,388,28,NO,sell,44.24,90.51,0.488793,214257,0x0766c50f2e41,2025-11-27T15:17:26.908040+00:00
11716,461,35,NO,sell,10.51,28.23,0.372277,475575,0x091f0e0bc5e7,2025-11-27T15:17:24.073333+00:00
4813,99,24,NO,sell,48.51,80.63,0.601665,155228,0x0ab49c0c3232,2025-11-27T15:17:17.082055+00:00
8503,294,40,YES,buy,33.4,64.84,0.51511,605544,0x0ef65f03c066,2025-11-27T15:17:00.827836+00:00
4580,88,42,YES,buy,36.66,64.91,0.564809,787159,0x0d6d890cbcad,2025-11-27T15:16:38.243337+00:00
11110,429,44,YES,buy,49.92,81.97,0.609016,602117,0x08e6ab06d080,2025-11-27T15:16:15.853831+00:00
10683,406,20,NO,sell,14.3,45.48,0.314416,465457,0x08f8240a47ea,2025-11-27T15:15:48.265563+00:00
7071,220,24,NO,buy,38.13,57.71,0.660719,138449,0x08060701c84e,2025-11-27T15:15:47.525814+00:00
8255,281,37,NO,buy,38.89,63.93,0.608311,147604,0x05384c08f8b6,2025-11-27T15:15:15.925859+00:00
8206,279,33,NO,sell,34.66,60.15,0.576186,763082,0x0bf3b60f3de1,2025-11-27T15:15:15.749346+00:00
9188,326,35,YES,sell,15.18,38.95,0.38976,65243,0x01d8a105a40e,2025-11-27T15:15:08.477263+00:00
7070,220,28,YES,sell,42.18,99.52,0.423839,470389,0x084b7702037c,2025-11-27T15:14:55.525814+00:00
12826,520,17,YES,sell,32.7,99.48,0.328701,919033,0x0c58aa0c8b5d,2025-11-27T15:13:22.116547+00:00
5900,157,17,YES,sell,24.83,82.14,0.302277,846993,0x0df00e0d7039,2025-11-27T15:13:09.184165+00:00
11109,429,24,YES,buy,1.89,4.28,0.441467,696220,0x097340029693,2025-11-27T15:13:00.853831+00:00
11756,463,31,NO,buy,9.96,18.21,0.546932,338888,0x0d77bc0bd1ce,2025-11-27T15:12:49.219879+00:00
8601,298,21,NO,buy,4.65,8.41,0.552963,777169,0x0d560b02e474,2025-11-27T15:12:28.200021+00:00
13414,548,35,NO,buy,14.87,29.33,0.506987,991657,0x01b80306b38c,2025-11-27T15:11:56.185724+00:00
11047,426,32,NO,buy,4.27,9.08,0.470369,704428,0x0de61502eb80,2025-11-27T15:11:43.595177+00:00
8762,305,26,YES,sell,49.13,70.73,0.694626,16298,0x088ae20a456c,2025-11-27T15:09:29.861800+00:00
8671,301,40,YES,sell,43.94,70.65,0.621943,650924,0x09af9406d440,2025-11-27T15:07:14.473992+00:00
7667,253,39,YES,buy,25.94,67.74,0.382926,757055,0x0377470daf4a,2025-11-27T15:06:24.768617+00:00
7687,254,23,YES,sell,38.84,71.92,0.540081,431136,0x09330e07a189,2025-11-27T15:05:34.849527+00:00
8999,317,32,YES,sell,41.68,94.02,0.443295,712666,0x02d8c007abde,2025-11-27T15:05:08.749091+00:00
4579,88,23,NO,sell,37.65,74.06,0.508374,176445,0x08bb01082652,2025-11-27T15:03:55.243337+00:00
9632,349,32,NO,sell,44.49,109.84,0.405061,96848,0x0d4596062934,2025-11-27T15:03:40.198407+00:00
5264,125,16,NO,sell,10.54,30.7,0.34336,633490,0x02c554075440,2025-11-27T15:02:38.828136+00:00
11914,473,23,NO,buy,19.3,60.84,0.317232,675825,0x0655c10bd13a,2025-11-27T15:01:55.759247+00:00
7666,253,44,NO,sell,41.7,101.5,0.410838,947393,0x0d93e108ae6c,2025-11-27T15:00:48.768617+00:00
12297,492,33,YES,sell,18.58,33.47,0.555053,196214,0x04994e082fac,2025-11-27T15:00:47.162423+00:00
7665,253,41,YES,buy,49.62,80.07,0.619746,401755,0x049f520a6c0d,2025-11-27T15:00:01.768617+00:00
8045,270,38,YES,sell,34.24,73.73,0.464424,187586,0x01fe5b09d6b2,2025-11-27T14:59:56.169518+00:00
13568,556,44,YES,buy,44.31,129.62,0.341842,328478,0x06787a07ca3f,2025-11-27T14:59:15.731050+00:00
12356,495,31,NO,sell,30.99,49.72,0.623327,994955,0x0294e806eba9,2025-11-27T14:58:35.420582+00:00
11715,461,25,YES,buy,29.14,42.66,0.683058,468021,0x09a4d70a6287,2025-11-27T14:57:44.073333+00:00
7211,226,32,NO,buy,31.93,47.09,0.678115,838216,0x01c32c094ccf,2025-11-27T14:54:17.043465+00:00
13271,541,28,YES,sell,1.35,2.52,0.535046,200423,0x022828090c03,2025-11-27T14:53:58.685616+00:00
11428,448,19,NO,buy,11.38,24.08,0.472538,676133,0x0bce97061556,2025-11-27T14:53:52.018344+00:00
10643,404,37,YES,buy,48.18,108.3,0.444877,348288,0x070c1c0d1e65,2025-11-27T14:52:39.107264+00:00
8736,304,37,NO,sell,48.59,72.46,0.670578,918070,0x0704a404fdb8,2025-11-27T14:51:30.776450+00:00
4531,86,33,YES,sell,47.42,122.65,0.386637,910432,0x0b3af4091188,2025-11-27T14:51:23.031647+00:00
5263,125,34,YES,sell,24.39,43.47,0.56108,399951,0x0801ea0ec30e,2025-11-27T14:51:13.828136+00:00
8761,305,17,YES,sell,29.17,44.77,0.651526,777507,0x034732086ca8,2025-11-27T14:51:10.861800+00:00
8254,281,30,NO,buy,11.64,28.87,0.403149,990516,0x03eac40a0cef,2025-11-27T14:50:52.925859+00:00
9021,318,39,NO,buy,21.68,61.37,0.353259,141659,0x019856037432,2025-11-27T14:50:48.821813+00:00
7664,253,17,YES,sell,33.29,103.71,0.320987,929041,0x0be15e0392d1,2025-11-27T14:50:26.768617+00:00
7459,241,33,YES,sell,22.89,34.38,0.665871,886560,0x095dc103cbc2,2025-11-27T14:50:23.972257+00:00
11046,426,33,YES,sell,6.12,9.15,0.668756,249401,0x09bf7108700e,2025-11-27T14:50:19.595177+00:00
8760,305,34,YES,sell,27.36,41.64,0.657107,496671,0x04fded08cc50,2025-11-27T14:47:26.861800+00:00
12536,505,39,YES,sell,19.51,32.03,0.60903,340908,0x0c6eb8020a30,2025-11-27T14:46:09.093008+00:00
8600,298,40,YES,buy,3.52,6.63,0.531236,114619,0x0de812073ed2,2025-11-27T14:45:36.200021+00:00
11045,426,25,YES,buy,25.8,47.87,0.538928,329443,0x05b27406dda2,2025-11-27T14:44:50.595177+00:00
4692,93,23,YES,sell,49.2,89.36,0.550604,599717,0x0f011e042e6f,2025-11-27T14:43:46.668331+00:00
12825,520,44,YES,sell,38.99,81.02,0.481244,216869,0x059ab80c87c3,2025-11-27T14:41:53.116547+00:00
4439,82,15,YES,buy,36.8,54.12,0.680027,874703,0x06ae680da2ac,2025-11-27T14:41:36.691591+00:00
8253,281,26,YES,sell,36.44,60.05,0.606828,204552,0x0b223004de23,2025-11-27T14:41:25.925859+00:00
10682,406,24,YES,buy,34.12,51.55,0.661937,919988,0x0e8b4f02f676,2025-11-27T14:40:34.265563+00:00
10327,388,27,YES,buy,47.39,146.47,0.323555,306279,0x085161097505,2025-11-27T14:39:22.908040+00:00
9020,318,20,NO,buy,13.73,35.95,0.381946,193101,0x0aa83a0ed17e,2025-11-27T14:38:19.821813+00:00
11913,473,25,YES,buy,49.28,116.23,0.423998,865242,0x0830cf01eb7f,2025-11-27T14:36:52.759247+00:00
7458,241,16,NO,buy,14.74,22.1,0.667106,796331,0x0da80a0b2e98,2025-11-27T14:36:50.972257+00:00
4578,88,25,YES,sell,16.53,39.68,0.416543,676958,0x05ce310b3648,2025-11-27T14:36:46.243337+00:00
7457,241,26,YES,buy,27.07,58.8,0.460357,863696,0x042b380d403d,2025-11-27T14:36:07.972257+00:00
11044,426,33,YES,sell,7.11,10.78,0.659284,276295,0x0d60d606270f,2025-11-27T14:34:29.595177+00:00
8735,304,15,NO,sell,38.07,116.39,0.327085,658080,0x04a00f0b930b,2025-11-27T14:34:11.776450+00:00
7663,253,44,NO,sell,18.03,31.15,0.578903,870885,0x0b56e00b803c,2025-11-27T14:34:03.768617+00:00
4691,93,32,YES,buy,29.29,67.69,0.432688,70429,0x0e4226072ef3,2025-11-27T14:33:25.668331+00:00
7456,241,42,YES,sell,2.17,3.68,0.589624,839556,0x066a5e06a1c5,2025-11-27T14:31:53.972257+00:00
8502,294,40,YES,sell,14.15,20.75,0.68206,439618,0x07be5507c600,2025-11-27T14:31:16.827836+00:00
13413,548,21,YES,sell,37.52,115.95,0.323599,170447,0x0ed9290a5137,2025-11-27T14:29:58.185724+00:00
11714,461,33,NO,buy,21.87,46.76,0.4677,655195,0x0baf59023759,2025-11-27T14:29:57.073333+00:00
7686,254,39,NO,sell,32.96,91.03,0.362094,133385,0x0604b503d6d6,2025-11-27T14:29:37.849527+00:00
4812,99,44,NO,buy,1.21,2.03,0.595398,679684,0x09a4f806d38c,2025-11-27T14:28:58.082055+00:00
11912,473,18,YES,sell,21.26,58.34,0.364422,940624,0x0ef35906b9df,2025-11-27T14:28:36.759247+00:00
11427,448,19,NO,sell,19.92,54.66,0.364419,205043,0x0312f007edc0,2025-11-27T14:28:05.018344+00:00
11260,439,26,NO,sell,27.91,60.97,0.457791,93022,0x06508d076492,2025-11-27T14:26:43.425500+00:00
12824,520,41,YES,sell,48.61,74.59,0.65172,371458,0x09435d0df4d1,2025-11-27T14:25:47.116547+00:00
4577,88,44,NO,sell,31.93,60.4,0.528655,83954,0x0f1bb802aad9,2025-11-27T14:25:33.243337+00:00
11755,463,28,NO,sell,9.59,16.79,0.571084,455511,0x06d3030cd8fd,2025-11-27T14:24:34.219879+00:00
8670,301,15,NO,sell,39.16,66.24,0.591166,657805,0x022aab057e54,2025-11-27T14:23:49.473992+00:00
7685,254,26,YES,buy,41.92,91.45,0.458401,40467,0x0497b50eeb7b,2025-11-27T14:23:36.849527+00:00
9187,326,40,NO,sell,6.9,16.06,0.429525,3120,0x0cf61907f25b,2025-11-27T14:22:33.477263+00:00
7210,226,24,YES,buy,16.9,25.02,0.675327,455174,0x058752052ff4,2025-11-27T14:21:16.043465+00:00
12823,520,43,NO,sell,3.64,9.68,0.375857,50283,0x024b2a08903c,2025-11-27T14:21:03.116547+00:00
8205,279,28,YES,buy,25.33,70.37,0.359934,395691,0x050dfb09e370,2025-11-27T14:20:29.749346+00:00
8044,270,32,NO,buy,12.37,34.87,0.354759,201997,0x0815bf0f4047,2025-11-27T14:20:25.169518+00:00
12646,511,19,NO,buy,18.91,33.8,0.559471,548751,0x08fb9d0d4fb0,2025-11-27T14:19:28.474547+00:00
7069,220,18,NO,sell,3.56,6.14,0.579765,247136,0x079aa301b812,2025-11-27T14:19:21.525814+00:00
11108,429,41,NO,buy,39.57,58.71,0.673951,718656,0x0d455507582f,2025-11-27T14:18:53.853831+00:00
8759,305,35,NO,sell,32.41,46.88,0.691335,529486,0x06293902fe03,2025-11-27T14:16:43.861800+00:00
5899,157,24,YES,buy,15.22,35.19,0.432566,163315,0x0347da0c83c9,2025-11-27T14:15:50.184165+00:00
4438,82,30,YES,buy,31.11,56.22,0.553395,501590,0x07faec0863e9,2025-11-27T14:15:16.691591+00:00
7209,226,16,NO,buy,3.93,6.67,0.589235,256022,0x0a19ba093670,2025-11-27T14:15:15.043465+00:00
9019,318,24,NO,sell,37.24,111.46,0.33411,62294,0x0852d7051e0a,2025-11-27T14:14:26.821813+00:00
12355,495,28,YES,buy,10.86,20.78,0.522669,154043,0x0ecc4407689b,2025-11-27T14:13:44.420582+00:00
10642,404,36,YES,buy,34.92,65.81,0.530593,646644,0x07c90509dd31,2025-11-27T14:13:15.107264+00:00
9631,349,36,NO,sell,45.61,143.96,0.316815,516799,0x04409907f324,2025-11-27T14:13:08.198407+00:00
5262,125,38,YES,sell,31.33,80.84,0.387563,783233,0x0477080eaf9a,2025-11-27T14:12:53.828136+00:00
8998,317,29,NO,buy,8.88,17.13,0.518479,557502,0x0a1e3a05c1e2,2025-11-27T14:12:39.749091+00:00
12296,492,28,NO,buy,19.32,45.0,0.429296,892055,0x08b849049197,2025-11-27T14:11:22.162423+00:00
4530,86,35,YES,buy,3.74,9.27,0.403304,426151,0x04680f09cac9,2025-11-27T14:10:19.031647+00:00
7684,254,31,NO,buy,46.83,154.47,0.303175,594205,0x0e780f0252b0,2025-11-27T14:09:20.849527+00:00
7068,220,25,NO,sell,8.69,23.67,0.36715,390016,0x0e3bad0c7fc7,2025-11-27T14:09:00.525814+00:00
7455,241,21,NO,sell,12.95,18.76,0.690159,725050,0x086a750b1431,2025-11-27T14:08:42.972257+00:00
8734,304,28,YES,buy,41.42,94.59,0.437885,145654,0x022ed301b772,2025-11-27T14:08:08.776450+00:00
12645,511,24,NO,sell,21.15,32.34,0.654066,881448,0x0d29f00d1aa7,2025-11-27T14:07:09.474547+00:00
11911,473,31,YES,sell,46.12,83.22,0.554184,406697,0x04e955024882,2025-11-27T14:04:55.759247+00:00
4437,82,16,YES,sell,14.4,23.82,0.604477,802619,0x04393b0abf10,2025-11-27T14:04:18.691591+00:00
5261,125,44,NO,buy,21.76,59.99,0.36272,396900,0x02ff3209deb1,2025-11-27T14:04:11.828136+00:00
13567,556,29,YES,buy,7.94,12.28,0.64682,473336,0x0dae8c050c5c,2025-11-27T14:03:17.731050+00:00
11910,473,17,YES,buy,34.74,52.94,0.656257,758493,0x028a29024701,2025-11-27T14:02:46.759247+00:00
12295,492,15,NO,sell,43.48,65.41,0.664724,633738,0x04aef5067bf8,2025-11-27T14:02:43.162423+00:00
7208,226,25,NO,buy,22.6,40.34,0.560253,539792,0x08531f030ac1,2025-11-27T14:01:50.043465+00:00
11107,429,37,NO,sell,43.3,71.95,0.60181,646663,0x0666a90cbcfe,2025-11-27T14:01:27.853831+00:00
10326,388,26,YES,buy,31.42,97.89,0.320975,864232,0x0a23d4057d92,2025-11-27T14:01:03.908040+00:00
4529,86,21,YES,sell,2.1,6.62,0.317258,169956,0x0ab3a00b00e1,2025-11-27T14:00:58.031647+00:00
7662,253,25,NO,sell,40.46,104.22,0.388223,557629,0x0a77bb09666b,2025-11-27T13:59:10.768617+00:00
8997,317,36,YES,buy,12.22,19.74,0.619043,651121,0x074e3309a44f,2025-11-27T13:58:25.749091+00:00
13270,541,25,YES,buy,38.53,62.45,0.616973,167713,0x0acf600b8b34,2025-11-27T13:57:53.685616+00:00
4811,99,20,NO,buy,46.1,99.82,0.461825,153446,0x09843c0dd279,2025-11-27T13:57:32.082055+00:00
11713,461,25,YES,sell,18.65,42.97,0.434004,204967,0x0e8e2606a576,2025-11-27T13:57:31.073333+00:00
13412,548,38,YES,buy,12.91,34.1,0.378629,547570,0x08a8700c65f6,2025-11-27T13:56:35.185724+00:00
4690,93,41,NO,buy,41.92,99.87,0.419737,331828,0x0d20140c6085,2025-11-27T13:55:21.668331+00:00
12535,505,32,YES,buy,26.71,53.21,0.501949,978139,0x0310e50da179,2025-11-27T13:54:54.093008+00:00
11043,426,19,NO,buy,37.55,85.56,0.438885,509669,0x06fd9b088df3,2025-11-27T13:54:04.595177+00:00
12822,520,41,YES,buy,21.77,32.52,0.669398,962865,0x05b134076632,2025-11-27T13:52:35.116547+00:00
10681,406,21,NO,sell,18.52,31.17,0.59416,18279,0x0436e002f337,2025-11-27T13:51:31.265563+00:00
8599,298,41,NO,sell,34.57,58.76,0.588297,54187,0x025608083326,2025-11-27T13:51:06.200021+00:00
13269,541,30,YES,buy,35.68,57.79,0.617431,70199,0x0408b10e1862,2025-11-27T13:50:37.685616+00:00
8758,305,28,NO,sell,22.88,41.73,0.548238,58253,0x0d8c8402e70e,2025-11-27T13:49:34.861800+00:00
12294,492,41,NO,sell,2.29,5.16,0.443795,608766,0x066d870bae54,2025-11-27T13:48:01.162423+00:00
8996,317,20,NO,buy,22.4,51.99,0.430877,362629,0x092c74043a56,2025-11-27T13:46:48.749091+00:00
11754,463,28,NO,sell,18.33,55.15,0.332344,299229,0x027e4d09f234,2025-11-27T13:46:47.219879+00:00
8252,281,37,YES,sell,38.24,72.16,0.529902,756102,0x01ebe40283f5,2025-11-27T13:46:45.925859+00:00
5260,125,15,NO,sell,34.32,52.77,0.650391,870812,0x0a64720ce88c,2025-11-27T13:46:25.828136+00:00
5898,157,40,YES,sell,29.7,51.27,0.579287,947090,0x09622a044efe,2025-11-27T13:44:50.184165+00:00
11426,448,17,NO,buy,27.06,49.75,0.543957,563207,0x044c0802c425,2025-11-27T13:43:31.018344+00:00
8995,317,38,NO,buy,23.21,35.63,0.6515,262355,0x0ac9cb08c89e,2025-11-27T13:42:55.749091+00:00
12821,520,19,NO,sell,8.53,20.5,0.416171,839852,0x08e7550829d4,2025-11-27T13:41:58.116547+00:00
8204,279,40,NO,buy,1.43,2.05,0.69699,98219,0x0f254002e7d5,2025-11-27T13:39:18.749346+00:00
7683,254,25,YES,sell,39.15,82.54,0.474332,423893,0x034fb50b4ed3,2025-11-27T13:39:06.849527+00:00
9630,349,41,YES,sell,3.72,5.42,0.685804,596090,0x01dce402bc70,2025-11-27T13:38:54.198407+00:00
8501,294,35,YES,buy,31.14,102.4,0.304095,398257,0x03f7a80b8d33,2025-11-27T13:37:01.827836+00:00
13566,556,39,NO,sell,8.4,27.24,0.308422,934615,0x0e30820de588,2025-11-27T13:37:01.731050+00:00
8669,301,28,YES,sell,41.59,106.82,0.389339,583505,0x0357650a2487,2025-11-27T13:36:51.473992+00:00
9018,318,43,NO,sell,28.34,46.93,0.603924,510696,0x07bb300acd37,2025-11-27T13:36:30.821813+00:00
10641,404,20,NO,sell,48.54,113.42,0.427984,310840,0x04fd000db3c0,2025-11-27T13:36:13.107264+00:00
5259,125,18,YES,buy,44.18,141.22,0.312848,528743,0x0d8b43044d9c,2025-11-27T13:35:19.828136+00:00
9186,326,25,YES,buy,18.38,31.39,0.585579,452059,0x02687e0e436d,2025-11-27T13:35:04.477263+00:00
12644,511,34,NO,buy,36.06,61.88,0.58274,415457,0x05b2a80dee8b,2025-11-27T13:34:06.474547+00:00
7661,253,25,NO,sell,48.18,119.31,0.403834,945326,0x02171e0306b3,2025-11-27T13:32:27.768617+00:00
11259,439,38,YES,sell,22.62,46.12,0.490502,459450,0x0ba9ba061929,2025-11-27T13:32:25.425500+00:00
10325,388,21,NO,sell,32.44,85.45,0.37963,859285,0x03359606d827,2025-11-27T13:30:28.908040+00:00
7454,241,24,YES,buy,38.88,69.41,0.560178,640719,0x0dde7f0e648d,2025-11-27T13:30:15.972257+00:00
4576,88,43,YES,sell,31.07,64.0,0.485501,672697,0x03d7ec043503,2025-11-27T13:30:15.243337+00:00
11712,461,17,NO,sell,34.43,49.94,0.689385,189269,0x03308f0dca03,2025-11-27T13:28:34.073333+00:00
12643,511,18,YES,sell,44.09,106.97,0.41219,201199,0x09a3b50d6af3,2025-11-27T13:28:22.474547+00:00
4528,86,36,YES,sell,40.75,69.29,0.588102,503073,0x093aea0c545d,2025-11-27T13:28:06.031647+00:00
8043,270,19,NO,buy,35.58,75.46,0.471482,511959,0x09857c098026,2025-11-27T13:27:49.169518+00:00
8598,298,24,YES,sell,19.86,29.85,0.665228,971895,0x0e59500b8370,2025-11-27T13:27:42.200021+00:00
12642,511,15,NO,buy,47.38,81.71,0.579821,923471,0x09d9e602a6b4,2025-11-27T13:27:19.474547+00:00
11753,463,24,YES,buy,7.92,11.87,0.667102,36537,0x0e65d2019fd6,2025-11-27T13:27:05.219879+00:00
8733,304,22,NO,buy,36.84,104.28,0.353278,227438,0x0892c509d8aa,2025-11-27T13:26:28.776450+00:00
8994,317,24,NO,sell,22.41,65.35,0.342945,590810,0x083f360618a4,2025-11-27T13:26:03.749091+00:00
8042,270,22,YES,sell,19.18,44.65,0.429537,350141,0x06f7b60ad0e5,2025-11-27T13:24:10.169518+00:00
12354,495,33,NO,sell,25.12,39.74,0.632062,124991,0x0a15d406cdb9,2025-11-27T13:23:38.420582+00:00
8251,281,19,YES,sell,23.78,39.78,0.597853,132223,0x076a58037b0a,2025-11-27T13:23:12.925859+00:00
7207,226,33,NO,buy,4.11,6.32,0.649939,15642,0x01a7b5062878,2025-11-27T13:21:52.043465+00:00
11042,426,24,YES,sell,16.06,39.21,0.409548,640715,0x08c07904a699,2025-11-27T13:21:22.595177+00:00
13268,541,39,YES,buy,24.23,69.77,0.347289,202339,0x0728430cc887,2025-11-27T13:21:10.685616+00:00
4436,82,19,NO,buy,39.17,79.13,0.495032,329638,0x0b9f55045ae5,2025-11-27T13:20:50.691591+00:00
4810,99,20,YES,buy,33.61,48.62,0.691209,471211,0x03e49a077e15,2025-11-27T13:20:31.082055+00:00
13565,556,36,NO,sell,41.17,71.56,0.575315,166430,0x0c6e7f06e950,2025-11-27T13:20:24.731050+00:00
4527,86,17,NO,buy,8.36,23.03,0.362943,857639,0x0b28800d00b2,2025-11-27T13:19:52.031647+00:00
11909,473,15,NO,buy,38.65,77.77,0.496964,573592,0x0e37220ce069,2025-11-27T13:19:43.759247+00:00
12534,505,42,NO,buy,12.14,25.12,0.483242,874551,0x0b7d9a0e86bd,2025-11-27T13:19:07.093008+00:00
5897,157,36,YES,sell,4.39,11.79,0.372493,593497,0x05ebf60cae12,2025-11-27T13:18:11.184165+00:00
7067,220,27,NO,sell,26.94,65.17,0.413357,297736,0x0ef3090f0cd7,2025-11-27T13:16:49.525814+00:00
10680,406,23,YES,buy,42.5,95.54,0.444859,815263,0x0960be0765f4,2025-11-27T13:15:52.265563+00:00
8500,294,40,NO,buy,5.5,12.77,0.430815,423969,0x0e748b08853d,2025-11-27T13:15:38.827836+00:00
5258,125,24,NO,sell,36.41,76.24,0.477589,14851,0x0bd7eb0ca65b,2025-11-27T13:15:35.828136+00:00
11106,429,38,NO,buy,4.41,9.71,0.454084,747995,0x02992b0279d0,2025-11-27T13:15:28.853831+00:00
10324,388,28,NO,sell,19.2,27.92,0.687618,43618,0x0c36440e2b54,2025-11-27T13:11:15.908040+00:00
8203,279,36,NO,sell,14.76,33.92,0.435185,708334,0x0a976d073150,2025-11-27T13:11:08.749346+00:00
11425,448,39,NO,buy,29.15,85.38,0.341412,698436,0x0e384808aab3,2025-11-27T13:09:28.018344+00:00
11424,448,37,NO,buy,36.2,52.26,0.692644,665461,0x0cb1dd0eca1e,2025-11-27T13:07:48.018344+00:00
9017,318,26,NO,sell,4.3,12.23,0.351464,744464,0x03d9df0bc923,2025-11-27T13:07:01.821813+00:00
12293,492,18,YES,sell,17.95,29.87,0.600939,659566,0x09d6b6022f52,2025-11-27T13:05:04.162423+00:00
13411,548,24,NO,buy,34.08,49.61,0.686942,595045,0x0d7f470d2d72,2025-11-27T13:04:31.185724+00:00
4526,86,26,NO,sell,44.47,146.94,0.302639,174650,0x03bfd6089073,2025-11-27T13:04:00.031647+00:00
8668,301,22,YES,sell,18.7,34.97,0.534771,776174,0x06a19906fdbf,2025-11-27T13:02:28.473992+00:00
8757,305,29,NO,buy,22.64,34.42,0.657763,920614,0x0a7b560c4733,2025-11-27T13:01:58.861800+00:00
4689,93,40,YES,buy,24.59,44.64,0.55088,485935,0x0a1e0b06e33b,2025-11-27T13:01:40.668331+00:00
13564,556,22,YES,buy,27.82,53.58,0.519194,663315,0x05a2fa0704cf,2025-11-27T13:01:09.731050+00:00
8499,294,27,NO,buy,15.99,23.52,0.679949,640484,0x07ab940e92b2,2025-11-27T13:00:39.827836+00:00
9629,349,38,YES,sell,39.08,113.69,0.343748,590044,0x0360fa0653df,2025-11-27T13:00:39.198407+00:00
10640,404,33,YES,buy,19.76,33.65,0.587169,224420,0x052649050c7a,2025-11-27T13:00:35.107264+00:00
8041,270,44,YES,buy,18.87,45.1,0.418416,729733,0x083bdb0a71f8,2025-11-27T12:59:56.169518+00:00
8250,281,39,NO,buy,36.89,94.39,0.39084,540954,0x02e9190872e2,2025-11-27T12:59:38.925859+00:00
4575,88,35,YES,sell,18.4,32.32,0.569277,773303,0x0953660debfa,2025-11-27T12:59:35.243337+00:00
12292,492,21,NO,buy,19.66,50.41,0.389968,919885,0x02180c03ffd7,2025-11-27T12:57:54.162423+00:00
7660,253,25,YES,buy,13.6,40.8,0.333373,613812,0x0991960d2f49,2025-11-27T12:57:49.768617+00:00
9016,318,25,NO,buy,10.18,25.18,0.40432,536570,0x07781502b859,2025-11-27T12:56:43.821813+00:00
11423,448,38,YES,sell,11.11,16.77,0.662301,453744,0x057b4e072956,2025-11-27T12:56:12.018344+00:00
4809,99,20,YES,buy,3.02,7.08,0.42665,274056,0x038ca9089481,2025-11-27T12:55:07.082055+00:00
11258,439,39,NO,sell,8.65,15.45,0.559815,533982,0x0a82bf0b31ee,2025-11-27T12:54:41.425500+00:00
9628,349,36,NO,buy,39.24,64.96,0.604033,271378,0x06ed100f2b6c,2025-11-27T12:53:16.198407+00:00
13563,556,24,YES,sell,33.8,58.67,0.576146,119020,0x05822b07c244,2025-11-27T12:50:04.731050+00:00
7206,226,26,YES,buy,13.78,22.49,0.612667,543175,0x08da8b09f10d,2025-11-27T12:49:51.043465+00:00
8040,270,25,YES,sell,37.01,108.42,0.341347,912530,0x03fcad043a46,2025-11-27T12:49:34.169518+00:00
4435,82,28,YES,buy,7.73,20.34,0.380119,937215,0x0812ac0aa2e6,2025-11-27T12:49:26.691591+00:00
7453,241,19,YES,sell,24.17,47.41,0.50981,945863,0x01995d09a6f3,2025-11-27T12:48:31.972257+00:00
13410,548,25,YES,sell,3.54,7.6,0.46572,883158,0x03c5c6048cc9,2025-11-27T12:47:32.185724+00:00
11041,426,21,YES,buy,32.09,53.44,0.60051,714875,0x0caa550c6df6,2025-11-27T12:47:23.595177+00:00
9185,326,31,NO,buy,47.78,96.77,0.493726,881287,0x0298c1027bb8,2025-11-27T12:47:04.477263+00:00
11257,439,44,NO,sell,43.4,100.91,0.430075,291755,0x0ed168048173,2025-11-27T12:46:33.425500+00:00
7682,254,40,NO,sell,13.6,34.91,0.389608,373865,0x0b55ff0806a9,2025-11-27T12:45:12.849527+00:00
13562,556,41,NO,buy,31.58,45.69,0.691177,205987,0x0e01450c7e02,2025-11-27T12:45:02.731050+00:00
4808,99,37,NO,buy,48.69,76.59,0.635733,834048,0x0c9c930c3004,2025-11-27T12:44:29.082055+00:00
11711,461,44,YES,buy,27.51,43.7,0.62957,211744,0x06c06407e0ea,2025-11-27T12:44:23.073333+00:00
10639,404,39,NO,buy,26.54,58.91,0.450523,357506,0x0563ee0b5d1e,2025-11-27T12:44:21.107264+00:00
12820,520,39,NO,buy,45.31,138.87,0.326275,133173,0x0c27410e18be,2025-11-27T12:42:19.116547+00:00
8597,298,22,NO,buy,25.02,38.85,0.644039,259075,0x0d89b108a49f,2025-11-27T12:42:03.200021+00:00
7205,226,23,NO,buy,19.32,39.2,0.492881,208589,0x0acf5e0ecc16,2025-11-27T12:39:32.043465+00:00
8498,294,17,NO,sell,41.41,98.37,0.420941,177962,0x0b46a90a96eb,2025-11-27T12:39:15.827836+00:00
11422,448,44,YES,buy,12.19,17.59,0.693178,129838,0x06bf070a90dd,2025-11-27T12:39:03.018344+00:00
10323,388,29,NO,sell,28.61,41.93,0.682264,805073,0x0305e9036da3,2025-11-27T12:38:27.908040+00:00
12353,495,18,NO,sell,4.3,6.59,0.652496,52510,0x08768a09146f,2025-11-27T12:37:22.420582+00:00
7681,254,27,YES,sell,22.74,37.63,0.604245,684581,0x0ef34b0d7f38,2025-11-27T12:37:00.849527+00:00
8756,305,43,NO,buy,21.86,33.55,0.651528,930722,0x0cf6b30d8f75,2025-11-27T12:36:02.861800+00:00
7066,220,22,YES,buy,28.31,51.26,0.552249,575644,0x0375520d050d,2025-11-27T12:36:01.525814+00:00
9627,349,20,NO,sell,43.38,71.96,0.602849,920315,0x07b6ea0af9fa,2025-11-27T12:35:07.198407+00:00
8732,304,23,YES,buy,31.62,73.99,0.427338,955889,0x05c40b04ff8d,2025-11-27T12:34:58.776450+00:00
13409,548,33,YES,buy,27.8,57.37,0.484545,776770,0x039a65054195,2025-11-27T12:34:16.185724+00:00
4807,99,42,YES,buy,18.3,37.94,0.482371,970022,0x04300c0b6c88,2025-11-27T12:33:21.082055+00:00
7452,241,41,NO,buy,22.27,48.77,0.456655,329403,0x06524009cea7,2025-11-27T12:31:57.972257+00:00
10322,388,21,NO,sell,26.57,48.84,0.543966,879271,0x05516b03ab36,2025-11-27T12:31:54.908040+00:00
12641,511,33,YES,sell,37.06,54.96,0.674304,192826,0x0b1cfe0b96a3,2025-11-27T12:31:39.474547+00:00
10679,406,39,NO,sell,32.12,94.25,0.340796,944582,0x0bff1408c32e,2025-11-27T12:31:25.265563+00:00
8667,301,32,YES,sell,32.52,52.46,0.619953,532291,0x02318205f83a,2025-11-27T12:29:47.473992+00:00
8993,317,15,NO,sell,14.79,43.19,0.342449,783604,0x0ba449037fa5,2025-11-27T12:29:35.749091+00:00
4688,93,41,YES,buy,17.2,39.52,0.435175,961666,0x0c491309310d,2025-11-27T12:29:07.668331+00:00
11752,463,30,YES,sell,4.57,7.2,0.634931,24249,0x0bb0420865f9,2025-11-27T12:29:03.219879+00:00
4434,82,42,YES,sell,44.58,89.13,0.500191,556575,0x0c6ac307a1f1,2025-11-27T12:28:54.691591+00:00
11256,439,35,NO,sell,45.91,98.06,0.468178,969892,0x0923b80b4ea6,2025-11-27T12:27:54.425500+00:00
13408,548,42,NO,sell,39.37,98.26,0.400665,919968,0x0b56c80d4a93,2025-11-27T12:27:47.185724+00:00
5257,125,41,NO,buy,38.51,78.93,0.487906,554071,0x03c4860d7edf,2025-11-27T12:27:44.828136+00:00
4687,93,39,YES,buy,34.61,79.28,0.436545,646915,0x0d1dc00aa0ed,2025-11-27T12:26:58.668331+00:00
4433,82,28,NO,sell,13.77,32.97,0.41762,494393,0x0f253203690e,2025-11-27T12:25:05.691591+00:00
8666,301,21,NO,sell,33.16,94.33,0.351517,564132,0x04ef690b3abb,2025-11-27T12:23:53.473992+00:00
9626,349,41,NO,sell,8.33,17.04,0.488878,287643,0x01a8550eec95,2025-11-27T12:23:25.198407+00:00
13407,548,17,YES,sell,3.72,9.61,0.387255,791825,0x09a45c05bb52,2025-11-27T12:23:23.185724+00:00
13267,541,22,YES,buy,29.48,53.25,0.553628,293021,0x0c6f83040206,2025-11-27T12:22:12.685616+00:00
9184,326,40,NO,sell,31.92,49.05,0.650816,769358,0x05f08b08a6cd,2025-11-27T12:21:54.477263+00:00
8039,270,34,YES,buy,24.4,41.15,0.592968,884675,0x0e18d501c112,2025-11-27T12:20:50.169518+00:00
11908,473,30,NO,sell,35.39,67.38,0.525203,760041,0x0832d4038801,2025-11-27T12:20:15.759247+00:00
12533,505,17,NO,sell,2.93,9.51,0.308001,453545,0x05c3430ea5bd,2025-11-27T12:19:30.093008+00:00
8665,301,32,NO,sell,25.06,51.1,0.490448,907775,0x08887c077682,2025-11-27T12:19:23.473992+00:00
10638,404,25,YES,buy,30.47,98.47,0.309428,708666,0x0495f90b7abe,2025-11-27T12:19:16.107264+00:00
5896,157,24,NO,buy,31.07,91.93,0.337982,623255,0x0c779103947c,2025-11-27T12:19:08.184165+00:00
11105,429,28,NO,sell,40.66,60.32,0.674088,566536,0x076df40e8a8b,2025-11-27T12:18:25.853831+00:00
9015,318,25,NO,sell,6.85,14.72,0.465328,218107,0x02ac840507fd,2025-11-27T12:16:29.821813+00:00
8202,279,30,NO,buy,49.44,79.39,0.622782,920900,0x04b34a062abe,2025-11-27T12:16:25.749346+00:00
7659,253,40,NO,sell,44.43,109.6,0.405396,727233,0x0e667107e97f,2025-11-27T12:16:13.768617+00:00
11710,461,22,NO,buy,24.86,45.83,0.542493,169296,0x02cfe10886c4,2025-11-27T12:15:25.073333+00:00
9014,318,16,YES,sell,46.78,118.25,0.395593,671277,0x058a3f080b0e,2025-11-27T12:15:22.821813+00:00
4574,88,28,YES,sell,43.5,63.48,0.685247,604869,0x04b58e0ac16b,2025-11-27T12:15:04.243337+00:00
12291,492,16,YES,sell,9.69,14.52,0.667531,252961,0x06f57801dadf,2025-11-27T12:14:45.162423+00:00
7204,226,22,YES,sell,23.97,60.46,0.39648,265965,0x0542bc029563,2025-11-27T12:14:43.043465+00:00
4573,88,38,NO,sell,18.69,35.66,0.52414,361857,0x0e7c7305a639,2025-11-27T12:13:33.243337+00:00
7065,220,16,NO,sell,37.61,54.9,0.685058,300172,0x0607b60c9f24,2025-11-27T12:13:22.525814+00:00
12819,520,43,NO,buy,2.74,5.17,0.52995,300861,0x078d77040d19,2025-11-27T12:13:02.116547+00:00
11255,439,21,YES,sell,26.45,48.7,0.543135,148618,0x0ed1ef0df16f,2025-11-27T12:12:13.425500+00:00
9183,326,41,YES,sell,6.63,10.34,0.641079,724154,0x0b1220093682,2025-11-27T12:08:26.477263+00:00
8249,281,29,YES,buy,1.5,2.26,0.664208,484861,0x0dab3a020dd2,2025-11-27T12:08:02.925859+00:00
4686,93,15,YES,sell,13.47,41.18,0.327134,577710,0x06549609a206,2025-11-27T12:04:42.668331+00:00
4525,86,17,NO,sell,48.66,125.04,0.38916,857934,0x0804f4072c18,2025-11-27T12:04:36.031647+00:00
4432,82,32,YES,sell,33.07,85.03,0.388901,914762,0x0519600d6ee8,2025-11-27T12:03:58.691591+00:00
7064,220,30,NO,sell,13.63,33.3,0.409342,999054,0x0b9bc70af975,2025-11-27T12:03:51.525814+00:00
8497,294,39,NO,sell,20.92,43.86,0.476937,344158,0x0e158e0bf1f5,2025-11-27T12:03:43.827836+00:00
7451,241,32,YES,sell,33.09,48.81,0.67788,897192,0x0b9b07041612,2025-11-27T12:03:22.972257+00:00
11040,426,43,YES,sell,26.59,60.92,0.43645,287642,0x09e3790e8c7a,2025-11-27T12:02:04.595177+00:00
10637,404,23,YES,buy,12.05,24.59,0.489954,79961,0x070bc20b7e98,2025-11-27T12:01:16.107264+00:00
7680,254,23,NO,sell,5.26,9.16,0.574332,306274,0x0cd1640bb425,2025-11-27T12:00:54.849527+00:00
8992,317,29,YES,buy,19.45,63.37,0.306946,835291,0x03be630e5493,2025-11-27T12:00:35.749091+00:00
8201,279,20,NO,buy,19.61,32.62,0.601224,887702,0x0f1d540dfcc9,2025-11-27T12:00:27.749346+00:00
8991,317,38,YES,sell,48.72,95.9,0.508009,824620,0x06e85c0d7928,2025-11-27T11:58:29.749091+00:00
12640,511,20,NO,buy,20.04,34.2,0.58588,894244,0x0df9b30cca94,2025-11-27T11:57:46.474547+00:00
11709,461,32,NO,sell,48.22,98.44,0.489829,888723,0x0c1a8c0e3acb,2025-11-27T11:57:19.073333+00:00
11421,448,36,NO,buy,25.08,40.2,0.623895,148476,0x030b4809155d,2025-11-27T11:57:03.018344+00:00
5895,157,22,YES,sell,19.61,45.09,0.434953,37010,0x0b2f010908cb,2025-11-27T11:56:56.184165+00:00
8755,305,43,NO,sell,33.46,49.82,0.671627,901007,0x0b33c704beb3,2025-11-27T11:56:41.861800+00:00
8596,298,22,NO,sell,39.86,72.58,0.549193,152085,0x0ca87c043d60,2025-11-27T11:56:35.200021+00:00
10321,388,27,YES,buy,38.35,76.41,0.501901,641993,0x0d65c1067e69,2025-11-27T11:55:07.908040+00:00
9013,318,41,NO,sell,4.97,10.61,0.468547,935791,0x0a7b100ad797,2025-11-27T11:54:37.821813+00:00
8496,294,23,YES,sell,23.69,45.25,0.523522,803143,0x0dca310c7934,2025-11-27T11:52:12.827836+00:00
13561,556,19,YES,buy,10.08,25.91,0.389003,664069,0x0915a702686d,2025-11-27T11:51:58.731050+00:00
5894,157,27,YES,sell,38.19,114.09,0.334731,97520,0x058f750a39c3,2025-11-27T11:51:07.184165+00:00
11039,426,38,YES,sell,38.42,116.26,0.330457,585649,0x0cb575080afd,2025-11-27T11:50:57.595177+00:00
11104,429,21,YES,sell,2.68,5.34,0.501878,634901,0x0e909d0b041f,2025-11-27T11:50:50.853831+00:00
12352,495,44,NO,buy,17.34,26.14,0.663315,976775,0x0ca1980ae0f1,2025-11-27T11:50:42.420582+00:00
4685,93,42,YES,sell,21.29,49.11,0.433517,669470,0x0a7e160e6c2d,2025-11-27T11:50:03.668331+00:00
5893,157,30,NO,buy,21.71,40.59,0.53485,515125,0x07248b0c7bc3,2025-11-27T11:49:06.184165+00:00
9625,349,40,NO,sell,30.74,65.84,0.466856,270136,0x0f155b06c363,2025-11-27T11:48:58.198407+00:00
5256,125,41,YES,buy,8.2,23.0,0.356511,14083,0x05725502c248,2025-11-27T11:48:43.828136+00:00
11420,448,23,NO,buy,21.31,40.34,0.528208,420410,0x096c3d08ba6b,2025-11-27T11:48:32.018344+00:00
7658,253,16,NO,buy,9.5,14.09,0.674121,14415,0x046fce05b861,2025-11-27T11:47:29.768617+00:00
10678,406,28,YES,buy,46.54,144.75,0.321519,296524,0x0c3cb2019299,2025-11-27T11:45:21.265563+00:00
11751,463,19,YES,buy,7.7,13.85,0.555958,572766,0x04cd9f099895,2025-11-27T11:43:25.219879+00:00
7450,241,28,NO,buy,33.65,51.85,0.649032,825756,0x09a1f804b2db,2025-11-27T11:42:57.972257+00:00
4572,88,37,YES,buy,11.56,28.78,0.401716,101979,0x0ef30d0b9a8a,2025-11-27T11:42:41.243337+00:00
8200,279,38,YES,sell,17.74,30.39,0.583711,368666,0x05d6f607975a,2025-11-27T11:42:40.749346+00:00
8248,281,16,YES,buy,42.41,93.09,0.455576,181177,0x059ded070d07,2025-11-27T11:42:32.925859+00:00
4806,99,24,YES,sell,9.42,23.32,0.404003,303143,0x0946150779ef,2025-11-27T11:40:39.082055+00:00
8731,304,26,YES,buy,22.68,33.72,0.672501,505909,0x083ef0095f2c,2025-11-27T11:40:34.776450+00:00
13560,556,36,NO,sell,10.98,21.93,0.500714,89218,0x0b92990b830e,2025-11-27T11:39:54.731050+00:00
8664,301,30,NO,buy,35.83,57.76,0.620295,587470,0x0b1fdb0da975,2025-11-27T11:39:29.473992+00:00
13266,541,20,NO,buy,17.61,29.11,0.604993,962347,0x0f035c05782c,2025-11-27T11:39:24.685616+00:00
7203,226,23,NO,sell,43.88,95.45,0.459732,560357,0x03c6db046a3b,2025-11-27T11:37:58.043465+00:00
11419,448,28,YES,buy,38.15,110.56,0.34507,653839,0x04ea5a0c0424,2025-11-27T11:36:46.018344+00:00
11103,429,44,NO,sell,45.4,68.84,0.659459,350423,0x08c67304e5d3,2025-11-27T11:36:43.853831+00:00
13406,548,36,NO,sell,10.36,18.8,0.550979,729979,0x0de25309833c,2025-11-27T11:36:07.185724+00:00
4571,88,35,NO,sell,15.7,29.91,0.524855,418754,0x0a9c79024a0a,2025-11-27T11:35:46.243337+00:00
8038,270,40,NO,buy,38.53,112.3,0.343109,973209,0x0a8b9d0583ae,2025-11-27T11:35:26.169518+00:00
11418,448,20,NO,buy,7.86,12.93,0.60772,3726,0x0de48404ea9d,2025-11-27T11:34:48.018344+00:00
12532,505,44,YES,buy,17.18,33.2,0.517519,364804,0x035ada0ca3d0,2025-11-27T11:33:48.093008+00:00
8663,301,22,NO,sell,38.0,54.42,0.698211,689847,0x08f434039d0e,2025-11-27T11:33:31.473992+00:00
11708,461,35,NO,buy,21.36,53.8,0.397062,49431,0x0a2bca0d4a48,2025-11-27T11:33:15.073333+00:00
11907,473,29,NO,sell,41.86,62.63,0.668402,92655,0x0b4d34082a8d,2025-11-27T11:33:00.759247+00:00
8495,294,39,NO,sell,15.31,37.23,0.411238,434091,0x0d2c3a0e95aa,2025-11-27T11:31:05.827836+00:00
10677,406,29,YES,buy,7.0,16.87,0.414852,251417,0x0b3dde084c59,2025-11-27T11:30:52.265563+00:00
13559,556,38,NO,sell,41.15,76.72,0.536373,291689,0x0f105508b361,2025-11-27T11:30:45.731050+00:00
9624,349,41,YES,sell,20.91,34.16,0.612184,905299,0x0e4ea90cc539,2025-11-27T11:30:06.198407+00:00
9012,318,28,NO,buy,18.03,30.2,0.597086,341893,0x0348690c9b62,2025-11-27T11:29:33.821813+00:00
9182,326,19,NO,buy,37.39,92.68,0.403449,510003,0x0af1e60ce7a0,2025-11-27T11:28:58.477263+00:00
12290,492,23,NO,buy,9.93,22.32,0.444959,515196,0x05b71f0bad65,2025-11-27T11:28:24.162423+00:00
7679,254,25,NO,sell,30.39,83.61,0.363456,653898,0x0992b10cb9e8,2025-11-27T11:27:23.849527+00:00
8247,281,25,YES,buy,3.99,8.4,0.474985,642158,0x04661107e190,2025-11-27T11:26:58.925859+00:00
12818,520,39,YES,sell,4.89,13.32,0.367091,156398,0x0e2911068935,2025-11-27T11:26:48.116547+00:00
9623,349,44,YES,buy,29.04,67.35,0.431191,427187,0x0e87710b8f61,2025-11-27T11:25:58.198407+00:00
9011,318,39,NO,sell,34.68,69.24,0.500849,714089,0x02f8880734f0,2025-11-27T11:25:50.821813+00:00
10320,388,26,YES,buy,30.22,50.31,0.600637,45364,0x0ae0310b4944,2025-11-27T11:24:54.908040+00:00
8754,305,39,NO,buy,34.42,59.81,0.57551,112196,0x07f29e03dd9c,2025-11-27T11:23:17.861800+00:00
11750,463,34,NO,sell,18.68,33.06,0.565015,273409,0x0a9b8103212d,2025-11-27T11:21:53.219879+00:00
10319,388,17,NO,buy,42.37,104.75,0.4045,412501,0x0835da029446,2025-11-27T11:21:27.908040+00:00
7657,253,36,YES,buy,45.76,67.38,0.67909,846166,0x07eab401c7e5,2025-11-27T11:21:23.768617+00:00
9010,318,26,NO,buy,36.16,61.85,0.584652,912426,0x0c312e04bed1,2025-11-27T11:17:06.821813+00:00
5255,125,38,YES,sell,19.21,33.09,0.580561,78353,0x0c213c0ad4e3,2025-11-27T11:16:00.828136+00:00
8199,279,44,YES,buy,44.0,133.15,0.330451,175468,0x09c9c90b3f3d,2025-11-27T11:15:13.749346+00:00
11254,439,37,NO,buy,48.36,85.44,0.566016,705404,0x047b4e019a53,2025-11-27T11:15:10.425500+00:00
10636,404,22,NO,buy,16.0,52.17,0.306664,527593,0x0408eb053b05,2025-11-27T11:13:10.107264+00:00
12289,492,42,NO,buy,45.58,141.69,0.321682,552389,0x0317170eb62f,2025-11-27T11:12:03.162423+00:00
8990,317,34,YES,buy,34.87,92.88,0.375437,383964,0x02d78004d17a,2025-11-27T11:11:59.749091+00:00
9622,349,17,YES,buy,47.89,109.94,0.435585,783615,0x02da34069444,2025-11-27T11:09:16.198407+00:00
4805,99,35,NO,sell,30.07,51.96,0.578745,467885,0x0eff140a4d27,2025-11-27T11:09:14.082055+00:00
4431,82,24,YES,buy,15.4,31.54,0.488312,761413,0x0d616d05aa10,2025-11-27T11:08:38.691591+00:00
7063,220,16,YES,sell,3.11,4.82,0.645216,962786,0x08f0fd071b61,2025-11-27T11:08:04.525814+00:00
9181,326,38,YES,buy,36.92,73.65,0.501321,831502,0x06cf150d832d,2025-11-27T11:07:57.477263+00:00
4524,86,23,NO,buy,19.46,43.11,0.451407,942858,0x0aedc10bfab1,2025-11-27T11:07:24.031647+00:00
12639,511,37,NO,sell,34.67,65.55,0.528922,594711,0x0eb0420ad443,2025-11-27T11:07:03.474547+00:00
8246,281,23,NO,sell,29.29,97.18,0.301397,204246,0x0e6de8022bee,2025-11-27T11:05:50.925859+00:00
12351,495,28,NO,buy,12.08,35.31,0.34212,888513,0x0984e001e0e3,2025-11-27T11:05:15.420582+00:00
8753,305,24,YES,buy,16.11,23.45,0.687059,581326,0x05242d0bf25a,2025-11-27T11:04:40.861800+00:00
9621,349,23,YES,sell,27.58,87.12,0.31657,494838,0x05f42e0ec8dc,2025-11-27T11:03:25.198407+00:00
8037,270,28,NO,sell,46.91,76.01,0.617187,839148,0x0a8b2205e951,2025-11-27T11:03:11.169518+00:00
13265,541,27,NO,sell,5.9,11.69,0.504508,914751,0x07b0560f3467,2025-11-27T11:01:09.685616+00:00
5892,157,35,YES,sell,48.87,97.74,0.499998,269207,0x07265b0205c4,2025-11-27T11:01:07.184165+00:00
8730,304,34,YES,buy,24.36,43.5,0.55994,355953,0x0c64820bb572,2025-11-27T11:00:17.776450+00:00
8595,298,24,NO,sell,14.91,21.43,0.695657,130436,0x0193ec045f2c,2025-11-27T10:59:44.200021+00:00
4684,93,22,NO,buy,1.08,3.49,0.309595,124654,0x0b88830e460a,2025-11-27T10:59:33.668331+00:00
7656,253,19,NO,buy,15.47,41.31,0.374507,47867,0x0d005a0e8220,2025-11-27T10:58:37.768617+00:00
11707,461,41,YES,sell,45.23,135.91,0.332803,315639,0x0953da0de5f2,2025-11-27T10:58:12.073333+00:00
9620,349,25,NO,sell,46.4,144.46,0.321201,897713,0x0bee5e06890d,2025-11-27T10:57:27.198407+00:00
13405,548,17,YES,sell,26.59,49.69,0.535154,222197,0x0568e10a390e,2025-11-27T10:56:05.185724+00:00
8752,305,19,NO,buy,25.58,37.5,0.682174,956537,0x03322e0a2b30,2025-11-27T10:55:59.861800+00:00
11038,426,41,YES,sell,9.37,25.3,0.370284,933064,0x0dd7cc0b7493,2025-11-27T10:55:45.595177+00:00
11906,473,16,NO,buy,21.77,41.53,0.524141,992833,0x06081c0295ef,2025-11-27T10:55:25.759247+00:00
7678,254,25,NO,sell,8.18,20.85,0.39242,86103,0x0bb46904bc8d,2025-11-27T10:54:37.849527+00:00
11417,448,19,NO,sell,24.99,40.69,0.614142,905730,0x034dc80ca2c8,2025-11-27T10:53:10.018344+00:00
10676,406,19,YES,buy,4.22,12.56,0.335926,791693,0x0c3429065b52,2025-11-27T10:51:27.265563+00:00
13558,556,22,YES,sell,39.26,60.45,0.649425,160642,0x03c05105a67b,2025-11-27T10:50:54.731050+00:00
7655,253,23,NO,sell,37.02,92.17,0.401635,486575,0x04967e0a6e0d,2025-11-27T10:50:07.768617+00:00
5254,125,41,YES,buy,37.6,108.39,0.346894,151026,0x0ca88a0cca0e,2025-11-27T10:50:04.828136+00:00
8036,270,29,YES,buy,2.8,6.03,0.464429,78220,0x090cd3058cac,2025-11-27T10:49:45.169518+00:00
11706,461,40,YES,buy,42.02,71.8,0.585248,141263,0x0211aa0cdf02,2025-11-27T10:48:50.073333+00:00
8198,279,21,NO,buy,4.56,8.84,0.515606,322824,0x036b07032853,2025-11-27T10:48:40.749346+00:00
11905,473,19,NO,buy,18.06,42.12,0.42881,214227,0x0c840607c43e,2025-11-27T10:48:00.759247+00:00
12288,492,42,NO,sell,21.13,42.18,0.500945,580628,0x0282ad0b4209,2025-11-27T10:47:43.162423+00:00
8662,301,19,YES,sell,38.23,54.66,0.699403,135116,0x0c7ae10c6bd6,2025-11-27T10:47:00.473992+00:00
8594,298,35,YES,sell,15.03,22.33,0.673208,404018,0x0c850d041b9a,2025-11-27T10:46:47.200021+00:00
7449,241,38,YES,sell,19.66,41.68,0.471655,695849,0x0a4f370a1bf6,2025-11-27T10:46:38.972257+00:00
10635,404,34,YES,sell,15.31,25.01,0.612111,549793,0x0ca11a047ba2,2025-11-27T10:46:20.107264+00:00
10675,406,34,NO,buy,7.54,12.86,0.586198,338319,0x0bf6580c660f,2025-11-27T10:45:53.265563+00:00
4804,99,17,YES,buy,41.91,82.52,0.507848,607815,0x06e660081cea,2025-11-27T10:45:40.082055+00:00
7202,226,15,YES,sell,17.82,30.13,0.591443,983296,0x04dbc30ed572,2025-11-27T10:44:26.043465+00:00
12287,492,35,NO,buy,48.48,89.57,0.541223,507088,0x07079405594a,2025-11-27T10:44:25.162423+00:00
12286,492,42,NO,buy,29.07,57.2,0.508233,365074,0x06d7cd05dee4,2025-11-27T10:43:48.162423+00:00
9009,318,40,YES,sell,44.38,100.86,0.44002,187108,0x06b4250f03ae,2025-11-27T10:43:38.821813+00:00
12285,492,33,YES,buy,16.99,38.42,0.442192,573311,0x01cb2609fe26,2025-11-27T10:43:34.162423+00:00
8593,298,17,NO,sell,2.84,7.56,0.375461,415839,0x08dad2076fd0,2025-11-27T10:43:00.200021+00:00
11253,439,21,YES,sell,10.5,33.69,0.311695,674258,0x0d6f360527b6,2025-11-27T10:42:22.425500+00:00
10634,404,29,NO,buy,39.33,83.82,0.469234,67936,0x05da500c1358,2025-11-27T10:41:26.107264+00:00
7062,220,33,NO,sell,12.33,35.76,0.344846,196740,0x0bea060eb748,2025-11-27T10:41:07.525814+00:00
8494,294,38,YES,buy,15.65,26.99,0.579744,196399,0x047ed1063aa0,2025-11-27T10:40:13.827836+00:00
12638,511,40,NO,sell,23.5,40.24,0.583993,600072,0x02a1910c635e,2025-11-27T10:39:11.474547+00:00
12637,511,25,NO,sell,2.84,9.27,0.306226,845460,0x03ecd1029c7d,2025-11-27T10:38:46.474547+00:00
11102,429,36,YES,buy,7.96,23.66,0.336418,519457,0x06ea5e0355cb,2025-11-27T10:38:40.853831+00:00
13557,556,23,YES,sell,27.41,68.91,0.397764,614890,0x062d120882b7,2025-11-27T10:38:06.731050+00:00
11416,448,36,YES,buy,41.09,66.24,0.620287,611829,0x038f20069c75,2025-11-27T10:37:59.018344+00:00
4570,88,40,YES,sell,40.48,109.22,0.370643,937661,0x0984fa03ad6b,2025-11-27T10:37:37.243337+00:00
11705,461,41,NO,sell,28.46,86.67,0.328377,599351,0x0bc0cf05ddd2,2025-11-27T10:36:25.073333+00:00
8592,298,26,NO,sell,11.3,26.73,0.422674,82331,0x0992150bac25,2025-11-27T10:35:58.200021+00:00
5253,125,41,YES,sell,23.56,37.15,0.634101,255276,0x0a599208435b,2025-11-27T10:35:31.828136+00:00
8989,317,19,NO,buy,29.14,64.96,0.448586,52711,0x0549580eafef,2025-11-27T10:35:08.749091+00:00
12531,505,40,YES,sell,34.83,92.32,0.377279,334869,0x08cca60c1325,2025-11-27T10:35:04.093008+00:00
9008,318,28,YES,buy,33.52,109.89,0.305031,649106,0x0952b70aeca3,2025-11-27T10:34:46.821813+00:00
12530,505,36,YES,buy,22.93,46.93,0.488648,103140,0x057a9f02f0ba,2025-11-27T10:34:16.093008+00:00
4430,82,21,NO,buy,34.63,62.36,0.555325,376911,0x09233c0c4699,2025-11-27T10:33:51.691591+00:00
4803,99,28,YES,sell,17.99,37.67,0.477544,306677,0x0bd74001de9d,2025-11-27T10:32:36.082055+00:00
9180,326,39,YES,sell,38.67,71.23,0.542907,432094,0x0411810adff7,2025-11-27T10:32:01.477263+00:00
8988,317,18,NO,sell,10.9,17.91,0.608607,114118,0x0d1398034d71,2025-11-27T10:31:32.749091+00:00
9619,349,44,YES,sell,1.76,5.87,0.300035,550682,0x02c36e04dd86,2025-11-27T10:31:16.198407+00:00
8493,294,39,NO,sell,20.8,34.72,0.599092,844458,0x05e4b40f04e0,2025-11-27T10:30:50.827836+00:00
12817,520,25,NO,sell,41.04,101.87,0.40288,557561,0x05f1690ce907,2025-11-27T10:30:11.116547+00:00
8751,305,24,NO,buy,45.16,98.96,0.456331,711048,0x0b7a70062fa8,2025-11-27T10:28:58.861800+00:00
5891,157,15,NO,sell,20.0,52.17,0.383379,619335,0x0861db0b6f1a,2025-11-27T10:28:18.184165+00:00
11749,463,15,YES,sell,18.88,35.78,0.52771,354093,0x09558402748a,2025-11-27T10:27:41.219879+00:00
4569,88,41,YES,sell,40.4,77.37,0.522136,206587,0x0f3a10079eb9,2025-11-27T10:27:30.243337+00:00
9007,318,16,NO,buy,14.22,22.21,0.640246,261246,0x0236500c4ae8,2025-11-27T10:27:23.821813+00:00
10318,388,16,YES,sell,49.19,71.77,0.685349,327767,0x086c54063eeb,2025-11-27T10:26:41.908040+00:00
8661,301,21,YES,buy,17.48,40.32,0.433583,599972,0x0d72f508cf2f,2025-11-27T10:26:08.473992+00:00
8750,305,36,NO,buy,29.8,56.22,0.530016,352543,0x0313cc06626b,2025-11-27T10:25:52.861800+00:00
8245,281,36,NO,buy,38.9,77.19,0.503932,469449,0x098f69032c5c,2025-11-27T10:25:40.925859+00:00
12350,495,37,YES,buy,43.17,79.03,0.546228,833145,0x0afb820a3265,2025-11-27T10:24:42.420582+00:00
11037,426,29,YES,buy,24.77,59.57,0.415812,322616,0x048747064790,2025-11-27T10:24:27.595177+00:00
7448,241,27,NO,buy,18.73,44.43,0.421572,267742,0x077d1c05071d,2025-11-27T10:23:56.972257+00:00
12816,520,24,YES,sell,12.45,22.88,0.544074,135000,0x0345b30aac5f,2025-11-27T10:23:40.116547+00:00
13556,556,35,YES,buy,49.91,94.62,0.527477,255345,0x0c16e008babc,2025-11-27T10:22:39.731050+00:00
7201,226,24,YES,buy,11.6,18.03,0.643326,575172,0x0e35fc0e8e37,2025-11-27T10:22:12.043465+00:00
9618,349,33,YES,sell,8.67,13.74,0.630834,895267,0x0a59fe0b6423,2025-11-27T10:20:19.198407+00:00
13404,548,33,YES,buy,37.45,115.23,0.325003,511433,0x07decf04bf38,2025-11-27T10:20:05.185724+00:00
8591,298,34,NO,buy,11.49,31.72,0.362249,615700,0x0f16130b9181,2025-11-27T10:19:03.200021+00:00
8660,301,16,YES,sell,42.33,140.74,0.300778,307494,0x01b7b90b9708,2025-11-27T10:18:26.473992+00:00
4683,93,44,YES,sell,26.47,47.89,0.552743,189646,0x0967ec0e741c,2025-11-27T10:17:47.668331+00:00
10633,404,33,NO,buy,38.75,108.8,0.356174,832600,0x0ef7dd0c3f78,2025-11-27T10:16:59.107264+00:00
11036,426,17,YES,buy,34.2,90.29,0.37879,855830,0x086be4035844,2025-11-27T10:16:50.595177+00:00
7200,226,33,YES,buy,24.81,52.18,0.475469,852331,0x0f238805baad,2025-11-27T10:15:43.043465+00:00
7061,220,19,YES,sell,17.61,30.6,0.575424,794747,0x0dcddd08e310,2025-11-27T10:15:38.525814+00:00
7677,254,27,NO,sell,40.28,103.94,0.387524,295362,0x05d3a20d455c,2025-11-27T10:15:14.849527+00:00
4802,99,23,YES,buy,25.32,38.95,0.649997,24792,0x09db5c0b8ff2,2025-11-27T10:12:26.082055+00:00
4568,88,26,NO,sell,14.7,39.52,0.371956,720335,0x039fc50abd7b,2025-11-27T10:11:44.243337+00:00
13264,541,24,YES,buy,41.77,134.61,0.310312,788686,0x063ec3028069,2025-11-27T10:11:33.685616+00:00
11748,463,44,NO,buy,16.76,25.63,0.654025,384072,0x06ea7d0ac0c1,2025-11-27T10:11:22.219879+00:00
8729,304,15,NO,buy,46.95,80.54,0.58294,558734,0x0e668003a040,2025-11-27T10:11:05.776450+00:00
4523,86,43,YES,buy,49.05,114.17,0.429628,665343,0x0cc92009de2b,2025-11-27T10:10:36.031647+00:00
9179,326,16,YES,buy,38.94,55.79,0.697941,444347,0x02572d0d26b7,2025-11-27T10:10:32.477263+00:00
12284,492,26,YES,sell,29.37,73.56,0.399289,734513,0x0979dd06d653,2025-11-27T10:10:15.162423+00:00
11252,439,20,YES,buy,6.57,15.36,0.427727,863325,0x0a9e2504634a,2025-11-27T10:03:53.425500+00:00
8728,304,25,NO,buy,4.96,9.52,0.520973,84314,0x053a770999a2,2025-11-27T10:02:33.776450+00:00
8492,294,21,NO,sell,47.68,99.35,0.479918,793640,0x031d850d91a5,2025-11-27T10:02:32.827836+00:00
8749,305,35,NO,sell,32.83,64.85,0.50627,341306,0x0e071d094785,2025-11-27T10:02:27.861800+00:00
8035,270,34,NO,buy,29.67,50.79,0.584144,362419,0x068c9e076a8b,2025-11-27T10:02:09.169518+00:00
10317,388,44,YES,buy,27.87,87.86,0.31722,196893,0x0b89a10b79eb,2025-11-27T10:01:54.908040+00:00
10674,406,34,YES,sell,29.93,76.91,0.389136,677466,0x0718c20db6fa,2025-11-27T10:01:30.265563+00:00
4801,99,21,NO,buy,4.93,7.48,0.659178,115677,0x0623cc02c1cd,2025-11-27T10:01:02.082055+00:00
8244,281,36,NO,sell,20.35,42.69,0.476657,415362,0x085be7090f65,2025-11-27T10:00:54.925859+00:00
5890,157,39,YES,buy,13.42,19.72,0.680405,694722,0x0846cc073f00,2025-11-27T10:00:38.184165+00:00
9617,349,36,YES,buy,42.23,64.98,0.649901,924937,0x0316d40c1826,2025-11-27T10:00:24.198407+00:00
8197,279,23,NO,buy,19.12,51.49,0.371305,327742,0x0354680cd567,2025-11-27T09:59:57.749346+00:00
12283,492,38,YES,sell,42.7,76.23,0.560132,774974,0x064cea065476,2025-11-27T09:59:34.162423+00:00
11415,448,20,YES,sell,3.39,6.25,0.542271,251751,0x07a82d04e7fd,2025-11-27T09:59:09.018344+00:00
12349,495,31,YES,sell,38.7,125.81,0.307603,646780,0x08fc2a0db367,2025-11-27T09:57:23.420582+00:00
8987,317,26,NO,sell,17.21,26.3,0.65425,944209,0x04dab405876b,2025-11-27T09:56:57.749091+00:00
4800,99,32,NO,sell,31.43,50.7,0.619962,987579,0x0c9e110e7773,2025-11-27T09:56:24.082055+00:00
12529,505,44,NO,buy,8.01,17.17,0.466476,76641,0x0ce8de0f24e7,2025-11-27T09:53:46.093008+00:00
4682,93,37,NO,sell,30.83,72.27,0.426595,654518,0x09eea00aba68,2025-11-27T09:53:28.668331+00:00
11747,463,17,YES,buy,33.23,58.47,0.568317,85875,0x0a97f40e7855,2025-11-27T09:53:17.219879+00:00
7654,253,21,YES,buy,2.49,3.64,0.684065,958212,0x0c1a1d08f04f,2025-11-27T09:52:15.768617+00:00
11035,426,21,NO,buy,33.3,55.43,0.600747,691236,0x04bcf402e9c2,2025-11-27T09:52:03.595177+00:00
11746,463,34,NO,buy,44.47,99.59,0.446549,699770,0x0737fa0c03a5,2025-11-27T09:51:59.219879+00:00
7199,226,21,YES,sell,37.02,66.45,0.557138,352121,0x0b52c50baa48,2025-11-27T09:51:15.043465+00:00
11101,429,29,NO,sell,6.77,17.19,0.393793,628703,0x0c13af02dc86,2025-11-27T09:51:00.853831+00:00
11704,461,37,YES,buy,45.73,83.97,0.544579,21268,0x07a4a506da12,2025-11-27T09:50:50.073333+00:00
7060,220,33,YES,buy,3.88,6.51,0.596312,151116,0x0bc05b01fca4,2025-11-27T09:50:34.525814+00:00
10632,404,40,YES,buy,8.56,13.21,0.648044,253702,0x0a314b0a708b,2025-11-27T09:49:35.107264+00:00
11904,473,37,YES,buy,48.5,73.47,0.660109,784755,0x01f9eb0c3cee,2025-11-27T09:48:47.759247+00:00
12815,520,24,NO,sell,28.54,41.68,0.684755,26057,0x0dd01303dbf9,2025-11-27T09:47:57.116547+00:00
7059,220,28,NO,buy,31.57,59.0,0.535107,616138,0x01b37804fcd1,2025-11-27T09:47:25.525814+00:00
12636,511,33,YES,sell,12.87,19.62,0.655915,337233,0x08d92d08c106,2025-11-27T09:46:54.474547+00:00
13403,548,32,NO,sell,28.15,40.51,0.694915,158702,0x0579f30c89d7,2025-11-27T09:42:44.185724+00:00
9178,326,15,YES,buy,37.57,91.93,0.408691,388544,0x0e134c08a38d,2025-11-27T09:42:22.477263+00:00
5252,125,30,YES,buy,3.92,8.91,0.439739,909876,0x0f1b1c0f1d7a,2025-11-27T09:42:12.828136+00:00
12348,495,36,YES,sell,14.14,46.48,0.304193,762624,0x09d48906ba71,2025-11-27T09:41:53.420582+00:00
8243,281,29,NO,buy,31.17,71.0,0.439045,838228,0x0f2a25091f4a,2025-11-27T09:41:11.925859+00:00
4522,86,22,YES,buy,26.38,42.78,0.616584,963489,0x07bc41090a69,2025-11-27T09:39:24.031647+00:00
9006,318,37,YES,buy,40.08,94.57,0.423835,508047,0x02c0dc08e8a0,2025-11-27T09:38:41.821813+00:00
4429,82,24,NO,sell,20.83,35.03,0.594693,600829,0x0adab00cdae0,2025-11-27T09:37:59.691591+00:00
13555,556,20,YES,buy,20.32,29.8,0.681805,702408,0x095791064071,2025-11-27T09:36:17.731050+00:00
8727,304,28,NO,buy,38.56,93.89,0.410709,764783,0x022c3f05f9fd,2025-11-27T09:35:48.776450+00:00
8986,317,40,NO,sell,12.77,27.38,0.466415,396811,0x0dc51108d2f9,2025-11-27T09:35:33.749091+00:00
8590,298,18,YES,buy,42.69,68.87,0.619879,920906,0x099ad10a41cd,2025-11-27T09:35:11.200021+00:00
7447,241,24,NO,sell,45.16,79.05,0.571316,53113,0x097665059e05,2025-11-27T09:34:36.972257+00:00
11322,441,26,YES,buy,459.92,1221.3,0.376582,412216,0x023ac50e2cb2,2025-11-27T09:34:34.599998+00:00
7676,254,32,NO,sell,24.76,53.38,0.463802,20369,0x097300099061,2025-11-27T09:33:23.849527+00:00
11321,441,15,YES,sell,277.47,539.18,0.514616,489411,0x05be2b0e77aa,2025-11-27T09:32:48.599998+00:00
8194,278,28,NO,sell,121.27,309.08,0.392355,137597,0x0dcb2002f073,2025-11-27T09:32:04.656755+00:00
12282,492,43,NO,buy,1.11,2.15,0.516228,794547,0x063b890a75d5,2025-11-27T09:31:48.162423+00:00
11320,441,31,YES,sell,258.36,786.83,0.328354,877395,0x08ad790363f4,2025-11-27T09:30:59.599998+00:00
8193,278,28,NO,sell,232.92,548.72,0.42448,287754,0x08436a0e51a2,2025-11-27T09:30:57.656755+00:00
8192,278,27,YES,buy,480.2,936.51,0.512756,729610,0x020bea05a7ca,2025-11-27T09:30:26.656755+00:00
8191,278,22,NO,sell,307.92,464.05,0.66355,513794,0x0a4a6e0ce490,2025-11-27T09:30:00.656755+00:00
11319,441,20,YES,buy,321.86,725.33,0.443744,555840,0x0dc98b02508c,2025-11-27T09:29:45.599998+00:00
13402,548,34,YES,buy,18.25,32.51,0.561375,176346,0x0457f5061a24,2025-11-27T09:29:16.185724+00:00
8190,278,18,NO,buy,484.82,726.07,0.667735,817091,0x09d601042ad8,2025-11-27T09:28:23.656755+00:00
11318,441,15,YES,buy,155.09,223.07,0.695257,138632,0x0744dc054c6b,2025-11-27T09:28:09.599998+00:00
11317,441,17,YES,buy,450.72,648.4,0.695131,720818,0x091242019c9e,2025-11-27T09:28:03.599998+00:00
11316,441,38,YES,sell,253.9,676.05,0.375563,28912,0x06dbdd0e231f,2025-11-27T09:27:40.599998+00:00
8748,305,15,YES,sell,6.97,17.94,0.388414,466255,0x01e901024776,2025-11-27T09:27:15.861800+00:00
11315,441,34,YES,buy,316.54,685.33,0.461877,281072,0x0b9d860e9a7d,2025-11-27T09:27:11.599998+00:00
8189,278,36,NO,sell,391.93,885.86,0.442428,651333,0x0353b504e93a,2025-11-27T09:26:44.656755+00:00
8188,278,30,YES,buy,300.33,458.0,0.655737,727088,0x0a31960ef0fc,2025-11-27T09:26:25.656755+00:00
11314,441,37,NO,sell,97.58,174.42,0.559463,607926,0x0eb71106883f,2025-11-27T09:25:40.599998+00:00
8187,278,32,YES,buy,182.23,419.86,0.434022,882568,0x0d3dc0019bf0,2025-11-27T09:25:11.656755+00:00
7198,226,19,NO,buy,6.39,14.09,0.453492,135470,0x095c170d8d36,2025-11-27T09:25:11.043465+00:00
7443,239,21,YES,buy,241.47,368.9,0.654574,999480,0x01be7e0e0b93,2025-11-27T09:25:08.882069+00:00
8589,298,19,NO,sell,13.76,36.48,0.377181,613930,0x05faf80efd61,2025-11-27T09:24:46.200021+00:00
9448,340,27,YES,buy,129.13,382.27,0.337796,164749,0x025d9a0a5256,2025-11-27T09:24:38.451566+00:00
11034,426,31,NO,buy,16.29,24.89,0.654598,246049,0x0a4df709cb22,2025-11-27T09:24:19.595177+00:00
11313,441,29,YES,buy,285.22,601.88,0.47388,935124,0x08271d0d52f9,2025-11-27T09:24:00.599998+00:00
7442,239,35,NO,buy,498.09,1365.3,0.36482,428896,0x0f243f048ce7,2025-11-27T09:23:50.882069+00:00
9447,340,27,YES,buy,112.45,247.09,0.455095,798476,0x05f276039cf5,2025-11-27T09:23:48.451566+00:00
8186,278,39,NO,sell,453.61,742.01,0.611326,925513,0x063760061745,2025-11-27T09:23:41.656755+00:00
12281,492,18,NO,buy,21.63,67.25,0.321615,518027,0x055d490a499b,2025-11-27T09:22:58.162423+00:00
7441,239,17,NO,buy,287.23,779.74,0.368366,422003,0x0d97f901e4a8,2025-11-27T09:22:25.882069+00:00
7440,239,39,YES,buy,87.57,257.05,0.34067,665398,0x03ecb806f6d6,2025-11-27T09:22:23.882069+00:00
7439,239,32,NO,sell,348.57,500.12,0.696967,674773,0x0b8c9a0540a4,2025-11-27T09:22:20.882069+00:00
11312,441,19,NO,sell,157.39,263.04,0.59836,577501,0x044b34054a8b,2025-11-27T09:22:20.599998+00:00
9446,340,36,YES,buy,217.29,717.47,0.302854,183608,0x087b7a04301f,2025-11-27T09:22:04.451566+00:00
8185,278,32,NO,buy,184.85,478.29,0.386481,33108,0x04f9480f0934,2025-11-27T09:21:58.656755+00:00
8184,278,36,NO,buy,408.17,767.24,0.531999,688828,0x0293bc05ea5b,2025-11-27T09:21:51.656755+00:00
4519,85,33,NO,buy,275.17,545.79,0.504165,527560,0x07dfdb075904,2025-11-27T09:21:47.960273+00:00
12635,511,41,NO,sell,5.11,11.16,0.45792,256377,0x04a3f003f07f,2025-11-27T09:21:38.474547+00:00
7438,239,37,YES,sell,193.3,332.36,0.581602,994939,0x046bc809e43b,2025-11-27T09:21:22.882069+00:00
7437,239,18,NO,sell,96.54,148.7,0.649215,46704,0x074d870de863,2025-11-27T09:21:21.882069+00:00
9177,326,28,NO,sell,27.82,41.6,0.668786,787153,0x030db405dc92,2025-11-27T09:21:21.477263+00:00
6943,214,23,NO,buy,464.47,1226.64,0.378651,493692,0x04627c08f2d9,2025-11-27T09:21:12.005159+00:00
11311,441,21,YES,sell,226.99,357.25,0.635377,75391,0x0961400baada,2025-11-27T09:21:02.599998+00:00
7988,267,18,NO,sell,337.13,531.37,0.634459,709901,0x0910d80d27f0,2025-11-27T09:20:46.932773+00:00
9445,340,23,YES,buy,100.48,236.45,0.424953,930725,0x02059302f9dd,2025-11-27T09:20:44.451566+00:00
6942,214,37,YES,sell,205.86,304.76,0.675476,408989,0x0cf8f8031cb5,2025-11-27T09:20:27.005159+00:00
8491,294,32,NO,buy,47.24,67.71,0.697713,559152,0x0287c90a7abc,2025-11-27T09:20:24.827836+00:00
7987,267,39,YES,buy,443.08,1285.25,0.344743,416650,0x082cb00ce097,2025-11-27T09:20:17.932773+00:00
8183,278,22,YES,buy,171.64,354.27,0.484485,114345,0x01fe8c096a93,2025-11-27T09:20:15.656755+00:00
4567,88,23,NO,sell,18.93,37.9,0.499508,735750,0x04e4f7083b3a,2025-11-27T09:20:14.243337+00:00
11310,441,15,YES,sell,313.01,714.66,0.437984,142810,0x0ceb0a092545,2025-11-27T09:20:13.599998+00:00
4518,85,16,NO,sell,354.64,986.61,0.359453,935740,0x07ce4c051949,2025-11-27T09:20:08.960273+00:00
8008,268,36,YES,buy,498.87,1661.65,0.300225,374969,0x0aa54a0f1b96,2025-11-27T09:20:00.011876+00:00
7436,239,19,NO,sell,227.39,674.5,0.337125,85178,0x0a0d4908969a,2025-11-27T09:19:58.882069+00:00
9444,340,21,YES,buy,126.2,209.31,0.602945,609893,0x0c4c95084177,2025-11-27T09:19:50.451566+00:00
6941,214,21,YES,sell,128.16,230.02,0.557166,272555,0x0e34f70b66c0,2025-11-27T09:19:50.005159+00:00
6940,214,28,YES,sell,426.99,757.59,0.563614,707002,0x0f3e7e0517c0,2025-11-27T09:19:35.005159+00:00
7986,267,41,NO,buy,498.22,1152.33,0.432358,121301,0x04cd1f0ab705,2025-11-27T09:19:21.932773+00:00
9443,340,43,YES,buy,401.67,576.66,0.696551,3479,0x0cd4e90987f3,2025-11-27T09:19:13.451566+00:00
6939,214,31,NO,buy,86.18,200.31,0.430226,210594,0x08ef30044d22,2025-11-27T09:19:00.005159+00:00
11309,441,28,NO,sell,295.69,506.75,0.583498,840192,0x0e71f601ba12,2025-11-27T09:18:59.599998+00:00
8182,278,34,NO,sell,463.88,719.12,0.645065,720762,0x07e05607e19c,2025-11-27T09:18:57.656755+00:00
8659,301,38,YES,sell,15.97,46.72,0.341789,70566,0x081b8c074e32,2025-11-27T09:18:50.473992+00:00
11308,441,40,NO,sell,332.58,535.6,0.620952,992668,0x05381d0aad17,2025-11-27T09:18:23.599998+00:00
7435,239,29,YES,sell,218.46,419.65,0.520574,74369,0x048a9a0aac21,2025-11-27T09:18:12.882069+00:00
4517,85,17,YES,buy,421.31,792.59,0.53156,224095,0x0dd5440af769,2025-11-27T09:18:11.960273+00:00
8007,268,39,NO,sell,252.9,708.17,0.357118,805314,0x05871706ba64,2025-11-27T09:18:08.011876+00:00
9442,340,29,YES,buy,387.33,1118.71,0.346228,100604,0x0e289803d7c4,2025-11-27T09:17:52.451566+00:00
8181,278,39,YES,buy,258.3,398.7,0.647859,363146,0x01e3a501be98,2025-11-27T09:17:40.656755+00:00
11307,441,37,NO,sell,168.57,295.99,0.56951,165955,0x039d39064d35,2025-11-27T09:17:33.599998+00:00
6938,214,41,YES,sell,489.76,755.66,0.648123,229997,0x07c7d7060728,2025-11-27T09:17:29.005159+00:00
7985,267,31,YES,buy,376.26,1000.27,0.37616,150260,0x05df930c7362,2025-11-27T09:17:28.932773+00:00
8006,268,36,YES,sell,495.56,800.59,0.618992,744064,0x051a1401d1ab,2025-11-27T09:17:28.011876+00:00
8005,268,33,NO,sell,214.89,431.19,0.49837,93550,0x0b3dfd0f2ad5,2025-11-27T09:17:14.011876+00:00
9616,349,18,NO,buy,23.2,58.82,0.394419,851693,0x0b0e0e09391a,2025-11-27T09:16:59.198407+00:00
11033,426,20,NO,sell,48.65,96.5,0.504149,678616,0x067b420b592c,2025-11-27T09:16:48.595177+00:00
4516,85,17,NO,buy,454.34,1200.14,0.378573,81176,0x0d43390b8d41,2025-11-27T09:16:37.960273+00:00
7434,239,32,YES,sell,92.32,280.63,0.328976,131860,0x0ce52b062e2f,2025-11-27T09:16:33.882069+00:00
8004,268,39,NO,sell,330.43,887.25,0.372419,832994,0x06bddc0d4f22,2025-11-27T09:16:28.011876+00:00
9441,340,41,NO,buy,306.66,690.13,0.444348,525079,0x01be600d648f,2025-11-27T09:16:16.451566+00:00
7984,267,28,YES,sell,136.55,344.6,0.396251,783051,0x02237203fb87,2025-11-27T09:16:04.932773+00:00
11306,441,30,NO,sell,109.15,278.29,0.392223,848532,0x0349e70781f8,2025-11-27T09:15:56.599998+00:00
8180,278,39,NO,buy,480.72,796.06,0.603877,398531,0x0ab2fd0b5196,2025-11-27T09:15:49.656755+00:00
6937,214,36,YES,sell,247.99,539.0,0.460093,439289,0x0c7cbe0d7fea,2025-11-27T09:15:42.005159+00:00
9440,340,22,NO,sell,230.98,415.87,0.55541,18897,0x075fbb0be628,2025-11-27T09:15:40.451566+00:00
7983,267,37,YES,buy,260.3,705.1,0.369167,14489,0x0c91330249d3,2025-11-27T09:15:37.932773+00:00
7446,241,37,NO,sell,44.32,76.92,0.576152,800686,0x0e6f1c0bcc42,2025-11-27T09:15:32.972257+00:00
4515,85,29,NO,sell,405.4,819.34,0.494789,677909,0x034467045694,2025-11-27T09:15:19.960273+00:00
8179,278,38,YES,buy,353.98,552.14,0.641111,58535,0x0d6f7e0dd528,2025-11-27T09:15:08.656755+00:00
7982,267,43,YES,buy,295.57,539.98,0.547377,806918,0x0c8b460a2150,2025-11-27T09:15:04.932773+00:00
8003,268,41,YES,buy,335.84,511.06,0.657149,345432,0x0769da0cc423,2025-11-27T09:14:59.011876+00:00
7433,239,34,NO,sell,204.48,393.52,0.519618,388299,0x0488830a7046,2025-11-27T09:14:58.882069+00:00
6936,214,42,YES,buy,256.35,830.94,0.308507,484816,0x09fce703d2ac,2025-11-27T09:14:39.005159+00:00
9439,340,41,YES,sell,396.48,1025.36,0.386674,877438,0x081a740b1ab5,2025-11-27T09:14:33.451566+00:00
8002,268,37,NO,buy,431.44,912.7,0.472707,885363,0x0e50720f1e5d,2025-11-27T09:14:19.011876+00:00
8001,268,22,YES,sell,461.56,1040.73,0.443498,533151,0x0a10710e494f,2025-11-27T09:14:18.011876+00:00
4514,85,37,NO,sell,432.85,1223.7,0.353722,921530,0x0d40e106d4b4,2025-11-27T09:14:17.960273+00:00
7981,267,17,YES,sell,228.46,678.83,0.33655,20210,0x0ce03901d66e,2025-11-27T09:14:17.932773+00:00
7432,239,18,YES,sell,223.39,455.3,0.490648,455908,0x08f6a903f66b,2025-11-27T09:14:16.882069+00:00
8000,268,20,NO,buy,172.84,249.31,0.69327,617102,0x05f2980a07bf,2025-11-27T09:14:15.011876+00:00
11305,441,34,YES,sell,186.54,318.79,0.585151,772886,0x0705c906553e,2025-11-27T09:14:10.599998+00:00
8178,278,27,YES,buy,245.64,387.38,0.634099,674699,0x0c1ebc097c3b,2025-11-27T09:14:03.656755+00:00
4521,86,38,NO,sell,2.98,4.93,0.604589,278198,0x053bdf02881a,2025-11-27T09:14:01.031647+00:00
13263,541,26,NO,sell,39.75,70.99,0.559942,453438,0x072f94025048,2025-11-27T09:13:55.685616+00:00
6935,214,20,YES,buy,205.11,422.5,0.485472,233986,0x02ea560afefd,2025-11-27T09:13:50.005159+00:00
4513,85,19,NO,sell,482.64,1313.46,0.367456,824824,0x06898d0576f5,2025-11-27T09:13:48.960273+00:00
7445,241,23,NO,sell,12.72,18.76,0.678076,303283,0x0d48450bafd0,2025-11-27T09:13:41.972257+00:00
7980,267,36,YES,sell,337.49,715.09,0.471953,415774,0x04e0150b97f4,2025-11-27T09:13:35.932773+00:00
9438,340,32,NO,sell,231.62,568.66,0.407306,61220,0x0a435c025c13,2025-11-27T09:13:32.451566+00:00
7431,239,20,YES,sell,202.4,379.39,0.533493,594075,0x0e75ed069d1d,2025-11-27T09:13:07.882069+00:00
7999,268,25,NO,sell,430.63,887.53,0.485203,579985,0x0ccab70a37f9,2025-11-27T09:13:06.011876+00:00
9176,326,31,NO,sell,28.71,41.71,0.688377,862489,0x01dfe9096a28,2025-11-27T09:12:47.477263+00:00
7430,239,41,YES,buy,267.97,584.03,0.458833,341645,0x07d9410e9926,2025-11-27T09:12:45.882069+00:00
7979,267,42,YES,sell,137.85,282.49,0.487984,73723,0x0eccaf0c4cf1,2025-11-27T09:12:39.932773+00:00
4512,85,17,YES,sell,284.06,658.56,0.431338,728143,0x0c139e066aab,2025-11-27T09:12:33.960273+00:00
6934,214,17,YES,buy,321.47,807.22,0.398244,565913,0x0dbbef04bd11,2025-11-27T09:12:30.005159+00:00
9437,340,36,NO,sell,403.76,903.0,0.447131,90461,0x05480e0bc7af,2025-11-27T09:12:27.451566+00:00
11304,441,39,NO,sell,88.71,190.76,0.465025,523420,0x02763708d797,2025-11-27T09:12:23.599998+00:00
8177,278,37,YES,sell,377.14,672.01,0.561208,79896,0x03f5500524b4,2025-11-27T09:12:17.656755+00:00
7978,267,32,NO,buy,157.23,321.68,0.488774,648162,0x01a197028cfc,2025-11-27T09:11:41.932773+00:00
7429,239,29,NO,buy,328.69,879.72,0.37363,466413,0x087124087c4e,2025-11-27T09:11:39.882069+00:00
7998,268,21,NO,buy,404.07,1206.99,0.334776,167888,0x06ccb70df252,2025-11-27T09:11:21.011876+00:00
7428,239,28,NO,buy,116.87,207.99,0.561896,671963,0x0df0dc0e0afe,2025-11-27T09:11:18.882069+00:00
9436,340,25,NO,buy,127.1,236.66,0.537064,261908,0x0f2e860c5767,2025-11-27T09:11:16.451566+00:00
4511,85,21,NO,sell,230.0,404.56,0.568518,299987,0x054745032068,2025-11-27T09:11:13.960273+00:00
6933,214,20,YES,sell,431.1,771.47,0.558806,243849,0x01d37a0d002e,2025-11-27T09:11:11.005159+00:00
7977,267,17,YES,sell,176.4,374.76,0.470704,965328,0x072d180db9cf,2025-11-27T09:11:03.932773+00:00
4510,85,36,YES,sell,350.76,1065.3,0.329258,263865,0x0c45d9029a8a,2025-11-27T09:11:00.960273+00:00
7427,239,30,NO,buy,356.44,689.34,0.517077,972858,0x04fe68081292,2025-11-27T09:10:47.882069+00:00
6932,214,15,NO,sell,427.77,1332.43,0.321046,452211,0x0ad139074e89,2025-11-27T09:10:46.005159+00:00
8176,278,31,NO,sell,224.88,356.64,0.630551,364596,0x0975f508c950,2025-11-27T09:10:40.656755+00:00
7976,267,22,YES,buy,96.51,197.49,0.488681,551254,0x0cfbd609df84,2025-11-27T09:10:37.932773+00:00
4509,85,43,YES,buy,157.28,287.66,0.546754,121190,0x0591da04a295,2025-11-27T09:10:36.960273+00:00
11303,441,21,YES,buy,88.8,171.63,0.517383,134805,0x05cd38034d8f,2025-11-27T09:10:24.599998+00:00
7997,268,38,YES,sell,288.72,625.16,0.461837,913644,0x06f6b30d76dd,2025-11-27T09:09:54.011876+00:00
6931,214,34,NO,sell,151.5,262.36,0.57745,430821,0x02297803ad0a,2025-11-27T09:09:54.005159+00:00
6930,214,44,NO,buy,200.74,379.21,0.529359,827341,0x0b07bc01b580,2025-11-27T09:09:52.005159+00:00
4508,85,34,NO,buy,207.97,347.01,0.599319,223022,0x0d241007070a,2025-11-27T09:09:43.960273+00:00
7426,239,38,YES,sell,421.16,894.46,0.470856,534816,0x0c913003193c,2025-11-27T09:09:43.882069+00:00
7975,267,37,YES,buy,343.88,492.88,0.697691,537112,0x0a76ba03c142,2025-11-27T09:09:37.932773+00:00
9435,340,20,YES,buy,152.63,288.0,0.529959,184137,0x0c417d0c63d0,2025-11-27T09:09:37.451566+00:00
6929,214,21,NO,buy,351.37,1044.95,0.336256,171420,0x043d020e366b,2025-11-27T09:09:20.005159+00:00
7996,268,41,YES,sell,352.13,635.17,0.554384,966983,0x05493b071f93,2025-11-27T09:09:19.011876+00:00
11302,441,17,YES,sell,480.11,1075.81,0.446276,644243,0x098c65098e14,2025-11-27T09:09:17.599998+00:00
11903,473,34,YES,buy,15.32,38.69,0.39601,807633,0x0b029308a3da,2025-11-27T09:09:10.759247+00:00
9434,340,37,YES,buy,177.04,365.23,0.484738,933978,0x0a0d950366b1,2025-11-27T09:08:54.451566+00:00
8175,278,22,NO,sell,328.82,696.74,0.471943,269542,0x096a5502c06e,2025-11-27T09:08:45.656755+00:00
7974,267,21,YES,buy,308.08,692.94,0.444597,780212,0x0583880209ff,2025-11-27T09:08:31.932773+00:00
4507,85,36,NO,buy,312.48,598.59,0.522028,6274,0x037f650231ba,2025-11-27T09:08:29.960273+00:00
6928,214,38,NO,buy,397.91,572.09,0.695543,580307,0x08ae7204478f,2025-11-27T09:08:27.005159+00:00
7995,268,37,YES,buy,135.93,220.21,0.617273,341134,0x0a5e61024b35,2025-11-27T09:08:14.011876+00:00
7425,239,36,NO,buy,279.24,602.75,0.463277,31179,0x0738b60be35a,2025-11-27T09:08:06.882069+00:00
7973,267,18,YES,buy,233.2,446.53,0.522244,169157,0x0d35dd0f20e3,2025-11-27T09:08:04.932773+00:00
8034,270,21,YES,buy,13.04,26.46,0.492829,445471,0x02b9270632bc,2025-11-27T09:07:55.169518+00:00
7994,268,28,YES,buy,131.31,206.92,0.634583,391571,0x0cdc0506d41b,2025-11-27T09:07:53.011876+00:00
4506,85,22,YES,sell,414.64,648.09,0.639787,152074,0x063edb0babad,2025-11-27T09:07:50.960273+00:00
7424,239,34,NO,buy,119.76,224.35,0.533812,324406,0x0385c50d7a52,2025-11-27T09:07:48.882069+00:00
9433,340,44,NO,sell,199.87,317.19,0.63013,654998,0x0bfa7208b540,2025-11-27T09:07:47.451566+00:00
4799,99,17,NO,sell,23.17,46.29,0.50058,494002,0x0ecc80037d3e,2025-11-27T09:07:47.082055+00:00
6927,214,20,YES,buy,445.22,1467.2,0.303449,193257,0x0339fc0a0ef4,2025-11-27T09:07:41.005159+00:00
11301,441,34,NO,buy,138.21,361.42,0.382413,698621,0x03b4760c6956,2025-11-27T09:07:24.599998+00:00
7972,267,37,NO,buy,483.75,1058.12,0.457178,905758,0x0bf90d08ef23,2025-11-27T09:07:08.932773+00:00
8174,278,41,YES,buy,180.45,471.92,0.382378,801527,0x04116e01e487,2025-11-27T09:06:51.656755+00:00
7423,239,32,YES,buy,83.51,153.19,0.545149,635032,0x097b2204c54e,2025-11-27T09:06:50.882069+00:00
8196,279,18,NO,sell,26.16,86.64,0.301948,786694,0x032e4f034ce7,2025-11-27T09:06:48.749346+00:00
4505,85,17,NO,sell,240.19,381.95,0.628849,164917,0x0204dc091c14,2025-11-27T09:06:41.960273+00:00
7971,267,23,YES,buy,107.04,187.74,0.570165,13425,0x07ca4308d29a,2025-11-27T09:06:40.932773+00:00
11300,441,26,NO,buy,112.41,239.61,0.469131,800070,0x0d6c8e05f7c4,2025-11-27T09:06:40.599998+00:00
6926,214,44,YES,sell,389.59,1173.25,0.332061,177971,0x0ae54007cb65,2025-11-27T09:06:29.005159+00:00
9432,340,25,NO,buy,247.08,782.33,0.315825,186882,0x01a4690ba54f,2025-11-27T09:06:23.451566+00:00
7993,268,15,NO,buy,354.76,517.35,0.685729,601986,0x080d910b5ec9,2025-11-27T09:06:22.011876+00:00
9431,340,23,YES,buy,161.9,532.56,0.304005,958780,0x0401b901f1cd,2025-11-27T09:06:16.451566+00:00
8173,278,33,YES,buy,452.9,733.71,0.617273,38502,0x093128062cc4,2025-11-27T09:06:09.656755+00:00
6925,214,38,NO,sell,282.55,501.52,0.563385,381017,0x0dfd130437e8,2025-11-27T09:05:49.005159+00:00
6924,214,39,NO,sell,378.45,770.57,0.49113,181251,0x07ff950e2478,2025-11-27T09:05:46.005159+00:00
7970,267,39,NO,buy,317.02,568.75,0.557399,755777,0x03dcd7059a83,2025-11-27T09:05:42.932773+00:00
7992,268,19,NO,buy,296.6,554.87,0.534539,125796,0x0641e2030f66,2025-11-27T09:05:36.011876+00:00
6923,214,16,NO,sell,388.8,759.13,0.512162,568789,0x0ecc6e0d58d2,2025-11-27T09:05:24.005159+00:00
4504,85,37,YES,sell,469.78,1371.8,0.342454,316989,0x0e1dbb0c7ffb,2025-11-27T09:05:23.960273+00:00
7422,239,42,NO,buy,110.93,175.72,0.631284,366797,0x02f035021b74,2025-11-27T09:05:22.882069+00:00
7421,239,26,NO,sell,455.53,657.75,0.692557,888938,0x0dd4df08da96,2025-11-27T09:05:21.882069+00:00
4503,85,36,YES,buy,349.4,638.36,0.54734,615054,0x0d9f0a0d760a,2025-11-27T09:05:17.960273+00:00
7420,239,44,YES,buy,138.94,391.55,0.354842,546168,0x0bb05c08642c,2025-11-27T09:05:12.882069+00:00
11299,441,40,NO,buy,267.57,564.65,0.473868,58802,0x09393a054dc6,2025-11-27T09:05:04.599998+00:00
7969,267,38,NO,buy,332.69,749.98,0.443601,607988,0x0959030f2b58,2025-11-27T09:05:01.932773+00:00
10316,388,40,NO,sell,1.97,3.53,0.558237,357263,0x0be750021dd7,2025-11-27T09:04:59.908040+00:00
7991,268,40,NO,buy,121.94,206.14,0.591547,427997,0x030bad095cda,2025-11-27T09:04:57.011876+00:00
6922,214,42,YES,buy,222.92,380.04,0.586565,455338,0x0c2c900629cb,2025-11-27T09:04:48.005159+00:00
7968,267,34,NO,sell,356.32,665.06,0.535775,807944,0x095c75090538,2025-11-27T09:04:31.932773+00:00
4502,85,44,NO,sell,242.97,440.09,0.552087,18711,0x08744b06969d,2025-11-27T09:04:27.960273+00:00
13554,556,18,YES,buy,38.72,125.29,0.309034,914608,0x0d3d5903cb1b,2025-11-27T09:04:26.731050+00:00
13401,548,31,NO,buy,44.43,92.61,0.479753,686191,0x01ae230921e6,2025-11-27T09:04:26.185724+00:00
13262,541,27,YES,sell,49.15,148.04,0.331996,382556,0x028c090e71d1,2025-11-27T09:04:25.685616+00:00
12814,520,21,YES,sell,33.28,52.35,0.635764,630887,0x09da63031295,2025-11-27T09:04:24.116547+00:00
12634,511,33,NO,sell,33.53,49.61,0.675859,108998,0x05dd0b0c5fb9,2025-11-27T09:04:23.474547+00:00
12528,505,17,NO,buy,18.4,35.76,0.514517,48085,0x02aceb0d14e4,2025-11-27T09:04:23.093008+00:00
12347,495,18,NO,sell,4.99,12.09,0.41282,104267,0x062ce60ec244,2025-11-27T09:04:22.420582+00:00
12280,492,40,NO,sell,32.13,58.7,0.547349,331221,0x06f99b0371d4,2025-11-27T09:04:22.162423+00:00
11902,473,33,YES,buy,5.0,9.24,0.541197,958110,0x078348088d79,2025-11-27T09:04:20.759247+00:00
11745,463,35,YES,sell,26.93,86.08,0.312854,304951,0x0e857b09f01c,2025-11-27T09:04:20.219879+00:00
11703,461,27,YES,sell,32.09,52.8,0.607817,27611,0x06629b058a0d,2025-11-27T09:04:20.073333+00:00
11414,448,31,NO,sell,35.85,60.44,0.593154,604832,0x0a8022031812,2025-11-27T09:04:19.018344+00:00
7990,268,28,NO,sell,323.72,1072.94,0.301714,302354,0x0c7f8e0a457a,2025-11-27T09:04:19.011876+00:00
11298,441,17,YES,buy,138.94,200.27,0.693752,848290,0x0a3df50c2669,2025-11-27T09:04:18.599998+00:00
11251,439,16,NO,sell,44.9,90.03,0.49875,841900,0x08777d040082,2025-11-27T09:04:18.425500+00:00
11100,429,36,YES,buy,44.46,80.68,0.551065,858796,0x062c120a8469,2025-11-27T09:04:17.853831+00:00
11032,426,23,NO,buy,12.42,20.01,0.620844,449664,0x0329920ee1bf,2025-11-27T09:04:17.595177+00:00
9430,340,29,YES,sell,493.97,1536.13,0.321567,87777,0x0c801608c7a8,2025-11-27T09:04:17.451566+00:00
10673,406,43,YES,sell,25.51,45.21,0.564303,658787,0x0aa7500b4585,2025-11-27T09:04:16.265563+00:00
10631,404,17,NO,sell,49.58,87.55,0.566322,90082,0x03577c0c5416,2025-11-27T09:04:16.107264+00:00
10315,388,41,NO,buy,20.17,34.72,0.580884,450009,0x0bcf66096ae1,2025-11-27T09:04:14.908040+00:00
8172,278,24,YES,sell,115.73,179.9,0.643303,575468,0x0502230c9411,2025-11-27T09:04:13.656755+00:00
9615,349,17,NO,sell,21.33,68.56,0.311107,8142,0x0985440541e2,2025-11-27T09:04:12.198407+00:00
9429,340,28,YES,sell,314.0,503.36,0.62381,306041,0x042633035862,2025-11-27T09:04:11.451566+00:00
9175,326,29,YES,buy,35.6,86.57,0.41124,214072,0x08d14e082fe6,2025-11-27T09:04:10.477263+00:00
9005,318,28,NO,buy,38.18,56.05,0.681222,135401,0x023cbc0d698f,2025-11-27T09:04:09.821813+00:00
8985,317,44,NO,sell,36.52,61.97,0.589281,986181,0x08231209812e,2025-11-27T09:04:09.749091+00:00
7967,267,21,YES,buy,216.08,515.97,0.418783,8039,0x0a16c00e4449,2025-11-27T09:04:08.932773+00:00
8747,305,15,YES,sell,43.32,66.2,0.654396,488437,0x060dd4029936,2025-11-27T09:04:08.861800+00:00
8726,304,34,YES,sell,43.26,64.99,0.66569,108334,0x09237d07b9ac,2025-11-27T09:04:08.776450+00:00
8658,301,36,YES,buy,14.73,26.41,0.557691,269239,0x0c2790097480,2025-11-27T09:04:08.473992+00:00
8588,298,39,NO,sell,40.29,124.28,0.324177,17401,0x0cfedb029aef,2025-11-27T09:04:08.200021+00:00
8490,294,33,NO,buy,25.49,80.4,0.317026,702613,0x01909d0c2d49,2025-11-27T09:04:07.827836+00:00
8242,281,23,NO,buy,33.95,58.88,0.576626,320258,0x0964a90d1622,2025-11-27T09:04:06.925859+00:00
8195,279,18,NO,sell,17.92,48.77,0.367463,420048,0x089a240937ec,2025-11-27T09:04:06.749346+00:00
8171,278,18,NO,buy,178.07,376.94,0.472415,513812,0x0b8add07e7ab,2025-11-27T09:04:06.656755+00:00
8033,270,25,NO,buy,14.95,31.13,0.480196,724488,0x05b9c00b089d,2025-11-27T09:04:06.169518+00:00
7989,268,21,YES,sell,237.0,356.95,0.663953,409456,0x028de701d3e0,2025-11-27T09:04:06.011876+00:00
7966,267,29,YES,buy,253.23,386.89,0.65453,761056,0x07e01107d9a6,2025-11-27T09:04:05.932773+00:00
7675,254,19,YES,sell,11.27,23.74,0.474716,360502,0x09af6409c0f2,2025-11-27T09:04:04.849527+00:00
7653,253,19,NO,sell,7.35,20.82,0.353068,52544,0x0b900808d1d9,2025-11-27T09:04:04.768617+00:00
7444,241,15,YES,sell,39.49,59.66,0.661879,445045,0x0bf1f90ce52f,2025-11-27T09:04:03.972257+00:00
7419,239,35,NO,sell,258.37,650.84,0.396977,179670,0x0834a307d412,2025-11-27T09:04:03.882069+00:00
7197,226,39,NO,buy,23.44,36.59,0.640586,925510,0x074b37087970,2025-11-27T09:04:03.043465+00:00
7058,220,28,YES,sell,3.16,5.33,0.592374,679407,0x0bc87302edf7,2025-11-27T09:04:02.525814+00:00
6921,214,21,YES,buy,327.34,471.35,0.694471,100903,0x0867e50731cc,2025-11-27T09:04:02.005159+00:00
5889,157,32,YES,buy,2.15,6.88,0.312439,195735,0x03768c04d6da,2025-11-27T09:03:58.184165+00:00
4501,85,17,YES,buy,154.76,386.16,0.400763,862530,0x02a7270ab9ab,2025-11-27T09:03:57.960273+00:00
5251,125,37,YES,buy,18.72,49.09,0.381312,381002,0x0f22a901cce3,2025-11-27T09:03:55.828136+00:00
4798,99,39,YES,sell,18.28,44.92,0.406943,291607,0x0c68d5084af1,2025-11-27T09:03:54.082055+00:00
4681,93,34,YES,buy,29.0,41.92,0.69174,508157,0x09fd3002edb8,2025-11-27T09:03:53.668331+00:00
4566,88,27,YES,sell,18.72,29.04,0.644737,276617,0x0485330a4d8a,2025-11-27T09:03:53.243337+00:00
4520,86,42,YES,buy,22.86,61.51,0.371658,915562,0x0a94310c1394,2025-11-27T09:03:53.031647+00:00
4500,85,32,NO,buy,393.69,1089.04,0.361502,348828,0x08df9c0cfeea,2025-11-27T09:03:52.960273+00:00
4428,82,43,YES,sell,33.37,58.31,0.572302,688237,0x0d110001eee3,2025-11-27T09:03:52.691591+00:00
11880,468,32,YES,buy,45.91,128.53,0.357184,148360,0x0c14a20e801d,2025-11-27T00:21:25.598897+00:00
12813,519,33,YES,sell,41.0,59.08,0.694012,779934,0x0e425d04b96b,2025-11-26T23:48:31.031664+00:00
11879,468,28,NO,buy,34.83,58.08,0.599682,205501,0x04e1ce07c71e,2025-11-26T23:33:04.598897+00:00
11878,468,18,YES,buy,13.32,28.61,0.465513,397195,0x065d9306c047,2025-11-26T23:11:14.598897+00:00
12812,519,22,NO,sell,28.47,86.15,0.330476,223860,0x0701970bda53,2025-11-26T22:56:49.031664+00:00
12217,487,31,NO,sell,45.8,150.8,0.303719,160627,0x09ecf60b3a1b,2025-11-26T22:41:53.841308+00:00
12811,519,44,YES,sell,20.04,41.15,0.487053,474157,0x06f348087628,2025-11-26T22:35:06.031664+00:00
10024,371,31,YES,buy,28.43,50.89,0.558692,504640,0x0a15bd09715b,2025-11-26T22:26:55.705682+00:00
7196,225,35,NO,sell,40.9,117.49,0.348119,647742,0x0639e301f4d0,2025-11-26T22:26:27.962329+00:00
4680,92,30,YES,buy,35.04,85.51,0.409767,551131,0x09f56e082560,2025-11-26T22:19:22.577197+00:00
11229,437,21,NO,buy,21.02,31.67,0.663755,434077,0x08291302cc5b,2025-11-26T22:18:39.263024+00:00
12810,519,39,NO,buy,42.51,101.26,0.419818,660062,0x0db50f075302,2025-11-26T22:17:48.031664+00:00
11877,468,17,NO,sell,27.37,52.86,0.517799,423837,0x08d2d5061592,2025-11-26T22:17:38.598897+00:00
7195,225,30,NO,buy,5.6,8.67,0.645698,344301,0x0b5aaa02ae38,2025-11-26T22:16:04.962329+00:00
4679,92,25,NO,sell,41.19,68.27,0.603377,69079,0x0f04d20a555a,2025-11-26T21:59:13.577197+00:00
10023,371,15,YES,sell,27.76,40.08,0.692633,330406,0x02058f052e19,2025-11-26T21:58:30.705682+00:00
12216,487,20,YES,buy,13.75,43.43,0.31658,584437,0x077e740d023e,2025-11-26T21:57:11.841308+00:00
12809,519,24,YES,sell,32.63,100.61,0.324309,833761,0x0de54e09abc8,2025-11-26T21:56:08.031664+00:00
7194,225,16,YES,buy,36.53,53.04,0.68878,935389,0x0a62b0050ea4,2025-11-26T21:47:10.962329+00:00
11876,468,32,YES,sell,37.09,122.24,0.30342,84423,0x0505fa08c27c,2025-11-26T21:45:34.598897+00:00
11228,437,33,YES,buy,38.65,82.59,0.46799,791810,0x05cb1e0a0416,2025-11-26T21:41:34.263024+00:00
4847,100,26,NO,sell,11.5,29.41,0.391022,330546,0x0354d70db55b,2025-11-26T21:39:17.204671+00:00
10229,382,15,NO,buy,15.9,32.96,0.482381,108573,0x07734001f20c,2025-11-26T21:38:44.495520+00:00
4678,92,24,YES,sell,37.72,84.94,0.444075,806843,0x02196d030411,2025-11-26T21:38:38.577197+00:00
12215,487,23,NO,sell,40.62,116.53,0.348579,266027,0x0ad83507439f,2025-11-26T21:37:50.841308+00:00
12808,519,31,YES,sell,33.42,50.71,0.659026,595092,0x0a33660d784b,2025-11-26T21:24:16.031664+00:00
11875,468,40,NO,buy,43.5,68.41,0.635868,908039,0x0d5dc6048de0,2025-11-26T21:18:35.598897+00:00
10228,382,41,YES,buy,23.58,34.2,0.689437,661249,0x0389cb0805d4,2025-11-26T21:12:04.495520+00:00
7193,225,41,YES,buy,34.32,49.63,0.691539,617964,0x05d3130b586a,2025-11-26T21:09:51.962329+00:00
10022,371,29,NO,buy,43.73,109.8,0.398275,401377,0x038225059112,2025-11-26T21:03:53.705682+00:00
10021,371,25,NO,sell,41.53,113.7,0.365244,949783,0x09214305f64e,2025-11-26T20:59:59.705682+00:00
10227,382,24,NO,buy,3.15,7.19,0.438094,746997,0x07476f0956d4,2025-11-26T20:57:40.495520+00:00
12214,487,21,NO,sell,47.48,121.65,0.390314,658557,0x0cf76f08e50b,2025-11-26T20:53:24.841308+00:00
6560,194,33,NO,buy,28.9,63.93,0.452063,52952,0x06a9d504d1f1,2025-11-26T20:52:58.531122+00:00
4677,92,36,NO,sell,46.1,144.24,0.319613,170172,0x08327b0460ba,2025-11-26T20:52:36.577197+00:00
4676,92,21,YES,buy,8.26,14.72,0.561311,896304,0x021d0803da14,2025-11-26T20:50:14.577197+00:00
11227,437,15,NO,sell,10.45,19.29,0.541854,624776,0x029d270df840,2025-11-26T20:49:20.263024+00:00
12213,487,31,NO,buy,19.28,30.27,0.636849,648742,0x0dd1d70aeae2,2025-11-26T20:48:46.841308+00:00
6896,212,15,NO,sell,49.69,82.62,0.601415,178886,0x0f11d601df82,2025-11-26T20:44:32.825096+00:00
12436,499,42,YES,buy,16.21,40.32,0.402059,399012,0x0c3011079ff9,2025-11-26T20:43:39.676926+00:00
4846,100,44,NO,sell,35.21,94.13,0.37405,190633,0x0c4d62033e39,2025-11-26T20:42:08.204671+00:00
8811,307,41,YES,buy,34.3,49.09,0.698723,756287,0x0687e20f390d,2025-11-26T20:40:59.026717+00:00
12807,519,39,NO,buy,42.03,88.77,0.47348,48654,0x0cf1060ea9a3,2025-11-26T20:38:30.031664+00:00
11874,468,15,YES,sell,49.23,89.03,0.552952,922663,0x0d1170088a3a,2025-11-26T20:34:35.598897+00:00
10226,382,33,YES,buy,28.27,43.28,0.653184,816698,0x0b53860a8c12,2025-11-26T20:27:33.495520+00:00
4845,100,21,NO,buy,45.18,87.75,0.514851,970127,0x0d21a7031ad7,2025-11-26T20:27:22.204671+00:00
7603,248,16,NO,sell,13.98,28.05,0.498318,644066,0x0de6670783e5,2025-11-26T20:26:39.487093+00:00
10020,371,24,NO,sell,36.59,74.34,0.492169,64871,0x081e08028bb8,2025-11-26T20:18:45.705682+00:00
12212,487,28,NO,buy,36.18,55.62,0.650488,636773,0x0d51eb0213b6,2025-11-26T20:17:02.841308+00:00
5729,148,28,NO,sell,45.1,66.84,0.674769,375419,0x06a5fa0a2bfa,2025-11-26T20:16:33.493105+00:00
7192,225,27,YES,sell,9.52,14.0,0.680052,832975,0x0209fd03ad3d,2025-11-26T20:11:44.962329+00:00
11226,437,34,YES,sell,30.92,86.56,0.357208,632099,0x08e6ae0d4b09,2025-11-26T20:10:42.263024+00:00
7173,224,16,YES,buy,32.3,76.72,0.421021,280979,0x0df9380b911f,2025-11-26T20:10:30.865237+00:00
8984,316,17,YES,sell,45.62,88.39,0.516115,718386,0x0d3976040f35,2025-11-26T20:10:25.670792+00:00
6559,194,27,NO,sell,31.21,45.55,0.685154,116248,0x08968302ca87,2025-11-26T20:09:28.531122+00:00
8810,307,38,YES,buy,40.82,135.36,0.30157,891447,0x0c016b0e9802,2025-11-26T20:07:04.026717+00:00
11166,432,33,NO,sell,46.05,115.86,0.397459,480966,0x0eb4860c1bbc,2025-11-26T20:05:49.028234+00:00
11942,474,36,YES,buy,7.6,14.35,0.529549,744172,0x096e1a0ef3d1,2025-11-26T20:05:43.835092+00:00
7628,249,44,YES,buy,39.37,79.97,0.49234,375707,0x0522ed0ef050,2025-11-26T20:03:05.585793+00:00
10225,382,32,YES,buy,17.39,25.57,0.680009,534849,0x07f495055d18,2025-11-26T20:02:05.495520+00:00
7627,249,24,NO,buy,1.13,2.62,0.430926,109120,0x05b9a40609cd,2025-11-26T20:01:47.585793+00:00
5120,117,33,NO,buy,14.18,36.95,0.38381,733964,0x0d7f9f07e4b6,2025-11-26T20:00:26.268670+00:00
5347,129,41,NO,buy,24.89,57.06,0.43618,799598,0x0e8cc00af968,2025-11-26T19:59:27.077882+00:00
5728,148,31,NO,sell,37.59,64.51,0.582698,841669,0x0759710e6175,2025-11-26T19:58:24.493105+00:00
8983,316,35,NO,buy,33.58,58.83,0.570793,963624,0x0b9cfe0b3442,2025-11-26T19:56:40.670792+00:00
10019,371,24,NO,sell,23.86,63.71,0.374503,145396,0x0260ed08c503,2025-11-26T19:53:52.705682+00:00
4675,92,34,YES,buy,44.23,107.55,0.411245,860959,0x0b95840a7258,2025-11-26T19:53:44.577197+00:00
6873,211,30,YES,sell,37.37,54.73,0.682797,896226,0x06c38a0b1095,2025-11-26T19:51:15.751819+00:00
6895,212,35,NO,buy,23.18,77.21,0.300228,316991,0x0a4394087bc4,2025-11-26T19:48:40.825096+00:00
12435,499,27,NO,buy,5.31,9.39,0.565676,213762,0x03f4780366ca,2025-11-26T19:48:39.676926+00:00
4674,92,43,NO,buy,11.63,20.63,0.563788,464339,0x08c92308169a,2025-11-26T19:48:09.577197+00:00
12806,519,18,YES,buy,28.73,54.89,0.52342,295122,0x0c81ab0cf6f1,2025-11-26T19:45:35.031664+00:00
11873,468,35,NO,buy,43.85,83.01,0.528264,397437,0x04dcd3038a43,2025-11-26T19:44:29.598897+00:00
12789,518,18,YES,sell,26.54,53.92,0.492203,420220,0x0dc8bd09dacf,2025-11-26T19:41:40.951194+00:00
6872,211,23,YES,sell,39.62,68.91,0.574922,810503,0x0edfb00b308b,2025-11-26T19:41:12.751819+00:00
8940,313,31,YES,sell,24.53,46.5,0.527534,52083,0x0c8611054794,2025-11-26T19:39:11.503486+00:00
7602,248,20,NO,buy,20.02,29.56,0.67728,329373,0x08a3480a2305,2025-11-26T19:38:56.487093+00:00
4844,100,42,YES,buy,5.86,11.03,0.531253,228538,0x01bfe709fcbf,2025-11-26T19:38:21.204671+00:00
12211,487,38,YES,buy,37.32,75.6,0.493655,482189,0x0c4f8c0d56de,2025-11-26T19:34:47.841308+00:00
7172,224,32,YES,buy,29.56,62.21,0.475164,469093,0x08bb310b6995,2025-11-26T19:33:38.865237+00:00
10224,382,42,YES,buy,14.13,28.11,0.502632,393217,0x0219190d8edb,2025-11-26T19:33:20.495520+00:00
12210,487,16,NO,buy,42.82,85.13,0.502986,529825,0x0c415207e969,2025-11-26T19:33:05.841308+00:00
7626,249,33,YES,sell,23.24,38.98,0.59626,274835,0x06f58f04355b,2025-11-26T19:30:33.585793+00:00
10514,397,28,YES,buy,47.33,139.77,0.338637,731361,0x0753bd037167,2025-11-26T19:29:43.560540+00:00
11872,468,19,NO,sell,38.54,62.21,0.61955,44200,0x0b561e04df90,2025-11-26T19:28:50.598897+00:00
8809,307,31,NO,buy,24.78,46.24,0.535942,505770,0x0495f00878ba,2025-11-26T19:28:22.026717+00:00
8982,316,22,YES,sell,15.3,45.71,0.334735,262935,0x0bed74065900,2025-11-26T19:27:52.670792+00:00
12788,518,15,NO,sell,16.99,46.02,0.369161,601923,0x0bf06509a20c,2025-11-26T19:27:41.951194+00:00
5346,129,21,YES,buy,48.62,150.01,0.324107,227634,0x01bc650c40fd,2025-11-26T19:27:20.077882+00:00
4843,100,15,YES,buy,42.45,62.73,0.676738,370311,0x0acd4907175d,2025-11-26T19:27:14.204671+00:00
6871,211,44,NO,buy,9.64,16.69,0.577569,816184,0x0e0235077442,2025-11-26T19:24:59.751819+00:00
11165,432,32,NO,buy,6.17,17.73,0.347987,802676,0x0562260b8caa,2025-11-26T19:23:20.028234+00:00
11941,474,32,NO,buy,40.0,59.34,0.674127,25142,0x041019059ca2,2025-11-26T19:21:48.835092+00:00
7191,225,18,NO,sell,21.28,31.25,0.681019,329673,0x018cc003c238,2025-11-26T19:20:36.962329+00:00
9542,345,30,NO,buy,2.74,3.96,0.692387,928217,0x02abb6051c71,2025-11-26T19:20:18.803294+00:00
6558,194,28,YES,sell,16.42,42.29,0.388236,618467,0x04b6770220c7,2025-11-26T19:18:51.531122+00:00
6603,196,40,YES,buy,7.37,22.04,0.334381,557705,0x0247bc036ef9,2025-11-26T19:17:13.692923+00:00
6557,194,27,NO,sell,34.84,111.13,0.31351,35630,0x0f409606d0de,2025-11-26T19:17:07.531122+00:00
5119,117,43,NO,sell,36.96,61.5,0.600985,115582,0x0d2b1602f2a6,2025-11-26T19:16:51.268670+00:00
11225,437,15,YES,sell,23.06,46.55,0.495377,857543,0x0c497c0d5aef,2025-11-26T19:15:52.263024+00:00
6602,196,38,YES,buy,24.79,45.0,0.55088,807796,0x08bf6f0ab349,2025-11-26T19:11:51.692923+00:00
7601,248,41,YES,sell,15.77,24.39,0.646555,930187,0x08e6d008e923,2025-11-26T19:09:33.487093+00:00
10223,382,15,YES,sell,18.91,36.91,0.512331,497260,0x0b31e603b06c,2025-11-26T19:08:20.495520+00:00
12434,499,21,NO,sell,3.04,7.97,0.381642,613409,0x06bcf30b8f16,2025-11-26T19:07:37.676926+00:00
10018,371,22,NO,buy,37.55,56.92,0.659664,56510,0x0617390b48cb,2025-11-26T19:06:49.705682+00:00
4673,92,39,NO,buy,23.47,36.55,0.642164,7029,0x0a38ce0e71f5,2025-11-26T19:06:29.577197+00:00
6556,194,33,NO,sell,46.24,70.71,0.653925,856864,0x02f347083e15,2025-11-26T19:03:13.531122+00:00
4842,100,39,YES,buy,46.08,120.58,0.38216,704175,0x04b9ec047b7d,2025-11-26T19:03:05.204671+00:00
4841,100,16,YES,sell,6.83,17.02,0.401205,701015,0x0295f9065a2a,2025-11-26T19:02:13.204671+00:00
5727,148,41,NO,sell,28.26,40.41,0.699349,196095,0x049a09081f80,2025-11-26T19:00:21.493105+00:00
8808,307,37,YES,buy,20.27,30.99,0.65413,145061,0x0a1cde0611b6,2025-11-26T18:58:45.026717+00:00
6894,212,29,YES,sell,18.44,48.25,0.382164,654712,0x095a9905c324,2025-11-26T18:57:23.825096+00:00
12258,489,23,NO,buy,19.68,42.6,0.46201,299241,0x03f37c054b83,2025-11-26T18:56:10.011125+00:00
12257,489,21,NO,buy,13.17,19.52,0.674852,764911,0x0231fb0516ea,2025-11-26T18:55:32.011125+00:00
4840,100,40,YES,buy,1.92,3.89,0.493702,206888,0x086d030234c6,2025-11-26T18:54:42.204671+00:00
7600,248,29,NO,buy,24.36,38.25,0.636885,926677,0x024a7b08b3a7,2025-11-26T18:54:23.487093+00:00
10470,395,22,YES,buy,3.96,11.14,0.355398,231273,0x0f1fa5029244,2025-11-26T18:54:19.414572+00:00
7625,249,32,NO,sell,2.58,5.22,0.493821,224571,0x08be32056c8e,2025-11-26T18:52:43.585793+00:00
12805,519,16,NO,buy,32.88,49.74,0.661059,414589,0x09b5800d8ab3,2025-11-26T18:52:07.031664+00:00
12787,518,19,YES,sell,26.22,38.69,0.677741,301945,0x0acfb1033f27,2025-11-26T18:50:14.951194+00:00
6870,211,28,NO,buy,20.92,36.78,0.568729,277033,0x02025d0e487e,2025-11-26T18:49:32.751819+00:00
7190,225,35,NO,buy,6.71,10.22,0.656277,475396,0x082cfd078f46,2025-11-26T18:49:04.962329+00:00
7624,249,28,YES,buy,4.29,13.33,0.321918,919207,0x029a0204fc83,2025-11-26T18:46:32.585793+00:00
6893,212,16,YES,sell,36.21,75.28,0.481025,865092,0x0bdc2806d2ec,2025-11-26T18:45:30.825096+00:00
8939,313,15,YES,sell,16.49,47.43,0.347692,79951,0x076c580bf0c5,2025-11-26T18:44:37.503486+00:00
11164,432,21,YES,buy,12.88,21.67,0.59439,236204,0x03ed6c051658,2025-11-26T18:43:50.028234+00:00
6555,194,29,NO,sell,16.15,28.53,0.566153,421388,0x087d710977ed,2025-11-26T18:42:44.531122+00:00
12433,499,20,NO,buy,6.79,17.24,0.393817,129046,0x01c1f2044b42,2025-11-26T18:41:52.676926+00:00
12209,487,19,NO,buy,26.93,40.08,0.67192,959916,0x02b10004e457,2025-11-26T18:41:51.841308+00:00
8981,316,40,NO,buy,49.63,130.29,0.380933,843400,0x0ec73a0d5569,2025-11-26T18:41:28.670792+00:00
7171,224,21,NO,sell,6.58,11.94,0.551114,980782,0x07d2940ea1cd,2025-11-26T18:40:28.865237+00:00
11871,468,25,NO,sell,49.0,102.99,0.475787,243028,0x0b2ded06da57,2025-11-26T18:38:37.598897+00:00
6601,196,16,NO,sell,20.32,39.57,0.513511,960298,0x0ced7b0599f7,2025-11-26T18:37:04.692923+00:00
7170,224,35,YES,buy,46.87,67.82,0.691111,893161,0x0e37e506b06b,2025-11-26T18:36:57.865237+00:00
9541,345,30,NO,buy,28.63,77.44,0.369716,413675,0x0366080d3205,2025-11-26T18:36:03.803294+00:00
11501,451,30,NO,buy,20.81,31.49,0.660884,69892,0x0e103c0a71cc,2025-11-26T18:35:42.267503+00:00
10513,397,20,YES,sell,25.09,41.91,0.598695,994676,0x064916027624,2025-11-26T18:35:40.560540+00:00
8980,316,21,YES,buy,15.06,25.75,0.584759,505326,0x0b555a0294c8,2025-11-26T18:35:30.670792+00:00
12101,482,38,NO,sell,33.65,91.65,0.367166,928969,0x02dc800f38d5,2025-11-26T18:35:15.424415+00:00
13017,528,40,NO,buy,10.4,22.31,0.466141,496348,0x07860f0b0b6f,2025-11-26T18:34:55.771797+00:00
11163,432,25,YES,buy,30.03,83.04,0.361623,160855,0x0216c608f606,2025-11-26T18:33:38.028234+00:00
7169,224,32,YES,buy,48.62,114.52,0.424545,998168,0x06768509429e,2025-11-26T18:33:17.865237+00:00
5118,117,43,NO,buy,41.66,103.85,0.401148,560102,0x065c84098946,2025-11-26T18:31:44.268670+00:00
8807,307,28,YES,sell,43.17,64.08,0.673709,494383,0x066e200baac1,2025-11-26T18:29:51.026717+00:00
7599,248,38,YES,buy,6.14,18.68,0.328776,234151,0x03ef3b04aa29,2025-11-26T18:28:55.487093+00:00
5345,129,24,YES,sell,28.37,43.7,0.649149,771984,0x0c13db0be149,2025-11-26T18:28:45.077882+00:00
10469,395,22,YES,sell,18.78,31.05,0.604817,757722,0x079a1203b88a,2025-11-26T18:28:42.414572+00:00
5726,148,29,YES,buy,1.61,4.05,0.397472,642959,0x01dbb70f3f12,2025-11-26T18:27:12.493105+00:00
10222,382,44,NO,buy,3.23,6.99,0.462243,237649,0x02c170036173,2025-11-26T18:26:20.495520+00:00
11224,437,24,YES,buy,44.69,141.0,0.316952,349995,0x06f3c20872c4,2025-11-26T18:25:29.263024+00:00
11940,474,40,NO,sell,10.9,21.9,0.497725,857910,0x06c36f03a051,2025-11-26T18:25:19.835092+00:00
4672,92,24,NO,sell,31.7,91.35,0.347022,4704,0x03a18a04c581,2025-11-26T18:23:49.577197+00:00
10468,395,23,YES,buy,16.31,37.56,0.434242,791111,0x09604a09c6e8,2025-11-26T18:20:57.414572+00:00
10017,371,15,NO,sell,12.37,18.6,0.665165,566424,0x064735037b2a,2025-11-26T18:19:22.705682+00:00
5117,117,18,YES,sell,20.49,38.34,0.534464,955150,0x02cfbb09d28d,2025-11-26T18:18:41.268670+00:00
5888,156,31,YES,sell,8.07,24.54,0.328883,793514,0x066e4705652c,2025-11-26T18:17:57.111559+00:00
5116,117,23,NO,buy,13.46,24.89,0.54086,170268,0x0c20a70efd79,2025-11-26T18:17:41.268670+00:00
12804,519,29,NO,buy,19.81,57.17,0.34652,208998,0x0694860b5f8c,2025-11-26T18:16:13.031664+00:00
6892,212,27,YES,sell,32.96,78.59,0.419386,857795,0x0de2640a898a,2025-11-26T18:16:02.825096+00:00
6379,185,22,YES,buy,1.8,3.12,0.576666,456051,0x07b36f08e825,2025-11-26T18:15:54.874643+00:00
12593,507,40,NO,buy,49.23,123.3,0.399258,753700,0x076f19099d1b,2025-11-26T18:14:22.252516+00:00
11500,451,35,NO,buy,1.69,2.65,0.637281,804578,0x032fbc0eee1c,2025-11-26T18:13:39.267503+00:00
6869,211,44,NO,sell,21.46,60.39,0.355345,229472,0x0b2f8d03882e,2025-11-26T18:13:16.751819+00:00
5725,148,19,NO,buy,25.23,39.84,0.633299,918646,0x05078c057395,2025-11-26T18:11:37.493105+00:00
12208,487,37,YES,buy,3.63,5.77,0.628817,617691,0x02ccf705362f,2025-11-26T18:10:06.841308+00:00
12100,482,26,NO,buy,45.66,113.89,0.400917,969853,0x0775e401f52c,2025-11-26T18:10:05.424415+00:00
7623,249,44,NO,buy,16.46,25.91,0.63527,654411,0x0c69940565bb,2025-11-26T18:09:51.585793+00:00
12099,482,44,NO,buy,26.33,45.87,0.574075,424832,0x0bdb580624ac,2025-11-26T18:08:33.424415+00:00
12098,482,23,YES,buy,32.81,82.28,0.398782,995237,0x03bcd9066b14,2025-11-26T18:08:02.424415+00:00
12432,499,42,YES,buy,5.88,8.66,0.679299,580901,0x063be1080f83,2025-11-26T18:07:40.676926+00:00
5115,117,30,YES,sell,31.92,55.94,0.57057,677681,0x0caf770c2d3b,2025-11-26T18:07:26.268670+00:00
9540,345,44,NO,buy,48.71,72.87,0.668487,342658,0x0c92f10c2e7b,2025-11-26T18:07:14.803294+00:00
13016,528,17,NO,sell,41.62,68.22,0.610088,970273,0x0eae0d058f4a,2025-11-26T18:06:34.771797+00:00
12207,487,32,NO,buy,39.32,63.37,0.620468,711220,0x057e1302f8dc,2025-11-26T18:05:16.841308+00:00
10221,382,22,NO,sell,33.1,91.56,0.361506,38257,0x0438a005a120,2025-11-26T18:04:22.495520+00:00
6554,194,35,NO,sell,24.52,41.96,0.584387,442308,0x018b8003c536,2025-11-26T18:04:16.531122+00:00
11870,468,31,YES,sell,20.84,65.61,0.317657,444250,0x087adc0e6c89,2025-11-26T18:04:07.598897+00:00
9539,345,38,YES,sell,13.91,19.92,0.698421,273944,0x021051068f33,2025-11-26T18:03:17.803294+00:00
6378,185,42,YES,buy,9.22,26.46,0.348451,16626,0x0e95d60365bf,2025-11-26T18:03:06.874643+00:00
7598,248,24,NO,buy,31.81,78.88,0.403266,627785,0x09aa230e051f,2025-11-26T18:02:59.487093+00:00
4671,92,36,YES,buy,43.57,117.27,0.371547,440963,0x0ceb2b0258ca,2025-11-26T18:02:38.577197+00:00
4839,100,19,YES,sell,7.14,20.28,0.352087,725375,0x02c8970852a0,2025-11-26T18:02:27.204671+00:00
7189,225,40,YES,sell,48.13,86.91,0.553766,604075,0x0d82f101ffbe,2025-11-26T17:59:21.962329+00:00
7168,224,36,YES,sell,35.83,86.95,0.412063,386503,0x023dc4068137,2025-11-26T17:58:22.865237+00:00
12256,489,40,NO,sell,16.92,46.71,0.362235,423479,0x06b68d05aa3a,2025-11-26T17:58:04.011125+00:00
7188,225,38,YES,sell,15.14,27.29,0.554769,809085,0x05634004bf13,2025-11-26T17:57:14.962329+00:00
12097,482,28,NO,sell,34.21,68.94,0.496251,516978,0x03e6f005830a,2025-11-26T17:57:10.424415+00:00
12786,518,35,YES,sell,31.88,51.33,0.621043,365932,0x067c84058826,2025-11-26T17:56:20.951194+00:00
6600,196,30,YES,sell,25.78,38.34,0.672454,333039,0x0467680403c3,2025-11-26T17:56:02.692923+00:00
11499,451,43,NO,sell,37.41,75.66,0.494427,888986,0x0cc04103f42a,2025-11-26T17:55:58.267503+00:00
5114,117,37,NO,sell,35.13,62.69,0.560363,259779,0x084f7e0d4be7,2025-11-26T17:50:44.268670+00:00
10512,397,44,NO,buy,6.07,10.17,0.59708,834368,0x0e54fd020ecd,2025-11-26T17:49:16.560540+00:00
12206,487,20,YES,buy,15.89,40.69,0.390547,606209,0x037ac50eebec,2025-11-26T17:48:53.841308+00:00
11223,437,15,NO,buy,3.32,6.69,0.495995,362439,0x0e89a5084074,2025-11-26T17:47:30.263024+00:00
8938,313,34,NO,sell,38.47,72.86,0.527968,252517,0x036aff0749bb,2025-11-26T17:46:09.503486+00:00
12803,519,34,NO,buy,25.67,78.21,0.328203,952215,0x05d2040c3e0f,2025-11-26T17:45:54.031664+00:00
7597,248,27,NO,sell,8.19,12.08,0.678142,227106,0x0d7bcd084907,2025-11-26T17:45:30.487093+00:00
11869,468,40,YES,sell,13.49,38.86,0.347144,640505,0x07880a0ab30b,2025-11-26T17:44:52.598897+00:00
13015,528,41,YES,sell,19.63,30.03,0.653616,78492,0x0dc204034cb2,2025-11-26T17:43:16.771797+00:00
11939,474,21,YES,buy,19.04,48.99,0.388621,892066,0x0db469056207,2025-11-26T17:43:04.835092+00:00
7622,249,37,YES,buy,1.18,3.17,0.372192,521491,0x0ccbbb048037,2025-11-26T17:40:50.585793+00:00
12255,489,29,NO,sell,47.51,93.04,0.510667,208069,0x0d24d105c7d2,2025-11-26T17:40:05.011125+00:00
8806,307,27,YES,buy,30.4,50.67,0.599989,863170,0x034ca00decab,2025-11-26T17:39:31.026717+00:00
8979,316,30,YES,sell,8.05,21.65,0.371823,633534,0x07a4ec071d79,2025-11-26T17:38:39.670792+00:00
13014,528,39,YES,buy,9.41,17.42,0.540211,639715,0x07cc550eee9f,2025-11-26T17:38:17.771797+00:00
11162,432,35,YES,buy,43.79,79.6,0.55013,602128,0x0753fd0bbda4,2025-11-26T17:36:39.028234+00:00
5344,129,30,NO,sell,16.77,28.31,0.592346,277626,0x0523a002fea2,2025-11-26T17:36:17.077882+00:00
6868,211,19,NO,buy,43.12,74.02,0.582563,762925,0x06f02004db99,2025-11-26T17:35:40.751819+00:00
5724,148,18,NO,buy,16.87,43.26,0.38993,258848,0x0ebe78022da1,2025-11-26T17:34:03.493105+00:00
10467,395,44,NO,buy,19.81,32.48,0.609973,256822,0x0bfc780be441,2025-11-26T17:31:43.414572+00:00
7596,248,43,NO,sell,18.16,40.32,0.450419,935840,0x091f9a024e65,2025-11-26T17:30:35.487093+00:00
5504,137,26,NO,buy,32.5,75.06,0.432974,88697,0x0e7b130b9ac0,2025-11-26T17:30:14.654749+00:00
12592,507,19,NO,buy,27.73,68.24,0.406387,334235,0x04c9ea0dc1b9,2025-11-26T17:30:13.252516+00:00
7621,249,27,NO,sell,1.82,3.27,0.556762,754222,0x029c5405f20c,2025-11-26T17:29:28.585793+00:00
13099,533,44,YES,sell,31.88,52.51,0.607105,812471,0x04e47202fa98,2025-11-26T17:28:32.066942+00:00
6377,185,18,NO,buy,20.2,32.23,0.626765,181777,0x0a975704e327,2025-11-26T17:27:39.874643+00:00
12785,518,17,NO,sell,25.64,63.61,0.403072,979891,0x0e8fa60df4ed,2025-11-26T17:25:52.951194+00:00
6553,194,17,NO,buy,38.96,78.78,0.494516,297525,0x07937805e1ea,2025-11-26T17:25:40.531122+00:00
11498,451,34,NO,buy,39.91,57.8,0.690462,51492,0x0e39de0c4b22,2025-11-26T17:24:35.267503+00:00
5887,156,35,NO,buy,41.88,63.64,0.658094,1625,0x048a070cfc30,2025-11-26T17:23:37.111559+00:00
12254,489,37,NO,sell,7.89,11.42,0.690775,620442,0x04ff2c0216d3,2025-11-26T17:22:29.011125+00:00
6867,211,29,NO,sell,13.28,43.67,0.304114,717379,0x0bf818078fd4,2025-11-26T17:21:23.751819+00:00
6891,212,37,YES,sell,9.83,15.25,0.644472,124598,0x0416400aaff6,2025-11-26T17:19:45.825096+00:00
10016,371,30,NO,sell,42.22,77.93,0.541734,632791,0x0adb1907c789,2025-11-26T17:19:42.705682+00:00
12253,489,31,YES,sell,23.53,36.37,0.646904,701174,0x0ab968083d84,2025-11-26T17:18:49.011125+00:00
6866,211,27,NO,buy,44.78,119.61,0.374375,315842,0x09c8f50ede4d,2025-11-26T17:18:06.751819+00:00
12096,482,20,YES,buy,38.92,70.39,0.552955,875779,0x0b83790819b5,2025-11-26T17:18:01.424415+00:00
6376,185,35,YES,sell,8.97,22.76,0.394186,109216,0x0a9d340e3415,2025-11-26T17:17:11.874643+00:00
7167,224,25,NO,buy,18.52,33.22,0.557483,648880,0x09ec32092e51,2025-11-26T17:17:01.865237+00:00
13013,528,16,YES,buy,36.56,60.7,0.602346,878541,0x0f160907ddfc,2025-11-26T17:16:05.771797+00:00
5113,117,20,YES,sell,47.9,78.72,0.608508,366511,0x0d8d160d14f1,2025-11-26T17:15:47.268670+00:00
9538,345,40,NO,sell,14.61,30.81,0.474174,781263,0x0cca6308ac4d,2025-11-26T17:15:32.803294+00:00
4838,100,25,YES,sell,2.41,3.85,0.62583,899435,0x0515670395d6,2025-11-26T17:14:54.204671+00:00
10220,382,38,NO,sell,9.3,29.02,0.320517,862873,0x0d8b6503cb13,2025-11-26T17:14:53.495520+00:00
11938,474,39,YES,sell,40.45,95.49,0.4236,593314,0x0b3c5f0d2546,2025-11-26T17:13:32.835092+00:00
12431,499,18,NO,buy,41.34,73.59,0.56173,327683,0x06eeca02b2b1,2025-11-26T17:10:33.676926+00:00
6599,196,16,NO,sell,32.35,82.75,0.390956,827927,0x0893c103fdc3,2025-11-26T17:09:37.692923+00:00
10511,397,18,NO,sell,14.35,32.58,0.440495,263191,0x05012e07e068,2025-11-26T17:09:29.560540+00:00
11222,437,17,YES,buy,45.15,87.22,0.517653,11067,0x0ebf8f050053,2025-11-26T17:08:46.263024+00:00
11221,437,42,NO,sell,11.63,18.45,0.630474,724447,0x0382020c94b7,2025-11-26T17:08:23.263024+00:00
5886,156,31,NO,buy,29.27,48.79,0.599931,112596,0x0c87db0d8d09,2025-11-26T17:08:03.111559+00:00
5723,148,34,NO,sell,8.14,18.67,0.436066,140494,0x072fc907dfbd,2025-11-26T17:07:36.493105+00:00
13012,528,19,NO,sell,42.56,71.2,0.597724,693486,0x0495710c859c,2025-11-26T17:07:21.771797+00:00
10740,408,20,NO,buy,14.57,38.51,0.37839,877988,0x0b8d5e0de15f,2025-11-26T17:04:25.440975+00:00
7620,249,35,NO,buy,35.7,116.54,0.306329,140635,0x077de00ceb09,2025-11-26T17:04:08.585793+00:00
8937,313,29,YES,sell,22.61,59.23,0.381719,952493,0x04f4d60bf474,2025-11-26T17:03:33.503486+00:00
4670,92,27,YES,sell,27.97,88.08,0.317562,593960,0x04429106e393,2025-11-26T17:03:00.577197+00:00
8978,316,22,YES,sell,44.37,134.25,0.330492,523379,0x09f6130b1b62,2025-11-26T17:02:37.670792+00:00
7187,225,32,YES,sell,40.73,98.12,0.415121,621223,0x0d4d0d0394cd,2025-11-26T17:01:45.962329+00:00
5503,137,39,YES,sell,11.98,17.36,0.690076,244390,0x07e22a0ddd7b,2025-11-26T16:59:33.654749+00:00
6784,206,27,NO,buy,30.09,55.22,0.544875,547404,0x01946109c8ce,2025-11-26T16:59:17.405351+00:00
11937,474,36,NO,buy,5.9,18.88,0.31247,769160,0x0d20f00e6589,2025-11-26T16:58:20.835092+00:00
10219,382,18,NO,buy,32.83,57.86,0.56742,46672,0x09a4ad07612b,2025-11-26T16:56:45.495520+00:00
5343,129,25,YES,sell,32.21,56.78,0.567294,253207,0x09dfc409f7a1,2025-11-26T16:56:40.077882+00:00
12591,507,35,YES,sell,41.27,133.82,0.308402,863680,0x01cfdc0da7f5,2025-11-26T16:55:14.252516+00:00
12802,519,30,NO,buy,6.03,17.05,0.35359,964626,0x0ab30907c652,2025-11-26T16:54:55.031664+00:00
11868,468,31,NO,sell,36.91,55.38,0.666506,47870,0x09961309697c,2025-11-26T16:54:18.598897+00:00
13011,528,21,YES,sell,1.7,3.22,0.527434,388031,0x03de3b089e41,2025-11-26T16:54:12.771797+00:00
10015,371,33,NO,sell,29.0,42.5,0.682384,408532,0x054b6c0c53cc,2025-11-26T16:53:08.705682+00:00
8805,307,43,NO,sell,4.35,7.75,0.561331,991433,0x03c79d06c21a,2025-11-26T16:52:46.026717+00:00
12205,487,20,NO,buy,5.78,11.25,0.5138,217530,0x01bcf30a51c7,2025-11-26T16:51:46.841308+00:00
6598,196,41,NO,sell,6.19,10.07,0.614664,971624,0x0b232c0473b0,2025-11-26T16:51:27.692923+00:00
10739,408,39,NO,buy,31.65,77.54,0.408155,708767,0x0ec8c60a914d,2025-11-26T16:49:32.440975+00:00
6890,212,34,NO,buy,35.25,90.95,0.387594,134400,0x0b3385051fad,2025-11-26T16:48:03.825096+00:00
5342,129,25,NO,sell,35.23,52.59,0.669943,126725,0x0adc7308e5a0,2025-11-26T16:47:53.077882+00:00
10466,395,44,YES,buy,33.49,108.38,0.308998,80765,0x0401290b66c0,2025-11-26T16:47:38.414572+00:00
6552,194,21,YES,sell,9.9,28.3,0.349876,127931,0x0241bb041000,2025-11-26T16:45:30.531122+00:00
12784,518,44,NO,buy,46.56,100.26,0.464397,829477,0x058de508a017,2025-11-26T16:42:40.951194+00:00
10738,408,25,YES,sell,10.58,25.59,0.413517,747887,0x0c5c6508c928,2025-11-26T16:42:38.440975+00:00
12783,518,43,NO,buy,34.41,89.03,0.386484,677698,0x0dbf9309bf9e,2025-11-26T16:41:57.951194+00:00
5885,156,37,NO,sell,6.73,11.35,0.592742,576092,0x0e46c7077fc0,2025-11-26T16:40:56.111559+00:00
13098,533,44,NO,buy,29.59,78.2,0.378394,664337,0x07c75f0ba856,2025-11-26T16:39:08.066942+00:00
6375,185,16,YES,sell,35.81,96.78,0.370012,873039,0x03a41e04c91f,2025-11-26T16:39:01.874643+00:00
11161,432,39,YES,buy,10.02,28.23,0.354928,872805,0x04ed5101eb0b,2025-11-26T16:38:57.028234+00:00
5112,117,30,NO,buy,21.03,66.65,0.315531,978408,0x03847c07aedf,2025-11-26T16:37:01.268670+00:00
12252,489,15,NO,buy,1.99,4.13,0.48135,369704,0x0b4af501cee2,2025-11-26T16:34:54.011125+00:00
5502,137,30,NO,buy,19.74,28.31,0.697262,998675,0x0d2ab307d2fe,2025-11-26T16:33:57.654749+00:00
7595,248,25,YES,buy,1.08,2.59,0.417578,155591,0x0995d7076d87,2025-11-26T16:31:09.487093+00:00
5341,129,15,YES,sell,44.28,139.58,0.31723,79687,0x024b3f0664ff,2025-11-26T16:29:43.077882+00:00
6597,196,23,NO,buy,41.75,85.11,0.490515,520246,0x0bb3ef0c94e5,2025-11-26T16:29:22.692923+00:00
8936,313,35,YES,sell,33.37,80.35,0.415309,922113,0x0ae97c0b10ca,2025-11-26T16:29:11.503486+00:00
11497,451,20,NO,buy,41.58,88.77,0.468402,948140,0x0576e90a5a35,2025-11-26T16:28:06.267503+00:00
12430,499,21,YES,sell,4.47,10.78,0.414778,744172,0x0ec0060ca70b,2025-11-26T16:27:54.676926+00:00
12095,482,37,NO,sell,8.73,14.34,0.608656,543383,0x09a8140e7ad1,2025-11-26T16:27:45.424415+00:00
11220,437,31,YES,buy,41.14,107.79,0.381662,622456,0x03d8cc041a4a,2025-11-26T16:27:04.263024+00:00
6865,211,29,YES,sell,3.44,6.55,0.525049,809009,0x06d7da05adc8,2025-11-26T16:26:37.751819+00:00
10510,397,26,YES,sell,36.69,115.86,0.316671,955624,0x0a9e7d07bcf8,2025-11-26T16:26:26.560540+00:00
7166,224,43,YES,buy,16.82,38.57,0.436105,886163,0x02358e0c6d6a,2025-11-26T16:24:27.865237+00:00
6551,194,43,NO,buy,6.65,19.75,0.336678,345788,0x0dd86507a43e,2025-11-26T16:24:16.531122+00:00
6889,212,33,YES,sell,38.06,88.5,0.430039,924770,0x027fee0406b8,2025-11-26T16:24:01.825096+00:00
6374,185,41,NO,buy,14.44,30.1,0.479766,396147,0x03b9f2059629,2025-11-26T16:22:59.874643+00:00
4837,100,30,NO,sell,34.86,98.03,0.355606,549532,0x0898cd0b1698,2025-11-26T16:22:37.204671+00:00
10509,397,38,NO,sell,36.31,52.17,0.695993,189087,0x04a5de0e2744,2025-11-26T16:22:14.560540+00:00
4836,100,42,YES,sell,23.56,71.27,0.33056,969265,0x0ea09c03a026,2025-11-26T16:21:16.204671+00:00
10737,408,35,YES,sell,13.51,35.53,0.38019,688768,0x0af0050d72fe,2025-11-26T16:20:41.440975+00:00
9537,345,25,NO,buy,46.1,89.54,0.514844,791132,0x0a9eab0b329e,2025-11-26T16:20:37.803294+00:00
5722,148,37,NO,buy,20.5,35.45,0.578254,95940,0x04b42b03050a,2025-11-26T16:18:52.493105+00:00
7619,249,31,NO,buy,14.75,30.44,0.484623,420320,0x0adcd8081c93,2025-11-26T16:18:09.585793+00:00
12251,489,35,YES,buy,6.77,12.94,0.523253,73768,0x0a143d0ab56e,2025-11-26T16:17:49.011125+00:00
5501,137,18,NO,sell,19.45,41.22,0.471814,589247,0x0514f90806f4,2025-11-26T16:14:47.654749+00:00
10465,395,18,NO,buy,7.28,17.24,0.422194,550970,0x05c1f80df4be,2025-11-26T16:14:44.414572+00:00
4669,92,37,YES,buy,6.59,13.74,0.479759,550262,0x07553d02e40a,2025-11-26T16:14:33.577197+00:00
10508,397,29,YES,sell,9.34,29.8,0.31342,169605,0x0ab3ff055806,2025-11-26T16:14:04.560540+00:00
6373,185,39,YES,buy,16.0,23.05,0.694114,738230,0x0939c90ac949,2025-11-26T16:13:45.874643+00:00
11867,468,30,YES,sell,24.0,36.47,0.658146,879097,0x0871f3041cf1,2025-11-26T16:11:47.598897+00:00
5111,117,42,NO,sell,20.82,44.65,0.466328,392270,0x07d71c0d66a6,2025-11-26T16:10:38.268670+00:00
6783,206,16,YES,buy,27.88,61.85,0.450761,780906,0x0e37e5063163,2025-11-26T16:10:22.405351+00:00
6782,206,36,YES,buy,18.6,43.1,0.431541,229384,0x04db270db52a,2025-11-26T16:10:04.405351+00:00
13010,528,25,YES,buy,48.54,138.1,0.351483,611117,0x09ef060668b2,2025-11-26T16:09:41.771797+00:00
5110,117,30,YES,sell,7.7,15.79,0.487703,5383,0x040060048f55,2025-11-26T16:09:36.268670+00:00
6888,212,33,NO,sell,22.23,56.04,0.396666,567158,0x0a68c0019c74,2025-11-26T16:08:41.825096+00:00
8977,316,38,YES,buy,14.28,28.31,0.504449,418199,0x03c71501e277,2025-11-26T16:08:29.670792+00:00
12094,482,43,YES,sell,40.16,82.87,0.484624,94483,0x0e033d0539ae,2025-11-26T16:06:47.424415+00:00
12782,518,16,YES,sell,37.76,86.96,0.434212,898078,0x0d4fbf0ebf15,2025-11-26T16:05:55.951194+00:00
7186,225,24,NO,sell,19.94,30.41,0.655744,268539,0x0ccf420afa89,2025-11-26T16:05:48.962329+00:00
10464,395,40,NO,buy,31.51,78.31,0.402394,148388,0x0b8e7c069ad4,2025-11-26T16:05:10.414572+00:00
13097,533,18,YES,buy,6.35,17.06,0.372223,548401,0x022d38071279,2025-11-26T16:04:42.066942+00:00
9536,345,34,NO,sell,27.89,49.4,0.564573,889255,0x0b361801e394,2025-11-26T16:04:28.803294+00:00
8804,307,28,YES,buy,40.59,78.5,0.517044,373665,0x0e6a6b0aba83,2025-11-26T16:04:06.026717+00:00
12429,499,39,YES,buy,7.36,23.17,0.317692,728574,0x0581ff03f1be,2025-11-26T16:03:30.676926+00:00
11936,474,44,YES,sell,1.89,3.94,0.479885,80129,0x08a49e0e2326,2025-11-26T16:03:27.835092+00:00
4668,92,43,YES,sell,5.42,12.62,0.42963,836176,0x0be7310ce8ce,2025-11-26T16:03:12.577197+00:00
12801,519,22,YES,sell,39.55,105.92,0.373387,733722,0x05e374049156,2025-11-26T16:03:10.031664+00:00
9535,345,27,NO,buy,7.34,11.73,0.625778,764633,0x0411810d7e96,2025-11-26T16:01:58.803294+00:00
5500,137,42,NO,sell,21.83,36.54,0.597393,482197,0x065c3f05e921,2025-11-26T16:00:47.654749+00:00
12590,507,43,YES,buy,3.29,5.86,0.561032,542351,0x0289940489ab,2025-11-26T16:00:05.252516+00:00
11496,451,15,YES,sell,15.87,28.44,0.55795,600224,0x06818d0f38d4,2025-11-26T15:59:05.267503+00:00
12204,487,30,YES,sell,3.62,10.11,0.35798,40697,0x06349502cb47,2025-11-26T15:57:58.841308+00:00
6887,212,20,NO,sell,19.46,49.95,0.389551,462970,0x0356030e7595,2025-11-26T15:57:37.825096+00:00
10218,382,43,YES,sell,34.22,50.13,0.68263,896969,0x052b8a072456,2025-11-26T15:57:02.495520+00:00
10014,371,43,NO,sell,10.97,16.37,0.670306,396384,0x09faa103bce2,2025-11-26T15:55:36.705682+00:00
8935,313,43,NO,buy,8.91,25.86,0.344497,789981,0x080d4305e549,2025-11-26T15:55:30.503486+00:00
5884,156,31,YES,buy,13.48,25.91,0.520179,238798,0x04293e0d5c7b,2025-11-26T15:54:05.111559+00:00
5340,129,42,NO,buy,9.34,24.81,0.376464,856792,0x0e85bb076d8e,2025-11-26T15:52:52.077882+00:00
5883,156,19,YES,sell,5.01,10.71,0.46759,571421,0x0350e2098c4a,2025-11-26T15:51:04.111559+00:00
12093,482,18,NO,buy,39.42,67.71,0.58219,862636,0x0925da0caf60,2025-11-26T15:51:02.424415+00:00
7618,249,24,NO,sell,21.83,64.74,0.337204,680382,0x0bcfae0dc070,2025-11-26T15:50:07.585793+00:00
7594,248,17,YES,buy,42.66,119.66,0.356521,396703,0x0a50700ac68b,2025-11-26T15:49:57.487093+00:00
11160,432,41,YES,sell,37.06,54.32,0.682283,858882,0x0d50300eeac3,2025-11-26T15:49:01.028234+00:00
8934,313,32,NO,buy,42.96,70.74,0.60731,531230,0x07953a0553fc,2025-11-26T15:47:51.503486+00:00
9534,345,28,NO,buy,29.2,53.84,0.542362,935393,0x06e3f70cfd6d,2025-11-26T15:46:52.803294+00:00
13096,533,35,YES,sell,47.78,134.66,0.354821,107742,0x0305df08abea,2025-11-26T15:46:20.066942+00:00
10507,397,20,YES,buy,36.48,72.18,0.505419,654167,0x083c6002478b,2025-11-26T15:45:50.560540+00:00
12589,507,31,YES,buy,33.47,104.75,0.319532,598666,0x093d2d0ae1c3,2025-11-26T15:45:22.252516+00:00
4835,100,31,YES,buy,39.96,76.34,0.523462,999763,0x0c8f710ed41b,2025-11-26T15:45:13.204671+00:00
11159,432,31,YES,sell,40.05,126.22,0.317314,201519,0x0a9f0301c3c9,2025-11-26T15:45:07.028234+00:00
6550,194,30,NO,sell,12.62,22.74,0.554961,719209,0x04da9c0b9f0e,2025-11-26T15:45:05.531122+00:00
5721,148,39,YES,buy,16.82,48.81,0.344592,953977,0x0ad5de067e8b,2025-11-26T15:44:09.493105+00:00
12250,489,41,YES,buy,11.93,33.26,0.358723,98253,0x0d2aea0e20ab,2025-11-26T15:43:40.011125+00:00
11219,437,23,YES,sell,4.21,8.91,0.472446,725773,0x0daf940c3b97,2025-11-26T15:43:31.263024+00:00
11495,451,17,NO,buy,48.55,148.61,0.326687,738849,0x0ecde20c12ee,2025-11-26T15:40:52.267503+00:00
7165,224,40,NO,sell,12.57,36.9,0.340625,845514,0x0442410ef6b5,2025-11-26T15:39:22.865237+00:00
8976,316,22,NO,buy,31.14,66.7,0.466892,759137,0x0685c6039e8c,2025-11-26T15:38:40.670792+00:00
6372,185,36,NO,sell,40.39,76.62,0.527159,554327,0x0855d20ae837,2025-11-26T15:38:28.874643+00:00
7164,224,31,NO,buy,49.83,132.38,0.376404,468760,0x0731e40c92fb,2025-11-26T15:38:18.865237+00:00
6864,211,20,NO,sell,41.25,64.84,0.636215,341071,0x0993f40f129c,2025-11-26T15:38:17.751819+00:00
12588,507,21,NO,buy,37.26,103.29,0.360734,81317,0x0e8b250366a5,2025-11-26T15:38:07.252516+00:00
6781,206,20,YES,buy,9.24,13.22,0.699148,763160,0x04b6f70d6beb,2025-11-26T15:36:21.405351+00:00
11866,468,21,NO,buy,6.43,10.07,0.638443,928292,0x09d1760e405d,2025-11-26T15:35:11.598897+00:00
4834,100,24,NO,sell,21.19,31.7,0.668363,229459,0x042264032a20,2025-11-26T15:34:30.204671+00:00
12781,518,29,NO,buy,47.89,74.28,0.644697,191187,0x0ccb12058f4b,2025-11-26T15:33:03.951194+00:00
6596,196,24,YES,sell,3.87,6.18,0.62573,961801,0x0d14ce0824ad,2025-11-26T15:32:27.692923+00:00
12428,499,25,YES,sell,40.7,117.21,0.347233,678265,0x02e7f20345ce,2025-11-26T15:31:14.676926+00:00
5339,129,41,NO,buy,2.44,7.65,0.319134,111242,0x01b13503bee1,2025-11-26T15:30:40.077882+00:00
12587,507,21,NO,sell,36.13,65.91,0.548185,779530,0x09b643046995,2025-11-26T15:29:27.252516+00:00
11935,474,18,YES,buy,6.6,16.25,0.406144,619249,0x0d306a08c7de,2025-11-26T15:28:43.835092+00:00
5109,117,38,YES,sell,19.64,46.5,0.422339,590448,0x060eb707873a,2025-11-26T15:28:04.268670+00:00
10736,408,32,YES,sell,41.08,70.3,0.584312,142456,0x0549ca06173f,2025-11-26T15:27:17.440975+00:00
6886,212,36,YES,buy,15.27,40.26,0.379314,876698,0x047b5c08235f,2025-11-26T15:26:08.825096+00:00
12092,482,36,YES,sell,47.38,75.79,0.625134,320099,0x029a0c0d9fec,2025-11-26T15:24:54.424415+00:00
6595,196,40,YES,buy,23.26,63.69,0.365218,836787,0x0423f00c1dd6,2025-11-26T15:23:15.692923+00:00
10506,397,15,NO,sell,45.32,98.03,0.462327,395255,0x08d8fe041de6,2025-11-26T15:22:26.560540+00:00
5338,129,30,YES,sell,15.62,22.52,0.693587,673239,0x096b540f1ac9,2025-11-26T15:22:13.077882+00:00
8803,307,31,NO,buy,33.18,76.94,0.431271,959259,0x07e271085034,2025-11-26T15:21:47.026717+00:00
12586,507,18,YES,buy,4.82,8.48,0.568441,517577,0x0cb7ec056e91,2025-11-26T15:19:45.252516+00:00
5720,148,27,YES,sell,42.94,86.89,0.494176,460034,0x06eafb0e6b94,2025-11-26T15:19:19.493105+00:00
5499,137,15,YES,buy,5.68,10.61,0.535278,872861,0x07c8ab04a269,2025-11-26T15:19:17.654749+00:00
13009,528,29,NO,sell,28.47,83.87,0.339446,597956,0x043b120b8691,2025-11-26T15:17:34.771797+00:00
10505,397,24,YES,buy,39.32,127.06,0.309468,289568,0x038f920258b3,2025-11-26T15:17:18.560540+00:00
10463,395,38,YES,sell,17.64,52.43,0.33643,375644,0x0684840b035f,2025-11-26T15:15:59.414572+00:00
12249,489,25,NO,sell,43.01,64.72,0.664532,443897,0x0eab9005355e,2025-11-26T15:15:41.011125+00:00
10735,408,33,YES,buy,45.68,73.72,0.619603,284397,0x0b26f10b7399,2025-11-26T15:14:45.440975+00:00
12800,519,15,YES,buy,12.07,22.23,0.542841,468354,0x01d9d905f2e5,2025-11-26T15:14:40.031664+00:00
4667,92,39,YES,sell,21.26,44.26,0.480354,619990,0x04634f08c8e6,2025-11-26T15:14:24.577197+00:00
11158,432,36,NO,buy,31.41,83.54,0.375996,996415,0x0d3bbd06ec66,2025-11-26T15:14:07.028234+00:00
11494,451,32,NO,sell,28.84,41.72,0.691288,624992,0x072bec02edf0,2025-11-26T15:14:01.267503+00:00
7185,225,18,NO,buy,32.63,48.19,0.677117,827000,0x031ba5052c36,2025-11-26T15:13:32.962329+00:00
10013,371,19,YES,sell,17.39,30.62,0.568006,740102,0x04233e0a22a7,2025-11-26T15:12:48.705682+00:00
5882,156,25,YES,sell,27.47,43.41,0.632805,838534,0x0413a40f24b8,2025-11-26T15:11:45.111559+00:00
12203,487,16,YES,sell,36.47,80.48,0.453166,956508,0x0300e507b4a5,2025-11-26T15:10:41.841308+00:00
11157,432,27,YES,sell,39.16,65.12,0.60133,402118,0x0a935c079c97,2025-11-26T15:09:11.028234+00:00
5881,156,25,NO,sell,23.09,44.78,0.515685,933960,0x0c6949042780,2025-11-26T15:08:40.111559+00:00
12427,499,26,YES,sell,4.44,7.68,0.577802,411435,0x034e240875ba,2025-11-26T15:08:00.676926+00:00
10217,382,32,NO,buy,40.76,94.28,0.43231,757121,0x030a43074921,2025-11-26T15:07:35.495520+00:00
12780,518,37,YES,buy,33.32,56.41,0.590708,804694,0x0a5d80074c00,2025-11-26T15:07:14.951194+00:00
7163,224,24,NO,buy,12.89,30.22,0.426473,344831,0x0841e8096110,2025-11-26T15:06:43.865237+00:00
6780,206,31,YES,buy,11.98,17.46,0.686186,288646,0x0816e1069f73,2025-11-26T15:06:43.405351+00:00
8933,313,23,NO,sell,24.42,58.77,0.415528,85990,0x0dc5540e8879,2025-11-26T15:04:34.503486+00:00
6779,206,25,YES,sell,27.48,54.53,0.503945,991431,0x05da4208b5ec,2025-11-26T15:03:53.405351+00:00
6371,185,15,NO,buy,32.54,93.15,0.349333,527740,0x0a1caa08d46b,2025-11-26T15:03:19.874643+00:00
6885,212,15,YES,buy,20.6,54.55,0.377607,932316,0x0dfb7e0227c0,2025-11-26T15:02:36.825096+00:00
6549,194,35,NO,buy,23.56,54.08,0.435648,561741,0x0ac1190a0337,2025-11-26T15:02:29.531122+00:00
4666,92,43,YES,sell,41.66,86.67,0.480679,119669,0x0d1696098951,2025-11-26T15:01:58.577197+00:00
5337,129,38,NO,sell,16.54,37.73,0.43833,813241,0x02cd590a6dd8,2025-11-26T15:00:41.077882+00:00
7617,249,31,YES,sell,39.59,96.4,0.410673,328112,0x08591902bff8,2025-11-26T15:00:07.585793+00:00
11218,437,43,YES,buy,18.01,28.59,0.629936,539197,0x0e4ba20b9342,2025-11-26T14:59:17.263024+00:00
5880,156,19,NO,sell,18.66,39.48,0.472685,928751,0x0b290a0593bb,2025-11-26T14:59:07.111559+00:00
4833,100,37,NO,buy,27.19,61.7,0.440652,144601,0x03d34a01bb74,2025-11-26T14:58:58.204671+00:00
11934,474,25,YES,buy,34.48,52.93,0.65138,268398,0x0b085c031dd0,2025-11-26T14:58:53.835092+00:00
6370,185,37,YES,sell,30.54,78.92,0.386977,580307,0x0ccc920e1307,2025-11-26T14:55:51.874643+00:00
13095,533,23,NO,buy,45.5,79.23,0.574305,45639,0x0226650e9fde,2025-11-26T14:55:18.066942+00:00
9533,345,28,NO,sell,12.95,29.16,0.444074,64564,0x0e27c306aa8a,2025-11-26T14:54:18.803294+00:00
7593,248,42,YES,sell,10.6,21.0,0.50486,756069,0x050ec101d439,2025-11-26T14:52:27.487093+00:00
5498,137,19,NO,buy,4.75,9.47,0.501804,769227,0x0cc81d0db95b,2025-11-26T14:50:46.654749+00:00
12585,507,18,YES,buy,36.99,55.12,0.671091,365680,0x04f15c01b2d2,2025-11-26T14:50:24.252516+00:00
8975,316,37,NO,buy,35.65,93.65,0.380687,394337,0x0b421b093d33,2025-11-26T14:50:21.670792+00:00
5108,117,27,NO,buy,38.18,57.1,0.668613,161221,0x0b0c7e0a1efc,2025-11-26T14:50:10.268670+00:00
11493,451,43,NO,sell,25.35,67.88,0.37345,917992,0x05a1c0064c4b,2025-11-26T14:49:58.267503+00:00
10504,397,19,NO,sell,45.71,75.71,0.60372,227520,0x0d81ef05d728,2025-11-26T14:47:15.560540+00:00
12799,519,44,YES,buy,45.88,92.88,0.493988,621977,0x01f7d007815b,2025-11-26T14:45:55.031664+00:00
12091,482,31,YES,sell,25.86,58.52,0.441867,943269,0x02e4640ad7df,2025-11-26T14:45:14.424415+00:00
6863,211,16,YES,buy,24.85,58.78,0.422758,17720,0x052d9f0a01d1,2025-11-26T14:45:08.751819+00:00
11865,468,27,YES,sell,8.02,18.49,0.433631,747617,0x07c99f05da08,2025-11-26T14:41:03.598897+00:00
12248,489,31,NO,sell,41.74,128.2,0.32558,174024,0x051aee047254,2025-11-26T14:39:35.011125+00:00
5879,156,38,NO,sell,9.52,20.66,0.460712,805586,0x0901700715ba,2025-11-26T14:39:00.111559+00:00
7616,249,38,NO,sell,49.69,148.46,0.334705,930805,0x03279b0c7391,2025-11-26T14:38:14.585793+00:00
12202,487,43,YES,buy,36.7,102.7,0.357358,239976,0x02e68e0beaad,2025-11-26T14:37:45.841308+00:00
8802,307,31,YES,sell,4.57,9.5,0.481227,210420,0x0aad010a43e3,2025-11-26T14:37:14.026717+00:00
13094,533,21,NO,buy,30.74,46.59,0.659807,673519,0x0a28ea01e039,2025-11-26T14:36:22.066942+00:00
9532,345,40,YES,sell,9.94,24.36,0.408121,134146,0x0c9c38064d90,2025-11-26T14:33:46.803294+00:00
6594,196,19,YES,buy,27.47,56.83,0.483381,849821,0x0e519a0ad48f,2025-11-26T14:32:29.692923+00:00
6548,194,30,NO,buy,4.92,9.1,0.540777,139256,0x0dda8e047deb,2025-11-26T14:32:26.531122+00:00
5336,129,44,YES,sell,32.59,99.43,0.327782,842496,0x030c3c0ecdb1,2025-11-26T14:32:11.077882+00:00
11933,474,34,NO,buy,11.41,30.54,0.373666,294587,0x0df94d0d6a14,2025-11-26T14:31:41.835092+00:00
6369,185,26,NO,sell,21.95,34.82,0.630341,562072,0x04e3df0ea316,2025-11-26T14:31:00.874643+00:00
7184,225,17,NO,buy,17.5,25.76,0.679322,539569,0x042cdc02c1b3,2025-11-26T14:28:01.962329+00:00
13093,533,20,YES,sell,25.46,56.1,0.453812,361520,0x09501309de8a,2025-11-26T14:27:51.066942+00:00
10734,408,26,YES,buy,28.28,64.47,0.438666,741117,0x09a4ef0a8c72,2025-11-26T14:27:33.440975+00:00
5719,148,24,YES,buy,32.33,76.04,0.42517,196236,0x097b200bc1ea,2025-11-26T14:27:31.493105+00:00
4665,92,27,NO,sell,23.61,50.34,0.468985,724468,0x0b560502660c,2025-11-26T14:26:31.577197+00:00
12090,482,31,YES,sell,12.86,21.24,0.605454,597229,0x03efe4021517,2025-11-26T14:25:48.424415+00:00
10503,397,20,NO,buy,25.41,61.16,0.415487,453009,0x0a08d5073598,2025-11-26T14:25:12.560540+00:00
8932,313,42,NO,buy,5.12,14.97,0.342101,933612,0x06f55b05c4a1,2025-11-26T14:25:06.503486+00:00
7592,248,17,NO,buy,26.35,63.49,0.415009,786021,0x0570120daa6d,2025-11-26T14:24:30.487093+00:00
9531,345,43,YES,sell,49.26,109.85,0.448427,500979,0x03996d023f49,2025-11-26T14:23:47.803294+00:00
5497,137,35,YES,buy,14.35,41.06,0.349457,688106,0x0e121b079253,2025-11-26T14:23:15.654749+00:00
7162,224,32,YES,buy,14.47,24.84,0.582576,458870,0x0c21430f1e54,2025-11-26T14:21:25.865237+00:00
11156,432,41,NO,buy,42.19,61.3,0.688277,329608,0x08dc4f0a963a,2025-11-26T14:20:31.028234+00:00
9530,345,30,YES,buy,21.29,34.1,0.6243,922823,0x0ad13603b84b,2025-11-26T14:20:09.803294+00:00
11492,451,15,YES,sell,43.62,64.42,0.677113,638813,0x0e65c2070c9c,2025-11-26T14:19:31.267503+00:00
13008,528,40,NO,sell,40.32,60.27,0.668948,535373,0x0d82d90b4b8a,2025-11-26T14:19:02.771797+00:00
10462,395,33,YES,sell,37.32,56.37,0.662069,785034,0x0aafdd09ab38,2025-11-26T14:18:40.414572+00:00
11155,432,16,YES,sell,29.57,68.69,0.430512,418676,0x0c952903edfb,2025-11-26T14:18:22.028234+00:00
10012,371,29,YES,sell,24.11,55.89,0.431374,125015,0x08c02e0ad90a,2025-11-26T14:17:25.705682+00:00
12426,499,39,YES,sell,17.51,33.08,0.529342,887160,0x0ab8850b5a73,2025-11-26T14:17:17.676926+00:00
5878,156,32,YES,sell,33.27,74.18,0.448509,153773,0x0a579e0a2d9b,2025-11-26T14:16:57.111559+00:00
12779,518,31,NO,buy,45.61,146.44,0.311463,386470,0x0cf949090691,2025-11-26T14:13:06.951194+00:00
10216,382,38,NO,sell,14.61,25.01,0.58414,622195,0x0bbd2c0464be,2025-11-26T14:12:29.495520+00:00
4832,100,32,NO,sell,41.51,72.32,0.573987,719739,0x0657d105de85,2025-11-26T14:11:10.204671+00:00
6884,212,30,YES,buy,21.69,69.94,0.310109,488119,0x02ab4b08bc30,2025-11-26T14:10:36.825096+00:00
6778,206,39,YES,sell,30.79,52.0,0.592145,207968,0x0392540edd12,2025-11-26T14:10:06.405351+00:00
13092,533,19,YES,buy,19.72,57.38,0.343689,908164,0x0e65670e9275,2025-11-26T14:08:56.066942+00:00
5496,137,15,YES,sell,39.78,125.52,0.316914,26422,0x060e2906596e,2025-11-26T14:07:23.654749+00:00
8931,313,23,NO,sell,40.16,115.78,0.346877,214265,0x0bf6e0066dfa,2025-11-26T14:06:27.503486+00:00
9529,345,23,YES,buy,24.9,45.35,0.549108,812552,0x08fd7501a91e,2025-11-26T14:05:19.803294+00:00
12778,518,40,NO,sell,37.5,69.96,0.536026,920778,0x053e7f01a1a4,2025-11-26T14:04:45.951194+00:00
6547,194,29,NO,buy,28.75,56.45,0.509288,173987,0x04f9cd02b685,2025-11-26T14:03:10.531122+00:00
10011,371,40,YES,buy,36.26,102.71,0.35304,503729,0x0b264607a784,2025-11-26T14:02:22.705682+00:00
11217,437,25,YES,sell,23.56,71.12,0.331272,747973,0x01fa720ce89a,2025-11-26T14:01:19.263024+00:00
11932,474,32,NO,sell,47.73,83.78,0.569675,161410,0x0ac02f0ca968,2025-11-26T14:00:49.835092+00:00
4831,100,24,YES,buy,38.56,103.3,0.373299,790188,0x0309bb0b1b27,2025-11-26T13:59:36.204671+00:00
7183,225,26,NO,buy,46.16,93.29,0.494822,121486,0x0d60a10b4833,2025-11-26T13:58:52.962329+00:00
5107,117,29,NO,sell,38.26,60.94,0.627842,21773,0x0e390a093ce6,2025-11-26T13:58:00.268670+00:00
7615,249,26,NO,buy,4.85,8.42,0.575774,596273,0x0b176f098e42,2025-11-26T13:57:41.585793+00:00
4664,92,27,YES,sell,26.29,47.6,0.552259,306323,0x02508a049040,2025-11-26T13:56:21.577197+00:00
6862,211,27,NO,sell,27.05,48.61,0.556487,697862,0x05343609396e,2025-11-26T13:55:38.751819+00:00
5335,129,33,YES,sell,14.93,23.45,0.636657,940345,0x07f889021e35,2025-11-26T13:55:36.077882+00:00
10215,382,28,YES,buy,32.83,47.82,0.686574,219166,0x0d7b9b07881b,2025-11-26T13:55:33.495520+00:00
7161,224,16,NO,buy,11.75,19.21,0.611734,151972,0x0af5220a673c,2025-11-26T13:54:48.865237+00:00
10461,395,17,YES,sell,10.07,24.28,0.414674,874126,0x037b9e02551b,2025-11-26T13:53:04.414572+00:00
8974,316,19,NO,buy,21.33,35.79,0.595918,233129,0x090add06a603,2025-11-26T13:53:03.670792+00:00
11864,468,27,YES,sell,30.51,54.75,0.557271,45405,0x0da42209859f,2025-11-26T13:52:42.598897+00:00
9528,345,38,YES,buy,30.15,60.78,0.49603,882877,0x0d25f20359ee,2025-11-26T13:52:10.803294+00:00
6883,212,32,YES,buy,49.85,75.97,0.656193,417830,0x0479dd0c6234,2025-11-26T13:52:06.825096+00:00
12584,507,39,NO,buy,8.25,12.65,0.652393,453120,0x09f8f20de9bb,2025-11-26T13:51:45.252516+00:00
13007,528,35,NO,sell,12.29,20.48,0.60002,653717,0x01ca2e0b852a,2025-11-26T13:50:40.771797+00:00
12798,519,34,NO,buy,34.84,70.76,0.492343,828939,0x083abc03c8ac,2025-11-26T13:49:10.031664+00:00
8801,307,25,YES,sell,10.45,19.23,0.543445,477916,0x0592b60711a6,2025-11-26T13:48:47.026717+00:00
11931,474,25,YES,buy,44.68,147.02,0.303902,393390,0x0a072c01d082,2025-11-26T13:47:41.835092+00:00
8930,313,20,NO,buy,44.46,117.62,0.377983,298074,0x08e034020a54,2025-11-26T13:47:27.503486+00:00
8973,316,29,YES,buy,28.45,47.11,0.603843,750206,0x0701750aa6c7,2025-11-26T13:47:17.670792+00:00
7160,224,30,YES,sell,20.01,33.12,0.60417,916486,0x0b0fcd021cbc,2025-11-26T13:46:33.865237+00:00
12201,487,34,YES,sell,35.71,59.68,0.598357,565207,0x0d729b0b5eff,2025-11-26T13:45:58.841308+00:00
12247,489,35,NO,sell,12.82,40.79,0.314328,538492,0x0e720d037603,2025-11-26T13:45:50.011125+00:00
6368,185,24,YES,sell,17.92,48.58,0.3689,962323,0x05976d05989e,2025-11-26T13:45:06.874643+00:00
8972,316,23,YES,buy,3.95,10.14,0.389628,283281,0x09cc4906f4e2,2025-11-26T13:44:32.670792+00:00
5877,156,30,YES,buy,15.04,44.85,0.335366,861581,0x07671208d374,2025-11-26T13:44:32.111559+00:00
10502,397,37,YES,sell,3.56,7.97,0.446411,960556,0x0e22c20bdb8e,2025-11-26T13:42:16.560540+00:00
8800,307,30,NO,sell,7.54,18.13,0.41582,412770,0x03fb470aa359,2025-11-26T13:41:30.026717+00:00
10460,395,35,YES,sell,27.63,60.21,0.458901,516727,0x06d3de08a7da,2025-11-26T13:40:41.414572+00:00
4830,100,19,NO,buy,3.59,8.08,0.444465,52081,0x0bb4b10738bc,2025-11-26T13:39:39.204671+00:00
6593,196,32,NO,sell,9.36,30.04,0.311617,963487,0x05dc0a0cfe63,2025-11-26T13:38:14.692923+00:00
10010,371,24,YES,buy,20.55,42.62,0.482173,636652,0x0799a7094fc8,2025-11-26T13:37:33.705682+00:00
12583,507,24,NO,buy,9.28,21.26,0.436449,96560,0x02a9d005ac89,2025-11-26T13:35:33.252516+00:00
10733,408,28,YES,buy,47.43,92.82,0.510979,809379,0x0606340e53d3,2025-11-26T13:35:06.440975+00:00
12200,487,15,NO,buy,39.68,80.68,0.491791,604205,0x0bfdf90d687b,2025-11-26T13:35:05.841308+00:00
10009,371,31,YES,sell,35.19,62.96,0.55894,826755,0x0773540345bd,2025-11-26T13:33:48.705682+00:00
6861,211,29,YES,buy,23.57,72.64,0.324458,129453,0x0986ca08f289,2025-11-26T13:30:47.751819+00:00
5718,148,17,NO,sell,31.2,52.35,0.595944,332910,0x0ee7d8052ac1,2025-11-26T13:30:47.493105+00:00
7591,248,42,NO,sell,37.48,62.24,0.602228,540138,0x0ed2140656ec,2025-11-26T13:30:26.487093+00:00
12089,482,28,NO,sell,22.49,49.61,0.453363,849400,0x07ea7d0b4a35,2025-11-26T13:29:56.424415+00:00
9527,345,17,YES,buy,36.21,62.56,0.578785,349535,0x03320d0af86c,2025-11-26T13:29:00.803294+00:00
11154,432,32,NO,buy,16.1,33.27,0.483864,437006,0x08490f037f2e,2025-11-26T13:27:45.028234+00:00
6860,211,28,NO,sell,21.72,44.78,0.48503,376498,0x03c994021cdc,2025-11-26T13:26:13.751819+00:00
5106,117,21,NO,sell,4.92,7.14,0.689022,176915,0x07e5d50791c1,2025-11-26T13:25:42.268670+00:00
12246,489,32,YES,sell,37.51,113.62,0.330129,49669,0x0ea167067e18,2025-11-26T13:25:27.011125+00:00
11491,451,29,NO,sell,7.21,15.82,0.455613,734900,0x087b4d0e0e92,2025-11-26T13:24:59.267503+00:00
13006,528,20,YES,sell,38.96,123.4,0.315724,566125,0x0e507d07dff5,2025-11-26T13:23:37.771797+00:00
12425,499,32,NO,sell,1.13,3.0,0.376481,152944,0x0e2edf031eb5,2025-11-26T13:23:03.676926+00:00
11490,451,38,NO,sell,21.51,32.94,0.653079,573017,0x0f2580030d42,2025-11-26T13:22:49.267503+00:00
10732,408,25,YES,sell,18.92,33.02,0.572954,824738,0x0a43560e1768,2025-11-26T13:22:42.440975+00:00
8929,313,37,YES,sell,44.23,63.73,0.69398,223067,0x045bd5082cee,2025-11-26T13:19:54.503486+00:00
7182,225,42,NO,sell,20.05,33.93,0.590862,663898,0x070d490d69fe,2025-11-26T13:19:38.962329+00:00
4663,92,43,YES,buy,23.13,36.67,0.630804,544899,0x02345c057519,2025-11-26T13:19:28.577197+00:00
6546,194,33,YES,sell,45.39,82.81,0.548122,595049,0x08ee140a099d,2025-11-26T13:18:49.531122+00:00
12777,518,18,YES,sell,12.44,24.04,0.517576,296171,0x07196e0df1b7,2025-11-26T13:17:45.951194+00:00
6777,206,24,YES,buy,20.78,34.94,0.594791,979625,0x0dc05709fdc3,2025-11-26T13:13:42.405351+00:00
11863,468,28,NO,sell,4.72,12.75,0.370289,296401,0x03e75a0554e6,2025-11-26T13:13:40.598897+00:00
12582,507,43,NO,sell,18.69,31.91,0.585638,393666,0x03b0230eb0e8,2025-11-26T13:13:17.252516+00:00
9526,345,28,NO,buy,32.59,57.68,0.565,803737,0x07f38804efbf,2025-11-26T13:12:56.803294+00:00
7614,249,38,YES,buy,3.94,9.89,0.398206,791064,0x0672d20ae26f,2025-11-26T13:12:05.585793+00:00
10501,397,33,YES,buy,32.28,60.92,0.52988,401448,0x0a64b7073e71,2025-11-26T13:11:32.560540+00:00
11489,451,32,YES,buy,32.69,55.72,0.586693,122980,0x0b7a520bee2b,2025-11-26T13:11:22.267503+00:00
8971,316,34,NO,sell,17.06,46.76,0.364843,417713,0x0e1c490b833c,2025-11-26T13:10:29.670792+00:00
6367,185,15,YES,buy,26.22,44.74,0.586062,498203,0x07de07089315,2025-11-26T13:10:27.874643+00:00
11930,474,34,YES,sell,37.31,58.08,0.642444,814418,0x06e7f507f939,2025-11-26T13:09:53.835092+00:00
13091,533,33,NO,buy,7.89,17.58,0.44868,841219,0x08470f0e32e8,2025-11-26T13:09:45.066942+00:00
5495,137,20,NO,sell,21.26,40.79,0.52118,38827,0x05815001be7f,2025-11-26T13:09:30.654749+00:00
10214,382,42,NO,sell,12.39,29.59,0.4187,294428,0x04d9ee04d911,2025-11-26T13:08:59.495520+00:00
7590,248,18,NO,buy,42.38,98.06,0.432175,566095,0x0c721905609a,2025-11-26T13:08:11.487093+00:00
12797,519,33,NO,sell,34.78,102.14,0.340517,70547,0x0c614a07185f,2025-11-26T13:08:11.031664+00:00
6859,211,34,NO,buy,12.13,26.76,0.453341,825985,0x03fb6506418c,2025-11-26T13:06:05.751819+00:00
12776,518,23,YES,buy,18.99,37.62,0.50475,267341,0x09322b0b95b1,2025-11-26T13:05:51.951194+00:00
8799,307,31,NO,buy,20.62,51.47,0.400637,360806,0x0a08c806b333,2025-11-26T13:05:38.026717+00:00
6545,194,35,NO,buy,7.66,13.57,0.564653,77851,0x03ebad067211,2025-11-26T13:04:53.531122+00:00
10459,395,15,NO,sell,1.36,2.25,0.605319,170670,0x0d324605d9e2,2025-11-26T13:04:42.414572+00:00
12245,489,18,YES,sell,34.18,49.51,0.690421,622416,0x0c91e70822b7,2025-11-26T13:02:35.011125+00:00
12199,487,38,YES,sell,18.83,31.04,0.606573,332276,0x0ad0210483c0,2025-11-26T13:02:17.841308+00:00
11216,437,28,NO,buy,40.4,61.8,0.653676,757482,0x0471d2074f7e,2025-11-26T13:01:40.263024+00:00
6592,196,35,NO,buy,3.75,5.54,0.676625,771405,0x044b6705381b,2025-11-26T12:58:22.692923+00:00
8970,316,30,NO,buy,42.75,66.72,0.640767,666359,0x0af31f0d8cd3,2025-11-26T12:58:22.670792+00:00
12198,487,21,YES,sell,8.59,26.53,0.323802,487827,0x0c94c50740e7,2025-11-26T12:58:05.841308+00:00
6882,212,15,YES,buy,10.17,15.42,0.659396,597261,0x0d79d5082320,2025-11-26T12:57:41.825096+00:00
5334,129,34,NO,sell,12.58,40.78,0.308507,822355,0x01cfae0bd315,2025-11-26T12:57:00.077882+00:00
5876,156,40,YES,buy,43.8,69.07,0.634157,999397,0x087dcb0a780f,2025-11-26T12:56:23.111559+00:00
7181,225,28,NO,buy,47.39,71.35,0.664153,834312,0x0652fa06312b,2025-11-26T12:53:14.962329+00:00
8928,313,22,NO,buy,6.72,11.66,0.576463,393585,0x03a82e02fee8,2025-11-26T12:52:33.503486+00:00
4829,100,26,YES,sell,8.98,27.77,0.323404,921982,0x06a40908e70f,2025-11-26T12:52:10.204671+00:00
7159,224,44,NO,buy,26.03,73.63,0.353526,681374,0x0e75eb01f362,2025-11-26T12:49:54.865237+00:00
6366,185,31,YES,sell,31.58,80.61,0.391775,924896,0x0f17170532bb,2025-11-26T12:49:26.874643+00:00
10500,397,30,YES,buy,39.03,96.4,0.404876,181447,0x03f290090ed7,2025-11-26T12:47:23.560540+00:00
13005,528,19,YES,buy,7.48,22.45,0.333209,859825,0x08cea9052e9d,2025-11-26T12:46:35.771797+00:00
10731,408,32,NO,sell,11.28,16.53,0.682417,1674,0x04131d0313d1,2025-11-26T12:46:18.440975+00:00
5333,129,16,NO,sell,3.29,8.03,0.409766,475779,0x036f1c0382e8,2025-11-26T12:45:10.077882+00:00
9525,345,18,NO,buy,11.6,37.02,0.313328,400848,0x0ddff001c8b8,2025-11-26T12:44:43.803294+00:00
4828,100,33,NO,sell,43.55,79.01,0.551198,859029,0x09247c0ca240,2025-11-26T12:43:51.204671+00:00
6776,206,33,YES,buy,25.04,45.7,0.547884,90919,0x0a9a18039dae,2025-11-26T12:43:42.405351+00:00
10499,397,35,YES,sell,31.91,71.02,0.449312,21665,0x04e4b801f466,2025-11-26T12:42:22.560540+00:00
5105,117,21,YES,sell,9.65,24.15,0.399588,471046,0x06176e0abfa6,2025-11-26T12:42:09.268670+00:00
12775,518,26,NO,buy,14.84,22.49,0.659879,819687,0x0da15a06eb39,2025-11-26T12:41:55.951194+00:00
13090,533,27,NO,sell,4.4,10.37,0.424161,349377,0x081d0e03ad90,2025-11-26T12:41:27.066942+00:00
6591,196,39,NO,sell,37.79,88.69,0.426075,182991,0x0d800a026eba,2025-11-26T12:39:14.692923+00:00
7158,224,40,YES,sell,37.17,71.64,0.518873,105614,0x0e713e0a4669,2025-11-26T12:39:11.865237+00:00
8927,313,24,YES,sell,31.91,98.91,0.322608,445729,0x033215081a20,2025-11-26T12:39:07.503486+00:00
7589,248,28,YES,sell,41.74,81.08,0.514824,841472,0x04360206d2f2,2025-11-26T12:37:36.487093+00:00
6775,206,29,NO,buy,26.05,66.41,0.392289,585570,0x0ea8e20c0b20,2025-11-26T12:37:30.405351+00:00
12424,499,37,NO,buy,48.46,134.72,0.359709,698584,0x0e9d33023927,2025-11-26T12:36:38.676926+00:00
13089,533,40,NO,buy,32.92,57.17,0.575836,31109,0x0814800c2158,2025-11-26T12:35:41.066942+00:00
4662,92,38,NO,sell,30.96,51.86,0.596987,551744,0x0b06da0a1abb,2025-11-26T12:35:31.577197+00:00
11488,451,18,NO,sell,7.3,10.64,0.685928,352709,0x044a6c06c244,2025-11-26T12:34:57.267503+00:00
10008,371,19,YES,buy,19.7,51.32,0.383896,469446,0x083b3f0719e8,2025-11-26T12:34:42.705682+00:00
7613,249,28,YES,buy,43.22,137.32,0.314728,898022,0x08fd0f01fd03,2025-11-26T12:32:58.585793+00:00
5717,148,21,NO,sell,37.91,61.91,0.612387,525116,0x04475f0f0a98,2025-11-26T12:32:09.493105+00:00
5332,129,37,YES,sell,34.42,72.6,0.474082,208775,0x0e8a4906a5d7,2025-11-26T12:31:33.077882+00:00
12774,518,28,NO,buy,25.87,59.24,0.436665,894750,0x09ec4309d13a,2025-11-26T12:30:21.951194+00:00
12088,482,20,YES,sell,12.7,19.1,0.66489,563187,0x09fcf7087b67,2025-11-26T12:30:16.424415+00:00
6590,196,18,NO,sell,18.89,30.16,0.626314,448603,0x0886c90f3867,2025-11-26T12:29:23.692923+00:00
11153,432,30,YES,sell,4.46,6.94,0.64269,99589,0x060e440b7ece,2025-11-26T12:29:05.028234+00:00
12796,519,18,YES,sell,16.76,35.52,0.471799,506931,0x0740c305ebe3,2025-11-26T12:26:18.031664+00:00
10213,382,35,YES,buy,26.71,81.01,0.329707,820121,0x079c7e01926a,2025-11-26T12:25:44.495520+00:00
5875,156,21,NO,buy,33.89,49.45,0.685276,724176,0x0488f5054871,2025-11-26T12:25:39.111559+00:00
9524,345,31,NO,sell,11.74,35.79,0.32806,808555,0x0776a4085836,2025-11-26T12:24:26.803294+00:00
12087,482,21,NO,buy,20.6,50.3,0.409558,35223,0x075c3b0eb66f,2025-11-26T12:24:19.424415+00:00
12244,489,36,YES,sell,36.95,111.8,0.330488,74260,0x0eab5a08665c,2025-11-26T12:22:43.011125+00:00
11215,437,37,YES,sell,31.67,52.16,0.607211,386060,0x0498160dc4e5,2025-11-26T12:22:37.263024+00:00
5716,148,40,YES,sell,23.45,33.67,0.69639,833192,0x05bc950dd2db,2025-11-26T12:21:02.493105+00:00
10458,395,35,YES,sell,49.09,97.21,0.504975,817526,0x0d364b0aab15,2025-11-26T12:20:48.414572+00:00
12795,519,27,NO,buy,21.9,35.81,0.611565,908440,0x05075103d964,2025-11-26T12:19:33.031664+00:00
4827,100,35,YES,buy,6.85,16.67,0.410887,782782,0x0297ee0b1baf,2025-11-26T12:19:00.204671+00:00
11862,468,26,NO,sell,20.52,37.36,0.549198,753941,0x02c8f70a2122,2025-11-26T12:18:54.598897+00:00
6881,212,32,NO,buy,2.59,6.99,0.370289,446467,0x032ed40ee505,2025-11-26T12:18:02.825096+00:00
6774,206,21,NO,sell,49.96,75.34,0.663142,283312,0x09877109ef26,2025-11-26T12:16:03.405351+00:00
13088,533,20,YES,sell,31.41,47.07,0.6673,442899,0x0d99f40ca18c,2025-11-26T12:14:49.066942+00:00
5494,137,26,YES,buy,42.07,91.81,0.458211,305283,0x0d02d10531fa,2025-11-26T12:14:38.654749+00:00
12581,507,23,NO,buy,10.47,26.53,0.394654,538430,0x01e6240b0476,2025-11-26T12:14:07.252516+00:00
13087,533,27,NO,buy,49.01,78.75,0.622311,691610,0x0dee1d0c4f57,2025-11-26T12:13:22.066942+00:00
7180,225,42,NO,buy,27.95,50.75,0.550732,260458,0x0598310a2067,2025-11-26T12:13:16.962329+00:00
8969,316,41,NO,sell,23.44,43.65,0.53703,87288,0x0bc4fa025912,2025-11-26T12:13:10.670792+00:00
11929,474,39,YES,sell,46.8,118.4,0.395283,854891,0x0299eb045835,2025-11-26T12:12:45.835092+00:00
5331,129,32,YES,sell,14.9,38.71,0.38487,589207,0x05015a032c2f,2025-11-26T12:12:25.077882+00:00
6365,185,21,YES,sell,30.84,49.97,0.61713,755121,0x0532d606b9d2,2025-11-26T12:12:03.874643+00:00
10498,397,34,NO,buy,36.47,67.48,0.540451,500317,0x0d0866028098,2025-11-26T12:12:02.560540+00:00
6858,211,26,NO,buy,19.44,28.78,0.675555,705062,0x0241760db986,2025-11-26T12:10:29.751819+00:00
4661,92,25,NO,buy,21.95,35.95,0.610486,865371,0x0b40b40d4a8b,2025-11-26T12:09:23.577197+00:00
10212,382,28,YES,buy,25.29,78.57,0.321884,488243,0x04d07e031eb9,2025-11-26T12:08:04.495520+00:00
6773,206,38,NO,sell,24.47,51.93,0.471184,442766,0x09beb80c513b,2025-11-26T12:07:14.405351+00:00
8798,307,41,YES,buy,41.22,62.57,0.658735,840879,0x034304035188,2025-11-26T12:06:10.026717+00:00
6544,194,15,NO,buy,22.3,61.38,0.363318,654000,0x01c3b102a9ef,2025-11-26T12:05:33.531122+00:00
7612,249,28,NO,buy,17.76,47.73,0.372117,137455,0x04bafd0c5aef,2025-11-26T12:04:43.585793+00:00
10730,408,16,YES,sell,12.57,31.91,0.393896,697298,0x0b31250a7049,2025-11-26T12:03:20.440975+00:00
10007,371,30,YES,sell,20.65,33.71,0.612657,585073,0x0f2adf0d9e4e,2025-11-26T12:01:25.705682+00:00
13004,528,16,YES,sell,5.08,7.72,0.658143,862702,0x08956d049b5b,2025-11-26T12:01:14.771797+00:00
9523,345,44,YES,sell,25.12,46.81,0.536624,175032,0x0a61140dbf03,2025-11-26T12:01:01.803294+00:00
5493,137,17,NO,sell,38.58,74.03,0.521158,544842,0x0c0139025035,2025-11-26T12:00:06.654749+00:00
7588,248,24,YES,buy,41.42,69.06,0.599756,835042,0x05c12b045f7f,2025-11-26T11:59:09.487093+00:00
12197,487,30,YES,buy,17.67,25.81,0.684549,464827,0x0d0583066fc9,2025-11-26T11:59:04.841308+00:00
11487,451,17,NO,buy,31.78,82.08,0.387176,815231,0x095fd50b90d2,2025-11-26T11:58:56.267503+00:00
10006,371,21,NO,sell,17.19,36.13,0.47581,33039,0x0b4c960b1229,2025-11-26T11:58:28.705682+00:00
5330,129,15,NO,buy,36.12,93.69,0.385509,338181,0x0a9afa0e3fec,2025-11-26T11:56:23.077882+00:00
6543,194,32,NO,sell,40.44,124.78,0.324079,851608,0x0e61770188c9,2025-11-26T11:56:02.531122+00:00
7157,224,17,YES,buy,30.09,52.56,0.572504,982104,0x046992035baf,2025-11-26T11:55:54.865237+00:00
11928,474,41,YES,sell,31.0,45.19,0.686039,804397,0x0c005c0f2a76,2025-11-26T11:55:25.835092+00:00
11486,451,15,NO,sell,49.67,85.34,0.582016,185377,0x0c45980556af,2025-11-26T11:54:45.267503+00:00
12243,489,26,NO,sell,22.92,36.36,0.630443,563998,0x0c2ce804c5e2,2025-11-26T11:53:17.011125+00:00
5874,156,43,YES,buy,48.01,73.8,0.65055,754790,0x0ce2610607ee,2025-11-26T11:52:47.111559+00:00
5104,117,33,YES,buy,25.86,54.96,0.470496,173132,0x08ffc2068260,2025-11-26T11:52:44.268670+00:00
12794,519,38,NO,sell,17.51,44.55,0.393085,403178,0x0936f70a5a27,2025-11-26T11:50:47.031664+00:00
5715,148,38,NO,sell,18.57,32.4,0.573205,291070,0x0729f705814d,2025-11-26T11:50:26.493105+00:00
5714,148,21,YES,buy,31.9,73.91,0.431585,841848,0x0633ca081ec4,2025-11-26T11:48:20.493105+00:00
5329,129,26,YES,buy,11.54,25.72,0.448664,330727,0x03d8b50dff84,2025-11-26T11:47:53.077882+00:00
12580,507,30,YES,sell,30.84,75.4,0.408993,520338,0x01a01c049d4e,2025-11-26T11:47:39.252516+00:00
6772,206,44,YES,buy,40.47,78.4,0.516197,738273,0x07ffe10da521,2025-11-26T11:47:35.405351+00:00
7179,225,26,NO,buy,49.8,127.46,0.390707,95864,0x0453a10653c6,2025-11-26T11:47:27.962329+00:00
6857,211,18,YES,buy,30.02,49.54,0.606031,104245,0x097d6909a206,2025-11-26T11:47:01.751819+00:00
12423,499,25,NO,sell,6.5,9.78,0.664302,132896,0x05ee02021fad,2025-11-26T11:46:58.676926+00:00
11214,437,39,YES,buy,41.29,115.94,0.356139,110645,0x096ea801d024,2025-11-26T11:46:48.263024+00:00
5713,148,29,YES,sell,40.84,74.09,0.551247,702569,0x0df7cc086f44,2025-11-26T11:46:25.493105+00:00
11485,451,31,YES,buy,38.68,83.34,0.46413,768641,0x0a4c7b09bfd6,2025-11-26T11:46:07.267503+00:00
12579,507,38,NO,buy,2.06,3.84,0.536119,145598,0x0674480771e6,2025-11-26T11:45:21.252516+00:00
6589,196,22,YES,buy,10.67,23.03,0.463317,770721,0x0894d9029c02,2025-11-26T11:41:58.692923+00:00
10497,397,40,NO,sell,31.77,48.89,0.649793,695027,0x0728000705af,2025-11-26T11:41:58.560540+00:00
6588,196,15,YES,buy,7.59,16.48,0.460509,215340,0x03403304f96b,2025-11-26T11:41:08.692923+00:00
5103,117,30,YES,buy,3.55,5.09,0.696805,97216,0x04cb1c0388ec,2025-11-26T11:40:43.268670+00:00
8926,313,40,YES,sell,13.2,19.15,0.689324,247073,0x0523490ed017,2025-11-26T11:40:28.503486+00:00
10457,395,43,YES,buy,40.3,130.4,0.30905,695639,0x09500205bf4f,2025-11-26T11:39:30.414572+00:00
7587,248,35,NO,sell,21.02,36.06,0.582964,509006,0x0e2e820531f1,2025-11-26T11:35:34.487093+00:00
8968,316,40,NO,buy,17.18,46.66,0.368185,781633,0x06d23a0e9c34,2025-11-26T11:35:24.670792+00:00
5328,129,43,NO,sell,2.47,6.64,0.371962,830314,0x06b053086564,2025-11-26T11:35:02.077882+00:00
7586,248,28,NO,buy,44.26,63.51,0.696877,797360,0x05fa4a06b691,2025-11-26T11:34:16.487093+00:00
5492,137,34,NO,buy,30.64,99.49,0.307968,842390,0x0d14df01dd1f,2025-11-26T11:34:03.654749+00:00
12422,499,16,NO,sell,2.76,4.18,0.660714,690831,0x06d6180277f1,2025-11-26T11:32:22.676926+00:00
12773,518,30,YES,buy,45.13,66.08,0.682937,305753,0x0e3f01096e85,2025-11-26T11:32:21.951194+00:00
4826,100,35,NO,buy,33.04,50.28,0.657075,516780,0x08334c046555,2025-11-26T11:31:53.204671+00:00
13086,533,23,NO,buy,16.29,50.82,0.32057,367352,0x0814ec095646,2025-11-26T11:31:39.066942+00:00
11927,474,26,YES,sell,1.16,1.79,0.649223,160382,0x0388640b29b9,2025-11-26T11:30:38.835092+00:00
10729,408,16,NO,sell,45.79,84.85,0.53968,864082,0x070df204fd8d,2025-11-26T11:30:35.440975+00:00
11152,432,30,YES,buy,41.66,138.65,0.300467,699654,0x0bc8150832cb,2025-11-26T11:30:09.028234+00:00
8925,313,37,YES,buy,28.1,53.92,0.521143,425947,0x0c1c2f08ca1a,2025-11-26T11:28:58.503486+00:00
7156,224,29,NO,buy,26.73,41.47,0.644498,503253,0x01cbd20c7d66,2025-11-26T11:28:32.865237+00:00
6364,185,40,YES,sell,48.15,76.35,0.630681,750478,0x059ad106ca02,2025-11-26T11:28:31.874643+00:00
8797,307,40,YES,sell,13.11,34.72,0.377592,200143,0x0a3aca0caaa9,2025-11-26T11:27:19.026717+00:00
10496,397,18,YES,sell,21.35,49.55,0.430837,860274,0x0615930375dd,2025-11-26T11:27:14.560540+00:00
5491,137,29,NO,buy,29.05,79.24,0.366614,656660,0x04d3390dffab,2025-11-26T11:26:22.654749+00:00
6771,206,26,YES,sell,2.82,8.24,0.342307,116804,0x0ab9b60c345b,2025-11-26T11:25:36.405351+00:00
6542,194,23,YES,buy,29.24,64.92,0.45039,337635,0x04e9020afb17,2025-11-26T11:25:06.531122+00:00
6587,196,42,YES,buy,10.85,21.35,0.508126,832738,0x03fa9d0b80ec,2025-11-26T11:25:01.692923+00:00
12086,482,18,YES,buy,22.8,52.18,0.436973,672096,0x0852610cd964,2025-11-26T11:24:36.424415+00:00
6363,185,36,YES,buy,44.99,101.91,0.441452,570273,0x01ba4c0c01ba,2025-11-26T11:24:13.874643+00:00
12085,482,16,YES,buy,47.1,76.53,0.615469,319134,0x01aba60610ff,2025-11-26T11:23:03.424415+00:00
12196,487,20,YES,buy,28.07,81.23,0.345546,3203,0x08c18909bd2f,2025-11-26T11:22:59.841308+00:00
4660,92,36,YES,buy,4.24,6.32,0.670841,514742,0x088def0b6619,2025-11-26T11:22:16.577197+00:00
13085,533,29,YES,sell,2.5,4.32,0.57843,174721,0x0a05830d132b,2025-11-26T11:21:24.066942+00:00
11151,432,28,YES,buy,44.72,133.25,0.335599,232314,0x053ecc04d2e8,2025-11-26T11:20:56.028234+00:00
6880,212,39,NO,buy,31.22,60.35,0.517278,282233,0x0359a606262a,2025-11-26T11:20:44.825096+00:00
11861,468,36,YES,sell,14.27,23.85,0.598243,234008,0x09fa4b0410db,2025-11-26T11:20:34.598897+00:00
10728,408,24,NO,buy,9.84,14.26,0.689863,959141,0x0f36a808cf94,2025-11-26T11:20:27.440975+00:00
8924,313,29,YES,buy,16.64,27.57,0.603518,364649,0x0e434d0c5bc2,2025-11-26T11:19:52.503486+00:00
7611,249,38,NO,sell,12.96,18.69,0.693276,687496,0x0e556e06dcc5,2025-11-26T11:19:42.585793+00:00
12772,518,28,NO,buy,31.17,96.87,0.321783,512968,0x01f27a0d5d00,2025-11-26T11:17:56.951194+00:00
6879,212,35,NO,sell,30.73,44.7,0.687485,173366,0x033b4a084af6,2025-11-26T11:16:40.825096+00:00
8796,307,19,NO,sell,43.18,91.34,0.472717,258691,0x0adf54021fe8,2025-11-26T11:16:05.026717+00:00
11213,437,23,YES,sell,16.46,36.1,0.455902,352452,0x08d8c0030c44,2025-11-26T11:15:21.263024+00:00
11484,451,42,NO,sell,36.91,85.26,0.432906,269186,0x0a8fa2057547,2025-11-26T11:14:24.267503+00:00
5873,156,27,YES,buy,25.37,40.13,0.63218,14913,0x081fea045384,2025-11-26T11:13:15.111559+00:00
10456,395,32,YES,sell,25.74,75.76,0.339776,296227,0x056120067140,2025-11-26T11:12:30.414572+00:00
10211,382,23,YES,sell,6.03,9.83,0.613322,540307,0x0b13a50388eb,2025-11-26T11:11:49.495520+00:00
7178,225,18,NO,buy,35.82,100.99,0.354682,348526,0x0ecdc102f20e,2025-11-26T11:09:07.962329+00:00
13003,528,25,YES,buy,11.08,18.32,0.60489,798811,0x066840035678,2025-11-26T11:08:11.771797+00:00
10727,408,39,YES,buy,42.74,74.86,0.57096,103698,0x05ed3f0da467,2025-11-26T11:07:35.440975+00:00
9522,345,31,YES,buy,28.67,47.91,0.598413,61774,0x09ce3306ad95,2025-11-26T11:05:50.803294+00:00
5490,137,23,YES,sell,24.79,63.96,0.387579,48844,0x0bb4c50e9f4d,2025-11-26T11:05:09.654749+00:00
10005,371,34,NO,sell,11.56,17.11,0.675802,89884,0x0c828f04239b,2025-11-26T11:04:18.705682+00:00
10004,371,34,YES,buy,8.75,14.66,0.596966,922880,0x0b3e3d04dbc5,2025-11-26T11:02:38.705682+00:00
12084,482,37,NO,sell,1.51,4.01,0.37612,60788,0x096ba80446e1,2025-11-26T11:01:53.424415+00:00
11860,468,39,YES,sell,41.45,86.43,0.479582,338848,0x01d23604eec4,2025-11-26T11:01:23.598897+00:00
7610,249,40,NO,sell,20.52,34.76,0.590389,782047,0x03ed1605668b,2025-11-26T10:59:43.585793+00:00
12793,519,42,NO,sell,11.69,17.46,0.669555,357640,0x0468de0dcfc2,2025-11-26T10:59:11.031664+00:00
6362,185,24,YES,sell,9.32,24.74,0.376651,566073,0x0ed8f80a6844,2025-11-26T10:58:09.874643+00:00
12242,489,35,YES,buy,36.71,54.95,0.668091,31592,0x02193b0ca45d,2025-11-26T10:57:49.011125+00:00
13084,533,29,YES,sell,1.8,3.03,0.593511,146932,0x0a3584031cce,2025-11-26T10:57:46.066942+00:00
7609,249,16,YES,buy,32.52,102.07,0.318605,775346,0x0f24c105f857,2025-11-26T10:57:16.585793+00:00
10455,395,27,NO,sell,31.66,69.42,0.456079,196831,0x08f60a05752a,2025-11-26T10:57:14.414572+00:00
6541,194,17,NO,sell,4.53,8.6,0.526491,346975,0x0c4c2d07005c,2025-11-26T10:55:42.531122+00:00
11926,474,43,YES,sell,27.83,83.69,0.332532,695830,0x036b26074a80,2025-11-26T10:55:25.835092+00:00
12083,482,38,NO,buy,1.72,3.14,0.547934,986748,0x0b9e1b06e232,2025-11-26T10:55:13.424415+00:00
12421,499,16,NO,sell,49.53,128.1,0.386653,18853,0x059d4d02fc56,2025-11-26T10:55:09.676926+00:00
12578,507,37,NO,sell,12.13,20.32,0.597047,457827,0x08e96d0767e5,2025-11-26T10:54:32.252516+00:00
7155,224,35,NO,buy,20.84,40.08,0.519971,578234,0x099d4405be39,2025-11-26T10:53:26.865237+00:00
7177,225,26,NO,buy,30.47,52.42,0.58132,461515,0x03e1f90c206a,2025-11-26T10:53:01.962329+00:00
12420,499,44,YES,sell,21.22,55.58,0.381802,789259,0x08d7a70ac09c,2025-11-26T10:52:44.676926+00:00
6856,211,44,YES,buy,27.75,83.95,0.330544,346522,0x08b5e40968a3,2025-11-26T10:51:45.751819+00:00
6878,212,35,YES,sell,6.06,10.02,0.604631,871456,0x0ee68a08f666,2025-11-26T10:51:11.825096+00:00
13083,533,29,NO,buy,31.87,55.29,0.576407,599895,0x0aed81059006,2025-11-26T10:51:05.066942+00:00
7585,248,43,YES,buy,14.92,38.96,0.382995,931707,0x0769b20b4c09,2025-11-26T10:50:26.487093+00:00
12241,489,35,YES,buy,5.8,10.22,0.567424,184350,0x0a2e29095b03,2025-11-26T10:49:55.011125+00:00
11483,451,23,NO,sell,35.93,94.98,0.37828,551744,0x04898902e32b,2025-11-26T10:49:22.267503+00:00
6770,206,32,YES,buy,14.25,32.54,0.437979,613731,0x0c993a074575,2025-11-26T10:48:34.405351+00:00
5712,148,43,NO,sell,36.2,114.58,0.315946,462630,0x0be1190e22d4,2025-11-26T10:48:05.493105+00:00
12195,487,30,YES,sell,18.15,30.54,0.594392,81815,0x0e011b0707ef,2025-11-26T10:47:53.841308+00:00
12792,519,24,YES,buy,17.02,36.64,0.46455,949283,0x0399e1081c63,2025-11-26T10:46:51.031664+00:00
10726,408,38,YES,sell,13.32,36.93,0.360644,173142,0x05a4e0036010,2025-11-26T10:45:46.440975+00:00
11150,432,30,NO,sell,24.49,38.13,0.642203,625802,0x04802707b552,2025-11-26T10:45:42.028234+00:00
12771,518,29,YES,buy,48.67,81.48,0.597326,397916,0x05c18a07b69e,2025-11-26T10:44:50.951194+00:00
8967,316,39,NO,sell,44.91,90.85,0.494336,852881,0x058ed80a7ceb,2025-11-26T10:44:05.670792+00:00
10495,397,26,YES,sell,44.9,77.86,0.576645,665807,0x05674e0bcd27,2025-11-26T10:43:23.560540+00:00
8795,307,36,YES,sell,39.47,96.21,0.410252,840286,0x02835c079ab5,2025-11-26T10:43:14.026717+00:00
7608,249,24,YES,buy,16.54,33.86,0.488474,815697,0x04d95a0bf427,2025-11-26T10:42:55.585793+00:00
13002,528,40,YES,buy,18.94,51.64,0.366758,836630,0x0ba4810bfaf3,2025-11-26T10:42:38.771797+00:00
5102,117,37,YES,sell,26.55,71.1,0.373418,68755,0x0b9a36019f60,2025-11-26T10:41:11.268670+00:00
11925,474,28,NO,buy,10.6,27.02,0.39223,17852,0x05e1ab0e979e,2025-11-26T10:40:27.835092+00:00
10210,382,25,NO,buy,45.94,75.77,0.606343,734429,0x0464610e8051,2025-11-26T10:39:54.495520+00:00
6877,212,21,NO,buy,23.32,60.97,0.382497,185616,0x027ae50cd315,2025-11-26T10:39:03.825096+00:00
5327,129,29,YES,buy,47.95,119.51,0.401225,634216,0x0815330638b1,2025-11-26T10:38:26.077882+00:00
5489,137,32,NO,sell,34.07,73.35,0.464492,446853,0x0e786a0898db,2025-11-26T10:37:47.654749+00:00
6586,196,20,YES,sell,21.68,49.8,0.435336,354133,0x08b37f0d8d34,2025-11-26T10:35:02.692923+00:00
4825,100,32,NO,buy,2.32,7.71,0.300979,672670,0x05ba8c06541e,2025-11-26T10:34:46.204671+00:00
5326,129,34,YES,sell,22.04,41.83,0.526857,860142,0x07825d0ba628,2025-11-26T10:33:53.077882+00:00
5488,137,36,YES,buy,15.26,30.34,0.502995,429873,0x0f24450e0d16,2025-11-26T10:33:28.654749+00:00
8923,313,28,YES,sell,38.52,92.94,0.414473,142888,0x061a1205ca7b,2025-11-26T10:33:28.503486+00:00
10003,371,25,YES,buy,40.3,88.35,0.456137,909673,0x0a8bc405624e,2025-11-26T10:31:45.705682+00:00
6585,196,25,YES,buy,12.19,19.74,0.617576,994262,0x0ee19e076445,2025-11-26T10:31:40.692923+00:00
4659,92,22,YES,sell,38.46,125.68,0.306006,234365,0x05d7f7082274,2025-11-26T10:31:26.577197+00:00
6540,194,26,NO,sell,28.87,46.59,0.619713,71561,0x0b8b930c14b5,2025-11-26T10:30:24.531122+00:00
7607,249,15,NO,sell,23.9,71.94,0.332207,368769,0x0b130108a5f7,2025-11-26T10:29:07.585793+00:00
11212,437,41,YES,sell,16.56,24.19,0.684565,951894,0x07abe40f3ca2,2025-11-26T10:27:53.263024+00:00
6539,194,38,NO,sell,19.92,46.81,0.425532,500273,0x05f4990e2d8d,2025-11-26T10:27:10.531122+00:00
5872,156,23,YES,sell,4.1,7.11,0.576721,417849,0x04f936029182,2025-11-26T10:26:48.111559+00:00
13001,528,41,NO,buy,18.72,33.53,0.558252,234939,0x0bf6240a2a15,2025-11-26T10:26:46.771797+00:00
10494,397,22,NO,sell,23.72,44.32,0.535248,777842,0x08894e09cfdc,2025-11-26T10:23:19.560540+00:00
13082,533,43,YES,sell,28.03,65.01,0.431142,380210,0x0b523703465d,2025-11-26T10:22:45.066942+00:00
11211,437,38,YES,sell,24.59,40.21,0.611605,479776,0x0762850ca094,2025-11-26T10:21:42.263024+00:00
13000,528,37,NO,sell,45.61,71.75,0.635706,501890,0x0215aa0731ff,2025-11-26T10:19:18.771797+00:00
8966,316,29,NO,buy,41.32,70.14,0.589094,972543,0x08341d0c6f4b,2025-11-26T10:19:11.670792+00:00
7176,225,30,YES,sell,25.8,67.31,0.383325,611577,0x036e260734fa,2025-11-26T10:18:51.962329+00:00
7606,249,30,NO,sell,21.57,44.01,0.490128,915483,0x01ed1d05c4a1,2025-11-26T10:18:42.585793+00:00
4658,92,19,NO,sell,10.01,22.0,0.454984,172742,0x091b8003b9e0,2025-11-26T10:18:05.577197+00:00
10209,382,21,YES,sell,34.96,108.46,0.322318,304012,0x0d831e046c83,2025-11-26T10:16:01.495520+00:00
11149,432,21,NO,sell,21.49,38.43,0.559149,641891,0x0dcf8d09390d,2025-11-26T10:15:57.028234+00:00
12419,499,26,YES,sell,20.62,63.85,0.322925,90763,0x0b0d400c2f00,2025-11-26T10:15:55.676926+00:00
10725,408,31,YES,buy,24.9,50.46,0.493485,815949,0x03a55f0d8016,2025-11-26T10:15:29.440975+00:00
11859,468,31,YES,buy,28.13,59.22,0.474981,282599,0x0efa4d025ed6,2025-11-26T10:15:05.598897+00:00
10002,371,35,YES,buy,21.53,55.32,0.389223,467524,0x066b3509f2ef,2025-11-26T10:13:50.705682+00:00
6361,185,36,YES,sell,22.48,36.89,0.609421,255695,0x0dc09c04d38c,2025-11-26T10:12:38.874643+00:00
9521,345,31,YES,buy,45.94,88.23,0.520708,131357,0x0324cd0c3336,2025-11-26T10:12:29.803294+00:00
5325,129,21,NO,sell,44.26,94.27,0.469495,856524,0x0d7aa905df66,2025-11-26T10:11:58.077882+00:00
7584,248,38,NO,buy,34.63,76.32,0.453744,274426,0x0c1ef00634d5,2025-11-26T10:11:51.487093+00:00
11858,468,38,NO,buy,20.62,31.78,0.648756,352217,0x03211c0bf69a,2025-11-26T10:11:20.598897+00:00
11482,451,34,YES,buy,27.48,63.72,0.431264,304356,0x0d1d730981ab,2025-11-26T10:09:40.267503+00:00
12770,518,41,YES,sell,39.69,71.74,0.553255,363983,0x0974720a551d,2025-11-26T10:08:37.951194+00:00
5871,156,20,YES,buy,5.22,13.25,0.393921,585523,0x0acd640ca502,2025-11-26T10:08:00.111559+00:00
6876,212,17,YES,buy,41.73,81.7,0.510787,190716,0x03e1670f0c10,2025-11-26T10:06:20.825096+00:00
5487,137,26,NO,buy,38.91,78.85,0.493495,631255,0x0e66c3095a48,2025-11-26T10:05:11.654749+00:00
7154,224,25,NO,buy,28.33,67.29,0.421,800125,0x09af4a0b4324,2025-11-26T10:04:39.865237+00:00
11210,437,19,YES,sell,39.55,74.57,0.530385,539545,0x0f00b4070f1f,2025-11-26T10:04:28.263024+00:00
10208,382,18,YES,buy,38.48,55.32,0.695621,752622,0x06c5380ada98,2025-11-26T10:04:05.495520+00:00
12769,518,35,YES,sell,26.74,51.1,0.52332,168770,0x0517340ae1a5,2025-11-26T10:03:29.951194+00:00
7605,249,21,NO,sell,39.57,60.76,0.651271,823092,0x01f7400d93e2,2025-11-26T10:02:09.585793+00:00
12577,507,40,YES,buy,41.02,66.2,0.619677,632322,0x0af4bd08a0cb,2025-11-26T10:00:58.252516+00:00
4824,100,27,NO,sell,3.07,4.87,0.630499,319677,0x0ee1160ae3a3,2025-11-26T10:00:53.204671+00:00
10454,395,20,YES,buy,48.88,158.1,0.309172,608863,0x083dfc08cd4e,2025-11-26T10:00:43.414572+00:00
13081,533,26,YES,sell,15.8,22.92,0.689445,830070,0x082dc9030f93,2025-11-26T10:00:11.066942+00:00
7153,224,43,YES,sell,37.7,77.71,0.485108,612514,0x029639072b75,2025-11-26T10:00:04.865237+00:00
5711,148,18,YES,buy,6.76,11.16,0.605612,706282,0x074c0e0acece,2025-11-26T09:59:30.493105+00:00
12194,487,43,NO,buy,15.44,41.66,0.370611,120923,0x02b73d0e4041,2025-11-26T09:59:22.841308+00:00
6855,211,33,NO,buy,16.68,41.83,0.398713,781622,0x06ead006a93e,2025-11-26T09:59:22.751819+00:00
6769,206,22,YES,sell,21.04,37.53,0.560618,315685,0x0b2b310e9e8c,2025-11-26T09:59:15.405351+00:00
12576,507,40,YES,buy,27.77,72.56,0.382728,406073,0x023f6a0c73aa,2025-11-26T09:58:09.252516+00:00
10724,408,22,YES,buy,39.07,67.23,0.581162,357760,0x0b67b709838d,2025-11-26T09:57:32.440975+00:00
12082,482,43,YES,sell,6.01,9.16,0.656009,609766,0x09478f0c611e,2025-11-26T09:57:18.424415+00:00
5486,137,29,NO,buy,33.46,96.61,0.346328,693702,0x08f62e06a0dd,2025-11-26T09:57:16.654749+00:00
7175,225,28,NO,sell,40.91,125.28,0.326557,643940,0x05034303ae68,2025-11-26T09:56:54.962329+00:00
12768,518,31,YES,sell,7.7,11.72,0.657073,854258,0x0a65c406ceb0,2025-11-26T09:56:31.951194+00:00
11148,432,38,YES,buy,45.65,98.7,0.46249,329510,0x05b5ba0c7928,2025-11-26T09:56:21.028234+00:00
10453,395,37,NO,buy,45.93,71.98,0.638127,81757,0x027dcf018e2f,2025-11-26T09:56:10.414572+00:00
11924,474,35,YES,sell,41.41,73.2,0.565728,301261,0x08c4840d315d,2025-11-26T09:55:51.835092+00:00
12791,519,30,YES,sell,6.08,12.17,0.499588,475556,0x0a5a380c5604,2025-11-26T09:54:37.031664+00:00
5101,117,25,NO,buy,11.09,34.48,0.32163,841383,0x0c2a7d057fd1,2025-11-26T09:54:06.268670+00:00
10001,371,41,YES,sell,38.13,75.21,0.507011,114224,0x021ae306241b,2025-11-26T09:53:56.705682+00:00
12999,528,18,NO,sell,11.56,32.29,0.358035,364170,0x083f67058fed,2025-11-26T09:53:07.771797+00:00
6768,206,27,YES,buy,34.05,72.71,0.468267,332146,0x0b88b6072d03,2025-11-26T09:52:39.405351+00:00
10723,408,43,YES,sell,12.67,38.06,0.332886,163797,0x0a749f0639ce,2025-11-26T09:52:09.440975+00:00
12081,482,24,NO,buy,1.9,3.3,0.576509,560992,0x07bf720ed661,2025-11-26T09:50:45.424415+00:00
12240,489,19,NO,buy,8.91,23.73,0.375529,6709,0x0ad5f8053dc3,2025-11-26T09:50:29.011125+00:00
8794,307,37,YES,sell,44.63,121.26,0.368067,491118,0x0ec17b0a1af0,2025-11-26T09:49:35.026717+00:00
8922,313,20,NO,buy,44.82,82.24,0.544963,421357,0x0abb29099308,2025-11-26T09:47:51.503486+00:00
12998,528,42,YES,sell,27.53,81.7,0.336948,945910,0x0b089e04a905,2025-11-26T09:47:45.771797+00:00
11481,451,33,YES,sell,31.57,70.5,0.44781,844521,0x01cef40e65df,2025-11-26T09:47:15.267503+00:00
12418,499,16,YES,sell,42.3,124.38,0.340097,202223,0x0b6a900a7ea1,2025-11-26T09:46:55.676926+00:00
8921,313,34,YES,buy,31.8,72.97,0.43578,658473,0x0916620c7a2e,2025-11-26T09:46:36.503486+00:00
11147,432,35,NO,buy,41.24,88.62,0.465365,488020,0x06498e043332,2025-11-26T09:45:46.028234+00:00
4657,92,33,YES,buy,12.31,39.65,0.310434,818707,0x02cc280c8940,2025-11-26T09:45:23.577197+00:00
11480,451,15,NO,sell,2.01,5.81,0.346132,116614,0x0788b608af3d,2025-11-26T09:43:10.267503+00:00
10207,382,29,YES,buy,39.28,67.96,0.57797,610769,0x0564e9071a4c,2025-11-26T09:42:58.495520+00:00
6767,206,19,YES,sell,15.95,25.34,0.629317,498507,0x0e4a8f0f01ca,2025-11-26T09:40:11.405351+00:00
10493,397,18,YES,sell,4.32,11.75,0.367518,462929,0x095cc30cfed5,2025-11-26T09:39:09.560540+00:00
6360,185,21,YES,sell,14.99,29.11,0.514907,767479,0x0dc57f0d4f3e,2025-11-26T09:38:56.874643+00:00
9520,345,43,YES,buy,16.72,42.54,0.393055,682586,0x07391d06ad2a,2025-11-26T09:37:40.803294+00:00
10722,408,25,YES,sell,15.6,36.52,0.427201,641026,0x01ccf80a7d72,2025-11-26T09:36:20.440975+00:00
5870,156,44,YES,buy,46.05,77.04,0.597704,32842,0x0c6f650e35c7,2025-11-26T09:35:19.111559+00:00
7583,248,30,NO,sell,22.17,51.52,0.430317,81293,0x0bf7c006f1f7,2025-11-26T09:34:38.487093+00:00
11209,437,16,NO,sell,49.44,96.79,0.510812,858473,0x078a4f056911,2025-11-26T09:34:25.263024+00:00
6766,206,17,NO,buy,8.06,21.64,0.372433,793019,0x0aede505d80b,2025-11-26T09:34:24.405351+00:00
6584,196,43,NO,buy,23.82,63.46,0.375329,218935,0x022063065c04,2025-11-26T09:34:04.692923+00:00
11522,452,19,NO,buy,252.61,398.87,0.633314,129808,0x032a21094b44,2025-11-26T09:32:49.344104+00:00
11521,452,25,NO,sell,456.11,766.89,0.594749,746900,0x0ad6270d9bf4,2025-11-26T09:32:00.344104+00:00
11857,468,16,YES,buy,27.56,62.14,0.443508,598209,0x0c34c90c0095,2025-11-26T09:31:56.598897+00:00
10492,397,28,YES,sell,16.17,26.85,0.602313,481810,0x0e19540d47a2,2025-11-26T09:31:01.560540+00:00
11520,452,15,YES,sell,321.52,977.4,0.328955,732217,0x06644505c8c9,2025-11-26T09:30:29.344104+00:00
6538,194,20,NO,buy,25.93,62.52,0.41473,599643,0x07ea24053196,2025-11-26T09:30:28.531122+00:00
13124,534,32,NO,sell,95.25,297.86,0.319781,888879,0x0ed24101d9ed,2025-11-26T09:30:17.135428+00:00
13123,534,42,NO,sell,344.26,743.43,0.463068,131713,0x081a800df0f4,2025-11-26T09:30:02.135428+00:00
11519,452,19,NO,buy,154.93,299.15,0.517894,205504,0x0492a50c9ab3,2025-11-26T09:29:51.344104+00:00
12239,489,37,NO,sell,1.02,2.23,0.457223,764000,0x0b07cf0afdd8,2025-11-26T09:29:51.011125+00:00
6991,216,36,YES,sell,440.6,1195.35,0.368596,411950,0x0914f3080631,2025-11-26T09:29:14.176411+00:00
6359,185,24,NO,sell,37.25,57.49,0.647948,117815,0x0f0dd502c0cd,2025-11-26T09:29:13.874643+00:00
8725,303,29,YES,buy,135.74,379.13,0.358026,947061,0x0c73450600ee,2025-11-26T09:28:42.647881+00:00
6155,173,35,YES,buy,429.66,1174.9,0.365698,2025,0x0d902e051b0a,2025-11-26T09:28:32.050682+00:00
5485,137,32,NO,sell,5.73,16.61,0.344947,302225,0x0d9af20dbfb5,2025-11-26T09:28:28.654749+00:00
8724,303,21,YES,sell,378.04,910.59,0.415159,840930,0x0d2c050c10da,2025-11-26T09:28:23.647881+00:00
13122,534,15,NO,sell,334.63,922.58,0.36271,433745,0x0ad5a405ca53,2025-11-26T09:28:19.135428+00:00
9614,348,30,YES,buy,384.04,654.99,0.586331,484575,0x0c26b30c9d60,2025-11-26T09:28:17.085588+00:00
6990,216,20,NO,sell,117.3,250.87,0.467579,983577,0x018f90084b29,2025-11-26T09:27:58.176411+00:00
6154,173,23,NO,buy,181.05,292.72,0.618513,534757,0x067f6d0f1f41,2025-11-26T09:27:57.050682+00:00
11518,452,43,NO,sell,285.53,415.28,0.687557,92866,0x0eb3270c4c00,2025-11-26T09:27:56.344104+00:00
10452,395,44,YES,sell,40.86,115.85,0.352686,827159,0x07bbe80e9c5a,2025-11-26T09:27:49.414572+00:00
9613,348,38,NO,sell,235.14,492.78,0.477168,853085,0x05213d02fdef,2025-11-26T09:27:48.085588+00:00
9612,348,33,YES,sell,167.79,515.9,0.32524,926115,0x02cc170202f0,2025-11-26T09:27:33.085588+00:00
9611,348,44,YES,sell,340.54,875.86,0.388807,32419,0x073f5f069c8a,2025-11-26T09:27:22.085588+00:00
8723,303,38,NO,sell,433.94,731.5,0.593218,471417,0x0361a8044c76,2025-11-26T09:26:50.647881+00:00
6989,216,36,YES,sell,141.87,282.02,0.503057,998625,0x0acc1106f2ac,2025-11-26T09:26:45.176411+00:00
6988,216,32,YES,sell,429.83,674.79,0.636979,993504,0x06bef00d8fe7,2025-11-26T09:26:41.176411+00:00
13121,534,43,YES,buy,292.96,552.12,0.530614,55050,0x0a975c0563a7,2025-11-26T09:26:19.135428+00:00
10206,382,26,YES,buy,21.37,63.57,0.336187,544612,0x0214ee09763b,2025-11-26T09:26:18.495520+00:00
6153,173,31,NO,sell,491.8,819.44,0.600169,202369,0x058e880f04d0,2025-11-26T09:26:17.050682+00:00
8965,316,27,NO,buy,17.48,28.17,0.620441,494490,0x0bc7ca056ec0,2025-11-26T09:26:16.670792+00:00
9610,348,40,YES,sell,103.62,154.57,0.670359,460069,0x084880075b42,2025-11-26T09:26:14.085588+00:00
11517,452,37,YES,sell,81.31,161.09,0.504759,735824,0x02dd610ed5c0,2025-11-26T09:26:10.344104+00:00
6987,216,31,YES,buy,270.79,587.6,0.460844,630814,0x09fc25042cf0,2025-11-26T09:25:47.176411+00:00
6986,216,30,YES,buy,253.15,603.69,0.419338,214476,0x08aa88024aec,2025-11-26T09:25:43.176411+00:00
9609,348,15,NO,buy,318.05,898.8,0.35386,294423,0x0def720e65bf,2025-11-26T09:25:42.085588+00:00
6985,216,36,YES,buy,218.0,573.86,0.379885,49634,0x08b4c70debd7,2025-11-26T09:25:28.176411+00:00
8722,303,30,NO,sell,384.88,885.9,0.434449,634860,0x0e4d07066d34,2025-11-26T09:25:20.647881+00:00
10721,408,28,NO,sell,16.16,49.38,0.327288,334658,0x0634540d5a90,2025-11-26T09:25:15.440975+00:00
11563,454,19,YES,buy,381.34,569.94,0.669092,525086,0x02a19f0e79fa,2025-11-26T09:25:09.501047+00:00
11516,452,21,YES,buy,167.15,473.47,0.353029,795986,0x031021087877,2025-11-26T09:24:59.344104+00:00
13120,534,28,YES,buy,306.75,572.08,0.536202,815720,0x034d1505fd72,2025-11-26T09:24:47.135428+00:00
11562,454,22,YES,buy,90.0,170.99,0.526352,968186,0x03f5400bfc46,2025-11-26T09:24:45.501047+00:00
6742,204,39,YES,buy,208.13,542.99,0.383306,549108,0x0996810daf9c,2025-11-26T09:24:45.223174+00:00
8793,307,38,NO,buy,9.16,19.39,0.47245,581922,0x0c84530cb922,2025-11-26T09:24:44.026717+00:00
6152,173,40,NO,buy,362.24,630.79,0.574268,200529,0x03db7b0dca2c,2025-11-26T09:24:33.050682+00:00
4186,65,31,NO,buy,448.74,733.11,0.612105,191802,0x0bc3380aee32,2025-11-26T09:24:31.669139+00:00
6765,206,39,NO,sell,42.98,63.93,0.672269,379059,0x03a2400476ec,2025-11-26T09:24:24.405351+00:00
6741,204,15,NO,buy,411.31,682.08,0.603024,861630,0x0ef3c10ed6e8,2025-11-26T09:24:10.223174+00:00
11515,452,37,NO,sell,232.81,457.96,0.508366,397578,0x0d8d7a028934,2025-11-26T09:24:09.344104+00:00
6984,216,39,YES,buy,239.44,373.91,0.640366,966746,0x0de25e0ad211,2025-11-26T09:23:55.176411+00:00
9608,348,22,YES,buy,139.1,335.78,0.414264,739580,0x05bf7202c409,2025-11-26T09:23:47.085588+00:00
6740,204,22,NO,sell,137.03,276.06,0.496384,932414,0x08c83605c7ad,2025-11-26T09:23:44.223174+00:00
8721,303,19,NO,sell,145.22,216.79,0.669859,825556,0x085d2c02fa90,2025-11-26T09:23:31.647881+00:00
6151,173,27,NO,sell,344.75,515.02,0.669385,590083,0x04fdf301c3ca,2025-11-26T09:23:31.050682+00:00
11561,454,31,NO,buy,165.88,472.25,0.351257,919549,0x02627207408c,2025-11-26T09:23:27.501047+00:00
13119,534,33,NO,sell,448.6,784.76,0.57164,661389,0x0cb4170b9086,2025-11-26T09:23:23.135428+00:00
4185,65,39,NO,buy,132.64,310.77,0.426811,489461,0x02b66708b9b8,2025-11-26T09:23:03.669139+00:00
8720,303,35,YES,sell,183.54,331.39,0.553849,272221,0x09a9810a0645,2025-11-26T09:22:56.647881+00:00
8719,303,24,YES,buy,367.97,603.68,0.609541,390790,0x0501f103a20d,2025-11-26T09:22:48.647881+00:00
9607,348,34,NO,sell,156.71,261.3,0.599739,333129,0x0321950d6ca3,2025-11-26T09:22:44.085588+00:00
11514,452,42,YES,buy,239.05,455.26,0.525085,158403,0x034c49070a32,2025-11-26T09:22:23.344104+00:00
6150,173,39,NO,buy,262.34,645.5,0.406415,402010,0x0e10410a55f0,2025-11-26T09:22:17.050682+00:00
6739,204,31,NO,sell,445.89,740.98,0.60176,898244,0x0722b30350e8,2025-11-26T09:22:13.223174+00:00
4184,65,34,YES,buy,209.9,299.93,0.699838,552231,0x0d071d092f3c,2025-11-26T09:22:10.669139+00:00
11560,454,35,YES,buy,110.83,202.68,0.546828,547555,0x0c83810e5279,2025-11-26T09:22:04.501047+00:00
6983,216,35,NO,buy,364.68,833.56,0.437496,609067,0x0bd95d09f819,2025-11-26T09:22:04.176411+00:00
4183,65,22,NO,buy,231.58,437.84,0.528911,579443,0x09011e0e626c,2025-11-26T09:21:53.669139+00:00
11559,454,21,YES,sell,215.01,519.89,0.413567,94594,0x0e5241019427,2025-11-26T09:21:47.501047+00:00
8718,303,19,NO,buy,231.44,342.76,0.67523,741988,0x0e3ae703313c,2025-11-26T09:21:46.647881+00:00
4182,65,24,YES,buy,413.35,820.95,0.503502,831541,0x0377b904bdd7,2025-11-26T09:21:35.669139+00:00
13118,534,17,NO,buy,416.34,871.01,0.477995,641342,0x0545360c5448,2025-11-26T09:21:33.135428+00:00
12765,517,20,YES,buy,155.52,503.93,0.308613,168287,0x07e93e097a58,2025-11-26T09:21:20.877088+00:00
6982,216,17,NO,buy,254.0,507.19,0.500799,665815,0x019d7b07b52c,2025-11-26T09:21:15.176411+00:00
6149,173,43,NO,sell,92.57,148.87,0.621834,426964,0x0e123303e1ba,2025-11-26T09:21:01.050682+00:00
6738,204,44,YES,buy,152.72,296.76,0.514632,985072,0x0f41cb05fa36,2025-11-26T09:20:54.223174+00:00
9606,348,15,NO,sell,376.08,585.09,0.642772,396475,0x042c160b1326,2025-11-26T09:20:53.085588+00:00
6148,173,32,YES,sell,427.77,649.22,0.6589,124527,0x080ba10c24a9,2025-11-26T09:20:42.050682+00:00
13117,534,22,NO,buy,101.07,280.73,0.360023,87623,0x0c732a096a5c,2025-11-26T09:20:40.135428+00:00
8717,303,41,YES,buy,433.81,726.32,0.597269,462751,0x09068f0205ef,2025-11-26T09:20:33.647881+00:00
11513,452,29,NO,buy,368.3,603.12,0.61066,979982,0x05aa030a3673,2025-11-26T09:20:23.344104+00:00
9605,348,30,NO,sell,411.15,906.78,0.45342,55535,0x0b641f02dc7f,2025-11-26T09:20:15.085588+00:00
11558,454,23,NO,sell,165.51,527.12,0.313989,404625,0x06434105ade9,2025-11-26T09:20:11.501047+00:00
12764,517,15,NO,buy,87.26,150.83,0.578542,255361,0x02c9220f07aa,2025-11-26T09:19:52.877088+00:00
13116,534,28,NO,sell,350.07,618.98,0.565564,927973,0x08563a075004,2025-11-26T09:19:52.135428+00:00
13115,534,35,YES,sell,286.12,867.9,0.329671,652082,0x0ecffe0a6e45,2025-11-26T09:19:49.135428+00:00
4181,65,29,YES,sell,360.49,617.47,0.583816,305466,0x0a53690a335b,2025-11-26T09:19:40.669139+00:00
6981,216,40,YES,buy,372.9,608.2,0.613124,862956,0x0ca02c0c60eb,2025-11-26T09:19:40.176411+00:00
6737,204,16,NO,sell,248.9,430.57,0.578069,658138,0x0c13040b3c20,2025-11-26T09:19:25.223174+00:00
9604,348,42,YES,buy,439.11,639.16,0.687009,532025,0x089adf042d80,2025-11-26T09:19:12.085588+00:00
12763,517,36,YES,sell,449.05,805.83,0.557249,258828,0x08564b04d536,2025-11-26T09:19:02.877088+00:00
13114,534,29,YES,buy,464.52,1358.74,0.341876,926929,0x0ab6ac08f21e,2025-11-26T09:19:02.135428+00:00
6147,173,22,NO,sell,353.08,535.45,0.659409,690186,0x09d96603be03,2025-11-26T09:18:47.050682+00:00
8716,303,34,NO,buy,118.88,250.98,0.473656,645346,0x0ab3b30ede1f,2025-11-26T09:18:43.647881+00:00
9603,348,37,NO,buy,388.2,595.51,0.651875,873535,0x09f32a0aa2de,2025-11-26T09:18:37.085588+00:00
11512,452,31,YES,sell,437.06,1177.8,0.371082,583534,0x0ef8d60d571a,2025-11-26T09:18:30.344104+00:00
11557,454,23,NO,sell,444.77,640.38,0.694544,887968,0x02dbc10ce093,2025-11-26T09:18:21.501047+00:00
8715,303,23,YES,sell,146.01,328.71,0.444185,767654,0x0e7bac07318a,2025-11-26T09:18:17.647881+00:00
5710,148,39,NO,sell,30.72,47.4,0.648157,45146,0x0c34f007a5b3,2025-11-26T09:18:16.493105+00:00
6980,216,23,YES,sell,177.44,266.83,0.664985,292437,0x0d67e60df031,2025-11-26T09:18:15.176411+00:00
4180,65,44,NO,buy,131.51,205.12,0.641131,943333,0x08c2310449d3,2025-11-26T09:18:08.669139+00:00
6736,204,33,YES,sell,413.58,616.71,0.670626,604070,0x0abb3c081d33,2025-11-26T09:17:42.223174+00:00
11556,454,20,NO,buy,210.1,334.98,0.627209,945542,0x0ec6f0037ef4,2025-11-26T09:17:41.501047+00:00
5324,129,36,NO,sell,6.04,9.79,0.617261,174699,0x0aed590682e0,2025-11-26T09:17:36.077882+00:00
12762,517,44,NO,buy,196.66,288.68,0.68123,427238,0x09692602a97a,2025-11-26T09:17:32.877088+00:00
6146,173,15,NO,buy,394.7,931.33,0.423801,546252,0x0d1dc5052cf7,2025-11-26T09:17:29.050682+00:00
6979,216,27,YES,buy,339.11,540.15,0.62781,3088,0x088d8b049041,2025-11-26T09:17:27.176411+00:00
6978,216,34,YES,buy,198.56,325.49,0.610035,472482,0x0b4b370838fe,2025-11-26T09:17:23.176411+00:00
13113,534,27,YES,buy,116.88,250.71,0.466188,983663,0x0e3f0a0213ae,2025-11-26T09:17:09.135428+00:00
11511,452,39,NO,buy,177.63,294.06,0.60407,310349,0x06f7c307fbcd,2025-11-26T09:17:00.344104+00:00
9602,348,23,NO,buy,370.21,1035.75,0.357433,484778,0x0a75a10d0667,2025-11-26T09:16:59.085588+00:00
13112,534,32,YES,buy,395.31,1100.81,0.359107,84493,0x05df5e026b9e,2025-11-26T09:16:54.135428+00:00
9601,348,26,YES,sell,228.05,627.93,0.363176,636777,0x089f420b6773,2025-11-26T09:16:40.085588+00:00
4179,65,44,YES,sell,405.49,697.18,0.581615,300449,0x04f5810b50df,2025-11-26T09:16:39.669139+00:00
8714,303,43,NO,sell,88.69,260.65,0.34027,929989,0x03776601e14e,2025-11-26T09:16:28.647881+00:00
9600,348,30,YES,buy,498.09,939.47,0.530182,421511,0x0e8cdb02b844,2025-11-26T09:16:19.085588+00:00
12761,517,39,NO,buy,310.64,654.72,0.474464,239891,0x066c1605bf82,2025-11-26T09:16:09.877088+00:00
12760,517,36,YES,sell,247.29,463.25,0.53382,32148,0x026a91092afb,2025-11-26T09:16:07.877088+00:00
6735,204,31,YES,sell,346.18,606.72,0.570573,555558,0x08c74a036200,2025-11-26T09:16:05.223174+00:00
6977,216,37,YES,buy,363.32,919.89,0.394962,721463,0x06c157065d9c,2025-11-26T09:16:01.176411+00:00
12759,517,26,NO,sell,415.31,963.74,0.430936,934917,0x0dbd9d054217,2025-11-26T09:15:51.877088+00:00
4178,65,35,NO,buy,483.42,1557.59,0.310365,543895,0x0480ad0982b5,2025-11-26T09:15:49.669139+00:00
8713,303,40,NO,buy,288.67,537.08,0.537477,590794,0x0e16a10e9338,2025-11-26T09:15:42.647881+00:00
11555,454,35,NO,buy,109.99,163.21,0.673897,412751,0x0cd3560d951e,2025-11-26T09:15:42.501047+00:00
6145,173,28,YES,sell,145.1,260.93,0.556096,438994,0x08d73d0dbf1d,2025-11-26T09:15:34.050682+00:00
13111,534,18,NO,buy,450.51,964.06,0.467305,782984,0x0ee49a0b1a16,2025-11-26T09:15:33.135428+00:00
6144,173,22,NO,buy,406.03,860.32,0.47195,984070,0x0a8c6b0a7bc3,2025-11-26T09:15:26.050682+00:00
9599,348,32,NO,buy,388.75,1279.24,0.303891,917665,0x0d38ec046514,2025-11-26T09:15:21.085588+00:00
12758,517,34,NO,buy,410.95,726.73,0.56548,149920,0x08b5ea020ebb,2025-11-26T09:15:18.877088+00:00
4177,65,26,NO,sell,400.5,756.28,0.529569,418368,0x09ff4a0765a6,2025-11-26T09:15:08.669139+00:00
11510,452,42,NO,sell,388.37,1265.75,0.306829,571994,0x08c6c9030734,2025-11-26T09:15:01.344104+00:00
8712,303,44,YES,sell,205.01,432.73,0.473756,480696,0x0d64b10c457b,2025-11-26T09:14:55.647881+00:00
6976,216,41,NO,sell,152.08,284.3,0.534925,217265,0x040cb502025a,2025-11-26T09:14:29.176411+00:00
6734,204,21,YES,sell,139.94,299.09,0.467879,979978,0x08480a03accd,2025-11-26T09:14:15.223174+00:00
12757,517,41,YES,buy,348.77,742.18,0.469926,197033,0x079aaa0997e7,2025-11-26T09:14:10.877088+00:00
4176,65,22,NO,sell,240.8,457.01,0.526898,713048,0x0b351703fb1b,2025-11-26T09:14:10.669139+00:00
11554,454,18,YES,sell,254.09,524.72,0.484243,415480,0x098fbe06dd55,2025-11-26T09:14:03.501047+00:00
4175,65,20,YES,buy,436.44,764.03,0.571236,133361,0x088961021529,2025-11-26T09:14:01.669139+00:00
9598,348,43,YES,sell,241.66,493.57,0.489618,322379,0x093201056313,2025-11-26T09:14:00.085588+00:00
13110,534,20,NO,buy,81.9,270.8,0.302442,874614,0x043217025c45,2025-11-26T09:13:56.135428+00:00
12756,517,29,YES,buy,86.97,125.34,0.693883,647917,0x095309067cc6,2025-11-26T09:13:53.877088+00:00
8711,303,28,NO,buy,100.5,331.15,0.303484,917234,0x0a9e610a09fe,2025-11-26T09:13:49.647881+00:00
6143,173,24,YES,buy,454.03,1322.38,0.343342,847282,0x0ef3ee0e02e0,2025-11-26T09:13:41.050682+00:00
12575,507,24,YES,sell,40.91,112.4,0.363973,833857,0x0403cd02d144,2025-11-26T09:13:27.252516+00:00
9597,348,24,YES,buy,382.82,864.35,0.442899,929135,0x0c57410d75a2,2025-11-26T09:13:23.085588+00:00
13109,534,29,NO,buy,190.36,273.28,0.696582,874626,0x08be940828a7,2025-11-26T09:13:20.135428+00:00
13108,534,39,YES,sell,372.42,557.27,0.668299,81420,0x05d9f904c17a,2025-11-26T09:13:19.135428+00:00
11553,454,31,NO,sell,222.68,500.07,0.445299,125745,0x07c90209ad44,2025-11-26T09:13:18.501047+00:00
11509,452,16,YES,buy,216.2,324.13,0.667013,289789,0x05170902371e,2025-11-26T09:13:14.344104+00:00
6733,204,16,NO,buy,95.74,168.64,0.567712,142944,0x0a4693018ba1,2025-11-26T09:13:12.223174+00:00
8710,303,23,NO,sell,317.51,782.4,0.405817,36571,0x0aec3505734c,2025-11-26T09:13:09.647881+00:00
12755,517,25,NO,buy,131.98,333.75,0.395447,251922,0x0e905304a2b1,2025-11-26T09:13:05.877088+00:00
6975,216,39,YES,buy,274.73,568.78,0.483016,444430,0x019f820a1173,2025-11-26T09:12:43.176411+00:00
6732,204,35,YES,sell,304.87,486.04,0.627254,869467,0x0651d7081453,2025-11-26T09:12:38.223174+00:00
4174,65,35,YES,buy,361.9,782.51,0.462484,787325,0x09bc390e57ea,2025-11-26T09:12:34.669139+00:00
8709,303,44,YES,sell,155.95,268.19,0.581498,513393,0x091983096740,2025-11-26T09:12:07.647881+00:00
4173,65,37,NO,sell,267.79,453.32,0.590726,457068,0x072ab50b5d0e,2025-11-26T09:11:58.669139+00:00
11552,454,20,YES,buy,451.01,765.28,0.589342,248705,0x01bc82089abe,2025-11-26T09:11:58.501047+00:00
6731,204,17,NO,buy,94.68,276.89,0.341937,995878,0x0cabc408ea44,2025-11-26T09:11:56.223174+00:00
13107,534,20,NO,sell,433.52,1311.25,0.330617,627431,0x039b760ede55,2025-11-26T09:11:53.135428+00:00
6142,173,27,YES,buy,218.75,641.16,0.341178,525747,0x01ddc20de1f6,2025-11-26T09:11:47.050682+00:00
4172,65,18,YES,sell,357.59,846.17,0.422598,447815,0x0b2af60d022c,2025-11-26T09:11:36.669139+00:00
12754,517,23,YES,buy,497.96,1056.43,0.471363,211930,0x0b46c7045c75,2025-11-26T09:11:31.877088+00:00
8708,303,30,YES,sell,419.48,944.17,0.444285,863395,0x0e23c20e2a30,2025-11-26T09:11:29.647881+00:00
9596,348,27,NO,sell,351.45,875.29,0.401523,994468,0x04fed00ab58e,2025-11-26T09:11:24.085588+00:00
6730,204,15,NO,buy,203.89,400.97,0.508496,268268,0x0791ba0e7112,2025-11-26T09:11:23.223174+00:00
11508,452,32,YES,buy,164.95,270.47,0.609857,659250,0x03a5d30bd2fc,2025-11-26T09:11:17.344104+00:00
5709,148,37,NO,buy,29.7,76.44,0.388555,279663,0x0877550c2d0a,2025-11-26T09:11:01.493105+00:00
12753,517,29,YES,buy,413.2,957.15,0.4317,740780,0x0211680efd54,2025-11-26T09:10:59.877088+00:00
4171,65,17,NO,buy,260.86,373.7,0.698039,309036,0x0469c60a40e3,2025-11-26T09:10:54.669139+00:00
6974,216,31,YES,buy,286.03,545.09,0.524741,339541,0x0839890cc3c5,2025-11-26T09:10:49.176411+00:00
6141,173,36,NO,buy,453.44,1084.22,0.418219,384968,0x0a17110e0ff7,2025-11-26T09:10:32.050682+00:00
6729,204,29,YES,buy,308.77,658.74,0.46873,397582,0x0dc6f80bedaa,2025-11-26T09:10:30.223174+00:00
13106,534,16,NO,buy,324.67,500.4,0.648815,795213,0x067c36057015,2025-11-26T09:10:22.135428+00:00
12752,517,21,NO,sell,311.38,778.54,0.399956,666184,0x0aa9e40dc04a,2025-11-26T09:10:16.877088+00:00
6728,204,22,NO,buy,357.21,562.25,0.635328,510774,0x055d9909120a,2025-11-26T09:10:06.223174+00:00
9595,348,19,YES,buy,427.09,813.27,0.525153,386288,0x0d83f2027a95,2025-11-26T09:10:06.085588+00:00
11551,454,21,YES,buy,399.52,651.46,0.613266,576673,0x0ad74b04921b,2025-11-26T09:09:58.501047+00:00
8707,303,25,YES,buy,221.15,329.87,0.670423,48784,0x097593069595,2025-11-26T09:09:37.647881+00:00
11507,452,25,NO,buy,426.53,638.36,0.668169,705135,0x019cea02d773,2025-11-26T09:09:29.344104+00:00
6727,204,22,NO,buy,229.97,373.36,0.615942,399281,0x03607d032564,2025-11-26T09:09:28.223174+00:00
11550,454,22,YES,sell,248.14,541.73,0.458054,503139,0x0256fb0cf4e5,2025-11-26T09:09:14.501047+00:00
4170,65,27,NO,buy,288.41,577.97,0.499009,280676,0x0e485409d594,2025-11-26T09:09:11.669139+00:00
11549,454,29,NO,buy,105.31,192.14,0.548083,589919,0x0c591b08e64f,2025-11-26T09:09:10.501047+00:00
11506,452,25,NO,buy,431.91,1131.82,0.381606,104377,0x0e369c087ac2,2025-11-26T09:09:04.344104+00:00
6973,216,44,YES,sell,160.5,257.28,0.623834,804982,0x0ad3da045ce4,2025-11-26T09:09:01.176411+00:00
6140,173,34,NO,sell,428.72,770.11,0.5567,783257,0x0dad830b217f,2025-11-26T09:08:58.050682+00:00
13105,534,36,YES,buy,412.01,705.05,0.58437,398160,0x044f1701cd7d,2025-11-26T09:08:57.135428+00:00
6764,206,30,YES,sell,13.58,34.12,0.397951,866130,0x0262f603d750,2025-11-26T09:08:51.405351+00:00
9594,348,34,YES,sell,262.55,592.81,0.442891,87097,0x071ba1030f62,2025-11-26T09:08:42.085588+00:00
6726,204,35,NO,sell,359.58,1075.37,0.334379,861263,0x06dff707b300,2025-11-26T09:08:39.223174+00:00
12751,517,34,NO,buy,449.23,651.65,0.689371,791822,0x05674a04aca8,2025-11-26T09:08:17.877088+00:00
8706,303,33,YES,sell,294.69,510.32,0.577466,979269,0x0c3d900d5098,2025-11-26T09:08:16.647881+00:00
11505,452,20,NO,buy,115.64,165.45,0.698955,901895,0x08af53044cdf,2025-11-26T09:08:10.344104+00:00
6875,212,38,NO,sell,25.49,58.52,0.4356,458529,0x0599d6041102,2025-11-26T09:08:07.825096+00:00
6725,204,35,NO,sell,489.68,709.03,0.690629,95736,0x0efda10868bb,2025-11-26T09:07:52.223174+00:00
6724,204,26,NO,buy,167.77,422.81,0.396798,739527,0x0b6cbf027dd5,2025-11-26T09:07:51.223174+00:00
13104,534,42,YES,sell,445.95,752.18,0.592877,806554,0x0c84100aab78,2025-11-26T09:07:48.135428+00:00
6972,216,27,YES,buy,432.35,714.61,0.605015,171770,0x07f61d0dbbe5,2025-11-26T09:07:47.176411+00:00
7582,248,39,YES,sell,40.01,58.8,0.680437,354078,0x08b1c2032afe,2025-11-26T09:07:42.487093+00:00
9593,348,43,NO,buy,183.86,264.03,0.696368,581174,0x0a344b040454,2025-11-26T09:07:42.085588+00:00
8705,303,42,NO,buy,156.85,416.49,0.376602,583127,0x04a4be071551,2025-11-26T09:07:28.647881+00:00
11548,454,38,YES,buy,265.43,417.64,0.635546,434331,0x01b19c0eb624,2025-11-26T09:07:28.501047+00:00
11504,452,39,NO,sell,151.96,236.47,0.642618,241054,0x0b3dea0bdd34,2025-11-26T09:07:24.344104+00:00
12750,517,16,NO,buy,138.08,207.13,0.666643,872111,0x081af304a6fd,2025-11-26T09:07:20.877088+00:00
6139,173,33,YES,sell,397.61,682.63,0.582465,442175,0x0b819c0b8a91,2025-11-26T09:07:19.050682+00:00
4169,65,16,NO,sell,132.28,295.79,0.447208,462097,0x07ed1d0d6b36,2025-11-26T09:07:16.669139+00:00
6971,216,23,NO,buy,308.93,670.73,0.460589,32184,0x0d1936089c42,2025-11-26T09:06:54.176411+00:00
12749,517,29,YES,sell,234.46,421.66,0.556047,456667,0x0851c9052dcd,2025-11-26T09:06:52.877088+00:00
9592,348,36,NO,buy,129.55,224.25,0.577706,316125,0x0aaf060f1424,2025-11-26T09:06:48.085588+00:00
6970,216,25,YES,sell,319.82,899.38,0.3556,478533,0x0369bd0ca32b,2025-11-26T09:06:46.176411+00:00
6138,173,26,YES,sell,200.02,536.66,0.372711,476118,0x01c73b0cf5d7,2025-11-26T09:06:46.050682+00:00
11547,454,19,YES,sell,215.48,482.31,0.446767,940861,0x0bb9b603e1f0,2025-11-26T09:06:45.501047+00:00
12767,518,21,NO,buy,3.15,8.79,0.358321,361103,0x0d08070b49f6,2025-11-26T09:06:30.951194+00:00
6723,204,44,NO,buy,239.23,519.14,0.460823,228575,0x08905502c9a8,2025-11-26T09:06:22.223174+00:00
13103,534,17,NO,sell,282.92,430.85,0.656658,661509,0x0c973808c281,2025-11-26T09:06:14.135428+00:00
13102,534,20,YES,buy,479.67,1130.12,0.42444,236696,0x047d3d0f1a09,2025-11-26T09:06:03.135428+00:00
9591,348,28,YES,sell,341.88,1008.29,0.339068,731547,0x01961c02f870,2025-11-26T09:05:59.085588+00:00
11503,452,40,NO,buy,447.25,847.82,0.527528,126579,0x03ddbc08e0d2,2025-11-26T09:05:46.344104+00:00
7581,248,42,NO,buy,5.17,12.79,0.404345,85718,0x08922702d6a4,2025-11-26T09:05:45.487093+00:00
13101,534,25,YES,buy,482.15,853.55,0.564874,172671,0x0a3b4a0701b9,2025-11-26T09:05:45.135428+00:00
8704,303,31,YES,sell,105.21,307.1,0.342587,609729,0x0f266d0b518b,2025-11-26T09:05:43.647881+00:00
6137,173,16,YES,sell,269.64,466.84,0.577587,50798,0x0b377f0eae96,2025-11-26T09:05:41.050682+00:00
6722,204,43,YES,sell,169.11,349.1,0.484415,950775,0x07eee902a407,2025-11-26T09:05:38.223174+00:00
4168,65,32,NO,sell,95.38,170.7,0.55876,905017,0x061a89073cca,2025-11-26T09:05:36.669139+00:00
6721,204,31,NO,buy,439.35,748.63,0.586872,344660,0x023597060f75,2025-11-26T09:05:30.223174+00:00
12748,517,18,NO,buy,246.24,405.97,0.606553,832779,0x0cba65072abb,2025-11-26T09:05:25.877088+00:00
6136,173,44,YES,sell,99.37,252.53,0.393499,760019,0x0783c40b5ba6,2025-11-26T09:05:25.050682+00:00
6969,216,36,YES,sell,494.71,1597.76,0.309628,838623,0x0f06f8069081,2025-11-26T09:05:24.176411+00:00
12747,517,25,YES,sell,441.01,928.32,0.475061,684675,0x0e861204c305,2025-11-26T09:05:17.877088+00:00
11546,454,43,YES,sell,249.35,604.27,0.41265,988576,0x07deec035ebe,2025-11-26T09:05:06.501047+00:00
8703,303,25,YES,sell,400.54,573.26,0.698704,162715,0x0697f30a1746,2025-11-26T09:04:51.647881+00:00
6968,216,21,NO,buy,242.63,404.0,0.600572,215276,0x0ab029082946,2025-11-26T09:04:45.176411+00:00
12746,517,29,YES,sell,361.15,599.38,0.602536,720609,0x0ec8e605bc71,2025-11-26T09:04:42.877088+00:00
11545,454,27,YES,sell,106.97,280.62,0.381192,283925,0x0acb9702e416,2025-11-26T09:04:36.501047+00:00
13100,534,33,NO,sell,91.54,181.32,0.504854,168882,0x0d0a1f09b308,2025-11-26T09:04:25.135428+00:00
13080,533,36,YES,buy,9.72,16.1,0.603885,280835,0x05a66105f6b2,2025-11-26T09:04:25.066942+00:00
12997,528,32,YES,buy,24.77,56.14,0.441197,669896,0x0c8f7608af24,2025-11-26T09:04:24.771797+00:00
12790,519,40,NO,buy,27.94,67.84,0.411839,338957,0x02d9a207ac31,2025-11-26T09:04:24.031664+00:00
12766,518,29,YES,buy,27.58,59.38,0.464429,360287,0x0233a604b083,2025-11-26T09:04:23.951194+00:00
12745,517,39,YES,sell,107.99,279.62,0.386202,796103,0x0b20120b198e,2025-11-26T09:04:23.877088+00:00
12574,507,20,NO,buy,48.24,72.21,0.668016,84401,0x0b2c7f0c5a47,2025-11-26T09:04:23.252516+00:00
12417,499,27,YES,buy,1.8,3.4,0.528878,991213,0x04979e069274,2025-11-26T09:04:22.676926+00:00
12238,489,15,YES,sell,24.86,36.87,0.674205,778181,0x07f2ec06528a,2025-11-26T09:04:22.011125+00:00
12193,487,41,NO,buy,28.04,46.77,0.599479,366400,0x0a7fb70436d2,2025-11-26T09:04:21.841308+00:00
12080,482,35,NO,sell,32.7,64.66,0.505709,153796,0x07225e01c5a0,2025-11-26T09:04:21.424415+00:00
11923,474,22,NO,sell,11.77,20.11,0.585314,750917,0x0ae26003529c,2025-11-26T09:04:20.835092+00:00
11856,468,22,YES,buy,2.81,6.62,0.424555,268615,0x0ad81b046597,2025-11-26T09:04:20.598897+00:00
11544,454,20,YES,sell,274.66,500.97,0.548256,270194,0x0ae89f0303c2,2025-11-26T09:04:19.501047+00:00
11502,452,26,YES,sell,263.82,670.42,0.393514,45690,0x051b0e06c33b,2025-11-26T09:04:19.344104+00:00
11479,451,15,YES,buy,22.9,76.04,0.301166,603555,0x0a8c770e9fe8,2025-11-26T09:04:19.267503+00:00
11208,437,18,NO,buy,43.35,132.44,0.327309,66573,0x0b82d301fbad,2025-11-26T09:04:18.263024+00:00
11146,432,33,YES,sell,6.01,19.6,0.306606,399898,0x0710df038823,2025-11-26T09:04:18.028234+00:00
10720,408,33,YES,sell,40.85,94.95,0.430225,272156,0x060fd90657c0,2025-11-26T09:04:16.440975+00:00
10491,397,20,NO,sell,46.92,98.44,0.476624,426736,0x0ebcee04cdda,2025-11-26T09:04:15.560540+00:00
10451,395,31,YES,buy,13.27,22.83,0.581364,786862,0x0b1bc4080683,2025-11-26T09:04:15.414572+00:00
10205,382,44,NO,sell,27.35,39.79,0.687411,602070,0x089857084d1d,2025-11-26T09:04:14.495520+00:00
10000,371,34,NO,sell,19.48,60.86,0.320072,897473,0x0ccb0b0e0737,2025-11-26T09:04:13.705682+00:00
9590,348,41,YES,buy,167.57,275.47,0.608315,187489,0x0651ff053ba9,2025-11-26T09:04:12.085588+00:00
9519,345,27,YES,sell,42.27,99.4,0.425264,898918,0x02064f088f50,2025-11-26T09:04:11.803294+00:00
8964,316,26,NO,buy,25.58,36.91,0.693067,246506,0x0b3b070ba838,2025-11-26T09:04:09.670792+00:00
8920,313,31,NO,buy,18.68,37.3,0.500813,180723,0x0451ff08dcf7,2025-11-26T09:04:09.503486+00:00
8792,307,33,NO,buy,30.07,60.08,0.500512,379108,0x03d2c60903a2,2025-11-26T09:04:09.026717+00:00
8702,303,23,YES,sell,412.68,1235.17,0.334108,868204,0x05ede40f2465,2025-11-26T09:04:08.647881+00:00
7604,249,35,YES,sell,42.13,72.0,0.585145,372344,0x03bd410aecc0,2025-11-26T09:04:04.585793+00:00
7580,248,29,YES,sell,35.34,73.16,0.48303,674686,0x0f2df40f3543,2025-11-26T09:04:04.487093+00:00
7174,225,23,NO,sell,29.15,69.84,0.417378,860206,0x0db4d6053c7f,2025-11-26T09:04:02.962329+00:00
7152,224,17,NO,sell,25.32,59.5,0.42555,82153,0x0b04fa09ec55,2025-11-26T09:04:02.865237+00:00
6967,216,39,YES,buy,403.86,839.89,0.480849,452839,0x0be0e909a391,2025-11-26T09:04:02.176411+00:00
6874,212,39,YES,sell,10.4,18.49,0.562495,473102,0x06ac2e081c1a,2025-11-26T09:04:01.825096+00:00
6854,211,44,NO,sell,13.72,19.67,0.69745,861107,0x09600e099d6a,2025-11-26T09:04:01.751819+00:00
6763,206,38,NO,buy,49.94,145.01,0.344384,847980,0x0433680a47c8,2025-11-26T09:04:01.405351+00:00
6720,204,19,NO,sell,130.93,222.14,0.589403,62940,0x0233bb0ab598,2025-11-26T09:04:01.223174+00:00
6583,196,27,YES,buy,44.42,79.11,0.561527,511966,0x0bdf3c0c20e5,2025-11-26T09:04:00.692923+00:00
6537,194,39,YES,sell,8.28,12.63,0.655391,813403,0x02ac75050aba,2025-11-26T09:04:00.531122+00:00
6358,185,26,NO,buy,2.54,3.75,0.677829,685532,0x0598e90669f7,2025-11-26T09:03:59.874643+00:00
6135,173,43,YES,sell,407.7,932.86,0.437044,905746,0x05531e0927f4,2025-11-26T09:03:59.050682+00:00
5869,156,28,YES,sell,38.75,58.76,0.659409,276487,0x065bd203cb98,2025-11-26T09:03:58.111559+00:00
5708,148,43,NO,sell,21.56,33.98,0.634518,14554,0x073b8202daf9,2025-11-26T09:03:57.493105+00:00
5484,137,41,YES,sell,33.73,67.99,0.496089,627882,0x0b9b3707cd1e,2025-11-26T09:03:56.654749+00:00
5323,129,29,NO,sell,26.12,56.79,0.459977,182361,0x049d60058701,2025-11-26T09:03:56.077882+00:00
5100,117,25,YES,sell,32.75,78.84,0.415382,889075,0x01e7ac0530a6,2025-11-26T09:03:55.268670+00:00
4823,100,28,YES,sell,35.8,59.46,0.602097,196041,0x03b77a04b6c8,2025-11-26T09:03:54.204671+00:00
4656,92,19,YES,buy,7.45,24.0,0.310479,280825,0x0b514d0b65a3,2025-11-26T09:03:53.577197+00:00
4167,65,21,YES,buy,452.03,1060.51,0.426238,418568,0x067cb209c5a2,2025-11-26T09:03:51.669139+00:00
8563,296,28,NO,sell,22.27,32.48,0.685656,667621,0x08b82d04c32a,2025-11-25T23:46:22.026245+00:00
8562,296,29,YES,sell,25.82,39.58,0.652377,591524,0x032281033572,2025-11-25T23:23:17.026245+00:00
8286,282,21,NO,buy,46.0,110.3,0.417054,689843,0x0ddd4f0cd78d,2025-11-25T22:59:55.002323+00:00
8561,296,29,NO,sell,42.71,69.57,0.613958,704620,0x02e14105f763,2025-11-25T22:42:56.026245+00:00
4256,68,39,NO,sell,23.85,42.63,0.559489,378114,0x0675ec05b5fb,2025-11-25T22:20:39.913320+00:00
8285,282,17,NO,sell,39.95,64.99,0.614757,25336,0x0b633c0c429c,2025-11-25T22:18:50.002323+00:00
6513,191,28,NO,buy,11.91,24.92,0.477884,606347,0x08c5f903a387,2025-11-25T22:10:33.350476+00:00
4406,80,33,YES,buy,47.51,99.06,0.479616,848732,0x04335404ea86,2025-11-25T22:08:48.540662+00:00
8560,296,27,YES,buy,17.89,28.06,0.637604,724847,0x0c38170c3291,2025-11-25T22:07:01.026245+00:00
12701,514,15,NO,sell,27.04,47.47,0.569591,71411,0x0ce371061639,2025-11-25T22:05:11.634107+00:00
8284,282,44,NO,buy,33.56,66.37,0.505639,661708,0x0b59b90755bf,2025-11-25T21:59:36.002323+00:00
4255,68,38,NO,buy,35.09,60.34,0.581507,579897,0x07df3a055aec,2025-11-25T21:58:32.913320+00:00
4254,68,30,YES,sell,15.86,23.9,0.663598,778493,0x04ea300490f6,2025-11-25T21:50:22.913320+00:00
5598,142,44,NO,buy,46.27,124.7,0.371051,559540,0x0623f101944b,2025-11-25T21:49:17.004436+00:00
10782,410,19,NO,sell,9.38,19.72,0.475642,920608,0x0336c201d9a8,2025-11-25T21:46:40.594081+00:00
4097,61,15,NO,buy,32.73,59.06,0.554162,317869,0x08f4430cbe3c,2025-11-25T21:44:15.310436+00:00
4895,103,28,NO,sell,43.96,69.99,0.628097,733411,0x0eb75e041764,2025-11-25T21:43:25.387708+00:00
12700,514,38,YES,buy,42.76,78.31,0.546051,679098,0x06a8810eb400,2025-11-25T21:41:44.634107+00:00
8283,282,38,YES,sell,11.19,17.39,0.643543,325578,0x03fe700823b5,2025-11-25T21:38:40.002323+00:00
4253,68,34,YES,buy,10.22,16.9,0.604679,586997,0x0d1d610c44e2,2025-11-25T21:35:24.913320+00:00
4405,80,33,YES,sell,15.64,34.15,0.457922,37415,0x0f305c0cf46b,2025-11-25T21:34:22.540662+00:00
6512,191,30,YES,buy,43.61,64.75,0.673504,726091,0x0c5a6901ee50,2025-11-25T21:34:17.350476+00:00
6511,191,28,NO,sell,14.09,24.63,0.572111,51970,0x0c62a1097ea8,2025-11-25T21:26:27.350476+00:00
10871,415,28,YES,buy,12.31,27.49,0.44773,342141,0x037bff0a52de,2025-11-25T21:22:29.911784+00:00
8559,296,33,YES,buy,33.03,103.35,0.319583,524862,0x04aab003b369,2025-11-25T21:19:44.026245+00:00
9493,342,27,YES,sell,26.13,39.79,0.656776,536321,0x0b4efa01f0d5,2025-11-25T21:18:26.602437+00:00
6510,191,17,NO,sell,8.66,19.46,0.445099,776028,0x0c0d8d05fee2,2025-11-25T21:14:16.350476+00:00
12699,514,19,NO,sell,49.5,118.32,0.418363,866891,0x0889ec0b1ed7,2025-11-25T21:13:34.634107+00:00
4096,61,36,NO,sell,41.3,61.08,0.676117,246180,0x0342690c52c1,2025-11-25T21:11:54.310436+00:00
8282,282,15,YES,buy,2.64,8.68,0.304151,452717,0x0a4e2909d613,2025-11-25T21:11:27.002323+00:00
10781,410,20,NO,sell,24.63,44.12,0.558282,647876,0x0bce580a8761,2025-11-25T21:06:00.594081+00:00
11990,476,42,YES,buy,46.56,78.4,0.593845,219653,0x02829402f684,2025-11-25T21:04:52.988594+00:00
4404,80,32,YES,sell,41.1,87.92,0.467453,910004,0x0a18170c84da,2025-11-25T21:01:48.540662+00:00
12698,514,43,NO,sell,45.28,68.22,0.663709,539611,0x04773d0ef5e1,2025-11-25T20:57:15.634107+00:00
4894,103,39,NO,buy,14.43,43.46,0.332038,494975,0x0dff47096498,2025-11-25T20:52:57.387708+00:00
5597,142,18,NO,sell,12.03,26.06,0.461586,301189,0x0da29708f2d1,2025-11-25T20:52:44.004436+00:00
4252,68,42,NO,buy,27.25,43.13,0.631763,396489,0x0259b805d23e,2025-11-25T20:49:15.913320+00:00
4095,61,27,NO,buy,39.74,130.05,0.305567,477877,0x0a1c6c0380d8,2025-11-25T20:46:35.310436+00:00
4403,80,36,YES,buy,33.74,54.13,0.623272,619372,0x0826500da112,2025-11-25T20:46:07.540662+00:00
10938,420,18,NO,buy,25.29,62.13,0.407027,85837,0x0dcc1003a8f4,2025-11-25T20:44:59.156325+00:00
8281,282,21,NO,sell,14.13,36.65,0.385531,700957,0x0292240857de,2025-11-25T20:44:34.002323+00:00
6221,177,42,NO,sell,9.71,27.62,0.351559,88008,0x0b5b22036ca5,2025-11-25T20:43:54.287232+00:00
6509,191,41,NO,buy,7.96,22.87,0.348099,576650,0x076b6d0d3440,2025-11-25T20:43:37.350476+00:00
11099,428,17,NO,buy,24.6,46.92,0.524273,412021,0x0973f60aa12c,2025-11-25T20:38:52.763306+00:00
11989,476,18,NO,sell,8.33,13.41,0.621097,434769,0x03a9930ed2d2,2025-11-25T20:33:41.988594+00:00
10870,415,31,YES,sell,36.11,64.19,0.562531,258455,0x01aeb10cfa67,2025-11-25T20:31:07.911784+00:00
12697,514,23,YES,buy,37.97,98.8,0.384303,846359,0x0ee19b03179e,2025-11-25T20:26:11.634107+00:00
5955,160,20,YES,sell,8.64,24.48,0.352916,386027,0x0b44f60edfd5,2025-11-25T20:25:05.343895+00:00
9492,342,42,NO,buy,40.81,69.35,0.588424,976484,0x0bb4bc0ecb0c,2025-11-25T20:24:24.602437+00:00
10869,415,35,NO,sell,48.25,131.09,0.368059,132262,0x0d808d0f03ae,2025-11-25T20:24:10.911784+00:00
5299,126,25,YES,buy,23.48,52.27,0.449249,171558,0x0a5eb40b0b4d,2025-11-25T20:22:59.915925+00:00
8558,296,34,YES,sell,42.08,78.65,0.535054,292858,0x029d2a0af57e,2025-11-25T20:21:56.026245+00:00
8557,296,40,YES,buy,28.49,56.41,0.505013,124249,0x01d8690d5ba1,2025-11-25T20:19:58.026245+00:00
6067,165,23,YES,buy,24.32,59.2,0.410833,795114,0x0432cf0c0ae9,2025-11-25T20:18:25.756538+00:00
12148,484,33,NO,buy,26.94,61.58,0.437508,198246,0x0850ec02de20,2025-11-25T20:18:24.603771+00:00
4251,68,28,YES,sell,12.9,33.83,0.381335,968024,0x0bdf8802ca7f,2025-11-25T20:18:23.913320+00:00
6002,162,40,YES,sell,21.37,43.19,0.494758,45066,0x06e0f703e585,2025-11-25T20:17:03.504129+00:00
9865,362,31,NO,sell,13.79,22.68,0.607949,874103,0x04e0680e5c82,2025-11-25T20:16:39.081816+00:00
5954,160,25,YES,sell,26.15,84.82,0.308287,413935,0x099918026f7b,2025-11-25T20:15:43.343895+00:00
5953,160,39,NO,sell,36.44,100.92,0.361087,826133,0x0483c90574cb,2025-11-25T20:14:58.343895+00:00
9864,362,24,YES,buy,35.5,114.42,0.310267,537177,0x0e015408265a,2025-11-25T20:14:29.081816+00:00
5596,142,28,NO,buy,21.49,39.82,0.539699,381816,0x06a2e60dda97,2025-11-25T20:09:33.004436+00:00
10450,394,18,NO,buy,29.85,86.99,0.343149,115913,0x0e6d44086d4f,2025-11-25T20:08:38.331509+00:00
9863,362,33,YES,sell,38.36,75.2,0.510114,483753,0x02fe7b019579,2025-11-25T20:07:32.081816+00:00
10780,410,44,NO,sell,6.31,9.88,0.638446,713325,0x0b2a410515c4,2025-11-25T20:07:23.594081+00:00
6508,191,44,YES,buy,27.17,47.29,0.574503,986815,0x037a430974f0,2025-11-25T20:07:13.350476+00:00
5952,160,21,YES,buy,38.87,95.36,0.407618,560890,0x0e0e610462b4,2025-11-25T20:06:20.343895+00:00
12696,514,36,NO,buy,37.99,123.75,0.306998,336728,0x077a75060196,2025-11-25T20:01:05.634107+00:00
9491,342,34,YES,sell,4.77,7.06,0.675963,626818,0x030b2002f8d7,2025-11-25T20:00:36.602437+00:00
4094,61,25,YES,sell,48.18,135.22,0.356303,760396,0x0522be0c58d8,2025-11-25T20:00:23.310436+00:00
6507,191,40,YES,sell,28.76,74.12,0.388004,237983,0x0dd9da08da2c,2025-11-25T19:59:56.350476+00:00
10449,394,37,NO,buy,4.07,6.4,0.636139,694464,0x0b52000493f6,2025-11-25T19:59:39.331509+00:00
4402,80,29,NO,sell,12.09,29.67,0.407425,789775,0x02831903f1a7,2025-11-25T19:58:25.540662+00:00
5030,112,37,YES,buy,45.31,129.31,0.350393,373654,0x09ab1205a05f,2025-11-25T19:58:16.898089+00:00
4893,103,44,YES,sell,11.31,17.24,0.656099,333591,0x088c230ba0a5,2025-11-25T19:57:21.387708+00:00
11098,428,15,YES,buy,31.5,52.16,0.60394,534546,0x0a123108769c,2025-11-25T19:57:16.763306+00:00
8280,282,38,NO,sell,11.04,18.98,0.581791,994078,0x048005043efe,2025-11-25T19:54:36.002323+00:00
8556,296,36,YES,sell,2.28,6.49,0.351468,690593,0x0ecf1a0ba193,2025-11-25T19:53:40.026245+00:00
4892,103,36,YES,buy,43.02,94.47,0.455388,316504,0x07d040059d4a,2025-11-25T19:51:02.387708+00:00
4250,68,42,YES,sell,43.02,120.25,0.357741,590704,0x08ef2d0272a7,2025-11-25T19:50:03.913320+00:00
6220,177,31,NO,sell,27.53,63.17,0.435814,382377,0x0af0630846fd,2025-11-25T19:49:22.287232+00:00
10937,420,38,NO,buy,48.13,86.45,0.556716,37766,0x045e4d031a45,2025-11-25T19:49:09.156325+00:00
12147,484,38,NO,buy,28.09,86.1,0.326251,752915,0x0ba874084fe4,2025-11-25T19:47:23.603771+00:00
4401,80,32,NO,buy,19.18,42.38,0.452578,47784,0x0482de08a885,2025-11-25T19:40:17.540662+00:00
11988,476,40,YES,sell,11.73,20.08,0.584289,172784,0x06e6bc07c245,2025-11-25T19:38:53.988594+00:00
11097,428,28,YES,sell,1.32,3.54,0.37286,451366,0x04f85c06cd35,2025-11-25T19:37:42.763306+00:00
8489,293,27,NO,buy,2.62,4.49,0.583265,770201,0x0c805e0c5f29,2025-11-25T19:35:41.751189+00:00
4249,68,25,NO,sell,8.31,18.44,0.450584,497520,0x0d98b60a21fa,2025-11-25T19:33:26.913320+00:00
10868,415,33,YES,buy,5.87,8.87,0.662097,401053,0x02eb9806a4b2,2025-11-25T19:32:21.911784+00:00
5595,142,21,YES,sell,9.75,26.81,0.363647,421601,0x0df75d0d46f9,2025-11-25T19:31:50.004436+00:00
5298,126,35,NO,sell,21.11,47.88,0.440884,549583,0x0a34910856e7,2025-11-25T19:30:36.915925+00:00
8279,282,19,NO,buy,19.63,43.58,0.450417,176893,0x0c73c40d6990,2025-11-25T19:30:29.002323+00:00
11787,464,36,NO,buy,47.28,92.78,0.509607,429064,0x0ce5df04b772,2025-11-25T19:30:11.295231+00:00
12482,501,31,NO,sell,12.68,22.61,0.560779,248151,0x0c582b0c83ca,2025-11-25T19:28:51.851642+00:00
8791,306,42,YES,sell,16.23,24.89,0.652186,515862,0x047c9202a7d7,2025-11-25T19:28:37.941683+00:00
10537,398,36,NO,buy,40.03,75.15,0.532688,306313,0x08033a0b1357,2025-11-25T19:28:31.654698+00:00
6219,177,40,NO,sell,14.7,22.79,0.645037,741401,0x03bcc50968c5,2025-11-25T19:26:09.287232+00:00
9862,362,34,NO,buy,7.87,18.4,0.427642,573835,0x0a479d09fc2c,2025-11-25T19:25:26.081816+00:00
8488,293,40,YES,buy,5.55,12.39,0.44777,46833,0x04ccb4044c19,2025-11-25T19:24:29.751189+00:00
12146,484,15,NO,sell,6.21,14.73,0.421463,371866,0x08fc680abbf5,2025-11-25T19:23:31.603771+00:00
6066,165,23,NO,buy,5.58,8.34,0.669427,99052,0x0b5073036d24,2025-11-25T19:23:17.756538+00:00
9490,342,38,YES,sell,20.51,64.12,0.319851,922450,0x04d04f0d61cd,2025-11-25T19:19:03.602437+00:00
8377,287,23,YES,sell,1.88,4.08,0.461076,371411,0x081a9d0db916,2025-11-25T19:18:05.344097+00:00
6001,162,38,NO,sell,47.95,79.84,0.600606,8800,0x0cb93b047822,2025-11-25T19:17:33.504129+00:00
5029,112,35,YES,sell,26.34,49.22,0.535125,13885,0x034105032b3d,2025-11-25T19:17:29.898089+00:00
12695,514,34,NO,buy,13.3,20.45,0.650242,701953,0x0d903f0cd971,2025-11-25T19:17:29.634107+00:00
5594,142,22,NO,buy,19.54,28.76,0.679528,415973,0x0380740313da,2025-11-25T19:16:46.004436+00:00
10536,398,18,YES,sell,25.93,75.02,0.345621,746981,0x07168f0b2b9d,2025-11-25T19:16:40.654698+00:00
6065,165,38,YES,buy,19.17,60.93,0.314646,430012,0x01b68a0aed06,2025-11-25T19:14:55.756538+00:00
10779,410,18,NO,buy,27.62,59.83,0.461621,708435,0x088d1809e288,2025-11-25T19:14:08.594081+00:00
8555,296,43,NO,sell,8.21,12.13,0.676717,117034,0x04714608ba82,2025-11-25T19:13:51.026245+00:00
11786,464,15,YES,sell,37.91,56.52,0.670728,965401,0x09f75b032c13,2025-11-25T19:11:42.295231+00:00
5951,160,42,YES,sell,27.85,41.15,0.676806,19016,0x043673054e49,2025-11-25T19:11:02.343895+00:00
6506,191,22,YES,sell,41.01,97.55,0.420399,224861,0x0697f8067811,2025-11-25T19:10:44.350476+00:00
10448,394,41,NO,sell,4.84,11.88,0.407572,752312,0x0403010c22f0,2025-11-25T19:07:24.331509+00:00
11987,476,36,YES,sell,45.58,83.6,0.54522,294213,0x0c894407c8c4,2025-11-25T19:06:16.988594+00:00
11096,428,32,YES,sell,15.37,35.3,0.435419,766020,0x08ca7f0a790d,2025-11-25T19:05:30.763306+00:00
8790,306,30,NO,buy,28.54,81.48,0.350289,774211,0x09872c0c43eb,2025-11-25T19:05:07.941683+00:00
4093,61,41,YES,sell,45.79,67.57,0.677675,783824,0x0e6e00063f86,2025-11-25T19:00:48.310436+00:00
6064,165,28,YES,buy,34.37,49.78,0.690371,143314,0x08961c0d0551,2025-11-25T18:59:41.756538+00:00
9861,362,34,NO,sell,45.73,107.25,0.426391,610506,0x0214300c82db,2025-11-25T18:59:06.081816+00:00
8487,293,28,YES,sell,32.67,105.46,0.309778,387456,0x02ef0d020f7a,2025-11-25T18:58:57.751189+00:00
10936,420,42,YES,sell,39.4,80.8,0.487621,855157,0x0f2ecc0c1332,2025-11-25T18:58:54.156325+00:00
6218,177,39,NO,sell,3.86,8.98,0.429782,532040,0x0de4870adcea,2025-11-25T18:57:38.287232+00:00
4248,68,28,NO,buy,48.64,71.89,0.676635,824975,0x0c4471079fd5,2025-11-25T18:57:28.913320+00:00
6505,191,18,NO,buy,49.89,73.21,0.681463,612866,0x0befbf0a3cbd,2025-11-25T18:57:14.350476+00:00
5297,126,26,NO,buy,15.8,37.37,0.422786,734287,0x0ea175038594,2025-11-25T18:56:22.915925+00:00
4400,80,42,YES,sell,39.46,80.8,0.488378,96563,0x0c1a3e05c415,2025-11-25T18:56:18.540662+00:00
4891,103,36,YES,buy,13.4,29.52,0.453876,381481,0x0bbfc20cbc59,2025-11-25T18:55:26.387708+00:00
5296,126,39,YES,sell,11.59,30.19,0.383905,605856,0x04959c0c6661,2025-11-25T18:55:14.915925+00:00
6000,162,30,NO,sell,39.4,61.08,0.64503,856408,0x08b83c03a6ff,2025-11-25T18:55:04.504129+00:00
5028,112,42,YES,sell,19.81,32.05,0.618066,107197,0x0b73020b6efe,2025-11-25T18:54:08.898089+00:00
6966,215,43,YES,buy,9.97,26.7,0.373364,499466,0x0817430f3f71,2025-11-25T18:52:26.094493+00:00
9489,342,16,NO,sell,46.16,127.77,0.361264,280866,0x029ac70a041d,2025-11-25T18:48:23.602437+00:00
8789,306,39,NO,sell,41.0,69.75,0.587831,904167,0x07af0a07f097,2025-11-25T18:47:47.941683+00:00
12481,501,38,NO,buy,42.17,65.14,0.647331,195840,0x0ac566034bc9,2025-11-25T18:47:42.851642+00:00
10935,420,24,NO,buy,40.29,76.17,0.528938,413644,0x093e510ebf75,2025-11-25T18:47:39.156325+00:00
12145,484,23,YES,sell,28.54,45.25,0.630725,723052,0x0f01cc0525b6,2025-11-25T18:45:18.603771+00:00
10447,394,25,YES,sell,17.01,42.57,0.399603,154205,0x0aae4b07b059,2025-11-25T18:45:11.331509+00:00
8278,282,16,NO,buy,2.53,7.03,0.359847,17462,0x0f291f02fb86,2025-11-25T18:45:07.002323+00:00
8376,287,43,YES,sell,28.22,66.58,0.423862,901205,0x09124b0d1844,2025-11-25T18:44:02.344097+00:00
10934,420,38,YES,buy,4.8,11.44,0.419576,327444,0x0ba96f03e95a,2025-11-25T18:43:13.156325+00:00
5593,142,26,NO,sell,49.8,160.98,0.309363,781195,0x06116d0a6dcd,2025-11-25T18:43:06.004436+00:00
4092,61,20,YES,buy,39.54,60.78,0.650584,527169,0x07612d0a04ff,2025-11-25T18:42:02.310436+00:00
6828,209,34,NO,buy,41.37,104.5,0.395887,749190,0x03cd64032231,2025-11-25T18:41:30.573473+00:00
10778,410,42,NO,sell,46.39,76.65,0.605185,797258,0x053f3a026efa,2025-11-25T18:39:03.594081+00:00
5027,112,32,YES,sell,42.65,92.58,0.460673,432077,0x0b67180d8eaa,2025-11-25T18:38:04.898089+00:00
8554,296,30,NO,sell,1.33,3.29,0.404384,492754,0x04679a01b935,2025-11-25T18:36:58.026245+00:00
10867,415,38,NO,sell,28.7,69.98,0.410116,300509,0x02c911084077,2025-11-25T18:36:06.911784+00:00
5026,112,44,NO,buy,15.77,28.65,0.550474,711477,0x02941a0327b5,2025-11-25T18:34:06.898089+00:00
8102,274,32,YES,sell,17.86,49.94,0.357623,445410,0x0ed73b046bb6,2025-11-25T18:34:05.339343+00:00
9860,362,40,YES,buy,13.03,23.25,0.560371,378795,0x0bab6501b9b0,2025-11-25T18:33:14.081816+00:00
12613,508,44,NO,buy,32.77,102.76,0.31891,646736,0x084f3e073571,2025-11-25T18:31:40.322790+00:00
5846,153,19,NO,buy,7.07,10.93,0.647095,387737,0x0a5df90928d5,2025-11-25T18:31:01.955481+00:00
6504,191,19,YES,sell,39.07,72.97,0.535401,191413,0x036cab05c6e9,2025-11-25T18:30:48.350476+00:00
5025,112,44,YES,sell,16.35,25.58,0.639077,134730,0x0290fb0e0c58,2025-11-25T18:29:43.898089+00:00
12612,508,19,NO,buy,40.0,74.16,0.539363,667184,0x0c64dc01b74e,2025-11-25T18:29:02.322790+00:00
11785,464,33,YES,sell,34.12,52.32,0.652168,230735,0x0aa547095aed,2025-11-25T18:28:10.295231+00:00
6063,165,15,YES,buy,28.69,80.86,0.354798,215915,0x0818ff023a58,2025-11-25T18:27:38.756538+00:00
12480,501,40,NO,sell,42.26,119.24,0.354421,338014,0x0efd7202226f,2025-11-25T18:27:27.851642+00:00
11478,450,44,YES,buy,20.48,38.23,0.535641,409270,0x0da8b5043893,2025-11-25T18:27:26.191806+00:00
5024,112,22,YES,sell,38.44,69.87,0.55014,90689,0x0ac9f00385e9,2025-11-25T18:25:25.898089+00:00
10535,398,38,YES,buy,43.21,75.9,0.569315,75745,0x094a140b3588,2025-11-25T18:24:35.654698+00:00
12694,514,26,NO,buy,29.61,60.64,0.488325,256533,0x05a38e0cb548,2025-11-25T18:24:20.634107+00:00
9488,342,23,YES,sell,9.29,30.11,0.308498,690126,0x0d1d310e21a0,2025-11-25T18:24:02.602437+00:00
4399,80,34,NO,buy,5.75,15.02,0.382781,86916,0x0bbca70631e2,2025-11-25T18:23:49.540662+00:00
6827,209,23,YES,buy,13.11,42.06,0.311723,54433,0x0cdb8c07f2f5,2025-11-25T18:20:07.573473+00:00
5295,126,35,NO,buy,2.79,4.66,0.598283,731276,0x048744083faa,2025-11-25T18:17:48.915925+00:00
11095,428,17,YES,sell,22.78,43.22,0.527029,210980,0x057bbc045779,2025-11-25T18:17:20.763306+00:00
5950,160,20,YES,buy,43.72,79.73,0.548378,822140,0x0ab0080bfff4,2025-11-25T18:17:20.343895+00:00
8788,306,27,NO,sell,22.57,49.04,0.460269,700779,0x0e1dcf0ea239,2025-11-25T18:16:54.941683+00:00
11477,450,33,NO,sell,31.05,92.04,0.337355,227435,0x0a19310cc00c,2025-11-25T18:14:26.191806+00:00
4091,61,29,YES,sell,36.89,109.77,0.336053,784790,0x063f6506c0dd,2025-11-25T18:13:31.310436+00:00
8277,282,24,NO,sell,22.34,39.54,0.565009,79104,0x0769f504b337,2025-11-25T18:12:53.002323+00:00
8486,293,27,NO,buy,39.14,71.63,0.546425,701689,0x056830029f79,2025-11-25T18:12:22.751189+00:00
6503,191,24,NO,buy,6.53,9.76,0.669055,913382,0x01be1c08c6ee,2025-11-25T18:11:47.350476+00:00
8101,274,36,NO,buy,4.95,10.49,0.471912,524277,0x08daa30474da,2025-11-25T18:10:59.339343+00:00
4247,68,24,NO,buy,28.28,52.7,0.536667,657401,0x0d4a0d0453f8,2025-11-25T18:10:58.913320+00:00
8787,306,24,NO,sell,27.85,43.85,0.63513,936270,0x0ac0e902e0d0,2025-11-25T18:10:00.941683+00:00
10933,420,36,NO,buy,11.53,19.66,0.586557,837993,0x047585056c9c,2025-11-25T18:09:33.156325+00:00
8786,306,36,NO,buy,36.97,76.09,0.485864,410560,0x0ca855079a93,2025-11-25T18:09:22.941683+00:00
5294,126,18,NO,sell,26.51,87.94,0.301471,899909,0x08bc1d0ed896,2025-11-25T18:09:04.915925+00:00
11986,476,16,YES,sell,40.43,66.04,0.612205,802871,0x0b689804ea54,2025-11-25T18:08:51.988594+00:00
12144,484,30,NO,sell,32.97,77.44,0.425724,573621,0x0ad69c0c9bf7,2025-11-25T18:08:35.603771+00:00
4890,103,37,NO,sell,2.03,2.96,0.686722,883348,0x0b380a021534,2025-11-25T18:04:48.387708+00:00
11094,428,28,YES,buy,10.42,22.91,0.454758,740979,0x0d4dae0a8728,2025-11-25T18:04:19.763306+00:00
10932,420,39,NO,buy,16.28,23.63,0.688951,294252,0x01ff9b0454f0,2025-11-25T18:02:18.156325+00:00
6217,177,31,NO,sell,8.98,25.31,0.35474,849400,0x06d1f60a71c3,2025-11-25T18:02:13.287232+00:00
13441,549,40,NO,buy,16.19,40.0,0.404733,345801,0x01e550027e49,2025-11-25T18:01:19.261199+00:00
12143,484,33,NO,sell,20.37,45.35,0.449183,160907,0x0e0ad90e692c,2025-11-25T18:01:13.603771+00:00
5592,142,39,NO,sell,34.05,109.2,0.311826,175833,0x0b86100ae286,2025-11-25T18:00:20.004436+00:00
5999,162,26,YES,buy,2.54,3.96,0.641227,196624,0x058f8f07c242,2025-11-25T17:59:26.504129+00:00
10446,394,36,YES,sell,25.81,75.6,0.341412,299238,0x0d20c70ad938,2025-11-25T17:58:43.331509+00:00
6965,215,27,NO,sell,33.63,108.87,0.308901,735887,0x07ffab090fda,2025-11-25T17:58:15.094493+00:00
10534,398,24,NO,buy,5.17,9.62,0.537265,790296,0x07ffdd06a645,2025-11-25T17:57:36.654698+00:00
8485,293,32,NO,buy,5.58,9.5,0.587279,243759,0x08d5a40adae2,2025-11-25T17:56:59.751189+00:00
10533,398,41,YES,sell,20.45,50.2,0.407409,417518,0x06bbdd0e7638,2025-11-25T17:56:47.654698+00:00
6964,215,22,YES,sell,14.08,29.96,0.469922,222536,0x09ac4a0574cb,2025-11-25T17:56:15.094493+00:00
5949,160,29,YES,sell,7.94,16.74,0.474358,430354,0x0480900530f8,2025-11-25T17:55:54.343895+00:00
10777,410,23,NO,sell,4.02,6.97,0.577113,904714,0x08c69e09e2c5,2025-11-25T17:55:08.594081+00:00
12693,514,34,YES,buy,13.65,42.56,0.32072,376555,0x0a1ea30e72d0,2025-11-25T17:54:20.634107+00:00
8100,274,24,YES,buy,46.84,68.54,0.683364,575245,0x093bfd0d1014,2025-11-25T17:53:37.339343+00:00
6963,215,15,NO,buy,18.8,31.27,0.60116,354853,0x08615e020ee2,2025-11-25T17:53:36.094493+00:00
8375,287,15,NO,sell,11.13,32.07,0.347064,988549,0x0685620d3c39,2025-11-25T17:53:30.344097+00:00
9487,342,15,YES,buy,26.4,48.13,0.548551,731366,0x0a70220aaec2,2025-11-25T17:53:19.602437+00:00
12611,508,17,YES,sell,14.93,31.38,0.475852,423215,0x0695dc0895bc,2025-11-25T17:53:09.322790+00:00
8099,274,24,NO,sell,30.83,59.76,0.515933,406375,0x08acf2066819,2025-11-25T17:53:07.339343+00:00
8553,296,26,YES,sell,28.98,43.09,0.672558,23496,0x076c7108ffcd,2025-11-25T17:51:29.026245+00:00
5845,153,18,NO,sell,14.52,24.93,0.582519,171814,0x08c77a061503,2025-11-25T17:50:49.955481+00:00
10445,394,41,NO,sell,36.68,106.73,0.343662,778019,0x0f21940ddc79,2025-11-25T17:49:20.331509+00:00
6062,165,25,NO,sell,38.19,74.45,0.512994,452750,0x096a91052ac8,2025-11-25T17:49:05.756538+00:00
12479,501,40,YES,buy,18.88,35.35,0.534114,373385,0x0a5902060fba,2025-11-25T17:49:02.851642+00:00
11985,476,30,YES,sell,47.34,139.34,0.339748,260163,0x01c89709d9c7,2025-11-25T17:48:21.988594+00:00
12279,491,30,NO,buy,37.46,57.83,0.647734,337527,0x075780042282,2025-11-25T17:47:52.084073+00:00
5293,126,38,NO,buy,8.37,17.31,0.483464,907285,0x03e2ba09845a,2025-11-25T17:47:18.915925+00:00
5998,162,36,NO,buy,44.88,79.79,0.562473,410777,0x075a6d0407c6,2025-11-25T17:46:12.504129+00:00
11476,450,24,NO,buy,26.7,49.14,0.543317,7019,0x02a32d020fac,2025-11-25T17:45:51.191806+00:00
11093,428,20,YES,buy,35.61,77.87,0.457298,832622,0x06edd107360f,2025-11-25T17:45:49.763306+00:00
11784,464,28,NO,sell,46.27,83.86,0.551777,953646,0x07bd6e0f3a99,2025-11-25T17:45:33.295231+00:00
6502,191,25,YES,sell,30.2,70.36,0.429239,400808,0x07771f0abcc2,2025-11-25T17:44:31.350476+00:00
11475,450,43,YES,sell,18.99,32.43,0.585482,215875,0x0a113a0b099d,2025-11-25T17:43:44.191806+00:00
4246,68,33,NO,buy,15.79,44.19,0.357304,232780,0x0c16da09ddab,2025-11-25T17:42:35.913320+00:00
4398,80,30,YES,buy,18.68,39.66,0.471042,695178,0x063d190eb54e,2025-11-25T17:40:59.540662+00:00
5591,142,17,NO,sell,5.07,8.46,0.599204,319801,0x09ffd5076ed5,2025-11-25T17:40:15.004436+00:00
9859,362,27,YES,sell,35.01,70.89,0.493897,520427,0x077f7c0cbe53,2025-11-25T17:38:48.081816+00:00
5948,160,44,YES,buy,31.16,59.79,0.52113,551768,0x05883a02cb41,2025-11-25T17:38:19.343895+00:00
8657,300,29,YES,buy,38.21,92.6,0.41262,502478,0x0b3b2f0ab57e,2025-11-25T17:37:45.371602+00:00
10866,415,27,NO,buy,34.52,62.01,0.55666,329968,0x0d403f0a452e,2025-11-25T17:37:33.911784+00:00
7057,219,31,NO,buy,17.2,27.52,0.62504,44547,0x07d1df054f58,2025-11-25T17:36:21.431999+00:00
4889,103,25,NO,sell,34.45,50.27,0.685326,381631,0x0e130203d82e,2025-11-25T17:32:12.387708+00:00
12692,514,20,YES,sell,34.69,109.32,0.317315,272344,0x07566607ed6a,2025-11-25T17:31:06.634107+00:00
5023,112,18,NO,buy,47.98,75.8,0.633007,545918,0x0eac0906dd00,2025-11-25T17:31:03.898089+00:00
5844,153,39,YES,sell,31.67,60.66,0.522106,796304,0x0b070308a1d1,2025-11-25T17:29:13.955481+00:00
6826,209,16,YES,buy,8.89,13.65,0.651265,689402,0x06807d04a9bd,2025-11-25T17:28:47.573473+00:00
6962,215,31,NO,sell,3.01,6.25,0.481769,590403,0x0efc6a0eed8c,2025-11-25T17:27:09.094493+00:00
10931,420,36,NO,sell,13.01,19.36,0.671904,34434,0x0460bf025591,2025-11-25T17:26:39.156325+00:00
10532,398,25,YES,buy,16.75,27.4,0.611406,250208,0x0ed68b04384b,2025-11-25T17:25:50.654698+00:00
11092,428,36,YES,sell,38.32,112.65,0.340168,563805,0x046237084a12,2025-11-25T17:25:17.763306+00:00
8484,293,39,YES,sell,10.85,22.17,0.48946,714548,0x07746c06ccc9,2025-11-25T17:24:38.751189+00:00
4888,103,29,NO,sell,43.28,134.26,0.32237,734602,0x0a0fb707856a,2025-11-25T17:24:20.387708+00:00
10531,398,21,NO,sell,43.48,118.54,0.366783,481669,0x0c16f2082828,2025-11-25T17:23:26.654698+00:00
8374,287,20,YES,buy,12.23,22.61,0.540833,43946,0x05c0200a6f10,2025-11-25T17:23:22.344097+00:00
8276,282,34,NO,sell,1.35,2.58,0.522533,827147,0x07177c06a6ec,2025-11-25T17:21:56.002323+00:00
6825,209,27,NO,sell,43.44,141.35,0.307315,857223,0x0f12e103196c,2025-11-25T17:21:45.573473+00:00
11984,476,25,NO,sell,24.38,42.53,0.573193,416036,0x0b2d4d04ba2e,2025-11-25T17:21:20.988594+00:00
9486,342,41,NO,sell,3.39,4.89,0.693396,225674,0x0e3f9c0a8ac1,2025-11-25T17:20:49.602437+00:00
4245,68,42,YES,buy,25.69,61.8,0.415705,605095,0x0e94150d3aeb,2025-11-25T17:20:39.913320+00:00
6824,209,42,YES,buy,26.88,65.42,0.410891,563917,0x0e590a083e06,2025-11-25T17:20:00.573473+00:00
10776,410,16,NO,buy,19.85,54.08,0.367031,424190,0x092a3106c072,2025-11-25T17:19:49.594081+00:00
11091,428,27,NO,sell,25.19,50.38,0.500017,870905,0x020aae0dc745,2025-11-25T17:19:46.763306+00:00
4090,61,21,NO,buy,31.78,48.05,0.661361,324939,0x0bde09022819,2025-11-25T17:19:31.310436+00:00
13440,549,39,YES,buy,44.16,78.77,0.560649,497438,0x0b9bf506ef74,2025-11-25T17:18:57.261199+00:00
11457,449,30,YES,sell,31.07,50.06,0.620699,792506,0x0df62801de3d,2025-11-25T17:17:27.106503+00:00
12478,501,40,NO,sell,8.67,23.57,0.3678,461195,0x0405070b4ee0,2025-11-25T17:15:56.851642+00:00
8373,287,31,YES,sell,45.25,84.84,0.533349,225800,0x023f1704e578,2025-11-25T17:15:11.344097+00:00
10444,394,18,YES,sell,4.67,7.17,0.651456,290564,0x019045021f03,2025-11-25T17:14:02.331509+00:00
5022,112,30,NO,buy,30.03,54.55,0.550519,263573,0x06dfed0ef958,2025-11-25T17:14:01.898089+00:00
13439,549,21,NO,sell,47.05,91.52,0.514076,187586,0x076389067f26,2025-11-25T17:13:55.261199+00:00
10930,420,38,YES,buy,17.88,47.18,0.378951,658384,0x0c2b0b09b83a,2025-11-25T17:13:26.156325+00:00
13438,549,18,NO,buy,2.43,5.48,0.443568,337258,0x064b960bd3ca,2025-11-25T17:12:55.261199+00:00
8785,306,23,NO,sell,23.22,37.57,0.618027,871368,0x02a9bb075706,2025-11-25T17:12:43.941683+00:00
5021,112,17,YES,buy,9.06,21.35,0.424322,102424,0x0b8ab30b87d5,2025-11-25T17:11:57.898089+00:00
7056,219,19,NO,sell,40.83,61.59,0.662886,951900,0x019ef204fbb2,2025-11-25T17:09:41.431999+00:00
5640,144,44,NO,sell,46.78,73.81,0.633776,322107,0x07756203d87d,2025-11-25T17:09:23.167895+00:00
7055,219,26,YES,buy,7.76,17.1,0.453747,316838,0x0d5d1a0a146e,2025-11-25T17:08:24.431999+00:00
12278,491,30,YES,buy,20.12,61.44,0.327478,267398,0x08a3dc08fccd,2025-11-25T17:08:16.084073+00:00
7054,219,28,YES,sell,9.81,22.78,0.430687,395187,0x0dab420abed0,2025-11-25T17:08:03.431999+00:00
4887,103,25,NO,buy,46.84,120.97,0.387203,225509,0x033c2204540e,2025-11-25T17:05:26.387708+00:00
10530,398,28,NO,sell,15.39,28.78,0.5348,835879,0x023ce40da5ae,2025-11-25T17:05:10.654698+00:00
12142,484,29,NO,buy,47.3,71.56,0.661002,118259,0x04c34c01b9f1,2025-11-25T17:04:49.603771+00:00
6216,177,30,YES,buy,38.13,125.97,0.302691,247425,0x074d39039a2f,2025-11-25T17:04:24.287232+00:00
8275,282,29,NO,buy,29.07,41.87,0.694315,634043,0x052be80b122d,2025-11-25T17:04:13.002323+00:00
5997,162,39,NO,sell,29.38,50.01,0.587456,129574,0x087dc108157e,2025-11-25T17:02:03.504129+00:00
8656,300,16,YES,sell,48.65,149.66,0.325072,494441,0x0bad280a540d,2025-11-25T17:01:13.371602+00:00
5590,142,30,YES,buy,33.98,84.47,0.402277,894692,0x020ac90c18d8,2025-11-25T17:01:05.004436+00:00
12610,508,38,NO,sell,27.16,46.73,0.581162,755873,0x0c636507d825,2025-11-25T17:00:57.322790+00:00
11456,449,26,YES,buy,20.88,32.98,0.63313,513070,0x0989fc0d0e74,2025-11-25T17:00:21.106503+00:00
8372,287,18,NO,buy,25.46,63.33,0.402051,963919,0x08d3cf088501,2025-11-25T17:00:02.344097+00:00
11474,450,18,NO,sell,43.75,95.05,0.460282,43783,0x0a74660e2c40,2025-11-25T16:59:47.191806+00:00
5437,133,39,YES,buy,28.11,41.28,0.680989,901217,0x0c5f96061fe4,2025-11-25T16:58:14.420808+00:00
8098,274,41,NO,buy,36.19,101.55,0.356363,796550,0x028dbe0f300e,2025-11-25T16:58:03.339343+00:00
5843,153,19,NO,buy,2.41,4.32,0.557595,387538,0x0844c602c905,2025-11-25T16:57:19.955481+00:00
8483,293,39,YES,sell,49.44,82.74,0.597527,528163,0x02fe0e020161,2025-11-25T16:55:59.751189+00:00
12141,484,42,NO,sell,12.15,25.26,0.48099,30867,0x0a2f770d0956,2025-11-25T16:54:27.603771+00:00
10929,420,19,YES,buy,17.43,31.55,0.552409,72560,0x07fd840d8928,2025-11-25T16:54:07.156325+00:00
5639,144,20,NO,sell,33.02,53.65,0.615499,283468,0x0e00800d263d,2025-11-25T16:53:37.167895+00:00
11455,449,33,NO,sell,29.31,43.92,0.667331,464511,0x032bb20dfe74,2025-11-25T16:52:41.106503+00:00
8552,296,23,NO,buy,19.9,34.21,0.581683,311394,0x0e594b0b98fa,2025-11-25T16:51:56.026245+00:00
8371,287,31,YES,sell,26.08,81.13,0.321475,926526,0x0ce50e0e7847,2025-11-25T16:50:57.344097+00:00
5292,126,43,YES,buy,36.41,68.52,0.531396,697320,0x03d6fa06b4a2,2025-11-25T16:50:55.915925+00:00
11783,464,42,NO,sell,48.85,110.42,0.442415,926347,0x03cfc008ca5e,2025-11-25T16:50:31.295231+00:00
6061,165,41,NO,buy,19.62,35.68,0.549848,49028,0x0571ab06b8a8,2025-11-25T16:50:22.756538+00:00
5947,160,33,YES,buy,48.98,109.86,0.445829,95343,0x0db27e052ee3,2025-11-25T16:49:53.343895+00:00
9858,362,36,YES,buy,31.2,95.05,0.328241,542376,0x03db6c0ad760,2025-11-25T16:48:46.081816+00:00
6501,191,15,YES,sell,46.34,68.68,0.674739,92790,0x066d6e09a794,2025-11-25T16:48:44.350476+00:00
12140,484,39,YES,sell,46.7,128.64,0.363031,895677,0x0b7d69079ea1,2025-11-25T16:47:45.603771+00:00
8097,274,34,NO,buy,1.42,2.22,0.640625,867369,0x06451d0a45b2,2025-11-25T16:46:42.339343+00:00
12277,491,37,YES,sell,8.3,26.28,0.31579,237868,0x0cc59c08d656,2025-11-25T16:46:35.084073+00:00
11782,464,29,YES,sell,45.73,65.98,0.693112,229269,0x0bedc1086f15,2025-11-25T16:46:06.295231+00:00
6823,209,42,NO,buy,16.03,36.86,0.434945,302465,0x0ae9fd0e262f,2025-11-25T16:45:41.573473+00:00
6822,209,34,NO,buy,27.79,83.67,0.332123,262176,0x03dfb808f187,2025-11-25T16:45:21.573473+00:00
4886,103,33,NO,sell,44.34,112.19,0.395231,846872,0x037b780de59d,2025-11-25T16:43:53.387708+00:00
4397,80,32,NO,sell,15.57,46.02,0.338366,577363,0x07cff30aac98,2025-11-25T16:43:29.540662+00:00
5842,153,24,YES,sell,21.73,34.63,0.627435,274665,0x01b354064bf5,2025-11-25T16:43:13.955481+00:00
5020,112,21,NO,buy,44.12,70.81,0.623069,724044,0x0d53320522cc,2025-11-25T16:42:52.898089+00:00
5996,162,16,YES,buy,6.28,13.1,0.479568,78009,0x03ea440d1716,2025-11-25T16:42:36.504129+00:00
12691,514,19,NO,sell,25.75,45.92,0.560717,53835,0x04e029036977,2025-11-25T16:42:19.634107+00:00
7053,219,41,NO,buy,29.25,62.43,0.46849,843957,0x0e3569094cf1,2025-11-25T16:41:26.431999+00:00
10865,415,27,NO,buy,3.31,6.18,0.535969,38884,0x0d8104072f73,2025-11-25T16:40:57.911784+00:00
12477,501,20,YES,sell,30.17,48.97,0.616037,655908,0x0a9e640c3111,2025-11-25T16:40:46.851642+00:00
8784,306,18,YES,buy,33.43,110.44,0.302688,995128,0x0d051605e542,2025-11-25T16:37:39.941683+00:00
11090,428,21,NO,buy,17.47,55.54,0.31454,876286,0x06ace9038522,2025-11-25T16:37:26.763306+00:00
5995,162,40,NO,sell,11.32,23.36,0.484515,39585,0x0cc712040267,2025-11-25T16:37:01.504129+00:00
13437,549,18,NO,buy,10.45,15.07,0.693655,356696,0x0edfa7048ebf,2025-11-25T16:36:53.261199+00:00
7052,219,16,YES,buy,4.92,8.2,0.600286,783130,0x06277f07c5b5,2025-11-25T16:36:16.431999+00:00
10443,394,15,NO,buy,46.29,151.42,0.305703,76389,0x02714d0d6c82,2025-11-25T16:36:05.331509+00:00
4089,61,38,NO,sell,39.01,99.5,0.392047,230642,0x0e5b560729bb,2025-11-25T16:35:54.310436+00:00
10775,410,33,NO,sell,7.52,12.67,0.59346,610125,0x041e460ba37d,2025-11-25T16:35:25.594081+00:00
11983,476,44,NO,buy,8.31,25.45,0.326496,377412,0x045c1a07fbbe,2025-11-25T16:34:12.988594+00:00
6961,215,19,NO,sell,46.3,126.24,0.366775,12631,0x0f040e03492b,2025-11-25T16:33:57.094493+00:00
8482,293,40,NO,sell,21.32,66.3,0.321587,643526,0x0ea6de0e0b01,2025-11-25T16:31:31.751189+00:00
8655,300,19,YES,buy,15.92,27.33,0.582569,92481,0x01e7d80a3abd,2025-11-25T16:30:30.371602+00:00
6960,215,24,YES,sell,41.01,68.51,0.598618,984965,0x0aaa7a021014,2025-11-25T16:29:43.094493+00:00
4244,68,36,YES,buy,37.29,80.91,0.460906,228823,0x05467a0a297b,2025-11-25T16:29:00.913320+00:00
6215,177,20,NO,sell,31.17,45.89,0.67919,621478,0x037a640ca9c3,2025-11-25T16:28:29.287232+00:00
10928,420,29,NO,buy,8.03,13.37,0.60042,515760,0x08b445081acd,2025-11-25T16:28:14.156325+00:00
8654,300,22,NO,sell,27.81,61.95,0.448889,40252,0x03023d0c5db4,2025-11-25T16:27:18.371602+00:00
8653,300,36,YES,buy,12.51,18.64,0.671112,841083,0x030de409ad41,2025-11-25T16:25:52.371602+00:00
10864,415,30,NO,buy,33.67,68.88,0.488847,330767,0x06d069032c19,2025-11-25T16:25:37.911784+00:00
9485,342,31,NO,buy,41.97,94.29,0.445125,699100,0x05637a02bffb,2025-11-25T16:25:27.602437+00:00
6500,191,17,NO,buy,45.39,129.47,0.350589,300421,0x045bf507049b,2025-11-25T16:23:19.350476+00:00
8096,274,37,YES,buy,44.35,123.5,0.359119,163385,0x08392c05c2d3,2025-11-25T16:22:55.339343+00:00
9857,362,16,NO,buy,30.66,75.67,0.405197,998371,0x02b6b4021dec,2025-11-25T16:22:22.081816+00:00
5994,162,29,NO,sell,15.39,26.43,0.582263,847165,0x07f1810836a0,2025-11-25T16:20:48.504129+00:00
11473,450,31,YES,sell,25.53,45.14,0.565569,472998,0x06bcdb02911b,2025-11-25T16:18:48.191806+00:00
10442,394,16,NO,sell,26.5,39.03,0.678944,199041,0x02c4a50e62e9,2025-11-25T16:18:26.331509+00:00
8274,282,20,YES,buy,16.94,32.18,0.526392,952629,0x07eed40565e9,2025-11-25T16:17:50.002323+00:00
5019,112,16,YES,buy,14.62,31.24,0.468025,6409,0x08b5290695f3,2025-11-25T16:15:57.898089+00:00
11089,428,22,YES,sell,37.45,62.56,0.598612,277910,0x0358b6063ed4,2025-11-25T16:15:28.763306+00:00
8370,287,30,NO,sell,40.87,69.65,0.586776,770300,0x0b8e6702a082,2025-11-25T16:14:34.344097+00:00
11454,449,17,YES,buy,32.66,64.79,0.50409,23582,0x07a82a0240b8,2025-11-25T16:13:26.106503+00:00
5589,142,15,NO,sell,16.66,26.48,0.629051,896857,0x03f44f08eac3,2025-11-25T16:10:14.004436+00:00
12476,501,37,NO,sell,8.34,26.69,0.312519,594909,0x07521b09a0f0,2025-11-25T16:08:48.851642+00:00
5841,153,21,YES,buy,15.49,47.78,0.324225,838653,0x04a51c09e6e3,2025-11-25T16:08:39.955481+00:00
5638,144,25,YES,buy,38.55,62.75,0.614324,640760,0x0f29e1040d8f,2025-11-25T16:08:14.167895+00:00
8652,300,20,YES,buy,41.0,69.16,0.592801,610710,0x06e0090e0786,2025-11-25T16:08:00.371602+00:00
5436,133,39,YES,sell,36.56,66.64,0.548612,765649,0x085ddd0e0c34,2025-11-25T16:07:52.420808+00:00
10529,398,39,YES,sell,24.21,53.56,0.452022,641383,0x02554b03e82c,2025-11-25T16:06:29.654698+00:00
12609,508,20,NO,buy,30.18,71.8,0.420358,20482,0x04f51c087c02,2025-11-25T16:06:03.322790+00:00
8481,293,40,YES,buy,21.77,41.6,0.523297,214424,0x0c249304f5fe,2025-11-25T16:05:54.751189+00:00
13436,549,44,NO,buy,45.18,66.72,0.67714,981355,0x0847d9034fef,2025-11-25T16:04:47.261199+00:00
10774,410,28,NO,sell,13.88,26.45,0.524735,643703,0x077eaa0dc63a,2025-11-25T16:04:37.594081+00:00
6060,165,39,NO,sell,35.11,85.89,0.408777,422478,0x04b7a40b9661,2025-11-25T16:04:29.756538+00:00
6214,177,23,YES,buy,14.89,24.49,0.607904,815044,0x02eb890216c5,2025-11-25T16:04:10.287232+00:00
8095,274,18,YES,buy,41.12,85.38,0.481584,683449,0x0ca31404b3ec,2025-11-25T16:03:59.339343+00:00
12276,491,35,NO,sell,23.32,46.19,0.504828,116746,0x04e6e7062599,2025-11-25T16:00:44.084073+00:00
12690,514,23,NO,buy,10.4,24.81,0.419102,642159,0x04dc2901dc4d,2025-11-25T15:58:41.634107+00:00
5637,144,25,NO,buy,34.55,51.49,0.671021,705524,0x04e3fb0aa979,2025-11-25T15:57:31.167895+00:00
5291,126,37,NO,sell,45.72,86.57,0.528127,589155,0x0eb1b201af4d,2025-11-25T15:57:18.915925+00:00
11982,476,34,NO,buy,40.48,100.46,0.402929,929012,0x0dde9d0d8adf,2025-11-25T15:57:14.988594+00:00
6821,209,37,NO,sell,32.5,96.96,0.335177,704154,0x0381660324a1,2025-11-25T15:56:42.573473+00:00
9856,362,38,NO,buy,11.28,34.95,0.322752,711700,0x02ba870a784a,2025-11-25T15:56:32.081816+00:00
12475,501,34,NO,buy,31.5,48.99,0.642971,665786,0x0c708908725a,2025-11-25T15:56:13.851642+00:00
9484,342,42,NO,buy,22.17,40.97,0.541193,698149,0x0213a40306be,2025-11-25T15:56:10.602437+00:00
8551,296,30,YES,sell,15.09,30.19,0.499827,749041,0x09d4fd0b2910,2025-11-25T15:56:02.026245+00:00
11781,464,39,YES,buy,46.07,105.87,0.435174,229686,0x07253204ca8c,2025-11-25T15:56:01.295231+00:00
4396,80,35,YES,sell,8.7,25.55,0.340503,430161,0x04d08f0490cc,2025-11-25T15:55:44.540662+00:00
12139,484,24,YES,sell,22.5,45.24,0.497356,29798,0x085eec0834c3,2025-11-25T15:55:33.603771+00:00
13435,549,42,YES,sell,12.5,19.47,0.642163,766977,0x0cbeff041b53,2025-11-25T15:55:07.261199+00:00
4088,61,27,NO,buy,28.73,50.02,0.57432,955851,0x0d70c9024f82,2025-11-25T15:54:21.310436+00:00
12608,508,44,NO,buy,19.47,44.22,0.440304,370007,0x06e1b70f30b9,2025-11-25T15:54:02.322790+00:00
11981,476,20,YES,sell,20.31,63.23,0.321215,906939,0x027c920be85e,2025-11-25T15:53:07.988594+00:00
5435,133,44,YES,sell,46.21,69.7,0.66298,620665,0x0e7d620d9437,2025-11-25T15:52:56.420808+00:00
8273,282,43,YES,buy,26.86,71.8,0.374079,493519,0x03df3f0f3aea,2025-11-25T15:51:39.002323+00:00
5946,160,22,NO,sell,45.67,113.06,0.403944,230781,0x040e310438f8,2025-11-25T15:51:27.343895+00:00
10927,420,35,YES,sell,3.63,5.96,0.609109,445762,0x04d26e09deb9,2025-11-25T15:51:01.156325+00:00
8550,296,26,YES,sell,30.72,59.16,0.519278,683056,0x057bc30d0166,2025-11-25T15:50:51.026245+00:00
10773,410,31,YES,sell,26.84,44.78,0.59934,677218,0x07299d099180,2025-11-25T15:49:08.594081+00:00
11453,449,15,NO,buy,47.82,149.44,0.319994,993024,0x06c03c036621,2025-11-25T15:48:50.106503+00:00
4243,68,16,NO,buy,12.79,39.12,0.326916,469127,0x0b076b021027,2025-11-25T15:48:02.913320+00:00
4885,103,27,YES,buy,6.48,10.91,0.593792,697482,0x0374c609e090,2025-11-25T15:47:08.387708+00:00
5290,126,20,YES,sell,47.16,95.73,0.49265,822934,0x0a180f0c8c13,2025-11-25T15:46:10.915925+00:00
11780,464,23,YES,sell,29.89,58.96,0.506935,394233,0x0ce7b104efa9,2025-11-25T15:45:51.295231+00:00
8272,282,17,NO,sell,13.08,24.97,0.523806,646543,0x0742870d1cc7,2025-11-25T15:45:25.002323+00:00
11980,476,22,NO,sell,42.5,111.7,0.380481,520521,0x0d9e1005372a,2025-11-25T15:45:18.988594+00:00
6959,215,39,YES,sell,28.12,45.09,0.623654,386606,0x0e0a4e0299a5,2025-11-25T15:44:34.094493+00:00
12689,514,33,YES,buy,20.61,40.79,0.505291,256670,0x068b330eb409,2025-11-25T15:43:19.634107+00:00
13434,549,17,NO,buy,33.01,49.98,0.660423,333749,0x09383f0319c7,2025-11-25T15:42:16.261199+00:00
7051,219,30,NO,sell,18.8,45.7,0.411406,733140,0x0935b80d25ff,2025-11-25T15:42:11.431999+00:00
7050,219,24,NO,buy,8.19,19.25,0.425416,712060,0x0b22c3090d51,2025-11-25T15:41:33.431999+00:00
8783,306,43,YES,buy,16.39,26.69,0.614192,733615,0x01c13108e6fc,2025-11-25T15:41:22.941683+00:00
4884,103,25,NO,buy,45.13,97.51,0.462803,690365,0x0757400c45cb,2025-11-25T15:40:49.387708+00:00
8651,300,24,YES,buy,49.54,144.83,0.342062,529344,0x01c8c50a1625,2025-11-25T15:40:21.371602+00:00
4242,68,27,YES,buy,23.57,65.1,0.362049,803674,0x048aa40d2052,2025-11-25T15:40:10.913320+00:00
7049,219,20,NO,buy,10.14,29.16,0.347722,423867,0x0b07a50c0669,2025-11-25T15:39:11.431999+00:00
10863,415,19,YES,buy,46.73,99.79,0.46828,758436,0x0a0ff90c1af4,2025-11-25T15:37:25.911784+00:00
5636,144,32,YES,buy,39.16,64.71,0.605141,527154,0x04eff50670ea,2025-11-25T15:36:31.167895+00:00
7510,244,28,NO,buy,12.58,26.29,0.478459,122979,0x0c79be0e7ffe,2025-11-25T15:36:09.154065+00:00
8480,293,24,NO,sell,31.5,72.5,0.434485,969498,0x0ed17f0757a5,2025-11-25T15:36:02.751189+00:00
8094,274,28,NO,buy,41.11,124.37,0.33055,605897,0x073cc10ec101,2025-11-25T15:35:42.339343+00:00
4883,103,23,YES,buy,48.23,97.57,0.494337,902339,0x01d82b02693e,2025-11-25T15:34:56.387708+00:00
8650,300,33,NO,buy,38.11,76.34,0.499218,74746,0x0e9800050154,2025-11-25T15:34:12.371602+00:00
11779,464,15,YES,sell,23.37,46.79,0.499496,127045,0x0b7db3050d6e,2025-11-25T15:33:37.295231+00:00
8369,287,15,YES,buy,39.8,94.53,0.421018,629889,0x063cde0659ae,2025-11-25T15:33:28.344097+00:00
12688,514,38,NO,sell,31.02,64.04,0.484415,508235,0x0310340f0546,2025-11-25T15:33:13.634107+00:00
11472,450,27,NO,sell,48.3,91.58,0.527423,85192,0x0d4541068dbe,2025-11-25T15:33:10.191806+00:00
5588,142,24,NO,sell,32.1,74.39,0.431501,976042,0x07c0210922b1,2025-11-25T15:32:00.004436+00:00
5840,153,34,NO,buy,39.4,57.71,0.682667,635148,0x0947f2068d75,2025-11-25T15:31:53.955481+00:00
10441,394,16,NO,sell,28.78,50.04,0.575111,216222,0x09d5ee0733c8,2025-11-25T15:31:02.331509+00:00
12138,484,18,NO,sell,20.55,36.82,0.558063,626217,0x081222019459,2025-11-25T15:29:15.603771+00:00
5434,133,27,YES,sell,27.09,48.02,0.564161,801059,0x0206da0a30cf,2025-11-25T15:29:02.420808+00:00
6499,191,30,NO,sell,19.95,33.74,0.591253,401878,0x0df4e409920d,2025-11-25T15:28:04.350476+00:00
5945,160,15,NO,sell,36.48,54.97,0.663675,268309,0x02f50e08860f,2025-11-25T15:27:31.343895+00:00
8368,287,22,NO,sell,9.07,19.18,0.472854,30874,0x0b5ebf09011b,2025-11-25T15:27:01.344097+00:00
4395,80,43,YES,sell,30.11,55.2,0.545458,33498,0x093fea0ccc46,2025-11-25T15:26:08.540662+00:00
5289,126,31,YES,sell,10.02,31.17,0.321497,790762,0x0861e606ff89,2025-11-25T15:25:44.915925+00:00
12474,501,42,NO,buy,39.25,56.94,0.68933,691450,0x0b665d0b9999,2025-11-25T15:25:43.851642+00:00
5993,162,22,NO,buy,20.28,46.57,0.435463,496620,0x04217b0ca4f8,2025-11-25T15:25:20.504129+00:00
12137,484,28,NO,sell,40.8,65.75,0.620525,909688,0x08794a0d3c48,2025-11-25T15:24:41.603771+00:00
5018,112,28,NO,sell,6.96,13.72,0.507318,543383,0x09747f074f36,2025-11-25T15:23:59.898089+00:00
12275,491,20,YES,buy,26.37,74.29,0.354972,629013,0x02e1440c4c1d,2025-11-25T15:23:12.084073+00:00
11452,449,30,YES,sell,3.41,7.55,0.451916,308952,0x06c52403e68f,2025-11-25T15:22:39.106503+00:00
11471,450,43,NO,buy,28.21,75.74,0.372467,247627,0x0eee0705de30,2025-11-25T15:22:10.191806+00:00
11470,450,38,YES,buy,28.77,89.01,0.323237,113746,0x03662b0ebd01,2025-11-25T15:21:41.191806+00:00
6213,177,31,YES,buy,40.14,83.81,0.478931,17836,0x069a5e024230,2025-11-25T15:21:38.287232+00:00
10440,394,16,YES,sell,2.16,4.49,0.480878,87557,0x04d3040d8cdd,2025-11-25T15:20:24.331509+00:00
11088,428,21,YES,sell,45.65,134.47,0.339489,430165,0x038d0904277d,2025-11-25T15:19:25.763306+00:00
6958,215,42,NO,sell,13.56,29.12,0.465638,713440,0x0900e803a0bb,2025-11-25T15:17:56.094493+00:00
7048,219,27,YES,buy,17.43,42.48,0.410271,50330,0x06f1220a7ffa,2025-11-25T15:15:37.431999+00:00
10528,398,19,YES,sell,33.85,102.28,0.33096,870544,0x07b1bf0b5411,2025-11-25T15:15:31.654698+00:00
11451,449,42,NO,sell,32.45,106.39,0.30502,561100,0x09397f0de189,2025-11-25T15:15:23.106503+00:00
6059,165,39,NO,sell,1.07,2.84,0.377368,322218,0x0342e70d3f6e,2025-11-25T15:15:07.756538+00:00
11450,449,20,NO,buy,12.37,19.44,0.636296,578712,0x0651fd025001,2025-11-25T15:14:55.106503+00:00
12136,484,21,NO,sell,35.35,90.3,0.391484,675199,0x054017063cb0,2025-11-25T15:14:51.603771+00:00
5433,133,42,NO,sell,1.92,4.24,0.453035,236351,0x08a154023c8d,2025-11-25T15:14:50.420808+00:00
8271,282,27,YES,sell,32.67,83.93,0.389262,438834,0x0649db096eeb,2025-11-25T15:13:06.002323+00:00
8649,300,38,NO,buy,47.76,137.24,0.348002,786597,0x041b070895ed,2025-11-25T15:12:23.371602+00:00
10527,398,24,YES,sell,29.69,78.43,0.378555,492602,0x0aeef90aa8a4,2025-11-25T15:11:33.654698+00:00
6820,209,39,NO,buy,18.49,34.89,0.529933,420083,0x04476901cd0b,2025-11-25T15:11:29.573473+00:00
9483,342,41,NO,buy,12.67,21.81,0.580854,871087,0x0776ba0bff03,2025-11-25T15:11:26.602437+00:00
12473,501,26,YES,sell,39.52,105.64,0.374084,8746,0x0d3fdc03b902,2025-11-25T15:10:36.851642+00:00
11087,428,26,YES,buy,5.73,9.16,0.625254,236362,0x0b111e09b7e0,2025-11-25T15:09:57.763306+00:00
9855,362,39,NO,sell,34.15,55.08,0.619993,594260,0x03a14a0aef6d,2025-11-25T15:09:28.081816+00:00
4087,61,22,NO,sell,29.17,41.85,0.697077,871357,0x063fe301e07d,2025-11-25T15:09:15.310436+00:00
12274,491,19,YES,sell,7.7,20.58,0.374182,234280,0x0affdc0655b7,2025-11-25T15:05:35.084073+00:00
8782,306,17,YES,buy,11.04,28.49,0.387521,840914,0x0ae3bb0ee0ba,2025-11-25T15:05:26.941683+00:00
7509,244,30,YES,sell,17.86,39.18,0.455794,196102,0x035d300b2063,2025-11-25T15:05:02.154065+00:00
4241,68,22,YES,buy,48.95,100.89,0.485202,445730,0x0d08080a3cac,2025-11-25T15:03:42.913320+00:00
13433,549,42,YES,buy,31.13,88.25,0.352733,623126,0x0d2a150ab50a,2025-11-25T15:03:32.261199+00:00
4086,61,37,NO,sell,42.42,111.72,0.379687,507680,0x07ae540f2de3,2025-11-25T15:01:49.310436+00:00
5017,112,23,NO,buy,46.96,84.4,0.556387,896336,0x0bed25025b0e,2025-11-25T15:01:46.898089+00:00
8549,296,22,YES,buy,38.41,117.22,0.327676,365024,0x0270f00c7ef8,2025-11-25T15:01:28.026245+00:00
5944,160,22,YES,sell,35.94,116.4,0.308752,377984,0x0aac21070c7f,2025-11-25T15:01:21.343895+00:00
11449,449,43,YES,sell,39.65,68.77,0.576521,263821,0x0d5a5e0c3489,2025-11-25T15:00:18.106503+00:00
12472,501,29,YES,buy,10.45,21.71,0.48126,722461,0x037ef20c053d,2025-11-25T14:59:19.851642+00:00
12273,491,15,NO,sell,9.08,15.46,0.58729,25374,0x05d9d70441a9,2025-11-25T14:58:43.084073+00:00
10926,420,16,YES,sell,43.28,131.85,0.328262,284612,0x0202a20a2a3a,2025-11-25T14:57:10.156325+00:00
5288,126,17,YES,buy,14.42,43.34,0.332684,914612,0x0cebd208bfa5,2025-11-25T14:56:55.915925+00:00
12607,508,23,YES,buy,9.17,23.78,0.385628,938769,0x0bc5f506f4ca,2025-11-25T14:56:36.322790+00:00
5432,133,41,YES,sell,14.62,32.23,0.453671,63621,0x0ec2bf02e0b5,2025-11-25T14:55:37.420808+00:00
10772,410,21,NO,buy,35.48,76.08,0.466357,558028,0x0a4b7901f431,2025-11-25T14:54:03.594081+00:00
8781,306,23,YES,sell,9.48,24.76,0.382896,600736,0x05a85f0c80ae,2025-11-25T14:53:32.941683+00:00
6058,165,23,YES,buy,31.75,45.95,0.690981,21520,0x01946e03e952,2025-11-25T14:52:37.756538+00:00
11979,476,15,NO,sell,43.66,62.98,0.693249,724125,0x09206f0ed54f,2025-11-25T14:50:40.988594+00:00
9482,342,23,YES,sell,32.07,46.7,0.686764,513180,0x0bbed8060fc2,2025-11-25T14:50:21.602437+00:00
9854,362,19,YES,buy,1.59,2.32,0.685881,824054,0x0c08e304d067,2025-11-25T14:50:09.081816+00:00
5587,142,29,NO,buy,11.84,38.54,0.307229,67817,0x06b839051013,2025-11-25T14:50:06.004436+00:00
12606,508,44,YES,sell,24.06,75.27,0.319655,123012,0x0237cb07ac17,2025-11-25T14:49:54.322790+00:00
5635,144,20,YES,sell,33.98,100.58,0.337827,669868,0x089df7070139,2025-11-25T14:49:28.167895+00:00
6498,191,40,NO,sell,47.4,106.71,0.444197,389726,0x055d5f0882e1,2025-11-25T14:49:23.350476+00:00
8093,274,17,YES,sell,40.23,62.41,0.644641,431292,0x0a12d60587cb,2025-11-25T14:49:18.339343+00:00
9481,342,25,NO,sell,3.62,6.92,0.522971,239468,0x0dc80109f4c2,2025-11-25T14:49:15.602437+00:00
8780,306,30,NO,buy,14.43,29.12,0.495613,659261,0x074f8605448a,2025-11-25T14:49:02.941683+00:00
7047,219,32,NO,buy,4.86,12.79,0.379877,851140,0x0f397303d99b,2025-11-25T14:48:51.431999+00:00
4394,80,23,YES,buy,17.75,27.09,0.655173,79645,0x0419b00d3cd5,2025-11-25T14:48:38.540662+00:00
12687,514,35,YES,sell,27.92,67.56,0.413281,359090,0x091b2902186a,2025-11-25T14:47:45.634107+00:00
11086,428,41,YES,buy,9.8,28.74,0.34104,611405,0x03c39304e158,2025-11-25T14:46:42.763306+00:00
10862,415,40,NO,buy,33.99,89.25,0.38084,87450,0x0385420869cb,2025-11-25T14:44:53.911784+00:00
5287,126,16,YES,buy,47.68,83.14,0.573469,667566,0x05d7ec058f1b,2025-11-25T14:44:44.915925+00:00
5992,162,17,NO,sell,8.71,14.27,0.61043,521529,0x09c39e031055,2025-11-25T14:43:46.504129+00:00
10439,394,19,NO,sell,24.72,40.11,0.616307,859671,0x0b44040cf77c,2025-11-25T14:43:05.331509+00:00
11778,464,40,YES,sell,30.84,64.25,0.480031,191450,0x0c8cf806213c,2025-11-25T14:42:29.295231+00:00
7046,219,34,YES,buy,48.97,83.53,0.586255,646014,0x0b1e1d0cb6ec,2025-11-25T14:42:22.431999+00:00
8479,293,44,YES,buy,17.61,25.74,0.684153,253349,0x06e87a0a6ab5,2025-11-25T14:41:55.751189+00:00
13432,549,41,NO,buy,20.02,31.67,0.632083,880862,0x0f2cec0c2680,2025-11-25T14:41:22.261199+00:00
8092,274,26,YES,sell,8.12,17.04,0.476549,102891,0x0afc0603463c,2025-11-25T14:41:11.339343+00:00
4882,103,28,NO,buy,10.9,26.64,0.409085,829028,0x01fdfd05a904,2025-11-25T14:39:55.387708+00:00
13431,549,33,YES,sell,18.35,41.42,0.443065,699666,0x051db10af64c,2025-11-25T14:39:24.261199+00:00
7045,219,44,YES,sell,24.88,49.54,0.502236,507428,0x0b35310a75c9,2025-11-25T14:39:18.431999+00:00
12471,501,27,NO,buy,42.76,110.47,0.387078,25745,0x0df4130908df,2025-11-25T14:38:28.851642+00:00
5634,144,39,YES,sell,1.32,2.01,0.657347,520871,0x09adbb090dd1,2025-11-25T14:38:10.167895+00:00
8270,282,38,YES,buy,17.25,37.63,0.458449,681893,0x0879ef0d4f16,2025-11-25T14:37:10.002323+00:00
10771,410,25,NO,buy,13.5,40.02,0.337355,778340,0x01e47b0c59f1,2025-11-25T14:36:04.594081+00:00
5839,153,19,NO,buy,24.21,62.18,0.389333,374470,0x01932106c2e5,2025-11-25T14:35:25.955481+00:00
12135,484,22,YES,sell,20.04,36.06,0.555734,299746,0x0de62f066a63,2025-11-25T14:34:24.603771+00:00
12272,491,25,YES,buy,31.01,47.49,0.652927,94857,0x01ee7b0b96a4,2025-11-25T14:34:10.084073+00:00
5991,162,18,NO,sell,31.16,61.05,0.510435,299262,0x0ed5af0b5465,2025-11-25T14:34:09.504129+00:00
6957,215,29,YES,sell,36.66,110.11,0.332942,885202,0x0d90a008bf72,2025-11-25T14:33:17.094493+00:00
6057,165,24,NO,buy,4.09,5.99,0.682862,943434,0x033d620562af,2025-11-25T14:33:09.756538+00:00
4085,61,29,NO,buy,4.62,6.81,0.678094,670975,0x0aed51064ff5,2025-11-25T14:32:42.310436+00:00
11085,428,25,NO,buy,1.84,5.78,0.31857,840722,0x02c1570225f1,2025-11-25T14:31:59.763306+00:00
5586,142,23,YES,sell,11.15,18.19,0.61282,289115,0x0c0a91039a26,2025-11-25T14:31:43.004436+00:00
12605,508,40,YES,sell,15.99,34.05,0.469567,700847,0x077f1509d631,2025-11-25T14:31:26.322790+00:00
8367,287,34,NO,buy,40.73,71.03,0.57341,239112,0x07531d052785,2025-11-25T14:30:58.344097+00:00
5633,144,32,YES,sell,14.49,27.63,0.524506,462419,0x06777c0b8a66,2025-11-25T14:30:24.167895+00:00
5286,126,25,YES,sell,4.06,6.51,0.623413,497405,0x0e28a808685a,2025-11-25T14:30:00.915925+00:00
11469,450,24,YES,sell,11.93,30.81,0.387201,25322,0x08bc1505bf66,2025-11-25T14:29:20.191806+00:00
10526,398,23,YES,buy,21.49,46.88,0.458407,341663,0x0d6c4d076385,2025-11-25T14:28:19.654698+00:00
10925,420,22,YES,sell,9.71,18.49,0.525141,500527,0x0b20ff0780bc,2025-11-25T14:27:10.156325+00:00
4393,80,35,YES,buy,23.11,37.29,0.619678,22053,0x020f7b063e92,2025-11-25T14:26:43.540662+00:00
8366,287,34,NO,sell,18.27,37.71,0.484544,224906,0x05dd8b04cd3f,2025-11-25T14:26:05.344097+00:00
10525,398,20,NO,sell,27.96,51.42,0.543784,430666,0x0a4edf05880b,2025-11-25T14:25:48.654698+00:00
11978,476,26,NO,sell,42.97,80.68,0.532602,158455,0x0d956c0b310b,2025-11-25T14:25:09.988594+00:00
11448,449,34,YES,sell,42.04,79.49,0.52887,869481,0x0e29170aa7ea,2025-11-25T14:25:09.106503+00:00
9853,362,30,NO,sell,40.52,93.61,0.43287,344609,0x040ff90b8bcc,2025-11-25T14:23:49.081816+00:00
6212,177,21,YES,sell,31.35,81.26,0.385787,764197,0x083cd40923ba,2025-11-25T14:23:44.287232+00:00
7508,244,33,YES,sell,40.13,95.19,0.421573,441732,0x05adb50756fb,2025-11-25T14:23:32.154065+00:00
8091,274,23,NO,buy,28.68,54.01,0.531024,192530,0x08837804df18,2025-11-25T14:23:23.339343+00:00
5943,160,22,NO,buy,19.59,30.09,0.651092,981696,0x01ea0f0c827f,2025-11-25T14:22:44.343895+00:00
12470,501,39,NO,sell,46.56,68.15,0.683158,780802,0x0d88940d246c,2025-11-25T14:22:40.851642+00:00
5431,133,19,YES,buy,35.22,62.9,0.559963,23323,0x08c93c035a8b,2025-11-25T14:21:24.420808+00:00
6819,209,18,YES,buy,17.48,31.5,0.554879,634970,0x0f0581059200,2025-11-25T14:20:56.573473+00:00
5016,112,38,NO,buy,42.54,137.56,0.309247,559829,0x0c9d180c5ea0,2025-11-25T14:19:40.898089+00:00
6956,215,42,NO,buy,15.39,31.91,0.482244,290204,0x09e2fd05b777,2025-11-25T14:18:38.094493+00:00
6211,177,24,YES,sell,15.39,44.87,0.343009,213123,0x0ec47806c527,2025-11-25T14:16:15.287232+00:00
10861,415,39,YES,sell,22.23,37.77,0.588634,641587,0x0944b704eec3,2025-11-25T14:15:45.911784+00:00
5285,126,18,NO,sell,2.88,7.95,0.362296,672315,0x090b9c03daa6,2025-11-25T14:15:16.915925+00:00
8648,300,17,YES,sell,47.28,111.8,0.422883,716118,0x089da50d64b9,2025-11-25T14:14:05.371602+00:00
4240,68,36,YES,sell,6.81,9.77,0.697139,134533,0x07d09709fcc3,2025-11-25T14:13:51.913320+00:00
5585,142,37,YES,sell,25.58,80.37,0.318297,712152,0x07e794046d11,2025-11-25T14:12:06.004436+00:00
8548,296,29,NO,sell,19.37,43.84,0.441842,999076,0x030943096c54,2025-11-25T14:10:50.026245+00:00
6818,209,24,YES,sell,36.58,56.15,0.651482,575288,0x0d9699079491,2025-11-25T14:10:22.573473+00:00
8478,293,17,NO,sell,47.47,82.22,0.577372,109232,0x04c1d805f25e,2025-11-25T14:07:52.751189+00:00
11777,464,39,YES,buy,21.79,67.42,0.323207,201171,0x0735e8045227,2025-11-25T14:07:34.295231+00:00
11977,476,33,YES,buy,38.61,80.59,0.479118,475605,0x06997c0c0c85,2025-11-25T14:06:12.988594+00:00
8090,274,41,NO,sell,9.37,15.78,0.593789,466786,0x0c4eac0736b0,2025-11-25T14:05:47.339343+00:00
7044,219,21,YES,buy,30.64,62.87,0.487369,22668,0x05be860f203e,2025-11-25T14:04:48.431999+00:00
5942,160,37,NO,buy,39.62,103.49,0.382852,425780,0x068da2072d99,2025-11-25T14:03:52.343895+00:00
12604,508,16,YES,buy,46.15,104.0,0.443745,397154,0x0ed7a90b041e,2025-11-25T14:03:25.322790+00:00
8547,296,30,YES,sell,32.46,50.82,0.63874,555891,0x0782fc079de6,2025-11-25T14:03:16.026245+00:00
10438,394,23,YES,buy,2.6,4.21,0.617161,557887,0x0c5b320c1746,2025-11-25T14:02:51.331509+00:00
12469,501,42,NO,buy,8.9,16.05,0.554397,947484,0x0c508e092a0e,2025-11-25T14:01:38.851642+00:00
4881,103,18,YES,buy,2.36,3.81,0.618818,509960,0x067e9908f3d2,2025-11-25T14:01:32.387708+00:00
5990,162,17,YES,buy,41.25,109.45,0.376899,865226,0x043ead07c79a,2025-11-25T14:00:31.504129+00:00
11468,450,27,NO,sell,6.76,17.69,0.382116,409932,0x07d41a0bfe2f,2025-11-25T14:00:18.191806+00:00
6497,191,33,NO,sell,17.21,35.75,0.481413,939385,0x0aea440ceb69,2025-11-25T14:00:02.350476+00:00
8779,306,23,NO,sell,22.03,43.25,0.509409,566406,0x062c630db0dd,2025-11-25T13:59:25.941683+00:00
11976,476,28,NO,buy,27.09,60.7,0.446268,272590,0x0335080bbf5d,2025-11-25T13:58:47.988594+00:00
9480,342,15,NO,buy,32.31,62.83,0.514211,718750,0x0ac0630ee549,2025-11-25T13:57:56.602437+00:00
13430,549,20,YES,buy,34.67,106.22,0.326401,761382,0x02543b091052,2025-11-25T13:56:46.261199+00:00
12134,484,32,YES,sell,40.36,67.7,0.59615,254022,0x02a1040694ad,2025-11-25T13:56:10.603771+00:00
6817,209,31,NO,sell,48.7,139.05,0.350222,852123,0x06898505e039,2025-11-25T13:55:54.573473+00:00
7043,219,24,NO,buy,43.48,73.83,0.58895,438805,0x0701b10d0f28,2025-11-25T13:55:37.431999+00:00
11776,464,26,YES,sell,41.41,97.47,0.424854,900791,0x05feb703ba4e,2025-11-25T13:54:38.295231+00:00
11447,449,15,YES,sell,5.26,17.18,0.306184,178602,0x0c4974043609,2025-11-25T13:52:17.106503+00:00
8089,274,34,NO,buy,14.48,27.05,0.535292,62144,0x02156909c625,2025-11-25T13:51:11.339343+00:00
12686,514,40,NO,buy,31.52,102.62,0.307149,349470,0x01bc78062c2d,2025-11-25T13:51:01.634107+00:00
8269,282,31,NO,sell,48.23,77.9,0.619147,715012,0x0dfef402d129,2025-11-25T13:50:15.002323+00:00
10770,410,34,NO,buy,46.42,137.2,0.338347,767553,0x0d667f0bc0b6,2025-11-25T13:49:22.594081+00:00
6210,177,41,NO,buy,14.19,45.04,0.315076,221395,0x0ef160075a7c,2025-11-25T13:49:10.287232+00:00
4392,80,30,NO,sell,27.76,81.51,0.340571,907022,0x09329c0e2543,2025-11-25T13:47:06.540662+00:00
5838,153,34,NO,buy,23.02,37.68,0.610973,290627,0x0e2fb60dd852,2025-11-25T13:46:40.955481+00:00
12271,491,26,NO,buy,8.86,21.26,0.416692,792460,0x02409502d618,2025-11-25T13:46:23.084073+00:00
6955,215,39,YES,sell,27.15,67.08,0.40474,320527,0x085d0302530f,2025-11-25T13:45:07.094493+00:00
4880,103,28,NO,sell,32.66,81.13,0.402579,426581,0x0b2545054dd0,2025-11-25T13:45:06.387708+00:00
5015,112,17,YES,buy,7.24,10.75,0.673425,924798,0x0f36aa052c5e,2025-11-25T13:43:48.898089+00:00
8647,300,43,YES,buy,32.03,61.83,0.517997,85073,0x03c3c409c7f9,2025-11-25T13:43:48.371602+00:00
10524,398,16,NO,sell,39.99,64.42,0.620755,254917,0x07e2eb0bf941,2025-11-25T13:42:41.654698+00:00
5284,126,25,YES,sell,17.78,32.82,0.541748,778293,0x04ed940cc335,2025-11-25T13:42:36.915925+00:00
9852,362,36,NO,sell,23.19,38.71,0.599101,797358,0x0f0be604a661,2025-11-25T13:39:37.081816+00:00
11084,428,15,NO,buy,48.63,120.88,0.402302,499938,0x0328710740bd,2025-11-25T13:38:37.763306+00:00
6056,165,18,NO,sell,26.58,46.15,0.575963,542569,0x05dff70c0eff,2025-11-25T13:38:25.756538+00:00
4084,61,30,YES,buy,23.6,58.77,0.401591,10853,0x059c710c3201,2025-11-25T13:37:37.310436+00:00
8778,306,44,NO,sell,35.69,57.56,0.619996,775953,0x0ed85601a011,2025-11-25T13:37:04.941683+00:00
6816,209,21,NO,buy,2.79,4.04,0.689987,536046,0x03447c0e6d22,2025-11-25T13:35:02.573473+00:00
12603,508,33,YES,buy,45.45,120.87,0.376024,716520,0x05b1f3070a09,2025-11-25T13:32:53.322790+00:00
10924,420,39,YES,buy,36.98,52.9,0.699077,100811,0x0782320f0743,2025-11-25T13:31:57.156325+00:00
5014,112,30,YES,buy,33.33,63.33,0.526283,593592,0x0c71ab0b2c66,2025-11-25T13:31:40.898089+00:00
8777,306,36,NO,buy,25.68,44.2,0.581014,918489,0x08833204825b,2025-11-25T13:31:30.941683+00:00
5632,144,35,YES,sell,25.86,51.14,0.50568,278033,0x0bd9b00651f0,2025-11-25T13:31:02.167895+00:00
8088,274,39,YES,sell,15.76,28.0,0.56292,547271,0x0e532c07562b,2025-11-25T13:30:40.339343+00:00
8646,300,19,NO,sell,42.32,68.84,0.614738,744828,0x08fbdc022892,2025-11-25T13:30:05.371602+00:00
7507,244,20,YES,sell,1.31,2.92,0.448526,926003,0x0dc3080349b6,2025-11-25T13:30:03.154065+00:00
7042,219,32,YES,buy,20.2,55.65,0.362979,95941,0x0cb0df06eeda,2025-11-25T13:29:22.431999+00:00
11975,476,33,YES,buy,37.82,67.75,0.55822,883296,0x048ab80b6e28,2025-11-25T13:29:21.988594+00:00
6055,165,22,NO,sell,11.72,17.25,0.679406,980345,0x09ae580bcbcc,2025-11-25T13:28:23.756538+00:00
12685,514,36,YES,buy,16.64,35.2,0.472717,175025,0x0bf72c039b1a,2025-11-25T13:27:29.634107+00:00
5430,133,41,YES,sell,37.35,97.19,0.384308,857036,0x077bef0d1fdc,2025-11-25T13:27:27.420808+00:00
4239,68,38,NO,sell,49.65,109.6,0.452992,85148,0x0790d9078944,2025-11-25T13:27:05.913320+00:00
8365,287,15,NO,buy,14.59,35.2,0.414462,827753,0x03cda20afadf,2025-11-25T13:26:43.344097+00:00
8776,306,42,NO,sell,44.7,108.11,0.413485,459943,0x07b9e70a7ba5,2025-11-25T13:25:43.941683+00:00
12468,501,31,YES,sell,18.69,34.31,0.544728,972263,0x02fd7a045686,2025-11-25T13:24:26.851642+00:00
9851,362,31,YES,buy,40.11,68.94,0.581782,815332,0x0c00580e0d0f,2025-11-25T13:24:14.081816+00:00
10860,415,36,YES,buy,45.79,74.65,0.613384,941156,0x05fbcb0a2463,2025-11-25T13:22:56.911784+00:00
7506,244,23,NO,buy,39.93,70.24,0.568517,337216,0x0eeede0b3b7d,2025-11-25T13:22:47.154065+00:00
12270,491,34,NO,sell,37.47,56.6,0.66201,485844,0x0eb7cd08feb8,2025-11-25T13:21:37.084073+00:00
10437,394,31,NO,sell,27.0,46.04,0.586458,199322,0x05b4570ca581,2025-11-25T13:21:19.331509+00:00
4083,61,22,NO,buy,9.33,28.14,0.331587,717318,0x07a5860b70f5,2025-11-25T13:21:01.310436+00:00
5584,142,42,YES,buy,19.34,39.54,0.489167,289134,0x0db28708845a,2025-11-25T13:20:57.004436+00:00
5989,162,36,NO,buy,2.98,4.53,0.657152,41833,0x06cee203201b,2025-11-25T13:20:34.504129+00:00
10523,398,31,YES,sell,46.27,126.5,0.36576,518783,0x04e45108f923,2025-11-25T13:19:38.654698+00:00
4391,80,23,YES,buy,3.36,7.07,0.475288,928519,0x083d86042ff2,2025-11-25T13:18:41.540662+00:00
8364,287,37,YES,sell,39.73,98.02,0.405331,859824,0x0196280bb1eb,2025-11-25T13:18:15.344097+00:00
5429,133,16,NO,sell,35.57,64.82,0.548749,214442,0x06009e02c7f0,2025-11-25T13:17:56.420808+00:00
13429,549,26,YES,sell,1.46,3.76,0.388798,300789,0x0979e90efe27,2025-11-25T13:17:42.261199+00:00
10436,394,39,NO,sell,22.59,72.73,0.310622,163711,0x0c6025074a4b,2025-11-25T13:16:13.331509+00:00
5283,126,17,YES,buy,45.96,68.7,0.668996,210160,0x0dd13d0874a9,2025-11-25T13:15:02.915925+00:00
5837,153,25,YES,sell,37.76,68.72,0.549443,515788,0x02d3a909fe5f,2025-11-25T13:14:55.955481+00:00
13428,549,40,YES,sell,28.76,57.13,0.503427,657291,0x0c1a4802b5df,2025-11-25T13:14:54.261199+00:00
5836,153,35,YES,buy,40.85,102.22,0.39964,934816,0x0a89e4090abb,2025-11-25T13:13:26.955481+00:00
6209,177,41,YES,buy,45.78,84.84,0.5396,209821,0x0429b40246af,2025-11-25T13:13:24.287232+00:00
10923,420,35,YES,buy,44.03,66.08,0.666345,102334,0x05b5d70306c1,2025-11-25T13:13:11.156325+00:00
6496,191,15,NO,sell,19.12,39.28,0.486762,961639,0x0d2b8c07c5b8,2025-11-25T13:12:47.350476+00:00
8477,293,18,YES,buy,25.05,43.81,0.571816,207930,0x07e1f8074b03,2025-11-25T13:12:44.751189+00:00
11446,449,21,YES,buy,25.0,40.89,0.611419,887961,0x039dfc0aecf1,2025-11-25T13:12:31.106503+00:00
8546,296,42,YES,buy,43.27,64.76,0.66817,593862,0x0b91370ea458,2025-11-25T13:12:16.026245+00:00
8645,300,23,YES,sell,12.63,19.34,0.653161,249782,0x03cdbd03c6cb,2025-11-25T13:12:07.371602+00:00
11974,476,26,NO,sell,33.54,48.06,0.697821,472956,0x026e1f0d7b02,2025-11-25T13:12:00.988594+00:00
11467,450,31,NO,sell,30.27,46.02,0.657784,761435,0x0b825e03e49d,2025-11-25T13:11:40.191806+00:00
9479,342,35,NO,sell,37.4,60.72,0.615902,794682,0x0ba650033577,2025-11-25T13:11:06.602437+00:00
4082,61,24,YES,buy,16.89,52.38,0.322448,452607,0x0742e40785f9,2025-11-25T13:10:55.310436+00:00
5428,133,39,NO,buy,26.82,65.89,0.407014,528900,0x0cb0b20a3047,2025-11-25T13:10:39.420808+00:00
10769,410,17,YES,sell,3.27,7.45,0.439191,246945,0x0f0f50070477,2025-11-25T13:10:34.594081+00:00
8644,300,22,NO,sell,36.97,121.64,0.303927,770628,0x0f2e9106e380,2025-11-25T13:09:53.371602+00:00
8268,282,36,YES,buy,4.93,10.98,0.448918,100198,0x055590042a62,2025-11-25T13:09:33.002323+00:00
10922,420,28,NO,buy,1.87,4.78,0.391591,348035,0x07b0ac0e7d6a,2025-11-25T13:08:54.156325+00:00
5282,126,42,NO,buy,18.1,37.14,0.487395,488433,0x0a16750e9e56,2025-11-25T13:07:26.915925+00:00
9850,362,32,NO,buy,26.73,41.46,0.64469,349935,0x0c92120f1d10,2025-11-25T13:07:08.081816+00:00
11445,449,33,NO,buy,10.58,24.14,0.438202,593343,0x05ac6909623a,2025-11-25T13:06:46.106503+00:00
5941,160,34,NO,sell,30.72,68.39,0.449184,631145,0x0cc7fb02c37a,2025-11-25T13:06:34.343895+00:00
7505,244,23,YES,buy,48.36,72.69,0.66533,455769,0x08d57b035a24,2025-11-25T13:06:09.154065+00:00
12684,514,27,YES,sell,43.34,70.56,0.614252,269096,0x09d8060c07fc,2025-11-25T13:05:30.634107+00:00
10522,398,17,YES,buy,32.99,89.44,0.36885,991883,0x0ad07e03eea2,2025-11-25T13:05:17.654698+00:00
6954,215,23,YES,sell,39.23,72.47,0.541362,35080,0x0ee3b90e4b92,2025-11-25T13:05:15.094493+00:00
12133,484,18,NO,buy,47.78,70.89,0.673988,709575,0x07611b05a80a,2025-11-25T13:04:48.603771+00:00
12269,491,25,NO,buy,28.05,61.7,0.454653,703888,0x076dd605dbfc,2025-11-25T13:02:53.084073+00:00
12602,508,22,NO,sell,44.49,64.92,0.685275,442850,0x06b737056483,2025-11-25T13:01:41.322790+00:00
7504,244,35,NO,sell,24.62,77.31,0.318469,136687,0x01e562072eec,2025-11-25T13:00:29.154065+00:00
11775,464,33,YES,sell,25.19,81.46,0.309223,154540,0x0b2c8604e38d,2025-11-25T12:59:36.295231+00:00
10521,398,42,NO,buy,45.37,74.97,0.605192,124820,0x09c7e102718b,2025-11-25T12:58:02.654698+00:00
8363,287,37,YES,sell,7.29,12.96,0.562667,883268,0x0213cc0937d6,2025-11-25T12:57:55.344097+00:00
5013,112,21,YES,buy,49.23,88.64,0.555374,597746,0x034d0f05f6a3,2025-11-25T12:57:21.898089+00:00
5631,144,39,YES,sell,49.62,123.83,0.400699,284894,0x080a630b25c5,2025-11-25T12:57:15.167895+00:00
8087,274,32,YES,sell,38.59,127.82,0.301919,361191,0x0a024d06a64a,2025-11-25T12:56:37.339343+00:00
12683,514,43,YES,buy,27.61,63.06,0.437854,15671,0x023f5b05d0c7,2025-11-25T12:55:41.634107+00:00
9478,342,18,YES,buy,24.31,34.74,0.699764,977589,0x0bfa65033188,2025-11-25T12:55:40.602437+00:00
5988,162,35,YES,buy,1.1,2.96,0.371029,885557,0x03a95f06304b,2025-11-25T12:55:22.504129+00:00
10768,410,35,YES,sell,42.67,68.66,0.621441,957858,0x0b7bd6094c89,2025-11-25T12:55:15.594081+00:00
4390,80,43,YES,sell,22.88,56.34,0.406085,72087,0x0584be0c9ddf,2025-11-25T12:54:36.540662+00:00
7041,219,44,NO,sell,31.79,55.06,0.577349,467423,0x01dccf0c1647,2025-11-25T12:52:45.431999+00:00
8476,293,39,NO,sell,22.89,41.65,0.549626,394849,0x0e2f8501dbe9,2025-11-25T12:52:01.751189+00:00
6815,209,34,NO,sell,23.89,71.91,0.332208,64008,0x0414860ac6da,2025-11-25T12:51:15.573473+00:00
11774,464,26,NO,sell,18.94,39.97,0.47389,327859,0x0dd1060637cc,2025-11-25T12:49:47.295231+00:00
4879,103,24,NO,sell,16.61,26.28,0.632086,214446,0x028e850bab31,2025-11-25T12:47:11.387708+00:00
5427,133,21,NO,sell,44.98,69.9,0.643504,318423,0x089f5f0cef9f,2025-11-25T12:45:27.420808+00:00
6495,191,22,YES,buy,35.61,79.78,0.446338,524772,0x0c38a409fd6a,2025-11-25T12:44:56.350476+00:00
5583,142,41,NO,buy,39.89,75.5,0.528358,540009,0x0660890b600b,2025-11-25T12:43:59.004436+00:00
4238,68,16,YES,sell,2.56,5.52,0.463547,804028,0x0dd45503b157,2025-11-25T12:43:08.913320+00:00
5281,126,42,YES,sell,19.42,36.78,0.528053,234886,0x0f2fe802b18b,2025-11-25T12:40:46.915925+00:00
11083,428,17,NO,buy,34.33,82.8,0.414611,992490,0x079a30083ed9,2025-11-25T12:40:27.763306+00:00
8643,300,15,NO,sell,16.12,47.01,0.342902,977951,0x0536500e6ed0,2025-11-25T12:40:27.371602+00:00
8475,293,30,YES,buy,17.16,32.11,0.534449,976311,0x0705a00200fb,2025-11-25T12:40:20.751189+00:00
7503,244,30,YES,sell,30.41,62.53,0.486343,741746,0x09b0bc0b018c,2025-11-25T12:39:25.154065+00:00
5582,142,28,NO,buy,10.01,16.72,0.598707,779761,0x0d12460bf8e2,2025-11-25T12:38:25.004436+00:00
6208,177,23,YES,buy,10.51,19.07,0.551251,938287,0x03720d0c552c,2025-11-25T12:38:16.287232+00:00
9477,342,39,NO,sell,1.47,4.69,0.313493,862433,0x06b4000bdae5,2025-11-25T12:35:51.602437+00:00
8775,306,22,NO,buy,49.65,80.92,0.613574,84199,0x0d420a0afc65,2025-11-25T12:35:45.941683+00:00
12268,491,42,NO,sell,3.78,8.91,0.42433,842928,0x09ade80b367f,2025-11-25T12:35:18.084073+00:00
10859,415,44,YES,buy,16.86,29.39,0.573638,366470,0x0b435304fa57,2025-11-25T12:35:14.911784+00:00
6054,165,41,NO,sell,14.21,28.87,0.49214,18978,0x08893303a962,2025-11-25T12:34:54.756538+00:00
8642,300,18,NO,buy,33.31,75.4,0.441755,969716,0x0d7d090cca34,2025-11-25T12:33:30.371602+00:00
5940,160,21,NO,sell,39.69,77.89,0.509574,524273,0x06addd01db7a,2025-11-25T12:31:46.343895+00:00
8086,274,29,NO,sell,37.34,61.36,0.608579,470016,0x0c83750b40af,2025-11-25T12:30:34.339343+00:00
5280,126,36,YES,buy,37.31,93.76,0.397927,9328,0x0eaa670a7fa9,2025-11-25T12:30:03.915925+00:00
12467,501,36,NO,sell,45.84,124.48,0.368244,671171,0x0899c10366e1,2025-11-25T12:29:13.851642+00:00
11973,476,37,NO,buy,15.25,29.34,0.51976,897259,0x05c4a6035bef,2025-11-25T12:27:42.988594+00:00
7040,219,27,NO,buy,38.59,64.82,0.595366,539697,0x022a140557b7,2025-11-25T12:27:13.431999+00:00
13427,549,17,NO,sell,37.36,54.76,0.682276,368358,0x0bb747059ebf,2025-11-25T12:27:06.261199+00:00
5630,144,32,YES,sell,15.7,51.67,0.303841,755955,0x0866e7034f6d,2025-11-25T12:26:52.167895+00:00
9849,362,39,NO,sell,11.37,22.97,0.495021,619777,0x054ecb088f25,2025-11-25T12:26:51.081816+00:00
8545,296,29,YES,sell,22.6,65.6,0.344528,738949,0x04780706fb65,2025-11-25T12:24:19.026245+00:00
11466,450,25,NO,buy,43.05,61.56,0.699332,944652,0x03531f0f07fa,2025-11-25T12:23:56.191806+00:00
4081,61,17,NO,buy,38.26,65.79,0.581556,175446,0x03224d089fee,2025-11-25T12:23:23.310436+00:00
8267,282,31,YES,buy,11.83,24.51,0.482726,959089,0x0b3dab09069f,2025-11-25T12:23:11.002323+00:00
10435,394,18,YES,buy,26.14,42.82,0.610442,416707,0x02b4100c9fa8,2025-11-25T12:20:28.331509+00:00
12466,501,36,NO,buy,24.12,67.51,0.357267,573555,0x09b7c90f3877,2025-11-25T12:19:57.851642+00:00
5835,153,40,NO,sell,29.28,67.71,0.432424,338466,0x04a2cb038f5c,2025-11-25T12:19:55.955481+00:00
5629,144,16,NO,buy,10.62,30.64,0.346563,207984,0x02dc2c092477,2025-11-25T12:19:53.167895+00:00
11465,450,22,YES,sell,33.67,65.15,0.516788,116254,0x026dee078831,2025-11-25T12:19:23.191806+00:00
8774,306,16,YES,sell,14.35,31.82,0.450931,826417,0x0ed4b705f94c,2025-11-25T12:19:14.941683+00:00
5581,142,40,YES,sell,26.12,44.26,0.59016,786663,0x06ee240bb6b7,2025-11-25T12:17:39.004436+00:00
11082,428,42,YES,sell,34.77,51.68,0.672787,68177,0x06f5b8044abd,2025-11-25T12:16:16.763306+00:00
6053,165,17,NO,sell,15.86,40.7,0.389726,906810,0x04bd9c0c8a70,2025-11-25T12:15:56.756538+00:00
5012,112,22,YES,sell,48.4,153.79,0.314718,742309,0x0969490cca67,2025-11-25T12:15:49.898089+00:00
6953,215,31,NO,sell,24.6,36.31,0.677443,410799,0x0450e302fce0,2025-11-25T12:15:31.094493+00:00
8266,282,29,YES,sell,26.6,59.77,0.445064,762085,0x04caf005bc2d,2025-11-25T12:13:58.002323+00:00
11773,464,36,NO,buy,8.98,24.01,0.374025,410101,0x08f4c308903a,2025-11-25T12:13:57.295231+00:00
12465,501,39,YES,sell,22.91,39.58,0.57877,209743,0x0a6e6c045afa,2025-11-25T12:13:47.851642+00:00
8641,300,18,YES,buy,35.69,59.78,0.596998,369069,0x0b52be029a5f,2025-11-25T12:13:16.371602+00:00
5939,160,29,YES,sell,42.68,71.1,0.600278,803219,0x01e4f10a2fa5,2025-11-25T12:13:04.343895+00:00
10520,398,27,YES,buy,24.82,54.34,0.456752,495058,0x0c94c40bc8c3,2025-11-25T12:12:18.654698+00:00
11444,449,20,YES,buy,18.46,33.54,0.550446,738569,0x0196a50bdfae,2025-11-25T12:11:53.106503+00:00
4389,80,18,NO,buy,17.23,52.04,0.331123,177042,0x07132806a35f,2025-11-25T12:11:01.540662+00:00
10921,420,42,YES,buy,38.33,67.45,0.568244,546494,0x07e3a407ce3b,2025-11-25T12:10:16.156325+00:00
13426,549,40,NO,buy,34.86,65.44,0.53267,806725,0x0975ef0413d3,2025-11-25T12:09:41.261199+00:00
12682,514,31,NO,sell,41.55,78.43,0.529745,747212,0x0ebb72027f68,2025-11-25T12:09:38.634107+00:00
12601,508,27,NO,sell,21.41,41.99,0.509925,57690,0x033b9605e576,2025-11-25T12:08:16.322790+00:00
5426,133,34,NO,sell,33.22,59.04,0.562636,984952,0x02bf78058770,2025-11-25T12:08:11.420808+00:00
10767,410,22,NO,buy,31.25,46.15,0.677071,42944,0x0c018007e57c,2025-11-25T12:07:40.594081+00:00
5987,162,17,YES,buy,27.48,55.29,0.497059,848352,0x0300bf0e392a,2025-11-25T12:07:36.504129+00:00
8362,287,17,YES,sell,28.22,52.1,0.541671,815885,0x032b600777f3,2025-11-25T12:06:33.344097+00:00
12132,484,17,NO,sell,45.69,69.71,0.655436,695006,0x0c0a2e0af51f,2025-11-25T12:06:26.603771+00:00
9476,342,17,NO,sell,21.81,50.73,0.429901,104336,0x0db4b4054388,2025-11-25T12:06:07.602437+00:00
4237,68,23,YES,buy,29.34,92.23,0.318116,67857,0x0709d00cbb66,2025-11-25T12:06:02.913320+00:00
10858,415,28,NO,sell,11.79,23.67,0.498189,74312,0x0a49c00922ab,2025-11-25T12:03:50.911784+00:00
9848,362,21,NO,buy,41.64,64.08,0.649765,970799,0x08a08b092798,2025-11-25T12:03:39.081816+00:00
5986,162,20,NO,buy,30.3,56.38,0.537378,106549,0x0f2d5302da18,2025-11-25T12:01:50.504129+00:00
6952,215,31,NO,sell,4.1,13.45,0.304835,356366,0x0193c80b0e48,2025-11-25T11:59:51.094493+00:00
11443,449,20,YES,sell,32.43,50.56,0.641478,540407,0x0b0785098ceb,2025-11-25T11:59:16.106503+00:00
5425,133,29,YES,sell,3.14,7.14,0.439867,307616,0x0c025c056f0c,2025-11-25T11:59:10.420808+00:00
6494,191,32,YES,buy,13.03,19.17,0.679694,849210,0x0e91d50214e5,2025-11-25T11:57:42.350476+00:00
6814,209,17,NO,sell,42.76,89.68,0.476799,283656,0x0f39dc0f08ea,2025-11-25T11:57:09.573473+00:00
9475,342,18,NO,buy,12.67,18.97,0.66774,335078,0x08497807c7cb,2025-11-25T11:55:56.602437+00:00
4878,103,44,YES,buy,18.85,52.49,0.359097,719596,0x03eef60d7804,2025-11-25T11:54:46.387708+00:00
8361,287,37,NO,buy,36.42,103.54,0.351753,329629,0x0b89c609168c,2025-11-25T11:52:13.344097+00:00
7502,244,41,YES,buy,27.34,47.91,0.570695,681014,0x0c68cf02e6b0,2025-11-25T11:51:23.154065+00:00
11464,450,39,YES,sell,16.71,24.4,0.684916,455966,0x0a37f40bdb7e,2025-11-25T11:50:31.191806+00:00
5424,133,39,YES,buy,43.79,109.48,0.399969,60406,0x026f9e02c06d,2025-11-25T11:50:21.420808+00:00
8640,300,32,NO,sell,14.62,39.67,0.368526,349977,0x07755e0ad95c,2025-11-25T11:50:08.371602+00:00
8773,306,43,NO,sell,41.0,131.81,0.311045,46623,0x097fce0e589e,2025-11-25T11:49:59.941683+00:00
10766,410,28,NO,buy,18.94,34.96,0.541715,394678,0x0a0b56025e11,2025-11-25T11:48:57.594081+00:00
5834,153,22,YES,sell,34.73,52.3,0.664058,961220,0x0686c60baaf6,2025-11-25T11:47:15.955481+00:00
7039,219,15,YES,buy,9.73,15.65,0.621709,220158,0x01e9790c6be3,2025-11-25T11:46:53.431999+00:00
6951,215,27,YES,sell,28.41,89.74,0.316585,182358,0x0c898d0901f5,2025-11-25T11:46:11.094493+00:00
5938,160,28,NO,sell,11.46,33.69,0.340147,748031,0x02d67c080ffb,2025-11-25T11:42:35.343895+00:00
8474,293,28,NO,buy,10.68,20.33,0.525456,692002,0x0e22a6084635,2025-11-25T11:42:28.751189+00:00
6207,177,27,NO,buy,30.88,51.26,0.602395,302260,0x0de4d80c6853,2025-11-25T11:41:48.287232+00:00
10434,394,39,NO,buy,4.95,8.9,0.556078,209693,0x04cdb2077087,2025-11-25T11:41:37.331509+00:00
12267,491,18,YES,sell,28.19,62.99,0.447517,571497,0x064957031233,2025-11-25T11:41:28.084073+00:00
10857,415,28,YES,sell,41.78,75.58,0.552791,91747,0x0383e306ea93,2025-11-25T11:40:29.911784+00:00
6052,165,19,NO,sell,9.68,15.93,0.607621,800679,0x0918fd0e18d5,2025-11-25T11:39:37.756538+00:00
4236,68,28,NO,buy,28.38,49.87,0.569107,23827,0x0674e30d192e,2025-11-25T11:38:51.913320+00:00
11772,464,31,NO,sell,25.69,45.33,0.56678,344257,0x07cd750780a2,2025-11-25T11:38:12.295231+00:00
6813,209,40,NO,sell,46.66,76.08,0.613269,137337,0x03f7d90f387f,2025-11-25T11:38:09.573473+00:00
11972,476,30,YES,buy,43.26,100.92,0.428645,862808,0x0714700d9ad0,2025-11-25T11:36:20.988594+00:00
8473,293,32,NO,sell,23.63,58.19,0.406061,936970,0x0d0a380f0d98,2025-11-25T11:35:06.751189+00:00
5580,142,43,NO,buy,4.75,10.58,0.449118,759970,0x03dfb60b4689,2025-11-25T11:33:57.004436+00:00
11081,428,28,YES,buy,18.74,41.77,0.448659,38662,0x061b8504f7cc,2025-11-25T11:33:34.763306+00:00
10920,420,33,YES,buy,32.29,61.11,0.528427,22759,0x07320b03119e,2025-11-25T11:33:19.156325+00:00
6493,191,38,NO,sell,48.73,130.06,0.374664,61401,0x0760420c3178,2025-11-25T11:32:39.350476+00:00
8639,300,22,YES,sell,45.69,103.05,0.443361,864194,0x0b4cd10e062f,2025-11-25T11:32:25.371602+00:00
4388,80,33,YES,buy,30.52,45.66,0.668415,671718,0x0b4ed7050f69,2025-11-25T11:32:15.540662+00:00
4080,61,37,NO,buy,31.26,79.36,0.393908,239536,0x0c79ec061fba,2025-11-25T11:32:15.310436+00:00
12681,514,40,YES,sell,33.71,109.97,0.306538,909725,0x0a6c9a0854c7,2025-11-25T11:32:04.634107+00:00
9474,342,17,NO,sell,20.62,52.91,0.389726,849244,0x0e6ed70b1662,2025-11-25T11:32:02.602437+00:00
8085,274,43,YES,buy,23.47,38.33,0.612391,241930,0x0b53df0dcdb1,2025-11-25T11:31:08.339343+00:00
6950,215,33,YES,buy,18.59,44.54,0.417369,782563,0x0a1a5a077102,2025-11-25T11:30:38.094493+00:00
8544,296,23,YES,sell,46.52,148.53,0.313202,101550,0x0bdfc003df99,2025-11-25T11:30:29.026245+00:00
5279,126,42,NO,sell,5.09,10.94,0.465278,921029,0x08ba3305bb2a,2025-11-25T11:30:07.915925+00:00
7038,219,15,YES,buy,36.12,84.48,0.427573,566786,0x0683960366cc,2025-11-25T11:27:52.431999+00:00
13425,549,37,NO,buy,28.19,59.55,0.473349,16204,0x02026c091505,2025-11-25T11:27:29.261199+00:00
8638,300,26,NO,sell,25.72,44.21,0.58174,807037,0x0828d70387a1,2025-11-25T11:27:26.371602+00:00
11463,450,34,YES,buy,31.65,64.85,0.488083,12539,0x04c1ff05c6f5,2025-11-25T11:27:15.191806+00:00
10856,415,17,NO,sell,6.97,17.64,0.395046,585249,0x04d361075d01,2025-11-25T11:26:56.911784+00:00
5011,112,15,NO,sell,10.38,16.57,0.626512,848684,0x0b8798066071,2025-11-25T11:26:39.898089+00:00
5628,144,21,YES,buy,29.7,55.77,0.532508,564015,0x08f447031923,2025-11-25T11:26:23.167895+00:00
12600,508,41,NO,buy,32.72,60.29,0.54272,940061,0x03400706e656,2025-11-25T11:25:35.322790+00:00
4877,103,36,NO,sell,46.92,91.45,0.513088,807479,0x0b5b4c0f2b97,2025-11-25T11:25:00.387708+00:00
8084,274,21,NO,sell,2.93,4.75,0.617338,385185,0x0c67a20f2373,2025-11-25T11:24:38.339343+00:00
11442,449,15,NO,sell,27.93,47.24,0.591256,50354,0x0a7b0c0f3612,2025-11-25T11:24:23.106503+00:00
6206,177,42,YES,sell,19.09,61.53,0.310264,545142,0x0bdbe8095c28,2025-11-25T11:23:42.287232+00:00
12464,501,30,YES,buy,6.85,13.67,0.500989,46476,0x060f40067e6c,2025-11-25T11:23:32.851642+00:00
6492,191,34,NO,sell,11.81,22.54,0.523882,931466,0x0e67e5055b4c,2025-11-25T11:23:21.350476+00:00
7501,244,36,YES,sell,26.63,45.18,0.589466,234060,0x0bb87e081a63,2025-11-25T11:22:52.154065+00:00
10519,398,44,NO,buy,36.96,74.72,0.494655,568003,0x0636fc0427fa,2025-11-25T11:22:28.654698+00:00
5627,144,23,YES,buy,36.93,55.37,0.666987,318467,0x03a58b09e305,2025-11-25T11:22:04.167895+00:00
5937,160,34,YES,buy,45.96,111.61,0.411788,704763,0x01939a0558a1,2025-11-25T11:21:22.343895+00:00
6051,165,20,YES,buy,37.67,73.9,0.509713,116780,0x04c98d0823ed,2025-11-25T11:19:51.756538+00:00
11971,476,28,YES,buy,11.61,28.72,0.404253,760001,0x048d520e4476,2025-11-25T11:19:18.988594+00:00
10855,415,24,NO,sell,40.53,116.06,0.349205,854682,0x030ba00d55d7,2025-11-25T11:18:47.911784+00:00
5833,153,26,YES,sell,28.7,58.64,0.489409,388982,0x01cf2a08addb,2025-11-25T11:18:37.955481+00:00
8265,282,34,YES,sell,15.18,35.36,0.429284,660804,0x0cf04103da77,2025-11-25T11:17:34.002323+00:00
8472,293,34,YES,buy,25.18,43.1,0.584278,629983,0x06d221075a56,2025-11-25T11:15:32.751189+00:00
12266,491,30,NO,buy,29.2,43.87,0.665654,162620,0x02fc4c0bde6d,2025-11-25T11:15:20.084073+00:00
12599,508,17,NO,sell,19.96,37.62,0.530629,855485,0x0deef30f200e,2025-11-25T11:11:17.322790+00:00
10433,394,21,YES,sell,2.55,5.89,0.433202,936993,0x0dc3220bbe6e,2025-11-25T11:10:42.331509+00:00
9847,362,17,NO,buy,42.66,76.95,0.554364,26643,0x08b6b30d7b6c,2025-11-25T11:10:33.081816+00:00
4876,103,32,YES,buy,31.76,62.71,0.50649,524452,0x0482b00ac160,2025-11-25T11:10:18.387708+00:00
7500,244,22,YES,sell,40.01,108.27,0.369525,777189,0x0ddc6d0a5422,2025-11-25T11:09:16.154065+00:00
12598,508,23,YES,buy,46.4,83.43,0.556187,580288,0x0a658b0ad9f5,2025-11-25T11:08:36.322790+00:00
6205,177,27,YES,buy,17.82,32.81,0.543175,108186,0x0c824507725b,2025-11-25T11:08:17.287232+00:00
7037,219,22,YES,sell,3.3,6.64,0.496759,54035,0x0917310191a7,2025-11-25T11:08:15.431999+00:00
12131,484,36,YES,buy,41.08,75.56,0.543704,551148,0x0cbc10046fdf,2025-11-25T11:08:06.603771+00:00
11441,449,19,NO,buy,18.08,26.97,0.670259,712338,0x0da0eb0c7bc7,2025-11-25T11:08:00.106503+00:00
10854,415,21,NO,sell,33.74,87.12,0.387278,377225,0x0456560e99a0,2025-11-25T11:07:50.911784+00:00
8772,306,35,YES,buy,29.83,69.49,0.429271,280935,0x0d3e070a1a83,2025-11-25T11:07:44.941683+00:00
10919,420,17,NO,sell,21.42,38.32,0.558922,977246,0x0b51ee026477,2025-11-25T11:07:31.156325+00:00
5985,162,44,NO,buy,20.86,32.6,0.63978,641231,0x061bff056aeb,2025-11-25T11:06:45.504129+00:00
9846,362,39,YES,buy,48.63,69.73,0.697447,22062,0x077f8f0f1ce7,2025-11-25T11:06:03.081816+00:00
8360,287,27,NO,buy,27.08,52.47,0.516134,337543,0x0972bc065043,2025-11-25T11:03:49.344097+00:00
4235,68,33,NO,buy,45.05,94.21,0.478193,139353,0x026a8208c7e2,2025-11-25T11:03:39.913320+00:00
11462,450,35,YES,buy,18.96,48.92,0.387579,947587,0x0e8fe905171a,2025-11-25T11:03:15.191806+00:00
7499,244,22,NO,sell,3.95,7.62,0.518197,4063,0x0414af03e882,2025-11-25T11:02:23.154065+00:00
12680,514,40,YES,buy,32.78,89.56,0.366031,612641,0x0de2000b9b9f,2025-11-25T11:00:52.634107+00:00
6949,215,26,NO,sell,40.01,79.96,0.500393,268940,0x07bed30aaffe,2025-11-25T10:59:51.094493+00:00
11970,476,17,YES,buy,15.51,49.19,0.315276,758352,0x03ec2702ac46,2025-11-25T10:59:41.988594+00:00
5423,133,25,NO,buy,12.67,37.62,0.336796,434130,0x01afc90528ee,2025-11-25T10:59:10.420808+00:00
6204,177,20,NO,sell,9.72,14.34,0.67801,604396,0x07c048043570,2025-11-25T10:56:24.287232+00:00
9845,362,31,YES,sell,18.25,51.67,0.353192,439373,0x0c595003b333,2025-11-25T10:56:05.081816+00:00
10765,410,39,YES,sell,36.48,99.06,0.36828,627389,0x0237b7074946,2025-11-25T10:55:26.594081+00:00
5278,126,24,NO,sell,42.99,64.47,0.666856,385546,0x0396f1089441,2025-11-25T10:54:58.915925+00:00
9844,362,39,YES,sell,43.58,64.02,0.680698,400013,0x0d1beb0501db,2025-11-25T10:54:36.081816+00:00
12463,501,18,NO,buy,41.6,106.41,0.390924,713237,0x06492b067d44,2025-11-25T10:52:58.851642+00:00
11080,428,39,NO,sell,15.14,30.12,0.502592,243291,0x0ceba80b95ce,2025-11-25T10:51:11.763306+00:00
6812,209,29,YES,sell,23.2,76.94,0.301517,439625,0x07cc310f152e,2025-11-25T10:49:58.573473+00:00
5936,160,34,NO,sell,7.1,17.82,0.398477,254781,0x08073f050fbb,2025-11-25T10:49:50.343895+00:00
4079,61,25,NO,buy,42.74,66.68,0.640937,333043,0x0a1057079b24,2025-11-25T10:49:18.310436+00:00
11771,464,22,NO,buy,33.52,52.74,0.635522,58507,0x0cad0701d774,2025-11-25T10:48:16.295231+00:00
6050,165,22,NO,sell,47.51,100.03,0.47498,455341,0x058f45019325,2025-11-25T10:48:03.756538+00:00
5422,133,28,NO,buy,6.66,19.18,0.347197,369877,0x0b60570768c2,2025-11-25T10:45:47.420808+00:00
8264,282,37,YES,buy,19.01,33.57,0.566275,234263,0x0a27ec0e30d0,2025-11-25T10:45:46.002323+00:00
7498,244,43,YES,buy,22.87,69.58,0.328668,105992,0x0d8807068b04,2025-11-25T10:45:35.154065+00:00
8771,306,43,NO,buy,41.24,59.75,0.690215,426367,0x0eacc60bb741,2025-11-25T10:44:29.941683+00:00
5626,144,37,YES,buy,34.79,72.11,0.482426,279673,0x022b6b0b45a7,2025-11-25T10:44:14.167895+00:00
10764,410,35,NO,buy,14.6,33.01,0.442265,986335,0x0d8d3206e427,2025-11-25T10:43:56.594081+00:00
8471,293,29,YES,sell,37.1,59.37,0.624894,626092,0x057fbd093f0e,2025-11-25T10:43:18.751189+00:00
7036,219,18,NO,sell,13.77,23.45,0.587325,702577,0x0b6eae07cde5,2025-11-25T10:43:07.431999+00:00
12597,508,33,YES,sell,2.43,6.79,0.358094,509109,0x022c270e7238,2025-11-25T10:43:00.322790+00:00
6948,215,29,NO,sell,38.8,117.18,0.331108,230663,0x09771a0437a5,2025-11-25T10:41:21.094493+00:00
12130,484,41,NO,buy,9.26,27.0,0.342924,410448,0x0a36540d8273,2025-11-25T10:40:28.603771+00:00
7497,244,35,YES,buy,12.76,27.17,0.469586,47822,0x099b0e0310e6,2025-11-25T10:40:16.154065+00:00
10518,398,36,YES,sell,23.41,63.89,0.366388,267126,0x0a81f208fe91,2025-11-25T10:40:08.654698+00:00
4387,80,24,YES,buy,36.71,54.02,0.679515,893083,0x0ab0f407ca9f,2025-11-25T10:39:28.540662+00:00
12679,514,24,NO,buy,5.75,18.63,0.308694,137944,0x0ac01008bc09,2025-11-25T10:38:47.634107+00:00
6491,191,34,NO,buy,32.33,54.82,0.589742,89746,0x0ea80d0ce7c3,2025-11-25T10:38:16.350476+00:00
8543,296,29,YES,buy,29.3,56.77,0.516104,426323,0x0608e903702b,2025-11-25T10:37:41.026245+00:00
9473,342,41,YES,sell,44.83,68.66,0.652923,77846,0x038bee0d6743,2025-11-25T10:37:30.602437+00:00
5579,142,30,NO,sell,17.92,37.09,0.483212,964405,0x0b66d8056e76,2025-11-25T10:37:26.004436+00:00
5421,133,34,NO,buy,28.07,87.48,0.320856,730222,0x0dc6db078fc0,2025-11-25T10:37:05.420808+00:00
5010,112,20,YES,buy,23.67,35.09,0.674499,233281,0x08a39d01acfa,2025-11-25T10:35:46.898089+00:00
8083,274,23,YES,buy,14.78,32.01,0.461785,817379,0x03557f071d09,2025-11-25T10:35:24.339343+00:00
8359,287,38,YES,sell,8.78,12.64,0.694805,496782,0x08968507df8c,2025-11-25T10:33:57.344097+00:00
8637,300,43,NO,sell,33.27,61.18,0.543769,208429,0x0e342a07eaf8,2025-11-25T10:33:52.371602+00:00
6203,177,44,YES,sell,20.84,51.55,0.404291,961492,0x0c7a360c6a12,2025-11-25T10:33:52.287232+00:00
12265,491,19,YES,sell,23.45,35.02,0.669658,60131,0x07b7cd02185a,2025-11-25T10:33:27.084073+00:00
5984,162,28,NO,buy,17.36,38.74,0.448152,511153,0x067439054bfa,2025-11-25T10:33:01.504129+00:00
5625,144,40,YES,sell,28.77,72.07,0.399189,776354,0x059f7f0e483e,2025-11-25T10:31:36.167895+00:00
4078,61,15,YES,sell,43.68,63.49,0.687983,820488,0x02b91f0909a8,2025-11-25T10:31:03.310436+00:00
13424,549,24,YES,buy,13.21,37.6,0.351347,232154,0x02b64003655c,2025-11-25T10:31:02.261199+00:00
8770,306,25,NO,buy,20.96,38.65,0.5423,33323,0x0cb0bf04d083,2025-11-25T10:30:31.941683+00:00
5832,153,35,NO,sell,30.97,57.39,0.539646,358666,0x0a0004060946,2025-11-25T10:28:59.955481+00:00
11440,449,18,NO,sell,27.85,56.79,0.49037,263481,0x0608ae09d053,2025-11-25T10:27:57.106503+00:00
10918,420,43,NO,sell,35.33,71.98,0.490836,917244,0x031bf00633c6,2025-11-25T10:26:29.156325+00:00
6947,215,21,YES,sell,35.17,111.13,0.316471,588582,0x04399e061e4d,2025-11-25T10:26:14.094493+00:00
5624,144,31,YES,sell,28.11,54.7,0.513902,916003,0x0d62d10a2129,2025-11-25T10:26:01.167895+00:00
8542,296,21,YES,buy,16.47,28.23,0.583467,318356,0x076b330cb96d,2025-11-25T10:24:19.026245+00:00
10763,410,27,YES,buy,21.06,36.36,0.579183,517959,0x07c36902b538,2025-11-25T10:23:01.594081+00:00
5983,162,44,YES,sell,46.38,143.7,0.322761,454160,0x08054a0e911d,2025-11-25T10:22:21.504129+00:00
12264,491,22,NO,buy,43.14,97.91,0.44061,777448,0x05bad0085fc6,2025-11-25T10:22:00.084073+00:00
9472,342,36,NO,sell,8.08,12.17,0.663829,134095,0x09fa0103dc0c,2025-11-25T10:21:43.602437+00:00
10432,394,43,NO,sell,18.46,26.51,0.696302,598867,0x0c74d307ff8c,2025-11-25T10:20:33.331509+00:00
10853,415,26,YES,sell,43.17,115.64,0.373321,420756,0x0bc26b076f00,2025-11-25T10:20:21.911784+00:00
7496,244,23,YES,buy,14.38,25.05,0.573938,365889,0x08dfaa0c6587,2025-11-25T10:19:48.154065+00:00
4875,103,28,NO,buy,21.3,53.18,0.400506,705181,0x09c59308c70c,2025-11-25T10:18:01.387708+00:00
7495,244,20,NO,sell,23.18,50.54,0.45864,817957,0x0554680be72f,2025-11-25T10:16:24.154065+00:00
12129,484,31,YES,sell,49.73,90.35,0.550402,163810,0x0576ee042294,2025-11-25T10:14:44.603771+00:00
4234,68,21,YES,buy,17.08,33.61,0.508137,216379,0x0362be0c691d,2025-11-25T10:14:33.913320+00:00
7494,244,32,NO,buy,44.47,74.38,0.59791,364038,0x067b110bbbac,2025-11-25T10:12:28.154065+00:00
11461,450,42,NO,buy,3.18,4.58,0.693954,88515,0x0b21030e85a5,2025-11-25T10:12:27.191806+00:00
12462,501,29,NO,buy,28.73,48.63,0.590793,998922,0x0b31c502d100,2025-11-25T10:09:31.851642+00:00
5009,112,15,NO,buy,18.3,29.27,0.625112,376354,0x0ec3ed0b2598,2025-11-25T10:09:12.898089+00:00
8470,293,23,NO,buy,19.13,29.35,0.651754,228357,0x0367ca038b80,2025-11-25T10:08:02.751189+00:00
5831,153,31,NO,buy,21.4,70.12,0.305187,167306,0x0674390ba148,2025-11-25T10:05:43.955481+00:00
11079,428,17,NO,sell,37.12,96.22,0.385793,303537,0x0e35c406e60b,2025-11-25T10:04:53.763306+00:00
12263,491,39,YES,sell,10.56,15.76,0.670106,86012,0x0cc9a9076767,2025-11-25T10:04:25.084073+00:00
5623,144,42,YES,buy,18.81,60.07,0.313136,999273,0x0b8c5e031b79,2025-11-25T10:03:22.167895+00:00
6049,165,35,YES,buy,20.07,53.49,0.3752,993755,0x0c2df90f4175,2025-11-25T10:02:41.756538+00:00
9471,342,20,NO,buy,41.97,104.56,0.401392,921282,0x09182406997b,2025-11-25T10:01:39.602437+00:00
12461,501,35,YES,sell,15.45,22.44,0.68842,875733,0x06146a09d745,2025-11-25T10:00:29.851642+00:00
5420,133,42,YES,buy,46.63,150.16,0.310542,206703,0x0e08f80e81f7,2025-11-25T10:00:27.420808+00:00
11969,476,16,NO,sell,25.37,75.4,0.336453,947395,0x0bc9990df563,2025-11-25T10:00:13.988594+00:00
4077,61,16,YES,sell,43.62,67.14,0.649676,552499,0x08921e031f0b,2025-11-25T09:59:42.310436+00:00
5935,160,41,NO,buy,27.54,89.71,0.306976,599988,0x04179b02fc16,2025-11-25T09:59:08.343895+00:00
11439,449,18,NO,buy,10.17,24.2,0.420302,471387,0x0c13700ed98b,2025-11-25T09:57:31.106503+00:00
4874,103,28,YES,sell,39.99,71.33,0.560615,844187,0x065afd0999a0,2025-11-25T09:57:23.387708+00:00
11438,449,36,NO,buy,45.67,97.29,0.469407,748857,0x0710f90e3171,2025-11-25T09:57:19.106503+00:00
12678,514,28,NO,buy,44.78,125.46,0.356938,934539,0x0e9b570e72c5,2025-11-25T09:56:33.634107+00:00
5277,126,43,NO,buy,47.05,68.32,0.688672,382128,0x0956880228cb,2025-11-25T09:56:10.915925+00:00
8358,287,20,YES,sell,3.26,8.15,0.399811,242593,0x06e88e075fcf,2025-11-25T09:55:58.344097+00:00
8541,296,16,YES,buy,14.94,24.5,0.609876,236164,0x0d19b1057daa,2025-11-25T09:55:43.026245+00:00
7493,244,40,YES,buy,7.42,13.29,0.558481,547038,0x0d67800e6fc1,2025-11-25T09:55:39.154065+00:00
13423,549,17,YES,sell,9.14,14.15,0.646148,510782,0x069b7b0767d8,2025-11-25T09:55:21.261199+00:00
7492,244,34,YES,sell,43.31,134.26,0.322592,54601,0x05e999069c51,2025-11-25T09:54:47.154065+00:00
6202,177,33,NO,sell,41.69,107.21,0.388879,946310,0x04a3930a43c9,2025-11-25T09:54:37.287232+00:00
9843,362,38,YES,buy,43.5,72.54,0.599662,449552,0x01e60d0dc8c9,2025-11-25T09:54:36.081816+00:00
5578,142,16,NO,buy,9.59,18.66,0.513994,152670,0x038af10d278b,2025-11-25T09:54:04.004436+00:00
6811,209,32,YES,buy,47.07,78.09,0.602745,133348,0x0d84620c6566,2025-11-25T09:53:25.573473+00:00
11770,464,16,NO,buy,29.61,92.14,0.321362,939457,0x0ad2150aecd9,2025-11-25T09:53:19.295231+00:00
11078,428,39,NO,sell,39.52,71.03,0.556402,275434,0x0c69100e16a8,2025-11-25T09:52:32.763306+00:00
4386,80,32,NO,buy,33.61,53.71,0.625782,770649,0x07947c066f5f,2025-11-25T09:52:18.540662+00:00
12596,508,35,NO,sell,14.32,34.98,0.409338,993535,0x0c932a0d228e,2025-11-25T09:49:33.322790+00:00
5830,153,26,YES,buy,47.69,81.88,0.58241,149350,0x0b403f0627af,2025-11-25T09:49:30.955481+00:00
5982,162,28,NO,sell,28.76,68.54,0.419634,654323,0x0567e1042000,2025-11-25T09:49:21.504129+00:00
8540,296,43,YES,sell,35.79,69.13,0.517749,332415,0x020ce10dfda5,2025-11-25T09:48:50.026245+00:00
8263,282,35,NO,sell,19.11,32.81,0.582408,764265,0x0670c3065d77,2025-11-25T09:48:49.002323+00:00
7035,219,40,NO,buy,17.87,34.51,0.517844,773387,0x02ca6d0d3047,2025-11-25T09:47:49.431999+00:00
6490,191,43,YES,sell,47.51,88.37,0.537647,103850,0x0c85920b68b8,2025-11-25T09:47:36.350476+00:00
6946,215,18,NO,buy,49.9,78.66,0.634357,646394,0x096fbe0b7102,2025-11-25T09:47:32.094493+00:00
12262,491,26,NO,sell,32.92,68.55,0.480233,663361,0x096c60021f13,2025-11-25T09:46:28.084073+00:00
10517,398,43,YES,buy,2.61,4.14,0.630723,83491,0x061d5d04ff68,2025-11-25T09:46:03.654698+00:00
5829,153,21,NO,sell,22.21,32.71,0.678932,699130,0x0415400952c7,2025-11-25T09:45:16.955481+00:00
8082,274,41,YES,sell,8.42,14.9,0.565243,801642,0x0c69c60b5fd6,2025-11-25T09:44:35.339343+00:00
10431,394,35,YES,sell,49.72,99.8,0.498182,290695,0x05c2f4081d5c,2025-11-25T09:42:45.331509+00:00
8636,300,15,NO,buy,25.29,56.2,0.449983,579372,0x0d18e90a769b,2025-11-25T09:40:51.371602+00:00
4233,68,29,NO,buy,45.94,133.2,0.344884,947746,0x0ec9480a49cb,2025-11-25T09:39:53.913320+00:00
11769,464,18,YES,buy,34.91,113.4,0.307845,227890,0x0d9da105da33,2025-11-25T09:38:17.295231+00:00
10917,420,31,NO,sell,42.82,77.81,0.55029,650297,0x0d218e096438,2025-11-25T09:36:19.156325+00:00
12595,508,28,NO,buy,9.74,23.56,0.413483,167206,0x05b4c605e660,2025-11-25T09:35:46.322790+00:00
11437,449,30,NO,sell,25.21,42.96,0.5868,781024,0x0e12a30375c6,2025-11-25T09:35:10.106503+00:00
8469,293,39,NO,sell,22.9,36.09,0.634546,980130,0x0b91370978ea,2025-11-25T09:34:13.751189+00:00
5008,112,32,NO,sell,27.37,44.51,0.614922,82288,0x0be9530bf236,2025-11-25T09:32:16.898089+00:00
8079,272,20,YES,buy,93.76,307.63,0.304782,651226,0x0c51b50447be,2025-11-25T09:30:51.252766+00:00
8769,306,27,YES,buy,29.44,47.96,0.613792,918988,0x0f30ea018a10,2025-11-25T09:30:48.941683+00:00
5665,145,19,NO,buy,430.35,956.24,0.450046,896681,0x08a10d0d6dd0,2025-11-25T09:30:04.246559+00:00
12128,484,32,YES,sell,28.87,51.88,0.556528,671770,0x04e7760acaf8,2025-11-25T09:30:00.603771+00:00
5664,145,21,NO,buy,258.2,632.18,0.408431,373605,0x05006c0de226,2025-11-25T09:30:00.246559+00:00
8078,272,38,YES,buy,236.33,657.5,0.359439,593808,0x0c2af806269d,2025-11-25T09:29:50.252766+00:00
10852,415,44,YES,buy,37.56,68.1,0.551534,364236,0x03924d0bfedc,2025-11-25T09:29:48.911784+00:00
8077,272,15,YES,sell,101.42,296.16,0.342454,380711,0x0a69000d5101,2025-11-25T09:29:46.252766+00:00
7900,263,34,NO,sell,207.15,572.05,0.362117,839068,0x03d782041646,2025-11-25T09:29:41.600138+00:00
5828,153,15,NO,sell,8.76,13.86,0.631911,292157,0x0f2fd90a50ac,2025-11-25T09:29:34.955481+00:00
5663,145,16,YES,sell,480.96,1115.96,0.430984,691138,0x06923e053521,2025-11-25T09:29:33.246559+00:00
9755,355,21,NO,sell,103.47,159.76,0.647667,540085,0x0c982401f481,2025-11-25T09:29:32.653130+00:00
10606,401,33,NO,buy,334.9,649.98,0.515248,842081,0x054b1e0e08db,2025-11-25T09:28:58.921642+00:00
9754,355,36,NO,sell,227.12,654.92,0.346791,234784,0x03e2520ddaee,2025-11-25T09:28:55.653130+00:00
7899,263,30,YES,sell,415.86,891.42,0.466514,497642,0x06bf7f03c641,2025-11-25T09:28:50.600138+00:00
9753,355,33,YES,sell,402.15,636.7,0.631618,240698,0x0d6b8105b3da,2025-11-25T09:28:21.653130+00:00
7898,263,18,YES,buy,323.23,652.83,0.495119,809791,0x0a610b063a7d,2025-11-25T09:28:14.600138+00:00
8076,272,28,YES,buy,217.56,665.42,0.326949,599369,0x0215ef0ec8e3,2025-11-25T09:27:47.252766+00:00
5662,145,19,YES,buy,166.58,447.03,0.372635,632160,0x01f20a0a0f85,2025-11-25T09:27:44.246559+00:00
6536,193,36,NO,sell,123.91,314.07,0.394526,331569,0x094b810c3adb,2025-11-25T09:27:38.444795+00:00
8587,297,41,NO,buy,418.77,813.39,0.514843,420153,0x06b7d401ca81,2025-11-25T09:27:35.117911+00:00
10605,401,25,NO,buy,334.31,498.9,0.670098,446635,0x0e6f3b0249d3,2025-11-25T09:27:32.921642+00:00
10516,398,31,NO,sell,12.48,18.36,0.679728,223084,0x0c62c30e4567,2025-11-25T09:27:26.654698+00:00
9752,355,42,YES,sell,296.6,902.68,0.328576,382395,0x07010b0bd164,2025-11-25T09:27:20.653130+00:00
8075,272,32,NO,sell,330.78,687.4,0.481205,957313,0x03f3d90be54f,2025-11-25T09:27:09.252766+00:00
8081,274,35,YES,sell,16.74,25.88,0.646827,325253,0x08bf2b0d7f1d,2025-11-25T09:27:03.339343+00:00
6535,193,35,NO,buy,108.0,193.17,0.559102,285747,0x0a07f20269a2,2025-11-25T09:26:47.444795+00:00
7897,263,39,YES,sell,109.17,236.8,0.461019,569606,0x0238920ce14d,2025-11-25T09:26:31.600138+00:00
5661,145,25,NO,buy,403.37,761.4,0.529775,910370,0x0733400cf6df,2025-11-25T09:26:30.246559+00:00
11460,450,40,NO,sell,40.36,121.31,0.332688,461657,0x0ad48d065bb2,2025-11-25T09:26:27.191806+00:00
8074,272,35,YES,buy,277.94,671.2,0.414093,236861,0x0615e80524af,2025-11-25T09:26:14.252766+00:00
6200,175,26,NO,sell,156.67,307.54,0.509434,414209,0x08e5980b05fd,2025-11-25T09:26:14.216645+00:00
7896,263,36,NO,buy,426.95,1252.36,0.340916,660589,0x09ca8c0f23ab,2025-11-25T09:26:09.600138+00:00
7895,263,27,NO,sell,438.31,635.01,0.690238,377885,0x0328c3047a24,2025-11-25T09:25:58.600138+00:00
10604,401,40,YES,sell,235.78,612.62,0.384873,626967,0x0bb774070179,2025-11-25T09:25:55.921642+00:00
10314,387,27,NO,buy,398.11,1291.5,0.308255,240627,0x09fbe6083460,2025-11-25T09:25:47.828629+00:00
5825,152,29,NO,sell,144.13,242.18,0.595144,996763,0x07b1e5083d4b,2025-11-25T09:25:44.871983+00:00
4076,61,38,NO,sell,19.92,35.23,0.565476,160493,0x0ea8680bf54b,2025-11-25T09:25:44.310436+00:00
8586,297,28,YES,sell,162.77,306.74,0.530647,396908,0x0809700a196d,2025-11-25T09:25:41.117911+00:00
8633,299,43,YES,sell,459.59,952.24,0.482643,83914,0x0beed20538bd,2025-11-25T09:25:39.279826+00:00
9751,355,19,NO,sell,292.49,427.52,0.684163,53756,0x090b100dec46,2025-11-25T09:25:22.653130+00:00
6810,209,30,YES,sell,12.51,23.9,0.523334,516028,0x08468b02dae5,2025-11-25T09:25:17.573473+00:00
8073,272,39,NO,sell,446.33,1308.47,0.341109,503832,0x04413202280b,2025-11-25T09:25:14.252766+00:00
7894,263,16,YES,buy,133.51,423.92,0.314942,41845,0x051dfd061e0d,2025-11-25T09:25:10.600138+00:00
10603,401,37,NO,buy,256.79,692.8,0.370654,81559,0x097baa0313bf,2025-11-25T09:24:55.921642+00:00
8585,297,23,YES,buy,239.82,412.96,0.580732,675918,0x077f1608bcb8,2025-11-25T09:24:55.117911+00:00
5824,152,20,YES,sell,252.09,386.65,0.65199,888600,0x06b73c0e4412,2025-11-25T09:24:52.871983+00:00
6534,193,41,NO,buy,236.07,738.36,0.319724,874585,0x07c2790566da,2025-11-25T09:24:52.444795+00:00
5660,145,15,YES,sell,259.4,642.81,0.403541,708304,0x0517950ae03b,2025-11-25T09:24:51.246559+00:00
5659,145,37,NO,buy,248.62,595.46,0.417526,409889,0x0b81420ec706,2025-11-25T09:24:48.246559+00:00
4873,103,34,YES,buy,30.0,73.29,0.409346,557860,0x0a96b70e5848,2025-11-25T09:24:47.387708+00:00
10313,387,15,YES,buy,391.76,1052.52,0.372212,993060,0x0c02540c4589,2025-11-25T09:24:45.828629+00:00
6533,193,42,YES,buy,155.03,226.87,0.683342,396341,0x08019d0270c0,2025-11-25T09:24:28.444795+00:00
5981,162,43,YES,sell,45.35,67.64,0.670421,531415,0x0caf190a3383,2025-11-25T09:24:25.504129+00:00
6199,175,36,YES,buy,197.43,382.09,0.516708,360275,0x0dfadd0d782d,2025-11-25T09:24:24.216645+00:00
9842,362,16,NO,buy,26.45,70.56,0.374873,547902,0x0d47d6071529,2025-11-25T09:24:21.081816+00:00
6198,175,26,NO,sell,385.63,891.11,0.432751,41177,0x08d5000aa20a,2025-11-25T09:24:20.216645+00:00
7893,263,34,NO,buy,141.01,389.44,0.362081,663528,0x0df94406c345,2025-11-25T09:24:18.600138+00:00
9750,355,34,YES,buy,107.73,194.31,0.554422,135927,0x039fc00376a8,2025-11-25T09:24:17.653130+00:00
8632,299,29,NO,buy,280.8,404.89,0.69352,190420,0x02295d05e9bc,2025-11-25T09:24:15.279826+00:00
10312,387,32,NO,sell,405.87,587.35,0.691021,582620,0x0f23bb01d823,2025-11-25T09:24:10.828629+00:00
6945,215,20,YES,sell,44.12,70.76,0.623541,901043,0x09199806c544,2025-11-25T09:24:09.094493+00:00
8072,272,32,YES,sell,81.16,139.69,0.580981,726760,0x0910fe018b6f,2025-11-25T09:24:08.252766+00:00
9749,355,40,YES,buy,93.52,176.81,0.528922,306730,0x0a78700630ea,2025-11-25T09:23:54.653130+00:00
10602,401,44,NO,buy,139.54,238.51,0.58505,238588,0x0cb02e05d797,2025-11-25T09:23:52.921642+00:00
5371,130,28,NO,sell,201.13,292.43,0.687788,155278,0x09823a0c7e8a,2025-11-25T09:23:46.173531+00:00
10762,410,20,YES,sell,8.8,12.74,0.691003,474846,0x088487084fe6,2025-11-25T09:23:41.594081+00:00
5823,152,26,NO,sell,400.63,941.79,0.42539,240192,0x0d7204049208,2025-11-25T09:23:36.871983+00:00
8584,297,25,NO,sell,93.3,174.38,0.535044,53600,0x08e070040d78,2025-11-25T09:23:35.117911+00:00
8071,272,27,YES,buy,322.26,964.16,0.33424,714989,0x0b650e0a6d80,2025-11-25T09:23:34.252766+00:00
5370,130,23,NO,buy,97.26,191.45,0.508031,643113,0x0704ad0edf64,2025-11-25T09:23:30.173531+00:00
7892,263,28,NO,buy,295.03,591.7,0.498612,105622,0x04a3ea074604,2025-11-25T09:23:11.600138+00:00
5658,145,43,YES,sell,110.67,197.93,0.559136,554348,0x06f67c08ca66,2025-11-25T09:23:08.246559+00:00
6532,193,20,YES,buy,396.84,952.08,0.416815,588426,0x03fd47071046,2025-11-25T09:23:02.444795+00:00
10601,401,34,YES,sell,450.46,926.01,0.486455,380555,0x057b4b09b8c9,2025-11-25T09:22:46.921642+00:00
6531,193,29,NO,buy,140.96,203.74,0.691871,161187,0x04fe300c945a,2025-11-25T09:22:43.444795+00:00
10311,387,38,YES,buy,240.17,377.0,0.637062,925439,0x07f1d20273f8,2025-11-25T09:22:42.828629+00:00
7891,263,37,NO,buy,263.83,500.38,0.527256,330349,0x0bd3b408215b,2025-11-25T09:22:36.600138+00:00
5369,130,35,NO,buy,191.43,334.89,0.571627,618766,0x06d33307c844,2025-11-25T09:22:36.173531+00:00
5822,152,36,YES,sell,385.4,901.25,0.427626,851358,0x0741740d66a5,2025-11-25T09:22:34.871983+00:00
8631,299,20,YES,sell,352.2,511.84,0.688099,815813,0x0b8d0204303f,2025-11-25T09:22:28.279826+00:00
6197,175,40,YES,sell,101.79,249.65,0.407731,939178,0x0201160c249b,2025-11-25T09:22:28.216645+00:00
8583,297,24,NO,buy,226.89,452.73,0.501162,73047,0x0ca81402bfef,2025-11-25T09:22:06.117911+00:00
6530,193,35,NO,sell,304.34,754.61,0.403308,211034,0x07f76a092e76,2025-11-25T09:22:01.444795+00:00
10310,387,20,YES,buy,267.41,387.64,0.689838,851965,0x03f13d0af5c0,2025-11-25T09:22:00.828629+00:00
10600,401,31,YES,sell,165.12,372.25,0.443573,704745,0x0cb6e00c74b7,2025-11-25T09:21:59.921642+00:00
9748,355,31,YES,sell,123.17,199.29,0.618035,659315,0x08164708bc9e,2025-11-25T09:21:59.653130+00:00
12972,526,23,NO,sell,366.71,560.23,0.654568,910515,0x035ed70297fd,2025-11-25T09:21:53.605408+00:00
8070,272,23,YES,sell,180.05,400.8,0.449232,88247,0x0c7f2405d8c7,2025-11-25T09:21:46.252766+00:00
8582,297,39,YES,sell,206.28,625.72,0.329666,316902,0x0388d50c3c26,2025-11-25T09:21:38.117911+00:00
7890,263,17,NO,buy,211.41,387.17,0.546035,19622,0x0b6bd705246c,2025-11-25T09:21:33.600138+00:00
12971,526,26,NO,buy,325.18,581.61,0.559101,538640,0x0cf888067baf,2025-11-25T09:21:29.605408+00:00
12970,526,33,YES,buy,311.41,536.45,0.580502,602520,0x06f9840b3dda,2025-11-25T09:21:22.605408+00:00
8630,299,37,YES,sell,373.71,963.64,0.387812,845038,0x0c0c02032e24,2025-11-25T09:21:17.279826+00:00
5821,152,36,YES,sell,327.02,490.63,0.666533,715164,0x074f3f0cb1f1,2025-11-25T09:21:16.871983+00:00
5657,145,34,YES,buy,402.19,851.41,0.472379,474210,0x05f4a908fa31,2025-11-25T09:21:14.246559+00:00
6196,175,38,YES,sell,366.26,1219.8,0.300262,716484,0x0bd29a048173,2025-11-25T09:21:07.216645+00:00
10599,401,31,YES,buy,128.67,335.04,0.384049,449266,0x0b68e50b70c4,2025-11-25T09:20:56.921642+00:00
5368,130,26,YES,buy,161.41,236.7,0.681926,288230,0x0bbee00340b6,2025-11-25T09:20:43.173531+00:00
10309,387,16,YES,buy,412.41,908.12,0.454138,407192,0x0ec8b00ce4bd,2025-11-25T09:20:37.828629+00:00
8581,297,26,YES,sell,216.78,439.77,0.492942,760976,0x0c16aa0971ef,2025-11-25T09:20:36.117911+00:00
11968,476,36,YES,sell,12.05,21.74,0.554308,948422,0x0ee94c05ca81,2025-11-25T09:20:35.988594+00:00
7889,263,40,NO,buy,300.98,494.24,0.608979,32361,0x027a1601f740,2025-11-25T09:20:18.600138+00:00
9747,355,35,NO,sell,463.67,941.79,0.492331,775631,0x0e1e930e273e,2025-11-25T09:20:15.653130+00:00
10308,387,17,YES,buy,391.81,1156.34,0.338835,605329,0x07369c08cbde,2025-11-25T09:20:14.828629+00:00
5656,145,32,YES,buy,415.41,650.58,0.63852,968308,0x02edf70ab56c,2025-11-25T09:20:14.246559+00:00
6529,193,41,YES,buy,376.56,549.35,0.685463,833313,0x0969ee0c2f76,2025-11-25T09:20:13.444795+00:00
8069,272,17,YES,sell,324.71,862.76,0.376363,798934,0x037f4b045026,2025-11-25T09:20:08.252766+00:00
6195,175,31,NO,buy,431.56,1226.74,0.351795,206681,0x09c8a30ac137,2025-11-25T09:20:03.216645+00:00
12969,526,34,NO,sell,244.54,496.28,0.49275,134340,0x06a50504b1c7,2025-11-25T09:20:02.605408+00:00
5655,145,25,NO,sell,321.42,580.44,0.55375,593767,0x0d46dd02bc16,2025-11-25T09:20:02.246559+00:00
12261,491,16,NO,buy,27.23,45.88,0.593514,319090,0x0632dc0316e3,2025-11-25T09:19:56.084073+00:00
5367,130,42,YES,buy,230.02,736.39,0.312362,730605,0x0ac4680d61cf,2025-11-25T09:19:47.173531+00:00
8629,299,36,YES,buy,283.87,445.22,0.637601,791038,0x0d90af0d1bcb,2025-11-25T09:19:46.279826+00:00
5820,152,38,YES,sell,113.58,187.5,0.605774,13581,0x0cfbcf08a929,2025-11-25T09:19:40.871983+00:00
8580,297,44,YES,buy,318.42,775.2,0.410761,885990,0x0d10bf0e80f4,2025-11-25T09:19:39.117911+00:00
10307,387,37,YES,sell,483.47,964.38,0.501327,664804,0x0e3437051863,2025-11-25T09:19:28.828629+00:00
10598,401,21,NO,buy,171.59,397.17,0.432036,532723,0x06ae0f0417e2,2025-11-25T09:19:19.921642+00:00
6194,175,29,NO,sell,241.48,670.84,0.359967,960780,0x0b810f0ab828,2025-11-25T09:19:07.216645+00:00
5366,130,43,NO,buy,193.37,380.86,0.507724,156084,0x0bc33f01db86,2025-11-25T09:18:54.173531+00:00
9746,355,43,YES,sell,498.79,756.64,0.659218,275546,0x08cbec0398f8,2025-11-25T09:18:53.653130+00:00
8068,272,21,YES,sell,238.76,341.19,0.699783,386542,0x0ac2f30eef89,2025-11-25T09:18:46.252766+00:00
12968,526,32,YES,sell,412.58,1107.57,0.372508,649725,0x03c83b05731f,2025-11-25T09:18:40.605408+00:00
7888,263,31,NO,buy,210.14,619.96,0.338959,213019,0x04f57101bca6,2025-11-25T09:18:35.600138+00:00
12967,526,20,YES,buy,265.22,383.4,0.691762,583564,0x02efd807a6da,2025-11-25T09:18:34.605408+00:00
8628,299,28,NO,sell,451.85,951.77,0.474747,558684,0x0e7fc10c304e,2025-11-25T09:18:30.279826+00:00
10597,401,17,NO,buy,229.43,406.77,0.564031,370763,0x0283cb0b63dc,2025-11-25T09:18:28.921642+00:00
6528,193,16,YES,buy,286.38,790.26,0.362388,677128,0x031f4f073183,2025-11-25T09:18:24.444795+00:00
10306,387,30,YES,sell,271.32,539.36,0.50304,4192,0x01b606096aa5,2025-11-25T09:18:22.828629+00:00
12966,526,36,NO,sell,474.62,805.3,0.589372,997095,0x05dd2c090951,2025-11-25T09:18:19.605408+00:00
5654,145,16,YES,sell,86.8,182.78,0.474883,916491,0x020a0a0997e0,2025-11-25T09:18:19.246559+00:00
9745,355,26,NO,sell,478.45,718.32,0.666072,767992,0x0c9e160bd29e,2025-11-25T09:18:16.653130+00:00
5365,130,23,NO,sell,233.0,762.87,0.305424,745653,0x072afb065811,2025-11-25T09:18:11.173531+00:00
8627,299,30,YES,sell,415.28,667.94,0.621731,290941,0x03ba1b070a5f,2025-11-25T09:18:06.279826+00:00
10596,401,25,NO,sell,264.8,422.05,0.62741,611136,0x0ba4580271cd,2025-11-25T09:17:50.921642+00:00
5819,152,43,NO,sell,396.8,1217.7,0.325861,361944,0x0287c8096dbb,2025-11-25T09:17:44.871983+00:00
8579,297,19,YES,buy,114.74,205.66,0.557916,352951,0x09b262086e0e,2025-11-25T09:17:43.117911+00:00
6193,175,29,NO,sell,407.7,594.83,0.685409,659315,0x028aa40d0952,2025-11-25T09:17:42.216645+00:00
9744,355,39,NO,buy,175.72,299.34,0.587024,737334,0x03da820b0423,2025-11-25T09:17:36.653130+00:00
6527,193,27,NO,buy,401.09,644.04,0.62277,210613,0x0ecd570f2eb9,2025-11-25T09:17:35.444795+00:00
7887,263,38,YES,buy,318.57,639.2,0.49839,249409,0x0b9f9908db9b,2025-11-25T09:17:28.600138+00:00
10305,387,43,NO,buy,424.06,1128.99,0.37561,517642,0x0d4cfc0857cb,2025-11-25T09:17:21.828629+00:00
6526,193,16,NO,sell,118.49,370.77,0.319582,537294,0x08df2802413e,2025-11-25T09:17:11.444795+00:00
8635,300,36,YES,buy,16.62,39.11,0.424985,60798,0x0901d40d0b65,2025-11-25T09:17:04.371602+00:00
8067,272,28,YES,sell,242.62,413.4,0.586894,12088,0x0a35b909c556,2025-11-25T09:17:04.252766+00:00
5364,130,18,YES,sell,417.63,961.68,0.434271,368820,0x0960600d486d,2025-11-25T09:17:01.173531+00:00
12965,526,21,YES,sell,287.07,434.16,0.661202,614337,0x067d860434e1,2025-11-25T09:16:51.605408+00:00
10595,401,43,NO,buy,175.21,269.88,0.649218,398029,0x03897e0f0d5e,2025-11-25T09:16:48.921642+00:00
5653,145,38,YES,buy,130.06,280.11,0.464312,510982,0x07dde70e6c44,2025-11-25T09:16:36.246559+00:00
6525,193,43,YES,sell,174.71,447.22,0.390655,532917,0x085ae202eb6a,2025-11-25T09:16:26.444795+00:00
7886,263,25,NO,buy,356.44,510.14,0.698715,33873,0x06422b0af6aa,2025-11-25T09:16:23.600138+00:00
6192,175,27,NO,buy,306.49,444.93,0.688844,980269,0x04839901f203,2025-11-25T09:16:23.216645+00:00
5818,152,24,YES,sell,185.4,423.38,0.437904,8322,0x0560d20a03c2,2025-11-25T09:16:20.871983+00:00
8626,299,26,YES,buy,368.93,589.58,0.62575,750401,0x0d98590b1973,2025-11-25T09:16:15.279826+00:00
9743,355,15,YES,buy,333.3,669.27,0.498003,310237,0x0ccded05fe6f,2025-11-25T09:16:13.653130+00:00
12964,526,27,NO,sell,210.19,376.36,0.558478,611863,0x0a8072048951,2025-11-25T09:16:02.605408+00:00
8578,297,33,YES,sell,393.32,1127.35,0.348888,174227,0x0537cf0aa7be,2025-11-25T09:16:00.117911+00:00
8066,272,18,NO,buy,80.55,212.9,0.37835,677828,0x0968b002b7e8,2025-11-25T09:15:57.252766+00:00
5827,153,19,YES,buy,5.65,12.38,0.456517,354700,0x03ec9d05dc30,2025-11-25T09:15:54.955481+00:00
10304,387,16,NO,buy,479.92,1302.63,0.368424,143260,0x0bc6490d3306,2025-11-25T09:15:51.828629+00:00
12963,526,23,YES,buy,457.87,1358.23,0.337108,510652,0x098642034ab5,2025-11-25T09:15:50.605408+00:00
7885,263,19,YES,buy,140.3,247.92,0.565915,858802,0x03bde707866a,2025-11-25T09:15:45.600138+00:00
12962,526,26,NO,sell,306.83,625.87,0.490247,422389,0x08d4ed0c8446,2025-11-25T09:15:44.605408+00:00
9742,355,41,YES,buy,100.89,156.44,0.644892,764923,0x07ea6d05e806,2025-11-25T09:15:43.653130+00:00
10303,387,44,NO,sell,432.74,657.97,0.657694,922411,0x0a4e1e0286d6,2025-11-25T09:15:40.828629+00:00
5160,119,26,YES,buy,128.98,369.76,0.348821,953608,0x0bc9d60c39ff,2025-11-25T09:15:26.416737+00:00
6191,175,39,YES,sell,118.5,177.01,0.66946,422164,0x054a550a3ab8,2025-11-25T09:15:25.216645+00:00
8065,272,19,YES,sell,368.55,1121.99,0.32848,397000,0x0bd40b0d9ebf,2025-11-25T09:15:24.252766+00:00
5363,130,16,YES,sell,430.85,844.63,0.510108,154703,0x0433e70d9b12,2025-11-25T09:15:21.173531+00:00
5652,145,22,NO,sell,219.87,385.02,0.571068,268762,0x0cca7405ab98,2025-11-25T09:15:18.246559+00:00
10594,401,23,NO,buy,262.47,627.94,0.417984,887756,0x0544f90a309e,2025-11-25T09:15:14.921642+00:00
10593,401,19,NO,sell,183.64,527.29,0.348273,839081,0x06e24506bec1,2025-11-25T09:15:13.921642+00:00
8577,297,23,NO,sell,281.62,805.65,0.349556,166301,0x0481b20a765d,2025-11-25T09:15:08.117911+00:00
5362,130,42,YES,sell,487.21,913.64,0.533264,496523,0x0956bb057c6d,2025-11-25T09:15:06.173531+00:00
5817,152,22,YES,sell,346.82,645.94,0.536923,532265,0x0b2697081f54,2025-11-25T09:14:58.871983+00:00
6524,193,22,YES,buy,80.6,180.95,0.445436,728179,0x091ad20c95bd,2025-11-25T09:14:39.444795+00:00
8625,299,40,NO,buy,88.59,139.95,0.633024,926336,0x0cb58e02193e,2025-11-25T09:14:33.279826+00:00
10302,387,41,YES,buy,250.17,618.87,0.40424,255645,0x044e25093171,2025-11-25T09:14:31.828629+00:00
9470,342,42,NO,buy,7.03,10.85,0.648028,800331,0x04d17b05dd9a,2025-11-25T09:14:29.602437+00:00
5159,119,39,YES,sell,443.26,791.36,0.560124,685925,0x05ede80ba4a9,2025-11-25T09:14:29.416737+00:00
7884,263,30,YES,buy,432.65,1261.03,0.343092,504826,0x060e7e0a4935,2025-11-25T09:14:18.600138+00:00
5651,145,37,NO,sell,460.14,961.96,0.478336,337873,0x04f67f0478dc,2025-11-25T09:14:18.246559+00:00
8624,299,43,NO,sell,442.57,1341.06,0.330016,355462,0x08b4ff0bee35,2025-11-25T09:14:10.279826+00:00
8064,272,34,NO,buy,309.22,854.14,0.362025,835210,0x09e2970281b2,2025-11-25T09:14:07.252766+00:00
9741,355,38,YES,sell,450.27,1232.06,0.36546,774592,0x0e27db09ff1e,2025-11-25T09:14:02.653130+00:00
12961,526,21,YES,sell,219.33,634.39,0.345731,999486,0x0aaeb906cf27,2025-11-25T09:13:54.605408+00:00
10301,387,42,NO,buy,416.22,1025.49,0.405875,743070,0x0497e7064aa1,2025-11-25T09:13:48.828629+00:00
11459,450,33,NO,sell,31.81,96.46,0.329763,903182,0x06858f0c0a5f,2025-11-25T09:13:43.191806+00:00
6523,193,42,YES,buy,142.31,394.96,0.360311,855255,0x0c9e130ddc0f,2025-11-25T09:13:42.444795+00:00
6190,175,35,YES,buy,199.1,414.15,0.480745,481127,0x0a41c709a57c,2025-11-25T09:13:41.216645+00:00
8576,297,22,NO,sell,154.73,268.71,0.575818,628282,0x0260ca03b2a9,2025-11-25T09:13:41.117911+00:00
5158,119,22,NO,sell,207.13,384.67,0.538462,782399,0x0449210bf87b,2025-11-25T09:13:40.416737+00:00
9740,355,25,NO,sell,467.68,889.95,0.525512,63216,0x0d58a60485c8,2025-11-25T09:13:28.653130+00:00
5361,130,28,NO,buy,154.56,381.13,0.405533,713195,0x02c1ec0441ea,2025-11-25T09:13:28.173531+00:00
10592,401,38,NO,sell,286.39,709.95,0.403395,638044,0x0dfdf50365f1,2025-11-25T09:13:27.921642+00:00
5157,119,18,NO,sell,487.29,884.71,0.550789,36644,0x07fd62057226,2025-11-25T09:13:24.416737+00:00
5816,152,19,YES,buy,375.2,1135.9,0.330312,338018,0x0484c60f1a8e,2025-11-25T09:13:21.871983+00:00
5156,119,27,NO,buy,468.91,1385.59,0.338419,991970,0x091b9e046666,2025-11-25T09:13:17.416737+00:00
8575,297,35,NO,buy,296.55,498.22,0.595217,393074,0x0e0d7e092a39,2025-11-25T09:13:11.117911+00:00
10851,415,38,NO,buy,42.63,110.45,0.385981,841125,0x0a971506f0ba,2025-11-25T09:13:10.911784+00:00
7883,263,30,NO,buy,87.74,230.88,0.380025,721909,0x0795130972ac,2025-11-25T09:13:06.600138+00:00
5155,119,38,YES,sell,384.9,725.85,0.530273,901129,0x0c61030e1807,2025-11-25T09:12:58.416737+00:00
12960,526,34,YES,sell,315.42,670.31,0.470555,311771,0x093a0105fdff,2025-11-25T09:12:51.605408+00:00
5815,152,30,NO,buy,265.86,528.51,0.503034,208324,0x02cc7e0456e9,2025-11-25T09:12:47.871983+00:00
10591,401,21,YES,buy,350.84,535.19,0.655548,475234,0x0a5b6d0ba69a,2025-11-25T09:12:46.921642+00:00
8623,299,32,NO,sell,377.5,568.54,0.663982,566267,0x065d30025ad5,2025-11-25T09:12:40.279826+00:00
5650,145,25,NO,sell,369.62,1037.71,0.356187,914021,0x0dd828029d2b,2025-11-25T09:12:37.246559+00:00
10300,387,35,YES,sell,440.2,1042.23,0.422362,745466,0x02c18006e48c,2025-11-25T09:12:32.828629+00:00
5154,119,19,NO,sell,202.25,565.06,0.357929,785735,0x05041c0e6546,2025-11-25T09:12:32.416737+00:00
6189,175,35,YES,sell,450.65,1035.77,0.435088,538086,0x0d4aec0b4814,2025-11-25T09:12:30.216645+00:00
8574,297,16,YES,buy,183.03,350.6,0.522045,42529,0x0a6f5304fe6e,2025-11-25T09:12:29.117911+00:00
5360,130,36,YES,buy,158.68,240.44,0.659948,699384,0x03cb9301bac9,2025-11-25T09:12:27.173531+00:00
9739,355,31,NO,sell,160.74,252.98,0.635395,757209,0x0a511b0a2029,2025-11-25T09:12:24.653130+00:00
5814,152,27,NO,buy,279.94,738.78,0.37892,741581,0x0973600b3694,2025-11-25T09:12:23.871983+00:00
5622,144,35,YES,sell,25.44,48.2,0.527763,881779,0x0bbe7a01b899,2025-11-25T09:12:16.167895+00:00
12959,526,21,NO,sell,298.13,463.54,0.643163,638870,0x061fb60ea1db,2025-11-25T09:12:14.605408+00:00
5813,152,37,YES,buy,261.85,455.99,0.57424,752807,0x04e3ae02536b,2025-11-25T09:12:12.871983+00:00
8063,272,25,NO,sell,272.42,421.04,0.647011,150190,0x08783102e890,2025-11-25T09:12:11.252766+00:00
5649,145,28,YES,buy,327.72,618.77,0.529635,460550,0x0a83e802ef18,2025-11-25T09:12:05.246559+00:00
9738,355,24,NO,sell,362.2,893.54,0.405353,16596,0x02d53e081b1a,2025-11-25T09:12:03.653130+00:00
5812,152,40,YES,buy,103.59,291.4,0.355486,195589,0x0d768002d309,2025-11-25T09:12:00.871983+00:00
6188,175,37,YES,sell,489.5,907.68,0.539289,533006,0x0c96a00589c8,2025-11-25T09:11:52.216645+00:00
6522,193,35,NO,buy,224.47,381.98,0.587655,868431,0x0b5f2e07296f,2025-11-25T09:11:47.444795+00:00
5359,130,18,YES,sell,390.42,609.05,0.641026,179501,0x0c8869055802,2025-11-25T09:11:46.173531+00:00
5358,130,21,YES,buy,226.01,544.34,0.415197,770531,0x0b111f06222f,2025-11-25T09:11:45.173531+00:00
12958,526,40,YES,buy,170.45,381.85,0.446379,747362,0x0e8abb0bcb56,2025-11-25T09:11:44.605408+00:00
9737,355,25,YES,sell,362.96,545.14,0.665816,336419,0x027ff50f1570,2025-11-25T09:11:38.653130+00:00
7882,263,31,NO,sell,219.14,355.51,0.616403,493542,0x055e970ddab7,2025-11-25T09:11:35.600138+00:00
10590,401,28,NO,buy,438.7,1072.25,0.409141,178946,0x0a665008680a,2025-11-25T09:11:27.921642+00:00
5153,119,19,NO,buy,436.92,748.36,0.583835,172646,0x08d8ad0c0001,2025-11-25T09:11:18.416737+00:00
5811,152,15,NO,buy,145.62,264.55,0.550451,916827,0x08e5e90b9f36,2025-11-25T09:11:17.871983+00:00
8062,272,43,NO,buy,265.44,425.26,0.624185,286825,0x0cb6090b38c8,2025-11-25T09:11:17.252766+00:00
5152,119,31,NO,sell,372.48,985.3,0.378037,413900,0x0f39d50a4b46,2025-11-25T09:11:05.416737+00:00
8622,299,24,YES,buy,353.76,638.8,0.553792,619704,0x0c1a8d0c18c2,2025-11-25T09:11:03.279826+00:00
8573,297,18,YES,sell,484.11,913.28,0.530078,251583,0x04e623077058,2025-11-25T09:11:02.117911+00:00
8621,299,20,YES,sell,265.22,839.99,0.315742,404560,0x08b267091c7c,2025-11-25T09:10:59.279826+00:00
5151,119,27,NO,sell,364.72,523.93,0.696126,411059,0x0da63807c9a5,2025-11-25T09:10:55.416737+00:00
10299,387,38,NO,buy,497.46,930.02,0.534893,887367,0x0c1d370cbd1f,2025-11-25T09:10:50.828629+00:00
7881,263,44,NO,buy,327.2,912.39,0.35862,142246,0x0d0ac2020b38,2025-11-25T09:10:50.600138+00:00
9736,355,44,NO,buy,210.25,396.61,0.530123,705089,0x066e7b0dbaff,2025-11-25T09:10:45.653130+00:00
7880,263,26,NO,buy,498.7,1248.07,0.399578,529252,0x0d88a602f4d3,2025-11-25T09:10:43.600138+00:00
5357,130,37,NO,sell,245.01,631.54,0.387955,282298,0x0eb6020c97c3,2025-11-25T09:10:41.173531+00:00
12957,526,31,YES,sell,261.87,443.88,0.589957,18149,0x04629d0dea21,2025-11-25T09:10:40.605408+00:00
12260,491,33,NO,buy,37.85,110.21,0.343444,361664,0x03b3ea0aedbe,2025-11-25T09:10:37.084073+00:00
6187,175,15,YES,buy,454.71,1443.0,0.315115,36558,0x06d1ea0e4ccf,2025-11-25T09:10:34.216645+00:00
5648,145,44,NO,buy,278.17,426.42,0.65234,813901,0x02b5ae06b7f6,2025-11-25T09:10:31.246559+00:00
8620,299,39,YES,buy,497.9,1170.83,0.425254,924951,0x0ee2eb0da5a4,2025-11-25T09:10:26.279826+00:00
6521,193,39,NO,buy,460.72,1482.77,0.310716,604574,0x0bd808048279,2025-11-25T09:10:14.444795+00:00
10589,401,39,NO,buy,358.48,787.61,0.455148,148248,0x0dd6f608be21,2025-11-25T09:10:10.921642+00:00
8061,272,26,NO,buy,270.28,555.78,0.486311,519854,0x05891d0908c4,2025-11-25T09:10:06.252766+00:00
8572,297,16,NO,sell,258.83,487.28,0.531172,850195,0x03e7b707a158,2025-11-25T09:09:59.117911+00:00
8619,299,19,NO,sell,153.15,334.95,0.457226,661321,0x0edd2d02d528,2025-11-25T09:09:54.279826+00:00
9735,355,19,NO,buy,479.2,1035.31,0.462858,481648,0x04581c03e395,2025-11-25T09:09:51.653130+00:00
5810,152,26,YES,buy,320.2,811.09,0.394778,11113,0x02ec8f02bb82,2025-11-25T09:09:44.871983+00:00
5150,119,38,NO,sell,493.44,875.36,0.5637,23613,0x0f1a270412ae,2025-11-25T09:09:44.416737+00:00
8060,272,15,NO,sell,264.78,458.17,0.57791,360285,0x05a3950e974b,2025-11-25T09:09:43.252766+00:00
8618,299,43,YES,sell,156.87,391.9,0.400282,763593,0x0cf85a01b94a,2025-11-25T09:09:37.279826+00:00
5647,145,34,NO,buy,122.6,220.56,0.555851,388395,0x05f14f0a21d8,2025-11-25T09:09:34.246559+00:00
7034,219,23,NO,sell,10.44,25.95,0.402317,77938,0x0b34c70e8c89,2025-11-25T09:09:33.431999+00:00
8571,297,39,YES,buy,227.28,373.07,0.609209,642344,0x0f00e702cf58,2025-11-25T09:09:33.117911+00:00
5809,152,43,YES,buy,420.52,675.54,0.622491,79029,0x033d190569cb,2025-11-25T09:09:21.871983+00:00
5356,130,16,YES,sell,180.28,351.52,0.512853,926473,0x05eee8052639,2025-11-25T09:09:21.173531+00:00
5980,162,33,NO,sell,6.22,17.32,0.359189,822534,0x051a980f09a6,2025-11-25T09:09:19.504129+00:00
8617,299,31,NO,buy,171.45,386.39,0.443722,805784,0x0ec97a0a1055,2025-11-25T09:09:15.279826+00:00
4872,103,41,YES,sell,13.99,33.39,0.418928,844687,0x0ab3c407f554,2025-11-25T09:09:12.387708+00:00
6520,193,16,YES,buy,163.21,297.3,0.548974,162663,0x0724950cdf74,2025-11-25T09:09:07.444795+00:00
8616,299,21,YES,buy,315.09,1015.85,0.310175,200950,0x030c2a031990,2025-11-25T09:09:07.279826+00:00
5355,130,34,NO,sell,125.86,393.38,0.319949,231246,0x05824c034d9e,2025-11-25T09:09:06.173531+00:00
10298,387,23,YES,buy,420.76,772.8,0.544463,173743,0x099b63035aa6,2025-11-25T09:09:03.828629+00:00
7879,263,18,YES,sell,207.82,439.88,0.472443,638135,0x0724b50c3a2c,2025-11-25T09:09:01.600138+00:00
5646,145,33,NO,buy,408.12,894.95,0.456025,262982,0x0cd46709518b,2025-11-25T09:08:58.246559+00:00
12956,526,22,NO,buy,417.12,643.23,0.648474,826751,0x024a9f043a1d,2025-11-25T09:08:57.605408+00:00
12955,526,42,YES,buy,364.95,534.23,0.683128,652297,0x0292560ca74d,2025-11-25T09:08:46.605408+00:00
6186,175,36,NO,buy,260.58,479.37,0.543585,574283,0x0625910e0f39,2025-11-25T09:08:42.216645+00:00
5149,119,41,YES,buy,374.17,1165.54,0.321027,899397,0x0df1470463e4,2025-11-25T09:08:41.416737+00:00
8570,297,35,NO,buy,305.56,680.33,0.449137,619926,0x0b324a0ac8ef,2025-11-25T09:08:32.117911+00:00
9734,355,27,YES,buy,421.78,1250.52,0.337283,1974,0x0c3aa0059234,2025-11-25T09:08:29.653130+00:00
8615,299,18,NO,sell,481.77,834.18,0.577539,954007,0x0ac0d8038185,2025-11-25T09:08:26.279826+00:00
10588,401,34,NO,buy,417.93,1130.67,0.369632,555327,0x08c7df0e2826,2025-11-25T09:08:25.921642+00:00
11077,428,21,YES,buy,4.84,13.79,0.351048,236404,0x02ab060573bc,2025-11-25T09:08:25.763306+00:00
5148,119,30,YES,sell,202.43,294.83,0.686598,350327,0x0277850e7d3e,2025-11-25T09:08:21.416737+00:00
5808,152,23,YES,sell,465.89,1395.22,0.333918,904326,0x0c2f79069faa,2025-11-25T09:08:15.871983+00:00
5354,130,35,NO,sell,161.45,429.64,0.37578,290329,0x045a290b07d9,2025-11-25T09:07:58.173531+00:00
8059,272,43,NO,sell,251.51,394.3,0.637857,727254,0x08327a0e9f17,2025-11-25T09:07:57.252766+00:00
5353,130,19,NO,sell,293.33,913.05,0.321263,103564,0x05e32607713f,2025-11-25T09:07:51.173531+00:00
8569,297,34,YES,sell,442.59,811.07,0.545687,712033,0x0b7e3b0c314b,2025-11-25T09:07:49.117911+00:00
5807,152,37,NO,buy,476.02,810.04,0.587647,513575,0x0a5d2f049cc1,2025-11-25T09:07:38.871983+00:00
10587,401,22,NO,sell,112.86,226.05,0.499262,5258,0x05ae3209449b,2025-11-25T09:07:31.921642+00:00
5645,145,29,NO,buy,111.26,305.52,0.364167,988228,0x0d176a093367,2025-11-25T09:07:25.246559+00:00
5352,130,36,NO,sell,191.54,285.55,0.670771,453432,0x02def607325b,2025-11-25T09:07:23.173531+00:00
10297,387,33,YES,buy,429.92,801.62,0.536312,740434,0x03199e0de501,2025-11-25T09:07:15.828629+00:00
6519,193,39,YES,sell,302.22,548.47,0.551019,173468,0x02ea57096f97,2025-11-25T09:07:10.444795+00:00
8614,299,34,YES,buy,358.07,741.61,0.482825,996542,0x0c36da06c1ce,2025-11-25T09:07:08.279826+00:00
5147,119,34,NO,sell,291.0,505.7,0.57544,741842,0x05e6af0f16ad,2025-11-25T09:07:07.416737+00:00
7878,263,38,NO,sell,236.48,365.3,0.647359,516294,0x06ed8a0dbb4e,2025-11-25T09:07:06.600138+00:00
9733,355,26,NO,buy,99.26,207.23,0.478974,712726,0x0b8fa00a0a93,2025-11-25T09:07:03.653130+00:00
6185,175,25,NO,sell,397.08,582.27,0.681956,561211,0x0a72400af9db,2025-11-25T09:07:03.216645+00:00
5146,119,29,YES,sell,141.27,249.53,0.56614,738114,0x0e58b70ec518,2025-11-25T09:07:02.416737+00:00
12954,526,24,NO,sell,348.77,829.75,0.420331,498230,0x06ab8007276f,2025-11-25T09:06:59.605408+00:00
5419,133,18,YES,sell,25.87,46.19,0.560135,319157,0x086e1c092ad8,2025-11-25T09:06:56.420808+00:00
6518,193,18,NO,buy,333.77,854.32,0.390684,831221,0x0ab45a0c9a48,2025-11-25T09:06:54.444795+00:00
8568,297,38,YES,sell,385.31,951.72,0.404856,524371,0x08b6da060a52,2025-11-25T09:06:51.117911+00:00
5806,152,37,NO,sell,220.97,355.68,0.621258,446135,0x0f2f140e1261,2025-11-25T09:06:45.871983+00:00
6184,175,33,YES,buy,299.59,492.72,0.608036,599336,0x04503502b09f,2025-11-25T09:06:45.216645+00:00
5805,152,34,YES,buy,207.14,545.31,0.379857,408263,0x090c3d079b2c,2025-11-25T09:06:40.871983+00:00
12953,526,24,NO,sell,288.2,874.74,0.329471,737904,0x0eb35002c8f8,2025-11-25T09:06:38.605408+00:00
8567,297,38,NO,sell,348.36,927.34,0.375655,578761,0x0a2ff40374cc,2025-11-25T09:06:34.117911+00:00
6517,193,38,YES,buy,209.86,490.42,0.427915,992284,0x0c20800f12a2,2025-11-25T09:06:29.444795+00:00
8058,272,24,NO,sell,375.55,841.53,0.44627,145026,0x0acca006b5e8,2025-11-25T09:06:22.252766+00:00
5351,130,29,YES,buy,181.04,275.29,0.657639,30974,0x0484b205cb42,2025-11-25T09:06:22.173531+00:00
5644,145,28,NO,sell,314.39,527.85,0.595607,648554,0x0e491404f72e,2025-11-25T09:06:20.246559+00:00
9732,355,41,YES,buy,289.61,423.83,0.683314,432663,0x040d2903451e,2025-11-25T09:06:12.653130+00:00
6516,193,26,NO,buy,95.27,142.55,0.66831,716567,0x0944740f3a2c,2025-11-25T09:06:06.444795+00:00
5350,130,23,NO,buy,368.23,541.04,0.680598,108022,0x0ac3020be666,2025-11-25T09:06:03.173531+00:00
7877,263,17,NO,sell,281.94,536.29,0.525719,553447,0x087b7d0796ac,2025-11-25T09:06:00.600138+00:00
10296,387,22,YES,sell,96.37,169.41,0.568861,687699,0x0ad7ce0d4ac1,2025-11-25T09:05:56.828629+00:00
5349,130,26,NO,sell,444.5,879.53,0.505386,198083,0x0e019707eddd,2025-11-25T09:05:54.173531+00:00
6183,175,26,YES,sell,306.41,639.8,0.478913,278776,0x03344c0c838a,2025-11-25T09:05:53.216645+00:00
10586,401,22,YES,sell,366.42,742.28,0.49364,729062,0x0c37890e37eb,2025-11-25T09:05:44.921642+00:00
12952,526,35,YES,buy,170.31,357.04,0.477011,203973,0x0adb0008bee2,2025-11-25T09:05:43.605408+00:00
5979,162,28,NO,sell,17.08,33.92,0.503534,425368,0x0982030d1d43,2025-11-25T09:05:39.504129+00:00
5643,145,41,YES,buy,358.06,889.87,0.402372,25829,0x0ed8c1078061,2025-11-25T09:05:38.246559+00:00
5642,145,27,YES,sell,228.52,367.31,0.622148,288527,0x08d60b0dcc74,2025-11-25T09:05:35.246559+00:00
5145,119,32,NO,sell,140.77,207.88,0.677156,525112,0x0eebdd050741,2025-11-25T09:05:34.416737+00:00
8566,297,40,NO,buy,227.72,712.78,0.319483,446032,0x073c96033825,2025-11-25T09:05:34.117911+00:00
5144,119,39,NO,buy,298.3,551.75,0.540647,415515,0x051484033b33,2025-11-25T09:05:32.416737+00:00
8613,299,27,NO,sell,308.38,535.0,0.576413,196682,0x03e03a08f082,2025-11-25T09:05:25.279826+00:00
12951,526,41,NO,sell,440.74,987.17,0.44647,298231,0x058760020bc1,2025-11-25T09:05:19.605408+00:00
10585,401,29,NO,sell,114.33,336.08,0.340187,335199,0x0ebe0f01b30e,2025-11-25T09:05:09.921642+00:00
5143,119,27,YES,sell,105.99,206.11,0.514241,445280,0x0f146c07bc78,2025-11-25T09:04:51.416737+00:00
5804,152,16,NO,sell,356.95,824.05,0.433168,915400,0x020721039dc4,2025-11-25T09:04:41.871983+00:00
8565,297,26,NO,buy,439.3,742.4,0.591733,696096,0x0aa0fa0d57a2,2025-11-25T09:04:35.117911+00:00
8612,299,19,YES,sell,374.77,790.09,0.474336,546859,0x0993b709bde1,2025-11-25T09:04:34.279826+00:00
8611,299,15,YES,buy,424.73,1360.39,0.312211,934263,0x08babe065b7f,2025-11-25T09:04:28.279826+00:00
6182,175,35,NO,sell,363.03,1085.37,0.334476,916879,0x07d1d00c62c5,2025-11-25T09:04:28.216645+00:00
13422,549,29,NO,buy,5.88,11.72,0.501669,512690,0x0d3b9f044c71,2025-11-25T09:04:26.261199+00:00
8057,272,20,YES,buy,491.96,1340.62,0.366964,56591,0x0ac1b20a6160,2025-11-25T09:04:26.252766+00:00
12950,526,19,YES,sell,129.11,425.08,0.303733,430078,0x0a01f905af25,2025-11-25T09:04:24.605408+00:00
12677,514,27,NO,sell,34.7,71.44,0.485727,924116,0x0cfe87030a0a,2025-11-25T09:04:23.634107+00:00
12594,508,32,NO,sell,33.29,53.0,0.628076,38959,0x087efe0987a1,2025-11-25T09:04:23.322790+00:00
12460,501,33,YES,sell,30.27,56.18,0.53885,120497,0x067eb809c91a,2025-11-25T09:04:22.851642+00:00
12259,491,22,YES,buy,45.53,82.28,0.553367,843798,0x0e71f30b975f,2025-11-25T09:04:22.084073+00:00
12127,484,40,YES,buy,36.9,66.24,0.557052,14298,0x0dc06f080b72,2025-11-25T09:04:21.603771+00:00
11967,476,35,NO,buy,41.07,68.62,0.598513,266455,0x0e1e77030330,2025-11-25T09:04:20.988594+00:00
11768,464,38,NO,buy,27.53,47.63,0.578052,614229,0x02835604eb5b,2025-11-25T09:04:20.295231+00:00
11458,450,34,NO,sell,26.54,69.57,0.381504,733586,0x0dafe20531aa,2025-11-25T09:04:19.191806+00:00
11436,449,18,NO,sell,46.03,76.54,0.601397,633997,0x0bf5980caf09,2025-11-25T09:04:19.106503+00:00
10295,387,32,NO,buy,390.67,828.73,0.471406,334028,0x0b0379039442,2025-11-25T09:04:17.828629+00:00
11076,428,28,YES,buy,21.98,47.46,0.463136,477120,0x07142b0de2b0,2025-11-25T09:04:17.763306+00:00
10916,420,18,NO,sell,25.93,51.52,0.503285,653415,0x0cfbf40bce48,2025-11-25T09:04:17.156325+00:00
10850,415,21,YES,sell,22.57,41.19,0.547978,979858,0x079c3c07acde,2025-11-25T09:04:16.911784+00:00
10761,410,43,YES,buy,19.86,50.91,0.390123,933575,0x0d7dea0f2d67,2025-11-25T09:04:16.594081+00:00
10584,401,18,YES,buy,466.67,679.74,0.68654,234870,0x034d310e1cea,2025-11-25T09:04:15.921642+00:00
10515,398,18,NO,sell,29.92,80.53,0.371533,29796,0x0ac04b080cbe,2025-11-25T09:04:15.654698+00:00
10430,394,28,YES,sell,34.18,48.9,0.699022,901159,0x0a46460d663e,2025-11-25T09:04:15.331509+00:00
10294,387,38,YES,sell,214.77,364.11,0.589843,972406,0x045acb06560d,2025-11-25T09:04:14.828629+00:00
9841,362,39,NO,buy,49.95,118.39,0.421928,643882,0x09d27f0441c6,2025-11-25T09:04:13.081816+00:00
9731,355,20,YES,sell,359.39,691.18,0.519969,720866,0x09a10708d990,2025-11-25T09:04:12.653130+00:00
9469,342,24,YES,sell,36.42,62.38,0.583843,860732,0x0887640a5f87,2025-11-25T09:04:11.602437+00:00
5142,119,17,NO,buy,392.74,1133.64,0.346442,895781,0x0768e0039086,2025-11-25T09:04:10.416737+00:00
8768,306,40,YES,sell,12.47,21.42,0.582256,814268,0x046e9306f8fb,2025-11-25T09:04:08.941683+00:00
8634,300,33,YES,buy,41.21,69.83,0.590187,622984,0x0c6ed60ac88f,2025-11-25T09:04:08.371602+00:00
8610,299,37,NO,buy,323.8,782.5,0.413804,338062,0x04386d081ef2,2025-11-25T09:04:08.279826+00:00
8564,297,27,YES,buy,142.7,323.11,0.44164,126961,0x0e94c60f08e1,2025-11-25T09:04:08.117911+00:00
8539,296,38,YES,buy,7.99,25.46,0.313809,813452,0x02a0870f3998,2025-11-25T09:04:08.026245+00:00
8468,293,31,YES,buy,25.88,44.26,0.584722,469332,0x0c268f03f771,2025-11-25T09:04:07.751189+00:00
8357,287,21,NO,buy,4.31,8.86,0.486376,585160,0x09f2b40c661d,2025-11-25T09:04:07.344097+00:00
8262,282,39,YES,sell,47.52,89.91,0.528547,18367,0x07b2370a2be9,2025-11-25T09:04:07.002323+00:00
6515,193,44,NO,buy,421.74,626.68,0.672972,973629,0x02883001eb54,2025-11-25T09:04:06.444795+00:00
8080,274,43,NO,sell,32.77,57.51,0.569776,902875,0x0bfd370c24c6,2025-11-25T09:04:06.339343+00:00
8056,272,30,NO,buy,454.08,674.3,0.673413,203915,0x02852507edf6,2025-11-25T09:04:06.252766+00:00
7876,263,18,NO,sell,490.32,902.94,0.543026,484866,0x04cbed081cc4,2025-11-25T09:04:05.600138+00:00
7491,244,19,NO,sell,1.05,1.88,0.557388,624752,0x0710e40f2209,2025-11-25T09:04:04.154065+00:00
7033,219,17,NO,buy,48.09,131.18,0.366583,364974,0x0a23250b03eb,2025-11-25T09:04:02.431999+00:00
6944,215,30,NO,buy,21.68,37.57,0.577019,634764,0x0e2aa0058ac0,2025-11-25T09:04:02.094493+00:00
6809,209,22,YES,sell,25.46,42.62,0.597409,768441,0x0b8a6604ce21,2025-11-25T09:04:01.573473+00:00
6514,193,28,YES,buy,276.57,802.61,0.34459,868607,0x02845a0bdb6f,2025-11-25T09:04:00.444795+00:00
6489,191,35,NO,sell,34.0,99.83,0.340565,539169,0x09c2c80f20d7,2025-11-25T09:04:00.350476+00:00
6201,177,41,NO,buy,32.28,58.31,0.55358,559579,0x03a7cb0c7658,2025-11-25T09:03:59.287232+00:00
6181,175,39,YES,sell,307.06,920.05,0.333741,190214,0x0efa0d0442cb,2025-11-25T09:03:59.216645+00:00
6048,165,25,NO,sell,33.32,58.24,0.572126,212339,0x089ed60c22c3,2025-11-25T09:03:58.756538+00:00
5978,162,31,YES,sell,40.5,66.25,0.611318,855517,0x05735c052522,2025-11-25T09:03:58.504129+00:00
5934,160,41,YES,buy,2.12,3.97,0.533648,181189,0x0db937050b38,2025-11-25T09:03:58.343895+00:00
5826,153,27,YES,sell,18.92,39.94,0.473753,950341,0x0e9ab70c1d3e,2025-11-25T09:03:57.955481+00:00
5803,152,43,YES,buy,352.75,607.97,0.580206,454980,0x05bc5608b572,2025-11-25T09:03:57.871983+00:00
5641,145,41,NO,sell,209.37,398.56,0.525315,6948,0x0dba9f083329,2025-11-25T09:03:57.246559+00:00
5621,144,22,NO,buy,11.99,29.15,0.411326,828614,0x0df95f0d2fa2,2025-11-25T09:03:57.167895+00:00
5577,142,28,YES,sell,16.91,30.5,0.554393,375597,0x0b0eef035014,2025-11-25T09:03:57.004436+00:00
5418,133,17,NO,buy,44.49,90.52,0.491509,759466,0x0398e905daa0,2025-11-25T09:03:56.420808+00:00
5348,130,39,NO,sell,355.22,555.79,0.639123,230412,0x033769039b5a,2025-11-25T09:03:56.173531+00:00
5276,126,26,YES,buy,9.78,16.07,0.608776,269463,0x05a72909191a,2025-11-25T09:03:55.915925+00:00
5141,119,27,NO,sell,419.55,1077.37,0.38942,92939,0x03607d062e76,2025-11-25T09:03:55.416737+00:00
5007,112,15,YES,buy,30.83,102.18,0.301712,182965,0x01addb0c4a07,2025-11-25T09:03:54.898089+00:00
4871,103,20,NO,sell,48.5,127.4,0.380703,826386,0x0bb1670f154e,2025-11-25T09:03:54.387708+00:00
4385,80,19,YES,sell,39.8,58.16,0.684265,183664,0x0be9aa069a37,2025-11-25T09:03:52.540662+00:00
4232,68,28,NO,buy,38.33,66.99,0.572137,86847,0x0b0f140e1fb2,2025-11-25T09:03:51.913320+00:00
4075,61,42,YES,buy,29.02,73.76,0.393425,46767,0x0def41081928,2025-11-25T09:03:51.310436+00:00
10915,419,44,YES,buy,11.35,20.06,0.565725,414733,0x08852907e24c,2025-11-24T22:44:00.063658+00:00
10360,390,30,YES,sell,32.88,54.7,0.601105,152734,0x0cdc9106726a,2025-11-24T22:35:58.981409+00:00
12391,496,17,YES,sell,33.75,54.07,0.624189,668745,0x0409920e5557,2025-11-24T22:29:04.506596+00:00
11611,456,34,YES,buy,28.3,68.79,0.411401,543672,0x03fbea08bcd6,2025-11-24T22:28:22.664315+00:00
12390,496,24,YES,sell,22.34,66.9,0.333947,362712,0x03ed8e05d817,2025-11-24T22:27:10.506596+00:00
9798,357,40,YES,sell,10.99,16.91,0.650079,570557,0x06446c042a1e,2025-11-24T22:15:47.835434+00:00
6357,184,31,YES,sell,7.27,12.78,0.5687,244857,0x0ca42e0d8b73,2025-11-24T22:13:05.786656+00:00
9404,337,42,NO,buy,43.45,99.72,0.435707,947461,0x07691807f510,2025-11-24T21:56:22.244720+00:00
6356,184,42,YES,sell,28.15,40.83,0.689481,387395,0x0bb1de043a0b,2025-11-24T21:54:51.786656+00:00
10914,419,22,NO,buy,24.39,42.52,0.573671,721877,0x094bc204b208,2025-11-24T21:54:01.063658+00:00
12035,478,26,NO,sell,2.92,5.18,0.563578,435678,0x0e89eb01de06,2025-11-24T21:50:31.141499+00:00
6853,210,42,NO,buy,16.18,48.11,0.336286,18905,0x01937c06bd50,2025-11-24T21:50:27.651714+00:00
9403,337,26,NO,buy,42.28,79.74,0.530256,975895,0x0726aa05e587,2025-11-24T21:47:10.244720+00:00
7652,252,21,NO,sell,29.07,43.2,0.672959,5070,0x02e8500d753d,2025-11-24T21:45:01.681093+00:00
10359,390,31,YES,sell,18.01,29.95,0.601429,209982,0x09a73204dd9a,2025-11-24T21:42:39.981409+00:00
12389,496,17,NO,sell,7.8,17.54,0.444728,572314,0x0e9dff0a3bc8,2025-11-24T21:32:19.506596+00:00
11610,456,33,YES,buy,47.77,81.28,0.587718,735479,0x06ae4307c189,2025-11-24T21:29:42.664315+00:00
6355,184,23,YES,sell,17.77,37.65,0.472033,765932,0x0cab380af21c,2025-11-24T21:28:21.786656+00:00
5099,116,21,YES,buy,46.25,85.77,0.53923,920949,0x08a0200d5a9d,2025-11-24T21:20:31.176764+00:00
9797,357,41,NO,sell,11.79,18.57,0.634981,877987,0x08ee7b050aa1,2025-11-24T21:18:36.835434+00:00
11609,456,41,NO,sell,18.17,34.1,0.532868,576603,0x0748c602464f,2025-11-24T21:17:46.664315+00:00
12034,478,24,YES,buy,20.86,49.7,0.41976,535982,0x0e8372045d01,2025-11-24T21:16:12.141499+00:00
9796,357,28,YES,buy,16.22,32.83,0.494092,879556,0x01e69308376b,2025-11-24T21:11:46.835434+00:00
12033,478,30,YES,buy,48.46,85.7,0.565438,944001,0x0497670ce989,2025-11-24T21:09:16.141499+00:00
7651,252,27,YES,sell,41.95,79.54,0.527392,32957,0x07a11403dcaf,2025-11-24T21:08:44.681093+00:00
6852,210,26,NO,sell,20.81,33.69,0.617675,910887,0x0539290c35b7,2025-11-24T21:08:21.651714+00:00
11810,465,15,NO,sell,36.74,83.75,0.438692,346250,0x09d07d05f54a,2025-11-24T21:07:25.369893+00:00
10913,419,31,YES,buy,45.2,116.76,0.387134,653497,0x05ee820216b1,2025-11-24T21:03:38.063658+00:00
11608,456,37,YES,sell,48.84,97.0,0.503509,253528,0x0816fc0c9a3e,2025-11-24T21:03:24.664315+00:00
10134,377,25,YES,buy,18.37,28.1,0.653845,349678,0x05aed50c73fd,2025-11-24T21:01:37.155908+00:00
10358,390,37,YES,buy,46.57,113.35,0.410861,189060,0x06a02302a725,2025-11-24T21:01:07.981409+00:00
12388,496,40,NO,sell,9.09,20.95,0.433878,293196,0x065ec4080c01,2025-11-24T21:00:38.506596+00:00
9402,337,41,NO,buy,41.72,108.89,0.383129,906014,0x059e82037df2,2025-11-24T21:00:03.244720+00:00
10912,419,43,NO,buy,29.69,44.93,0.660804,799926,0x0d83f30de100,2025-11-24T20:55:50.063658+00:00
5098,116,28,YES,buy,3.94,8.76,0.449809,160038,0x06458f04c210,2025-11-24T20:54:42.176764+00:00
6354,184,20,NO,buy,8.22,23.87,0.344363,214795,0x0428ec0261a4,2025-11-24T20:52:06.786656+00:00
9401,337,21,NO,buy,16.95,38.82,0.436595,208048,0x02e82a0a700a,2025-11-24T20:50:06.244720+00:00
12387,496,40,NO,sell,33.12,82.12,0.40331,200185,0x04069d0441ea,2025-11-24T20:48:48.506596+00:00
11607,456,15,NO,buy,29.01,80.66,0.35965,812386,0x0e10a70d968d,2025-11-24T20:47:10.664315+00:00
7418,238,17,NO,buy,31.62,98.74,0.320229,52767,0x0d5c0105352d,2025-11-24T20:33:08.788316+00:00
5868,154,18,YES,sell,11.55,30.69,0.376314,920018,0x084be90d653a,2025-11-24T20:30:12.034045+00:00
12926,524,37,NO,sell,6.89,15.74,0.437804,55292,0x07944c0741aa,2025-11-24T20:26:10.436320+00:00
5553,140,39,YES,sell,40.65,84.24,0.482578,457097,0x0abdc70ca34a,2025-11-24T20:26:09.824092+00:00
9400,337,28,NO,sell,1.17,3.18,0.368143,200580,0x0ca06403826c,2025-11-24T20:25:53.244720+00:00
10357,390,16,NO,sell,26.3,38.82,0.677525,66132,0x02bcb40744bc,2025-11-24T20:25:46.981409+00:00
7650,252,19,NO,buy,8.45,25.34,0.333487,374124,0x0e7ea509836f,2025-11-24T20:25:01.681093+00:00
12032,478,35,YES,sell,8.23,12.26,0.671077,389747,0x0e77f3093d33,2025-11-24T20:22:56.141499+00:00
5867,154,16,YES,sell,46.58,110.54,0.421379,596707,0x07a0ec0d2f93,2025-11-24T20:19:09.034045+00:00
6851,210,25,YES,buy,8.22,18.38,0.44732,500406,0x02aa8a078f0c,2025-11-24T20:19:04.651714+00:00
6850,210,15,NO,buy,37.19,68.84,0.540275,854590,0x0e7a4b02b829,2025-11-24T20:17:51.651714+00:00
6180,174,27,NO,buy,45.12,88.94,0.507311,902881,0x0e729303dede,2025-11-24T20:16:38.128824+00:00
6849,210,32,YES,buy,15.14,23.58,0.642112,232096,0x0994810294ca,2025-11-24T20:16:05.651714+00:00
7417,238,42,YES,buy,26.81,38.69,0.692959,733975,0x05375406e690,2025-11-24T20:13:57.788316+00:00
11809,465,43,YES,sell,28.09,92.6,0.303333,141251,0x0905ac0ed0fc,2025-11-24T20:13:56.369893+00:00
5552,140,25,NO,buy,10.17,22.95,0.443202,574338,0x04213b08fece,2025-11-24T20:13:17.824092+00:00
6179,174,38,NO,sell,34.36,49.24,0.697787,735120,0x08c876092dd4,2025-11-24T20:12:18.128824+00:00
9795,357,34,YES,buy,12.82,39.84,0.321806,935491,0x0e0f840646fd,2025-11-24T20:12:03.835434+00:00
12744,516,37,NO,sell,26.97,38.65,0.697835,891864,0x0e09cb0d0f12,2025-11-24T20:08:18.793017+00:00
12925,524,20,YES,buy,13.17,27.44,0.479921,766402,0x0d98670ddf6d,2025-11-24T20:05:57.436320+00:00
10911,419,27,NO,sell,23.25,54.76,0.424557,905224,0x030b93020fb9,2025-11-24T20:05:28.063658+00:00
10133,377,37,YES,sell,17.06,30.63,0.556959,657596,0x01fe150ce9b7,2025-11-24T20:04:31.155908+00:00
9399,337,36,NO,buy,35.55,71.91,0.494337,127946,0x0c158e0c5700,2025-11-24T20:04:30.244720+00:00
5097,116,38,YES,buy,12.4,22.69,0.546539,248879,0x0382c20677ab,2025-11-24T20:04:10.176764+00:00
12924,524,28,NO,sell,1.96,3.83,0.511294,333927,0x0d61290df366,2025-11-24T20:02:40.436320+00:00
12386,496,27,NO,buy,30.15,60.63,0.497291,713839,0x09a0450a5a1c,2025-11-24T20:00:46.506596+00:00
7965,266,16,YES,sell,29.28,50.9,0.575238,766183,0x01c7630cf00d,2025-11-24T19:59:05.854601+00:00
10719,407,30,NO,sell,49.59,86.76,0.571555,379242,0x08b0af0ee979,2025-11-24T19:57:20.346503+00:00
7129,222,40,NO,buy,27.49,46.25,0.594354,639282,0x05196b020321,2025-11-24T19:54:20.705430+00:00
6353,184,43,YES,sell,22.86,32.77,0.697686,276903,0x08100a0e34d2,2025-11-24T19:53:44.786656+00:00
7416,238,31,YES,buy,28.1,55.27,0.508416,849866,0x0d28e601952c,2025-11-24T19:52:39.788316+00:00
9684,351,36,NO,sell,34.96,64.92,0.538472,391943,0x0e337706014b,2025-11-24T19:51:26.384209+00:00
7128,222,24,NO,buy,45.9,90.88,0.505078,182779,0x081af3027f82,2025-11-24T19:51:05.705430+00:00
11808,465,33,NO,buy,21.04,36.53,0.575981,310936,0x048ea002efaf,2025-11-24T19:51:02.369893+00:00
10910,419,39,YES,sell,41.08,74.32,0.552709,245419,0x054e8d0b3c6c,2025-11-24T19:50:42.063658+00:00
9794,357,30,NO,sell,5.1,15.77,0.323463,545894,0x0191be087518,2025-11-24T19:49:45.835434+00:00
7415,238,37,YES,buy,5.38,16.64,0.323285,618960,0x0d158002211c,2025-11-24T19:48:55.788316+00:00
7649,252,35,YES,buy,33.54,94.85,0.353599,425146,0x0d5de2038078,2025-11-24T19:48:18.681093+00:00
11606,456,35,NO,sell,20.53,43.26,0.474549,967626,0x0b8a1f03a1a3,2025-11-24T19:48:10.664315+00:00
9044,319,42,NO,sell,21.28,48.52,0.438552,141380,0x09a7fb0430b4,2025-11-24T19:46:19.909062+00:00
9683,351,21,NO,sell,11.17,23.72,0.471009,205429,0x0c5fab0c9e8d,2025-11-24T19:45:32.384209+00:00
10356,390,44,YES,buy,24.49,50.34,0.486518,110476,0x0b24020e4ada,2025-11-24T19:43:25.981409+00:00
12031,478,28,YES,sell,15.86,29.33,0.540788,869777,0x06b3ff01f199,2025-11-24T19:41:51.141499+00:00
12502,503,42,YES,sell,43.03,70.9,0.606911,491246,0x07a7f50e7352,2025-11-24T19:41:41.936665+00:00
5551,140,36,YES,sell,35.36,64.08,0.551789,442878,0x01a6f90410dd,2025-11-24T19:40:40.824092+00:00
11605,456,23,YES,sell,34.27,105.67,0.324302,655859,0x04481b07b461,2025-11-24T19:40:38.664315+00:00
10132,377,18,NO,buy,4.26,9.5,0.448283,260561,0x08e86a0331e3,2025-11-24T19:39:00.155908+00:00
4608,89,30,NO,sell,27.59,55.62,0.496037,571027,0x0a97d504830c,2025-11-24T19:38:36.318180+00:00
10718,407,29,YES,sell,15.44,24.24,0.637057,58738,0x0c10b60dbe1f,2025-11-24T19:37:27.346503+00:00
5866,154,34,NO,buy,4.81,14.03,0.342905,33715,0x0187bb0f2b35,2025-11-24T19:36:43.034045+00:00
4607,89,38,YES,buy,34.77,78.44,0.443267,943316,0x03ae7c05897a,2025-11-24T19:35:45.318180+00:00
6178,174,25,YES,sell,48.03,155.35,0.309167,618203,0x0e18790cc55f,2025-11-24T19:34:58.128824+00:00
6848,210,16,NO,buy,14.82,38.52,0.384753,118971,0x0d7eab0ca4ae,2025-11-24T19:33:36.651714+00:00
6177,174,32,YES,buy,42.56,114.75,0.370887,429264,0x0c6e2d069ef6,2025-11-24T19:32:49.128824+00:00
12743,516,31,YES,buy,16.41,29.25,0.560996,611978,0x05b7fc0c67ac,2025-11-24T19:32:27.793017+00:00
9398,337,29,YES,sell,46.61,78.42,0.594377,857426,0x068674044dc4,2025-11-24T19:31:54.244720+00:00
9289,330,26,YES,sell,16.97,35.49,0.478196,514404,0x0d4cfb079a1d,2025-11-24T19:28:22.826303+00:00
12923,524,39,YES,buy,34.09,93.63,0.364079,886975,0x0383d20f17c6,2025-11-24T19:26:32.436320+00:00
11145,431,43,NO,sell,1.71,3.72,0.459952,666210,0x03cb30097c2c,2025-11-24T19:20:57.948211+00:00
5096,116,30,YES,sell,1.86,2.8,0.664841,536849,0x08b55d07a4d1,2025-11-24T19:20:17.176764+00:00
11144,431,17,NO,sell,3.0,7.09,0.423268,215299,0x08e3ae099310,2025-11-24T19:20:13.948211+00:00
10672,405,19,NO,sell,19.12,30.73,0.622189,766593,0x0b193c055f4d,2025-11-24T19:19:56.185392+00:00
12030,478,23,NO,buy,17.14,40.3,0.425258,409401,0x08a3e40df2c4,2025-11-24T19:19:53.141499+00:00
5075,115,40,NO,sell,31.04,49.74,0.623994,262236,0x0453f1082aae,2025-11-24T19:19:31.096254+00:00
9397,337,31,NO,sell,7.62,14.08,0.541176,848222,0x0e7ec70a4984,2025-11-24T19:18:37.244720+00:00
9043,319,29,NO,sell,14.14,42.12,0.335701,90022,0x07ecdb0d23d6,2025-11-24T19:18:17.909062+00:00
11604,456,40,NO,sell,14.19,37.62,0.377231,172530,0x0ca0ed0622b1,2025-11-24T19:17:57.664315+00:00
7964,266,40,YES,sell,35.23,96.06,0.36676,503172,0x093ac60a0427,2025-11-24T19:17:18.854601+00:00
5550,140,44,YES,buy,24.29,49.89,0.486899,592155,0x06b198077b7e,2025-11-24T19:14:43.824092+00:00
10671,405,24,NO,sell,29.92,61.25,0.488517,703935,0x02fddc069155,2025-11-24T19:13:07.185392+00:00
12922,524,39,YES,buy,28.84,94.26,0.305956,882398,0x051d860e7bde,2025-11-24T19:13:05.436320+00:00
5549,140,31,NO,buy,26.15,68.05,0.384289,274516,0x050498090246,2025-11-24T19:12:25.824092+00:00
7648,252,17,YES,buy,44.86,68.46,0.655275,763010,0x0f1f7f0cc353,2025-11-24T19:12:12.681093+00:00
7282,230,18,YES,buy,49.35,109.37,0.451229,903976,0x0be5fc0842f4,2025-11-24T19:12:11.284530+00:00
12385,496,42,YES,sell,32.21,56.09,0.574219,849600,0x0b1c5a0a3d5c,2025-11-24T19:12:09.506596+00:00
5322,127,22,YES,buy,14.11,28.64,0.49263,743479,0x02ff55071a4c,2025-11-24T19:10:09.001478+00:00
6847,210,41,YES,sell,4.56,9.27,0.492137,208224,0x01ae220501db,2025-11-24T19:08:36.651714+00:00
7127,222,16,YES,sell,1.97,4.95,0.39806,925735,0x04a130024154,2025-11-24T19:08:27.705430+00:00
7414,238,43,YES,buy,16.69,35.64,0.468323,400915,0x0c035e04ffbe,2025-11-24T19:07:55.788316+00:00
11807,465,43,NO,buy,32.84,51.76,0.634445,137205,0x07ade40c9840,2025-11-24T19:07:52.369893+00:00
8701,302,18,NO,buy,48.2,113.39,0.425068,599606,0x0dc1cd0b76f3,2025-11-24T19:07:19.551595+00:00
9793,357,42,NO,sell,37.56,57.52,0.652962,617509,0x0d20b403c110,2025-11-24T19:05:42.835434+00:00
4606,89,30,YES,sell,49.1,79.78,0.615425,845654,0x0da20e07153d,2025-11-24T19:05:39.318180+00:00
13530,553,38,YES,sell,2.59,6.32,0.409709,206682,0x0373cc07cbcb,2025-11-24T19:05:13.562949+00:00
7413,238,21,YES,sell,43.99,95.58,0.460258,766075,0x0bf3ff04c5c7,2025-11-24T19:03:52.788316+00:00
10909,419,29,YES,sell,21.66,47.82,0.452977,165626,0x0846580dc1be,2025-11-24T19:01:52.063658+00:00
5321,127,31,YES,buy,43.48,125.7,0.345915,344450,0x04ff4801ff72,2025-11-24T19:00:32.001478+00:00
6352,184,32,YES,buy,43.86,118.81,0.369156,466660,0x0b0de407427c,2025-11-24T18:59:57.786656+00:00
8700,302,38,NO,buy,28.47,50.13,0.56791,446036,0x0694cf0decd7,2025-11-24T18:58:58.551595+00:00
5865,154,27,NO,sell,49.23,91.04,0.540725,504500,0x042b8409648e,2025-11-24T18:58:16.034045+00:00
10355,390,27,NO,buy,9.98,19.11,0.522357,362290,0x0517c202c0e7,2025-11-24T18:58:01.981409+00:00
12029,478,35,YES,sell,6.19,9.47,0.653611,423286,0x0aa2060e1e5e,2025-11-24T18:56:58.141499+00:00
4605,89,25,YES,buy,18.42,50.94,0.361567,113608,0x0a1b870e3078,2025-11-24T18:56:54.318180+00:00
10717,407,24,NO,sell,14.31,21.53,0.664579,772003,0x0ade7b05f956,2025-11-24T18:56:45.346503+00:00
7281,230,27,YES,sell,2.11,6.65,0.317133,966718,0x063b180bfd09,2025-11-24T18:53:17.284530+00:00
13038,530,18,NO,buy,6.01,15.62,0.384691,585434,0x09bd410b5c14,2025-11-24T18:51:53.846636+00:00
12501,503,40,YES,sell,2.43,3.93,0.619045,79600,0x0935ae0e14da,2025-11-24T18:50:53.936665+00:00
9288,330,22,YES,buy,8.53,14.15,0.602867,962705,0x07b7310f1641,2025-11-24T18:49:06.826303+00:00
6846,210,37,YES,buy,16.77,28.22,0.59432,939107,0x0ef20f0807f1,2025-11-24T18:48:05.651714+00:00
10131,377,42,YES,sell,20.65,37.94,0.544343,348154,0x09c8570e4c5d,2025-11-24T18:46:47.155908+00:00
9042,319,43,YES,buy,45.44,137.89,0.329535,616620,0x03757005f352,2025-11-24T18:46:15.909062+00:00
9682,351,35,NO,buy,28.81,43.82,0.657435,302113,0x07c17d0ac894,2025-11-24T18:46:00.384209+00:00
7412,238,38,NO,buy,16.66,31.1,0.535691,355335,0x0a7a3f0dc6e4,2025-11-24T18:44:36.788316+00:00
12921,524,18,NO,sell,49.94,132.7,0.376336,664860,0x0980030aa5b0,2025-11-24T18:42:52.436320+00:00
8699,302,24,NO,buy,32.69,69.62,0.469533,993195,0x08879a0bfd59,2025-11-24T18:42:08.551595+00:00
12742,516,21,NO,buy,31.84,52.99,0.600859,305868,0x0f034601bb5e,2025-11-24T18:38:42.793017+00:00
5460,134,28,NO,buy,29.22,52.83,0.553052,944584,0x0de36004b20f,2025-11-24T18:38:40.491986+00:00
9396,337,36,YES,buy,46.67,74.42,0.62712,267642,0x0a72fb023d0c,2025-11-24T18:37:51.244720+00:00
4207,66,36,YES,sell,29.6,47.84,0.618702,660827,0x0d218d0c88da,2025-11-24T18:36:54.743531+00:00
9681,351,42,YES,buy,24.38,44.82,0.543898,91752,0x0647740b6053,2025-11-24T18:36:30.384209+00:00
6176,174,25,NO,sell,12.46,26.49,0.470408,918224,0x0ebf49053b60,2025-11-24T18:36:30.128824+00:00
11143,431,15,NO,sell,5.33,14.08,0.378512,774935,0x0c995d0e1ca2,2025-11-24T18:36:19.948211+00:00
7280,230,19,NO,sell,7.53,13.41,0.561364,28147,0x0801e30765af,2025-11-24T18:35:27.284530+00:00
11250,438,15,YES,buy,38.49,91.83,0.419127,448151,0x02b47e070937,2025-11-24T18:35:13.347586+00:00
5095,116,44,YES,sell,9.59,15.86,0.604687,893919,0x0c8723069d04,2025-11-24T18:34:38.176764+00:00
7850,261,19,NO,sell,46.74,151.43,0.308656,393490,0x0aa5930a2547,2025-11-24T18:34:13.418413+00:00
10130,377,34,NO,sell,13.8,19.86,0.694925,750759,0x0854c206fbac,2025-11-24T18:34:12.155908+00:00
11603,456,30,YES,buy,37.72,118.89,0.31728,543532,0x0469b608e848,2025-11-24T18:33:51.664315+00:00
5459,134,22,NO,buy,30.67,49.6,0.618342,124694,0x06fdb3068c21,2025-11-24T18:32:57.491986+00:00
7963,266,30,NO,buy,42.2,98.85,0.426906,708594,0x0716e20b06f6,2025-11-24T18:32:05.854601+00:00
5074,115,38,YES,sell,32.67,48.94,0.667558,884571,0x07130b0cbb1f,2025-11-24T18:30:47.096254+00:00
7647,252,15,NO,buy,45.97,76.71,0.599285,724540,0x0bc6ff079d4c,2025-11-24T18:30:00.681093+00:00
12500,503,35,YES,sell,40.39,112.58,0.358753,276665,0x0d9da104ceb8,2025-11-24T18:28:22.936665+00:00
5073,115,34,YES,sell,45.6,69.97,0.651696,605118,0x08e39f08edd3,2025-11-24T18:27:57.096254+00:00
10129,377,32,NO,sell,49.16,126.32,0.389176,837197,0x01a361059fa1,2025-11-24T18:26:55.155908+00:00
6351,184,43,YES,buy,24.25,47.88,0.506508,746502,0x07dcf809399f,2025-11-24T18:26:02.786656+00:00
5320,127,15,YES,sell,46.4,123.03,0.377138,25157,0x01ffae0a19e4,2025-11-24T18:25:01.001478+00:00
5548,140,21,NO,sell,32.65,57.0,0.572807,359802,0x06251804d853,2025-11-24T18:24:30.824092+00:00
6845,210,36,NO,buy,22.41,38.9,0.576037,891979,0x0575dd0ac660,2025-11-24T18:23:02.651714+00:00
7646,252,19,YES,sell,16.03,48.17,0.332814,843731,0x0b6a750d4408,2025-11-24T18:22:49.681093+00:00
7849,261,22,YES,buy,9.86,25.15,0.392001,887187,0x067d4f03263f,2025-11-24T18:21:51.418413+00:00
9792,357,26,NO,sell,19.55,46.37,0.421639,886163,0x0772ba083be2,2025-11-24T18:21:41.835434+00:00
10716,407,27,NO,buy,29.91,47.63,0.62794,866344,0x02d9080efed7,2025-11-24T18:20:38.346503+00:00
4363,77,19,YES,buy,23.03,54.11,0.425613,376691,0x0375290a19c5,2025-11-24T18:18:44.401919+00:00
12384,496,41,YES,buy,46.69,77.99,0.598691,27120,0x0670da070cd7,2025-11-24T18:18:04.506596+00:00
11806,465,15,NO,sell,34.93,72.8,0.479831,267498,0x0f3181081d39,2025-11-24T18:16:26.369893+00:00
11142,431,22,NO,buy,6.84,12.6,0.54297,407388,0x0187210c75b1,2025-11-24T18:16:04.948211+00:00
12741,516,36,YES,buy,40.18,87.55,0.458949,552731,0x06c59d061248,2025-11-24T18:14:41.793017+00:00
4604,89,30,YES,sell,38.77,97.05,0.399489,720265,0x09864b02fd01,2025-11-24T18:14:31.318180+00:00
4206,66,24,NO,sell,35.73,85.09,0.419916,387251,0x0e93ee01cac5,2025-11-24T18:14:08.743531+00:00
10670,405,41,NO,buy,45.0,99.73,0.451213,101583,0x06b6790d0766,2025-11-24T18:13:29.185392+00:00
9041,319,32,YES,sell,8.84,15.0,0.589291,533339,0x099c7605554d,2025-11-24T18:11:46.909062+00:00
13529,553,24,NO,sell,34.49,71.29,0.483826,140223,0x0ea553031cbb,2025-11-24T18:11:18.562949+00:00
4362,77,29,NO,buy,4.66,12.23,0.381085,614110,0x0e013f0dd925,2025-11-24T18:11:08.401919+00:00
13037,530,19,NO,sell,19.24,47.56,0.404537,219670,0x0561bd07f8b6,2025-11-24T18:10:47.846636+00:00
13528,553,29,NO,sell,16.3,27.22,0.598816,60040,0x0980db0d0448,2025-11-24T18:10:26.562949+00:00
11249,438,19,YES,sell,23.23,34.87,0.666134,361113,0x0af8a10cc605,2025-11-24T18:09:33.347586+00:00
10354,390,31,YES,sell,15.42,30.09,0.512423,635410,0x02390003b99a,2025-11-24T18:09:19.981409+00:00
7126,222,28,NO,buy,26.12,66.4,0.393352,493780,0x069e4a0ea7ba,2025-11-24T18:09:05.705430+00:00
5864,154,24,YES,buy,41.65,64.66,0.644143,993786,0x04d3d80984f4,2025-11-24T18:08:58.034045+00:00
10908,419,25,YES,buy,13.92,22.01,0.632491,387551,0x01ef1e084f0d,2025-11-24T18:08:42.063658+00:00
10353,390,31,YES,sell,19.47,28.66,0.679389,793189,0x07c4480b2b2c,2025-11-24T18:07:37.981409+00:00
5863,154,29,YES,buy,28.78,44.02,0.653752,536926,0x05902d04fea9,2025-11-24T18:07:11.034045+00:00
11248,438,30,NO,buy,4.38,6.33,0.69172,624990,0x0d25370b8a0e,2025-11-24T18:07:06.347586+00:00
12499,503,43,YES,sell,10.34,31.35,0.329826,651651,0x0876b10bba5e,2025-11-24T18:06:08.936665+00:00
7279,230,31,NO,buy,42.74,114.37,0.373693,91620,0x0bbc7e0d1dcf,2025-11-24T18:04:11.284530+00:00
12498,503,29,YES,buy,6.56,12.59,0.520985,970526,0x035bb4053107,2025-11-24T18:03:55.936665+00:00
6332,183,35,NO,sell,27.75,50.77,0.546587,844858,0x0a23ed0b6785,2025-11-24T18:03:42.708431+00:00
12028,478,35,YES,buy,37.3,56.71,0.657717,271349,0x043c4d074d77,2025-11-24T18:01:18.141499+00:00
5072,115,37,NO,sell,10.88,15.62,0.696434,865637,0x08a857028ca5,2025-11-24T18:00:32.096254+00:00
13036,530,31,NO,sell,11.95,38.25,0.31238,488743,0x0948cb04ba3c,2025-11-24T17:59:31.846636+00:00
7645,252,38,YES,buy,7.93,11.74,0.675504,280865,0x0f3fb50b17d5,2025-11-24T17:59:22.681093+00:00
6175,174,43,YES,buy,31.79,78.6,0.404439,601330,0x083e67044594,2025-11-24T17:59:04.128824+00:00
7411,238,40,YES,buy,2.02,4.43,0.456449,319970,0x0251e802e85b,2025-11-24T17:58:56.788316+00:00
7848,261,21,YES,buy,44.7,112.17,0.398509,291701,0x093a72053eb6,2025-11-24T17:58:27.418413+00:00
12383,496,42,YES,buy,12.62,30.67,0.411426,110720,0x01fec808d631,2025-11-24T17:57:18.506596+00:00
10907,419,30,NO,sell,24.49,49.3,0.496783,91994,0x052e720673e0,2025-11-24T17:57:15.063658+00:00
8879,310,22,NO,buy,34.27,82.29,0.416436,581190,0x019a930b0634,2025-11-24T17:56:50.271150+00:00
7410,238,25,NO,buy,49.44,99.03,0.499224,3740,0x03951b062ade,2025-11-24T17:56:05.788316+00:00
5458,134,34,YES,sell,39.53,100.87,0.391905,132366,0x0ec5610ec121,2025-11-24T17:56:05.491986+00:00
8698,302,33,YES,buy,39.42,88.75,0.444192,80049,0x0395590459b7,2025-11-24T17:55:54.551595+00:00
12497,503,42,NO,sell,9.94,15.25,0.651937,830511,0x0b98ed0201eb,2025-11-24T17:54:22.936665+00:00
10352,390,38,NO,sell,1.87,4.76,0.393025,419803,0x0ab6cc0a559d,2025-11-24T17:54:14.981409+00:00
9287,330,39,YES,sell,38.63,86.36,0.447301,689320,0x084c08098879,2025-11-24T17:53:40.826303+00:00
7962,266,22,YES,sell,13.62,25.13,0.542,337041,0x09d77801eb10,2025-11-24T17:53:34.854601+00:00
6844,210,27,NO,sell,13.72,24.22,0.566553,840748,0x01d83a07bfb2,2025-11-24T17:52:40.651714+00:00
9395,337,38,YES,sell,37.19,89.76,0.414323,91503,0x076e8005a319,2025-11-24T17:52:39.244720+00:00
5686,146,41,YES,buy,20.44,67.09,0.304685,900343,0x0937e2094474,2025-11-24T17:51:23.345654+00:00
12920,524,23,YES,buy,9.49,23.3,0.407294,713111,0x0374d7081742,2025-11-24T17:49:42.436320+00:00
4361,77,24,NO,sell,46.38,101.45,0.457181,343099,0x0ed6160d4aa1,2025-11-24T17:49:16.401919+00:00
5685,146,16,NO,buy,39.92,57.7,0.691812,666458,0x01c14903d02a,2025-11-24T17:48:54.345654+00:00
12919,524,34,NO,buy,23.54,44.97,0.52348,691950,0x01ef4d0898c1,2025-11-24T17:48:47.436320+00:00
12027,478,24,YES,buy,49.62,72.05,0.688716,421919,0x0bfff50cca55,2025-11-24T17:48:27.141499+00:00
5094,116,44,YES,sell,47.99,88.88,0.539947,408440,0x0b9eaf0caabb,2025-11-24T17:48:12.176764+00:00
5319,127,35,YES,buy,48.82,69.99,0.697496,630138,0x0944b90b5996,2025-11-24T17:47:33.001478+00:00
5547,140,31,NO,buy,2.8,4.42,0.63389,565080,0x07b25f040463,2025-11-24T17:45:31.824092+00:00
9286,330,41,NO,sell,8.43,13.22,0.637874,482782,0x0d868b02f7af,2025-11-24T17:45:20.826303+00:00
11247,438,18,YES,buy,11.55,18.16,0.635985,171906,0x07fd470d30f4,2025-11-24T17:45:12.347586+00:00
8878,310,35,YES,buy,29.42,66.03,0.445525,974267,0x04fc6102b26f,2025-11-24T17:43:22.271150+00:00
8877,310,15,YES,sell,11.54,23.06,0.50047,33589,0x07661e046976,2025-11-24T17:42:48.271150+00:00
5862,154,21,YES,sell,41.81,73.39,0.569683,319107,0x0b049c0e9c94,2025-11-24T17:42:23.034045+00:00
9680,351,28,YES,sell,40.75,85.69,0.475575,870728,0x03e7bf065a43,2025-11-24T17:40:50.384209+00:00
11602,456,17,YES,sell,16.78,29.06,0.577387,898414,0x03fddf05ba70,2025-11-24T17:40:28.664315+00:00
10715,407,22,NO,buy,32.02,94.13,0.340164,269736,0x055cef05dc14,2025-11-24T17:39:07.346503+00:00
7961,266,37,NO,buy,43.73,66.91,0.653517,822196,0x02b74e0678bd,2025-11-24T17:38:13.854601+00:00
9791,357,23,YES,sell,49.75,81.9,0.60748,412263,0x018ac1047de5,2025-11-24T17:36:53.835434+00:00
6331,183,23,NO,buy,39.58,62.24,0.635894,964763,0x0b7c94047b30,2025-11-24T17:36:37.708431+00:00
13527,553,36,YES,sell,9.03,20.26,0.445718,649189,0x03ff62018a72,2025-11-24T17:34:04.562949+00:00
6350,184,17,NO,sell,27.14,53.55,0.506828,7416,0x07bce0027c41,2025-11-24T17:33:58.786656+00:00
10351,390,39,YES,sell,13.28,23.91,0.555447,692042,0x0230a10b92b9,2025-11-24T17:33:33.981409+00:00
4360,77,31,YES,sell,4.67,8.86,0.527128,138057,0x087c500c1ffe,2025-11-24T17:32:57.401919+00:00
7125,222,31,NO,sell,1.24,2.0,0.62067,212383,0x0edb5c04c0db,2025-11-24T17:32:48.705430+00:00
11141,431,37,NO,sell,18.41,38.74,0.47525,252556,0x0692070a5287,2025-11-24T17:32:08.948211+00:00
12740,516,16,NO,sell,5.79,12.71,0.455472,667819,0x07dcb30804a6,2025-11-24T17:30:41.793017+00:00
10128,377,22,YES,buy,17.54,51.82,0.338471,998189,0x0c40990dd298,2025-11-24T17:29:19.155908+00:00
4603,89,33,YES,sell,39.67,130.68,0.303572,822533,0x0232a10ad2b7,2025-11-24T17:27:12.318180+00:00
7847,261,21,YES,sell,9.55,19.59,0.487524,351616,0x0ca0e40515b4,2025-11-24T17:27:07.418413+00:00
6349,184,19,NO,buy,20.12,58.92,0.341463,744588,0x045b1d060551,2025-11-24T17:26:59.786656+00:00
4359,77,16,YES,sell,35.34,78.71,0.448997,609982,0x0d7e0502e262,2025-11-24T17:26:16.401919+00:00
5071,115,24,NO,sell,8.78,16.56,0.530037,213832,0x067dab0aecfd,2025-11-24T17:26:04.096254+00:00
10669,405,20,YES,buy,9.55,15.24,0.626806,279349,0x0d116b06087f,2025-11-24T17:25:33.185392+00:00
6174,174,30,YES,buy,4.68,7.39,0.633583,921840,0x0bc03903008e,2025-11-24T17:25:21.128824+00:00
10350,390,29,YES,sell,7.34,16.39,0.447808,580196,0x084545074b5e,2025-11-24T17:24:28.981409+00:00
5457,134,38,NO,sell,4.9,9.35,0.524183,686066,0x02bfbd075297,2025-11-24T17:22:52.491986+00:00
11805,465,15,NO,buy,13.54,39.67,0.341332,888658,0x07407e0bf24d,2025-11-24T17:21:34.369893+00:00
7644,252,37,NO,buy,37.72,89.35,0.422171,822124,0x0662120370d4,2025-11-24T17:21:05.681093+00:00
10906,419,28,NO,sell,31.36,46.95,0.667902,230787,0x0c8fc50d7282,2025-11-24T17:19:51.063658+00:00
4358,77,18,YES,buy,21.57,31.51,0.684474,294418,0x03cdc90ce98d,2025-11-24T17:19:45.401919+00:00
11246,438,35,NO,sell,22.85,69.82,0.32726,603164,0x01d5390b12ae,2025-11-24T17:19:38.347586+00:00
7409,238,36,NO,sell,18.88,30.88,0.611472,412928,0x03cc34067dee,2025-11-24T17:19:09.788316+00:00
9394,337,23,YES,sell,10.08,24.92,0.404494,692638,0x070bc00c70dd,2025-11-24T17:18:21.244720+00:00
10668,405,25,YES,buy,2.35,4.31,0.545818,184271,0x046a0306e144,2025-11-24T17:17:53.185392+00:00
11140,431,36,NO,buy,41.37,76.86,0.538235,596723,0x0db8cb0b52c4,2025-11-24T17:17:31.948211+00:00
9040,319,17,YES,sell,17.16,41.49,0.413616,307299,0x0f31e70b7cbc,2025-11-24T17:17:18.909062+00:00
4205,66,19,YES,sell,46.64,109.12,0.427412,776232,0x07d02a0b63cf,2025-11-24T17:16:27.743531+00:00
9679,351,44,YES,sell,9.73,25.51,0.381462,54722,0x024d05078890,2025-11-24T17:15:37.384209+00:00
10127,377,24,NO,sell,26.78,74.03,0.361746,500936,0x03c3790888fe,2025-11-24T17:15:07.155908+00:00
12739,516,29,NO,sell,11.43,19.81,0.577081,979568,0x0dbfd501fa63,2025-11-24T17:12:52.793017+00:00
5070,115,32,NO,sell,37.41,82.11,0.455597,913732,0x04d45d039ad3,2025-11-24T17:11:52.096254+00:00
8697,302,35,YES,buy,19.58,39.51,0.49552,422539,0x057dcd0d5166,2025-11-24T17:11:24.551595+00:00
9285,330,41,NO,sell,20.26,34.74,0.583193,801006,0x081f6a0b319f,2025-11-24T17:11:13.826303+00:00
7278,230,28,NO,sell,47.01,70.5,0.666806,382746,0x04db71076034,2025-11-24T17:10:54.284530+00:00
13035,530,33,YES,sell,1.45,2.08,0.695818,458450,0x07e5cb02d553,2025-11-24T17:10:34.846636+00:00
12382,496,38,NO,buy,25.35,41.06,0.617367,114100,0x09c3c204f842,2025-11-24T17:09:55.506596+00:00
8696,302,18,YES,sell,13.63,24.57,0.554795,877575,0x0357b20afeef,2025-11-24T17:09:24.551595+00:00
5318,127,27,NO,sell,40.62,109.22,0.371923,692710,0x01b02804627c,2025-11-24T17:08:40.001478+00:00
4602,89,42,YES,buy,12.56,26.52,0.473665,833978,0x01c457043422,2025-11-24T17:08:12.318180+00:00
12026,478,19,YES,buy,7.69,17.58,0.437463,32042,0x046aad03c833,2025-11-24T17:07:10.141499+00:00
6330,183,32,YES,sell,23.62,45.38,0.520461,84487,0x03138505deae,2025-11-24T17:06:14.708431+00:00
4601,89,38,YES,buy,13.41,24.14,0.555408,931631,0x04b498074aee,2025-11-24T17:04:29.318180+00:00
5069,115,26,YES,buy,17.01,25.62,0.663925,117123,0x07c8970409d7,2025-11-24T17:02:54.096254+00:00
5546,140,37,NO,sell,5.53,12.51,0.442061,810889,0x0757fc071b8d,2025-11-24T17:01:33.824092+00:00
6843,210,41,YES,sell,29.67,48.19,0.615737,702381,0x07ad560b2a52,2025-11-24T17:00:24.651714+00:00
9393,337,17,NO,sell,22.94,34.83,0.658662,890364,0x06da76021dbb,2025-11-24T17:00:06.244720+00:00
6348,184,40,NO,sell,48.25,98.2,0.491346,326704,0x0c083d091bea,2025-11-24T16:59:26.786656+00:00
5068,115,44,NO,sell,11.09,26.63,0.416442,477749,0x09ea8c02a542,2025-11-24T16:58:49.096254+00:00
4357,77,41,YES,sell,1.07,1.9,0.562922,763540,0x0f1c270d55cf,2025-11-24T16:58:36.401919+00:00
12918,524,15,YES,sell,37.31,62.85,0.593653,806630,0x099d5109dc2c,2025-11-24T16:57:23.436320+00:00
12496,503,20,NO,buy,40.19,58.48,0.687258,341638,0x033a580313ca,2025-11-24T16:56:28.936665+00:00
8695,302,40,NO,buy,19.62,46.05,0.426081,163357,0x0bea950c4621,2025-11-24T16:55:13.551595+00:00
5093,116,43,YES,sell,15.78,29.25,0.539548,563227,0x0327a70ced27,2025-11-24T16:54:01.176764+00:00
5067,115,18,YES,buy,41.5,76.66,0.541346,209665,0x01f48e048350,2025-11-24T16:53:55.096254+00:00
5456,134,40,NO,buy,23.34,38.95,0.599275,253755,0x035f5f0c9d73,2025-11-24T16:52:20.491986+00:00
10714,407,38,NO,buy,20.05,31.76,0.631252,794096,0x0392600362df,2025-11-24T16:51:26.346503+00:00
11804,465,21,YES,buy,11.89,35.17,0.338048,946899,0x0745230633e7,2025-11-24T16:51:09.369893+00:00
5684,146,29,NO,buy,17.07,37.94,0.449908,773182,0x03d9730acbb7,2025-11-24T16:50:40.345654+00:00
11601,456,28,YES,sell,44.42,118.29,0.375528,196137,0x098948026e06,2025-11-24T16:49:52.664315+00:00
5092,116,29,YES,buy,33.24,80.8,0.411383,47073,0x0b8228076df7,2025-11-24T16:49:16.176764+00:00
6842,210,35,NO,sell,10.51,17.31,0.607213,196268,0x04f03f07d99d,2025-11-24T16:49:10.651714+00:00
8876,310,34,YES,buy,5.46,9.59,0.569379,976574,0x040cc70415c0,2025-11-24T16:48:03.271150+00:00
9790,357,38,NO,sell,40.01,58.2,0.687452,58244,0x0d0b6b06da28,2025-11-24T16:47:49.835434+00:00
7277,230,24,YES,buy,2.5,7.3,0.342387,766952,0x0b95a60cbcec,2025-11-24T16:47:29.284530+00:00
10667,405,37,YES,sell,2.55,6.1,0.4183,801090,0x0834d303cd27,2025-11-24T16:46:00.185392+00:00
7960,266,23,NO,sell,38.25,95.79,0.399325,451053,0x0d7a4e0b9a42,2025-11-24T16:45:43.854601+00:00
5777,150,27,YES,buy,40.87,67.28,0.607478,236424,0x0370ad0f3ce8,2025-11-24T16:45:24.696833+00:00
4204,66,27,YES,buy,2.91,4.97,0.585437,545559,0x0e63ab091b14,2025-11-24T16:45:06.743531+00:00
5776,150,38,YES,sell,19.15,53.58,0.357395,246012,0x032fc20c7995,2025-11-24T16:44:50.696833+00:00
5545,140,33,NO,sell,12.07,32.16,0.375298,310258,0x04b6a6045c13,2025-11-24T16:43:41.824092+00:00
5861,154,29,NO,buy,10.06,31.77,0.316664,779896,0x0e6669033bca,2025-11-24T16:42:33.034045+00:00
11139,431,35,YES,buy,7.82,18.18,0.430053,324793,0x04fcbd0ed143,2025-11-24T16:42:26.948211+00:00
5066,115,21,NO,buy,17.11,24.99,0.684775,98770,0x0bbffb066673,2025-11-24T16:42:03.096254+00:00
10349,390,31,NO,buy,5.34,11.83,0.451238,531238,0x085c6d069a75,2025-11-24T16:41:52.981409+00:00
5860,154,25,YES,sell,45.0,98.46,0.457053,474589,0x0beeeb06178c,2025-11-24T16:40:25.034045+00:00
7124,222,23,NO,buy,8.54,13.0,0.65671,73048,0x065dd005afa2,2025-11-24T16:40:05.705430+00:00
5317,127,30,YES,sell,4.61,6.74,0.683687,721724,0x02bf3304e3ff,2025-11-24T16:39:51.001478+00:00
9284,330,31,YES,sell,5.18,9.18,0.564145,37941,0x0abfa50b1131,2025-11-24T16:38:12.826303+00:00
6841,210,24,YES,sell,39.43,81.1,0.486209,16446,0x0988ad02078e,2025-11-24T16:37:25.651714+00:00
10126,377,42,NO,buy,21.61,58.8,0.367516,43482,0x0ce0f80af41e,2025-11-24T16:36:58.155908+00:00
9678,351,43,NO,sell,12.08,24.85,0.486187,45084,0x0b505c04c660,2025-11-24T16:36:44.384209+00:00
11245,438,33,YES,buy,35.06,59.58,0.588457,973697,0x0b4c9b0bc836,2025-11-24T16:36:15.347586+00:00
13526,553,26,NO,buy,9.59,15.95,0.60144,639950,0x02708e0b5a94,2025-11-24T16:36:06.562949+00:00
5455,134,31,NO,sell,14.19,22.37,0.634404,345650,0x063705056e2a,2025-11-24T16:35:35.491986+00:00
5091,116,18,NO,sell,9.51,20.64,0.460856,409091,0x0695f101b7b3,2025-11-24T16:34:35.176764+00:00
10905,419,17,YES,sell,38.44,85.1,0.451698,739851,0x0263580a40d6,2025-11-24T16:34:27.063658+00:00
5544,140,24,YES,buy,16.21,35.88,0.451724,293514,0x061e7d045fba,2025-11-24T16:33:56.824092+00:00
5316,127,43,YES,buy,4.79,7.51,0.637849,410783,0x0ef05d04da7a,2025-11-24T16:32:49.001478+00:00
12738,516,33,YES,buy,3.1,8.21,0.37772,955422,0x0a34d90ed3f0,2025-11-24T16:32:33.793017+00:00
10713,407,41,YES,sell,1.48,2.33,0.635908,454726,0x0c07550790d4,2025-11-24T16:31:51.346503+00:00
6173,174,41,YES,sell,24.05,70.05,0.343313,777907,0x03cb5408efe9,2025-11-24T16:31:12.128824+00:00
6329,183,17,YES,sell,30.13,56.92,0.529294,44862,0x0a45950b9d19,2025-11-24T16:28:45.708431+00:00
7846,261,21,NO,buy,34.51,75.01,0.460098,335983,0x01d55e05f5f0,2025-11-24T16:28:41.418413+00:00
7959,266,23,NO,buy,46.88,110.25,0.425209,799606,0x0b5d4208284f,2025-11-24T16:28:00.854601+00:00
12857,521,19,NO,buy,25.89,48.82,0.530346,823595,0x054d9b09a5b4,2025-11-24T16:27:33.204507+00:00
7579,247,24,NO,sell,26.3,55.55,0.473455,566071,0x08b9b70af358,2025-11-24T16:27:12.407397+00:00
10712,407,27,NO,buy,32.06,68.68,0.466825,144553,0x02390809c09c,2025-11-24T16:24:28.346503+00:00
12381,496,23,YES,buy,29.85,42.67,0.699597,814587,0x06fa080eb176,2025-11-24T16:24:15.506596+00:00
12856,521,39,YES,sell,36.21,71.79,0.504379,781629,0x054c2e06847c,2025-11-24T16:23:54.204507+00:00
7643,252,28,NO,sell,33.52,78.84,0.425145,778437,0x08d4ef0808c8,2025-11-24T16:23:37.681093+00:00
9039,319,41,YES,buy,19.09,38.14,0.50053,479235,0x0a69be0282e3,2025-11-24T16:23:14.909062+00:00
7408,238,24,YES,buy,2.12,5.53,0.383067,146446,0x09718d0c9bd0,2025-11-24T16:23:12.788316+00:00
5859,154,24,NO,sell,26.03,71.52,0.363945,638134,0x04c0520d97b6,2025-11-24T16:22:46.034045+00:00
4600,89,29,YES,buy,24.17,42.21,0.572577,167316,0x06850606b1e4,2025-11-24T16:21:22.318180+00:00
9789,357,23,NO,sell,22.05,33.17,0.66473,846173,0x0b6f08080e89,2025-11-24T16:20:11.835434+00:00
9038,319,42,NO,sell,21.31,33.71,0.632187,359931,0x0ad6b00ba0ac,2025-11-24T16:19:50.909062+00:00
5090,116,35,YES,buy,46.78,102.13,0.458026,244697,0x085f39037570,2025-11-24T16:19:50.176764+00:00
13034,530,31,YES,buy,25.28,37.79,0.669042,301399,0x0e38940c2e50,2025-11-24T16:19:25.846636+00:00
12917,524,28,NO,sell,1.18,1.81,0.65348,543009,0x018e45082fb2,2025-11-24T16:18:31.436320+00:00
10711,407,44,NO,sell,28.1,40.16,0.699716,86284,0x07fd9704563b,2025-11-24T16:18:00.346503+00:00
12855,521,24,YES,sell,30.28,45.21,0.669811,608955,0x024522027ceb,2025-11-24T16:17:10.204507+00:00
5543,140,39,YES,buy,11.66,25.92,0.449812,990056,0x02d3860d1d43,2025-11-24T16:16:56.824092+00:00
7123,222,31,NO,buy,15.27,47.28,0.322996,402200,0x02aaa2082954,2025-11-24T16:15:50.705430+00:00
5065,115,19,NO,sell,49.03,128.46,0.381682,561453,0x07c6ab028b93,2025-11-24T16:15:31.096254+00:00
5542,140,17,YES,buy,9.94,29.71,0.334567,658063,0x069b1c0afbf8,2025-11-24T16:15:24.824092+00:00
4356,77,43,YES,buy,1.31,2.82,0.464014,364251,0x0540fb0a30cb,2025-11-24T16:15:02.401919+00:00
5315,127,33,YES,buy,23.5,43.65,0.538358,297183,0x033d3603cb95,2025-11-24T16:14:46.001478+00:00
12025,478,20,YES,buy,32.77,81.93,0.399986,323914,0x0cbb00086847,2025-11-24T16:14:14.141499+00:00
8875,310,30,NO,buy,40.42,72.42,0.558161,518954,0x0e2a6804c81f,2025-11-24T16:14:11.271150+00:00
6172,174,18,NO,sell,14.95,46.55,0.32116,716179,0x08c0f204cddb,2025-11-24T16:13:58.128824+00:00
12495,503,28,NO,sell,3.47,5.06,0.686106,76277,0x0916fb0c1605,2025-11-24T16:12:37.936665+00:00
12854,521,38,YES,buy,45.95,101.87,0.451068,982154,0x0afdbb068eb2,2025-11-24T16:12:01.204507+00:00
10666,405,37,NO,sell,42.12,72.99,0.577049,232076,0x0b933407c300,2025-11-24T16:11:13.185392+00:00
9037,319,26,YES,buy,33.35,92.1,0.36212,360609,0x058a720d5c30,2025-11-24T16:11:04.909062+00:00
10904,419,30,NO,buy,45.09,102.35,0.440544,69287,0x05034d0dd69c,2025-11-24T16:11:03.063658+00:00
11600,456,24,NO,sell,35.31,104.68,0.337298,499151,0x0689f60c82b5,2025-11-24T16:10:53.664315+00:00
4203,66,27,NO,sell,28.33,63.49,0.446243,632728,0x03d58b04b5f7,2025-11-24T16:10:11.743531+00:00
12494,503,38,NO,sell,17.6,27.59,0.637984,500899,0x01d9c30b2fe3,2025-11-24T16:09:04.936665+00:00
11803,465,32,NO,buy,18.14,31.66,0.573032,380190,0x065726063fab,2025-11-24T16:08:42.369893+00:00
7578,247,15,YES,sell,14.42,27.72,0.520192,980958,0x08cfa704ec11,2025-11-24T16:08:17.407397+00:00
4599,89,15,YES,buy,19.86,28.78,0.689989,36138,0x057b000d53e9,2025-11-24T16:07:37.318180+00:00
6347,184,15,NO,buy,42.92,123.56,0.347366,190838,0x03f5da063b4f,2025-11-24T16:07:15.786656+00:00
7276,230,17,NO,sell,26.51,39.81,0.665961,410392,0x0744a1085730,2025-11-24T16:06:03.284530+00:00
5064,115,28,NO,sell,16.98,54.9,0.309296,967938,0x0e1773020a8d,2025-11-24T16:05:52.096254+00:00
11244,438,28,YES,sell,23.56,40.12,0.587181,820797,0x048973027112,2025-11-24T16:03:51.347586+00:00
9392,337,39,NO,buy,46.71,148.41,0.314729,402242,0x05f844044924,2025-11-24T16:03:29.244720+00:00
6346,184,16,YES,sell,32.0,59.1,0.54146,971302,0x071408053035,2025-11-24T16:03:26.786656+00:00
4202,66,27,NO,sell,41.44,75.44,0.549297,135913,0x0b4d75036d46,2025-11-24T16:03:25.743531+00:00
5775,150,32,NO,buy,6.46,19.81,0.326053,19310,0x09d08b0a1302,2025-11-24T16:02:27.696833+00:00
5683,146,43,YES,buy,12.08,32.31,0.373851,345589,0x0c13660657f6,2025-11-24T16:02:00.345654+00:00
12024,478,44,NO,sell,24.02,53.0,0.45324,55923,0x0c3901024503,2025-11-24T16:01:52.141499+00:00
13033,530,19,NO,sell,2.94,5.2,0.56485,926496,0x0676d00e9cac,2025-11-24T16:01:33.846636+00:00
9788,357,17,NO,sell,7.4,24.06,0.307577,111534,0x07353a0aca6c,2025-11-24T16:01:20.835434+00:00
12916,524,34,YES,sell,47.27,85.42,0.553358,808883,0x01f0eb0ae566,2025-11-24T15:59:48.436320+00:00
8694,302,38,YES,sell,44.53,71.54,0.622426,30710,0x0907a206431d,2025-11-24T15:59:35.551595+00:00
4201,66,26,YES,sell,3.51,6.69,0.524727,303620,0x0753850a60a0,2025-11-24T15:58:14.743531+00:00
9677,351,19,NO,sell,35.31,98.59,0.35816,590043,0x0dea2a07a60e,2025-11-24T15:57:33.384209+00:00
10125,377,31,YES,sell,26.6,85.9,0.309672,181615,0x0d089a0bbd7b,2025-11-24T15:56:58.155908+00:00
12023,478,32,YES,sell,12.38,21.13,0.585935,31131,0x0d24ec02431e,2025-11-24T15:56:18.141499+00:00
12915,524,29,NO,buy,41.14,78.86,0.521687,830789,0x024dde0e938e,2025-11-24T15:56:06.436320+00:00
9036,319,37,YES,sell,49.41,158.19,0.312346,379773,0x051fe0095ffd,2025-11-24T15:55:59.909062+00:00
8874,310,22,YES,buy,27.68,79.42,0.348522,200873,0x0acb720d6296,2025-11-24T15:55:44.271150+00:00
7577,247,30,NO,sell,3.2,6.62,0.483163,549440,0x0e5df10a5129,2025-11-24T15:54:23.407397+00:00
7122,222,23,NO,sell,14.46,47.76,0.302739,469095,0x07b56109e801,2025-11-24T15:52:38.705430+00:00
5774,150,15,NO,buy,42.33,78.29,0.540664,169923,0x06217b0a6f7e,2025-11-24T15:52:30.696833+00:00
9035,319,25,NO,sell,1.5,3.94,0.380421,641795,0x0c77c0096322,2025-11-24T15:52:28.909062+00:00
11138,431,21,NO,buy,37.6,89.4,0.420593,541056,0x0439e2047744,2025-11-24T15:50:45.948211+00:00
10665,405,34,NO,sell,3.27,5.53,0.591792,815381,0x0247960e16a1,2025-11-24T15:50:37.185392+00:00
5454,134,32,NO,buy,42.53,83.21,0.511103,496273,0x0259490b3d50,2025-11-24T15:50:25.491986+00:00
9787,357,18,YES,sell,5.34,8.05,0.663153,984248,0x0e2bb90203a0,2025-11-24T15:48:06.835434+00:00
7958,266,19,NO,sell,45.66,123.43,0.369922,484493,0x0b2a7a055f4d,2025-11-24T15:48:02.854601+00:00
7845,261,38,YES,sell,22.7,50.96,0.445474,236545,0x05cee00aa90c,2025-11-24T15:46:04.418413+00:00
8693,302,43,NO,buy,2.06,5.04,0.408491,284966,0x0dab3208e3fd,2025-11-24T15:45:55.551595+00:00
10348,390,17,YES,buy,38.02,80.79,0.4706,5749,0x07fa4d0d49cb,2025-11-24T15:45:41.981409+00:00
13525,553,28,NO,buy,14.23,33.6,0.423519,830226,0x042960093827,2025-11-24T15:43:54.562949+00:00
5541,140,26,YES,sell,23.85,37.59,0.634442,976461,0x02e7450a95bc,2025-11-24T15:43:38.824092+00:00
6345,184,43,NO,buy,42.86,114.68,0.37373,735630,0x0839c206e8f5,2025-11-24T15:43:32.786656+00:00
6840,210,22,YES,sell,44.04,84.07,0.523863,191904,0x0338f901a330,2025-11-24T15:42:46.651714+00:00
5682,146,22,YES,buy,12.05,36.2,0.332876,424455,0x030ae10d008e,2025-11-24T15:42:34.345654+00:00
12737,516,33,NO,buy,16.07,29.37,0.547134,437934,0x0b34310759d9,2025-11-24T15:41:47.793017+00:00
5089,116,36,YES,buy,3.16,6.26,0.505,339354,0x0e936c06c298,2025-11-24T15:41:18.176764+00:00
7121,222,44,NO,sell,17.06,28.27,0.60346,105727,0x096c220728ae,2025-11-24T15:40:43.705430+00:00
9391,337,40,NO,buy,23.85,60.75,0.392616,796286,0x050dac02f56d,2025-11-24T15:40:20.244720+00:00
8692,302,41,NO,buy,26.0,74.31,0.349879,624564,0x08f2010766b1,2025-11-24T15:40:15.551595+00:00
5858,154,43,NO,buy,20.46,56.69,0.360902,781406,0x01a4ba0b9199,2025-11-24T15:40:06.034045+00:00
12853,521,33,NO,buy,23.1,57.42,0.402282,996471,0x05e8d40aa2ef,2025-11-24T15:39:21.204507+00:00
9283,330,23,YES,sell,45.71,138.51,0.330005,192184,0x0c7f580b91e5,2025-11-24T15:38:49.826303+00:00
6328,183,15,NO,sell,42.41,86.9,0.488018,941127,0x0d5f0a094612,2025-11-24T15:37:34.708431+00:00
10903,419,36,YES,buy,38.15,58.0,0.657715,570692,0x06bdd709b002,2025-11-24T15:37:28.063658+00:00
5063,115,19,NO,buy,25.49,45.23,0.563539,237444,0x07335206f689,2025-11-24T15:37:06.096254+00:00
7844,261,37,NO,buy,32.42,92.63,0.349976,628773,0x0b6f0b0968c3,2025-11-24T15:36:06.418413+00:00
10710,407,28,YES,buy,3.3,5.99,0.551268,164533,0x06e1710f3b8b,2025-11-24T15:35:59.346503+00:00
5681,146,32,NO,buy,24.41,40.72,0.599488,206821,0x0f28490aaa6c,2025-11-24T15:33:49.345654+00:00
7642,252,15,NO,sell,27.11,47.67,0.568687,647592,0x031f700248fd,2025-11-24T15:32:55.681093+00:00
9282,330,16,YES,buy,1.44,2.47,0.583544,629375,0x0af87208870c,2025-11-24T15:32:22.826303+00:00
7843,261,29,NO,buy,42.26,72.58,0.582266,691653,0x069d8e05aecc,2025-11-24T15:32:21.418413+00:00
5314,127,38,NO,sell,33.3,81.22,0.409986,25264,0x03d3810b909c,2025-11-24T15:31:02.001478+00:00
4200,66,32,YES,buy,22.12,33.88,0.652982,801961,0x0d2a7f0760d9,2025-11-24T15:30:33.743531+00:00
10124,377,15,NO,sell,25.49,72.38,0.352193,147862,0x0bc53604be14,2025-11-24T15:30:08.155908+00:00
11802,465,17,YES,sell,38.33,64.73,0.592122,70868,0x01c8d10bf502,2025-11-24T15:29:53.369893+00:00
12022,478,41,NO,sell,6.43,11.87,0.541677,451274,0x02c51f0cc09f,2025-11-24T15:28:10.141499+00:00
12380,496,40,YES,buy,2.06,5.34,0.38592,685856,0x07fd410912ea,2025-11-24T15:25:50.506596+00:00
11243,438,41,YES,buy,43.4,80.74,0.537547,406833,0x0642b10b2597,2025-11-24T15:25:19.347586+00:00
4355,77,22,NO,sell,29.99,60.3,0.497344,205915,0x0de33f0df0a7,2025-11-24T15:24:52.401919+00:00
7407,238,23,NO,buy,48.54,83.07,0.584352,407153,0x0822f50ba9ba,2025-11-24T15:24:48.788316+00:00
10664,405,42,NO,sell,25.65,85.18,0.301111,276083,0x042d4c085267,2025-11-24T15:24:40.185392+00:00
10347,390,32,NO,buy,42.5,101.64,0.418161,83231,0x0d1df30c0fc5,2025-11-24T15:23:52.981409+00:00
12493,503,29,YES,buy,19.28,39.29,0.490715,283317,0x0af2a40af023,2025-11-24T15:23:04.936665+00:00
5773,150,19,NO,buy,12.04,21.86,0.550885,757213,0x06e66c0c0dd7,2025-11-24T15:22:23.696833+00:00
7842,261,28,NO,sell,20.92,32.39,0.645866,316732,0x0bd83806839c,2025-11-24T15:22:15.418413+00:00
10709,407,35,YES,sell,11.94,29.97,0.398372,121815,0x0715ac09dad2,2025-11-24T15:19:57.346503+00:00
6327,183,23,YES,buy,22.02,39.31,0.560114,304198,0x049e2b0cad98,2025-11-24T15:18:44.708431+00:00
7841,261,38,YES,buy,30.65,100.05,0.30636,668056,0x0222020cc6d0,2025-11-24T15:18:18.418413+00:00
6171,174,38,YES,sell,3.34,5.17,0.645649,46090,0x063aea09b0af,2025-11-24T15:18:00.128824+00:00
6344,184,31,YES,sell,7.41,11.53,0.642815,838738,0x07703705a7c1,2025-11-24T15:15:46.786656+00:00
11599,456,16,YES,buy,37.33,117.32,0.318178,476382,0x02d5200be086,2025-11-24T15:15:17.664315+00:00
7840,261,39,YES,sell,23.78,38.87,0.611749,12112,0x07f80406b78f,2025-11-24T15:15:14.418413+00:00
10663,405,42,NO,buy,5.87,10.99,0.534359,647179,0x019c1c0688bc,2025-11-24T15:15:08.185392+00:00
12736,516,16,NO,buy,30.37,79.98,0.379701,61301,0x0c5af707b186,2025-11-24T15:14:30.793017+00:00
6170,174,21,NO,buy,44.68,86.24,0.518076,622338,0x06707f05c26b,2025-11-24T15:14:29.128824+00:00
8691,302,39,NO,buy,7.66,22.97,0.333495,723825,0x05c125073e04,2025-11-24T15:14:13.551595+00:00
5313,127,26,YES,buy,32.97,84.82,0.388702,882282,0x04a08c0a17b1,2025-11-24T15:14:08.001478+00:00
10123,377,28,NO,sell,8.07,13.01,0.620295,305328,0x0960d40d72eb,2025-11-24T15:13:30.155908+00:00
11242,438,25,NO,sell,20.44,40.88,0.500004,799230,0x0e61b1058284,2025-11-24T15:12:58.347586+00:00
7641,252,21,YES,buy,16.72,52.98,0.315597,323239,0x0277d20e761b,2025-11-24T15:12:30.681093+00:00
7957,266,36,YES,buy,33.27,48.15,0.691004,944403,0x03c3b40e23e2,2025-11-24T15:11:27.854601+00:00
4598,89,27,YES,sell,9.9,15.04,0.65828,401112,0x0586f30e9a15,2025-11-24T15:10:55.318180+00:00
4199,66,16,YES,sell,25.25,38.67,0.652936,494446,0x0bfe790c4944,2025-11-24T15:10:53.743531+00:00
12379,496,24,YES,sell,14.9,44.49,0.334907,602376,0x038c140b74be,2025-11-24T15:10:51.506596+00:00
8873,310,17,YES,sell,14.38,22.47,0.640038,730183,0x0a2b6a052bee,2025-11-24T15:10:48.271150+00:00
7275,230,38,NO,buy,1.1,1.99,0.553199,756670,0x060dc6094f91,2025-11-24T15:10:41.284530+00:00
9281,330,43,YES,sell,40.16,66.09,0.607616,506525,0x0a09d40f3175,2025-11-24T15:10:11.826303+00:00
11598,456,36,YES,buy,39.46,74.64,0.528645,283968,0x0de569029b98,2025-11-24T15:09:54.664315+00:00
6326,183,25,YES,buy,18.66,27.34,0.682459,520665,0x0d8893065bfa,2025-11-24T15:08:42.708431+00:00
5453,134,39,YES,buy,47.97,68.83,0.696928,603343,0x0a92830994f1,2025-11-24T15:07:14.491986+00:00
13032,530,36,NO,buy,24.61,54.54,0.451208,240270,0x03f71c04a9a3,2025-11-24T15:05:27.846636+00:00
5540,140,21,NO,buy,32.13,50.45,0.63685,288061,0x0193d5068127,2025-11-24T15:05:12.824092+00:00
9676,351,17,NO,sell,29.44,44.23,0.66568,842186,0x04ee6b04fc76,2025-11-24T15:04:43.384209+00:00
13524,553,17,YES,sell,22.73,60.41,0.376251,248278,0x0767cc057861,2025-11-24T15:04:17.562949+00:00
12914,524,40,NO,buy,29.01,73.15,0.396587,968466,0x0ab6c9027233,2025-11-24T15:02:46.436320+00:00
11137,431,41,NO,sell,25.31,66.11,0.382862,925495,0x066c800839ad,2025-11-24T15:02:24.948211+00:00
9786,357,44,YES,sell,26.87,88.91,0.302216,337062,0x08a41c02776f,2025-11-24T15:01:56.835434+00:00
6169,174,36,NO,buy,23.92,46.14,0.518445,128154,0x070b9a078aa4,2025-11-24T15:01:20.128824+00:00
5857,154,33,YES,buy,12.25,24.67,0.496586,85543,0x071db10cc14c,2025-11-24T15:00:14.034045+00:00
10902,419,23,YES,buy,26.25,40.04,0.655541,645654,0x095738050234,2025-11-24T14:59:14.063658+00:00
11597,456,38,YES,buy,16.91,55.62,0.304027,29384,0x0f289502d607,2025-11-24T14:58:26.664315+00:00
9390,337,30,NO,sell,2.82,8.7,0.323971,531172,0x0a8d0d0be30a,2025-11-24T14:58:04.244720+00:00
5772,150,25,NO,buy,18.16,47.76,0.38026,411320,0x0bd500026dc1,2025-11-24T14:56:17.696833+00:00
10662,405,41,YES,sell,23.73,40.09,0.591879,969235,0x0ad2b008248f,2025-11-24T14:55:51.185392+00:00
7576,247,22,NO,sell,14.89,38.8,0.383812,881286,0x0b241203105b,2025-11-24T14:55:23.407397+00:00
7120,222,26,NO,sell,34.53,74.65,0.462541,524514,0x05f86c06d088,2025-11-24T14:55:08.705430+00:00
7575,247,20,NO,sell,44.08,65.94,0.668465,908677,0x0f05b70ba179,2025-11-24T14:54:40.407397+00:00
9034,319,38,NO,sell,9.58,29.08,0.329455,435263,0x057751040f4a,2025-11-24T14:54:21.909062+00:00
9280,330,28,NO,sell,34.1,59.62,0.571938,224006,0x097d3a08a262,2025-11-24T14:52:55.826303+00:00
12852,521,30,NO,buy,23.84,49.47,0.481899,891216,0x042f4c07dea7,2025-11-24T14:52:13.204507+00:00
11241,438,20,NO,buy,12.4,24.77,0.50062,254648,0x0aa74301b5c4,2025-11-24T14:51:56.347586+00:00
13523,553,18,YES,sell,41.31,65.48,0.630859,27350,0x08886907ecaf,2025-11-24T14:50:57.562949+00:00
10346,390,23,YES,buy,1.64,3.96,0.414204,674480,0x0b062b042e50,2025-11-24T14:50:27.981409+00:00
5680,146,34,YES,sell,24.34,36.89,0.65982,339560,0x05a2ba0393b9,2025-11-24T14:48:51.345654+00:00
7640,252,17,NO,sell,5.32,13.31,0.399783,374668,0x06d7e30bc8a0,2025-11-24T14:47:36.681093+00:00
12021,478,42,NO,sell,40.52,75.76,0.534877,752662,0x0821a908dff7,2025-11-24T14:47:27.141499+00:00
12492,503,17,YES,sell,43.42,64.14,0.676921,844297,0x0a701e044984,2025-11-24T14:46:51.936665+00:00
4198,66,30,YES,buy,47.32,94.23,0.502178,612680,0x0560a604f7db,2025-11-24T14:46:38.743531+00:00
5856,154,24,NO,buy,33.81,58.41,0.57885,43079,0x0a538d029cfe,2025-11-24T14:46:25.034045+00:00
5771,150,34,YES,buy,38.66,65.53,0.589964,15901,0x0239db0aa06f,2025-11-24T14:45:42.696833+00:00
7839,261,44,YES,sell,13.21,24.55,0.538051,175235,0x0e2901043a12,2025-11-24T14:45:38.418413+00:00
6839,210,27,NO,sell,25.03,71.87,0.348246,356307,0x04b17d0949dc,2025-11-24T14:45:26.651714+00:00
8690,302,42,YES,buy,46.53,81.34,0.572035,537511,0x02790e03048d,2025-11-24T14:44:59.551595+00:00
5088,116,15,NO,buy,34.32,105.51,0.325269,876964,0x03124f0e46d3,2025-11-24T14:44:27.176764+00:00
12851,521,15,NO,sell,37.79,89.65,0.421527,296659,0x097ede0b3b4d,2025-11-24T14:42:31.204507+00:00
5087,116,27,YES,buy,19.36,48.96,0.395416,443166,0x02fcf101c851,2025-11-24T14:42:23.176764+00:00
4354,77,17,NO,buy,19.08,45.8,0.416638,776501,0x0e13f7066370,2025-11-24T14:42:12.401919+00:00
12850,521,32,NO,sell,25.29,57.15,0.442507,402285,0x04c9110c8a93,2025-11-24T14:41:39.204507+00:00
7639,252,33,YES,buy,4.1,9.63,0.425758,310531,0x0914ae049df0,2025-11-24T14:41:15.681093+00:00
6325,183,25,YES,buy,3.15,7.84,0.401805,99980,0x0a6d3409b3dc,2025-11-24T14:41:12.708431+00:00
5452,134,38,NO,buy,19.56,36.69,0.533074,158364,0x0c09f00d2562,2025-11-24T14:41:04.491986+00:00
6324,183,41,YES,sell,6.29,16.32,0.385338,938890,0x0d0a93080c49,2025-11-24T14:41:01.708431+00:00
11596,456,31,NO,sell,25.04,68.49,0.365575,261067,0x0808c00bbc47,2025-11-24T14:39:39.664315+00:00
9675,351,19,YES,buy,25.14,45.48,0.55278,771678,0x02317c05ec67,2025-11-24T14:39:03.384209+00:00
5062,115,28,YES,sell,23.05,44.04,0.523379,606561,0x07856503bfc3,2025-11-24T14:37:18.096254+00:00
9279,330,17,YES,buy,43.37,107.78,0.402408,344457,0x0daaf305493f,2025-11-24T14:36:55.826303+00:00
13522,553,39,NO,sell,18.31,46.08,0.397389,239072,0x04b77c08d182,2025-11-24T14:36:52.562949+00:00
9389,337,20,YES,sell,46.47,75.35,0.616712,988567,0x0bbf750ae02a,2025-11-24T14:36:49.244720+00:00
7274,230,28,NO,sell,17.52,25.05,0.699336,688853,0x0455790da600,2025-11-24T14:36:36.284530+00:00
11801,465,39,YES,buy,32.66,79.28,0.411935,809307,0x07d8f604e0dd,2025-11-24T14:34:13.369893+00:00
7119,222,33,YES,sell,5.1,11.08,0.46031,440033,0x01a4f8031bf3,2025-11-24T14:32:57.705430+00:00
9674,351,43,NO,buy,26.13,58.91,0.443542,304555,0x0301dd0eac61,2025-11-24T14:31:56.384209+00:00
7273,230,21,NO,buy,21.14,37.39,0.565384,408409,0x0c1db9047e9f,2025-11-24T14:31:54.284530+00:00
7956,266,28,NO,sell,14.42,22.72,0.63464,820517,0x03e223052191,2025-11-24T14:31:52.854601+00:00
7574,247,15,NO,sell,11.01,17.52,0.628477,904839,0x01df8b0ac48c,2025-11-24T14:30:48.407397+00:00
10661,405,25,NO,sell,36.42,84.97,0.428623,904422,0x0a7f66080903,2025-11-24T14:30:45.185392+00:00
6323,183,21,YES,buy,18.53,30.77,0.602196,855446,0x0b1ef40bc476,2025-11-24T14:29:43.708431+00:00
12020,478,44,NO,sell,23.96,75.06,0.319231,455390,0x0b736f03a913,2025-11-24T14:29:00.141499+00:00
7406,238,43,YES,buy,6.28,11.89,0.528182,96724,0x0913e90aa5e5,2025-11-24T14:28:47.788316+00:00
7118,222,44,NO,buy,10.87,17.49,0.621594,570380,0x0256450ef4d9,2025-11-24T14:28:44.705430+00:00
12735,516,27,NO,sell,1.46,3.87,0.377308,876501,0x0580420be242,2025-11-24T14:28:38.793017+00:00
7955,266,34,YES,sell,25.83,60.53,0.426746,620766,0x0b89640b4717,2025-11-24T14:27:12.854601+00:00
12491,503,18,NO,buy,23.64,36.11,0.654654,258850,0x0273fd01b168,2025-11-24T14:26:37.936665+00:00
6168,174,34,YES,buy,19.61,50.6,0.387548,866250,0x0846b905555c,2025-11-24T14:26:08.128824+00:00
8689,302,29,YES,sell,20.79,39.27,0.529444,24416,0x06105f08ffee,2025-11-24T14:25:32.551595+00:00
4197,66,38,NO,buy,38.39,76.89,0.499306,523987,0x09c2f008feb3,2025-11-24T14:25:25.743531+00:00
10122,377,30,NO,buy,14.93,41.71,0.357989,99666,0x0cbf1305b1ff,2025-11-24T14:25:18.155908+00:00
10708,407,22,YES,sell,37.2,76.04,0.489197,742562,0x04414406d6e1,2025-11-24T14:24:43.346503+00:00
11800,465,16,NO,sell,35.93,52.68,0.68206,465370,0x04cba202d506,2025-11-24T14:24:40.369893+00:00
6322,183,19,NO,buy,21.82,39.72,0.549296,315467,0x028a5a02f3e9,2025-11-24T14:24:31.708431+00:00
9673,351,39,NO,buy,36.26,103.95,0.348834,726223,0x0b7bd10d76f4,2025-11-24T14:23:33.384209+00:00
5539,140,17,YES,buy,36.72,110.08,0.333587,289909,0x089ec9023cee,2025-11-24T14:23:30.824092+00:00
6343,184,43,YES,sell,39.34,92.91,0.423409,202628,0x06a0f8050ebe,2025-11-24T14:22:16.786656+00:00
10707,407,39,YES,buy,12.69,25.54,0.496878,270950,0x05f02e04e132,2025-11-24T14:22:10.346503+00:00
13031,530,20,NO,buy,13.67,21.19,0.645197,188325,0x0def560ca1f0,2025-11-24T14:21:21.846636+00:00
12913,524,18,YES,sell,25.58,78.23,0.327,691422,0x0a2e61091213,2025-11-24T14:21:16.436320+00:00
5312,127,15,YES,sell,2.24,3.77,0.593668,663177,0x08c9010bad62,2025-11-24T14:20:53.001478+00:00
6167,174,29,YES,buy,42.63,64.63,0.659646,107594,0x04277c0c5fd8,2025-11-24T14:20:37.128824+00:00
12378,496,32,NO,sell,2.91,8.88,0.327637,937787,0x0c34f604378f,2025-11-24T14:19:53.506596+00:00
4353,77,16,NO,buy,43.97,68.02,0.646413,326790,0x0de6fe0f0b1d,2025-11-24T14:19:42.401919+00:00
5538,140,38,NO,buy,47.09,102.09,0.461269,703169,0x0eede90c359d,2025-11-24T14:19:09.824092+00:00
4597,89,40,YES,sell,4.93,8.21,0.600228,280449,0x03dd00026c28,2025-11-24T14:17:48.318180+00:00
8872,310,36,NO,buy,26.49,56.25,0.470898,438348,0x0cd7a106b5c4,2025-11-24T14:16:02.271150+00:00
5770,150,20,YES,buy,12.85,23.53,0.546128,150693,0x08891e0d56e4,2025-11-24T14:15:22.696833+00:00
6166,174,44,YES,buy,17.89,26.14,0.684406,572144,0x0343ea09003f,2025-11-24T14:15:03.128824+00:00
9278,330,21,YES,sell,6.63,18.96,0.349719,780031,0x08f63c0402af,2025-11-24T14:14:06.826303+00:00
12912,524,32,NO,buy,45.95,100.57,0.456912,215988,0x02760202d1f6,2025-11-24T14:13:59.436320+00:00
10901,419,25,NO,sell,32.64,78.03,0.418309,320361,0x0cb93206921b,2025-11-24T14:10:41.063658+00:00
5311,127,25,YES,buy,5.57,11.73,0.474968,623107,0x0b96930dd8ad,2025-11-24T14:10:17.001478+00:00
13521,553,28,NO,sell,26.62,45.85,0.580594,558536,0x03260c0b5920,2025-11-24T14:10:10.562949+00:00
11595,456,40,NO,sell,49.54,139.43,0.355304,124384,0x02a8e5096eee,2025-11-24T14:10:07.664315+00:00
9033,319,30,YES,buy,32.24,68.66,0.46956,412338,0x07d15a052eb4,2025-11-24T14:09:45.909062+00:00
9388,337,26,YES,sell,6.29,13.2,0.47655,475405,0x0b059d0988fe,2025-11-24T14:09:43.244720+00:00
7272,230,19,YES,sell,14.91,46.72,0.319154,87403,0x0ce2ba05534b,2025-11-24T14:08:50.284530+00:00
7573,247,24,YES,buy,19.8,36.13,0.548089,346788,0x03a9a60a65cb,2025-11-24T14:07:11.407397+00:00
11240,438,36,YES,sell,42.19,62.9,0.670796,431492,0x047c3c04f9fa,2025-11-24T14:06:30.347586+00:00
10345,390,34,NO,sell,20.22,52.33,0.38643,229397,0x09fbe20cf89a,2025-11-24T14:05:39.981409+00:00
13030,530,42,NO,buy,7.59,19.67,0.385884,848676,0x06c2240d6c12,2025-11-24T14:04:55.846636+00:00
12734,516,35,YES,sell,49.75,128.08,0.388437,122498,0x0559940d8166,2025-11-24T14:04:32.793017+00:00
11136,431,24,YES,buy,4.73,7.53,0.628384,206505,0x0bc67e0701fc,2025-11-24T14:03:37.948211+00:00
9785,357,44,YES,sell,22.89,40.45,0.565933,473348,0x0f06d00733ab,2025-11-24T14:03:30.835434+00:00
6838,210,18,NO,buy,7.36,19.31,0.381121,617645,0x0b0eb30da814,2025-11-24T14:02:01.651714+00:00
5310,127,31,YES,sell,42.31,76.8,0.550927,580763,0x05b0870eec5c,2025-11-24T13:59:16.001478+00:00
8871,310,39,NO,buy,14.32,35.78,0.400232,791533,0x059a5f01d479,2025-11-24T13:59:06.271150+00:00
7954,266,41,YES,buy,10.29,25.43,0.404719,659286,0x0363450c9200,2025-11-24T13:57:15.854601+00:00
7405,238,44,YES,buy,16.61,33.02,0.50304,376554,0x0cf21004d690,2025-11-24T13:55:02.788316+00:00
7572,247,43,NO,buy,25.88,42.4,0.610418,302958,0x0751420e844f,2025-11-24T13:55:02.407397+00:00
5855,154,31,NO,sell,19.99,36.1,0.553732,536032,0x07dbdb01d57f,2025-11-24T13:54:00.034045+00:00
8688,302,39,YES,buy,13.78,20.14,0.684203,842795,0x09bd9e0324bb,2025-11-24T13:53:42.551595+00:00
6321,183,32,NO,buy,31.09,47.67,0.652134,415385,0x03b9a805a992,2025-11-24T13:51:37.708431+00:00
7838,261,22,NO,sell,34.54,51.97,0.664638,500820,0x093a070e204b,2025-11-24T13:51:03.418413+00:00
5309,127,20,NO,sell,26.35,55.48,0.474961,841089,0x031e7f0ce2e3,2025-11-24T13:50:29.001478+00:00
5679,146,18,NO,sell,49.19,76.57,0.642456,141934,0x0a1d0f089291,2025-11-24T13:50:12.345654+00:00
5086,116,37,YES,sell,34.83,72.93,0.477595,52028,0x0b18df0199bc,2025-11-24T13:49:30.176764+00:00
5061,115,41,NO,sell,39.8,93.6,0.42523,808540,0x04880b0862f6,2025-11-24T13:49:30.096254+00:00
10121,377,23,YES,sell,13.23,27.91,0.474047,979136,0x0281730c9aa0,2025-11-24T13:49:29.155908+00:00
8687,302,27,NO,sell,33.21,82.5,0.402547,713314,0x0e81a60e7ff7,2025-11-24T13:49:27.551595+00:00
5769,150,21,YES,buy,23.98,69.76,0.343738,874563,0x052f27022266,2025-11-24T13:48:43.696833+00:00
12911,524,42,YES,sell,23.6,33.84,0.697445,200452,0x08c9a702f338,2025-11-24T13:48:36.436320+00:00
5451,134,24,YES,buy,6.21,16.15,0.384592,751537,0x06891b09b2d8,2025-11-24T13:47:36.491986+00:00
4196,66,27,NO,buy,48.17,72.88,0.660924,980109,0x0e8aa106c3cd,2025-11-24T13:45:49.743531+00:00
12849,521,34,YES,sell,34.05,111.63,0.305039,495900,0x090aa203183f,2025-11-24T13:45:38.204507+00:00
5678,146,39,YES,buy,5.91,13.45,0.439467,441279,0x0516cd02fff6,2025-11-24T13:45:31.345654+00:00
6342,184,40,NO,sell,21.76,48.82,0.445675,357428,0x0da04a089d8b,2025-11-24T13:45:25.786656+00:00
10660,405,32,NO,sell,49.76,104.8,0.474787,943306,0x0adcdf074169,2025-11-24T13:45:16.185392+00:00
5854,154,37,YES,sell,3.08,7.95,0.3876,913767,0x053f9f03f7cc,2025-11-24T13:44:27.034045+00:00
5450,134,43,NO,sell,47.18,112.97,0.417625,387192,0x02063e041744,2025-11-24T13:44:24.491986+00:00
4352,77,17,NO,buy,25.6,38.74,0.660776,844409,0x0465380518ca,2025-11-24T13:44:20.401919+00:00
7638,252,18,NO,sell,37.48,94.44,0.396865,55549,0x0dbc660f13e7,2025-11-24T13:43:43.681093+00:00
11594,456,27,NO,buy,20.46,36.46,0.561223,99977,0x0cd2020357a7,2025-11-24T13:42:19.664315+00:00
7953,266,41,NO,buy,24.55,75.48,0.325252,753651,0x0b99d90b905d,2025-11-24T13:41:51.854601+00:00
11799,465,22,YES,buy,43.17,85.74,0.503486,864422,0x0a8b7f0dbb77,2025-11-24T13:41:03.369893+00:00
10900,419,27,YES,sell,16.25,30.25,0.537102,530543,0x0f0e050bae5e,2025-11-24T13:40:25.063658+00:00
5537,140,38,YES,sell,42.03,65.74,0.639292,178433,0x0696ed0cdff4,2025-11-24T13:38:56.824092+00:00
9277,330,37,NO,sell,18.13,32.16,0.563692,856755,0x0b6eb00648d2,2025-11-24T13:38:42.826303+00:00
9032,319,36,YES,buy,5.6,8.33,0.672047,83420,0x0990ee0db838,2025-11-24T13:37:44.909062+00:00
9672,351,20,NO,sell,4.95,7.98,0.62039,498007,0x0a5f2109b02d,2025-11-24T13:37:29.384209+00:00
13520,553,41,YES,sell,42.54,126.45,0.33643,700206,0x05c21c01dc02,2025-11-24T13:37:20.562949+00:00
11239,438,44,YES,sell,1.82,3.99,0.456165,559836,0x068469091f39,2025-11-24T13:36:29.347586+00:00
12490,503,28,NO,sell,9.94,19.77,0.502735,410224,0x0bbec50907f7,2025-11-24T13:36:22.936665+00:00
10120,377,32,YES,sell,47.14,84.85,0.555562,977284,0x04f92b05bc1c,2025-11-24T13:35:40.155908+00:00
11593,456,38,NO,sell,28.23,44.74,0.630926,465809,0x04d24d0c77c1,2025-11-24T13:35:14.664315+00:00
10344,390,35,YES,buy,26.09,54.89,0.475343,775016,0x0516e70df8f5,2025-11-24T13:33:33.981409+00:00
12019,478,25,NO,buy,34.28,59.92,0.572087,758756,0x08d68f01f06f,2025-11-24T13:33:22.141499+00:00
6320,183,32,YES,buy,25.62,48.38,0.529548,233786,0x0e27c70dfc09,2025-11-24T13:33:18.708431+00:00
7637,252,27,YES,sell,7.23,13.32,0.54268,327900,0x0e96b9044b6f,2025-11-24T13:32:50.681093+00:00
8870,310,32,YES,sell,43.63,95.19,0.458342,576560,0x098f720e8bc4,2025-11-24T13:32:35.271150+00:00
13519,553,33,NO,buy,25.86,61.37,0.421373,117550,0x0193c409d5f1,2025-11-24T13:32:03.562949+00:00
4596,89,30,YES,sell,21.59,35.15,0.61429,487208,0x09800d0777de,2025-11-24T13:30:04.318180+00:00
7117,222,23,NO,buy,44.3,85.75,0.516631,652056,0x0195cf0f3a18,2025-11-24T13:30:00.705430+00:00
12733,516,34,NO,sell,26.13,79.57,0.3284,214533,0x0a844b056f19,2025-11-24T13:28:55.793017+00:00
4595,89,24,NO,buy,36.04,61.0,0.590843,159003,0x05403702f812,2025-11-24T13:28:54.318180+00:00
11798,465,22,YES,sell,47.56,106.59,0.446181,127278,0x0ed59f03c46f,2025-11-24T13:28:32.369893+00:00
12377,496,37,YES,buy,29.34,55.89,0.525001,3836,0x0e4590095654,2025-11-24T13:27:22.506596+00:00
10706,407,20,YES,sell,38.48,77.05,0.499425,566366,0x0cd47503842d,2025-11-24T13:27:21.346503+00:00
6837,210,22,NO,buy,47.33,138.27,0.342313,724789,0x01f7390a5dc4,2025-11-24T13:26:54.651714+00:00
8869,310,16,NO,buy,46.93,111.92,0.419305,406101,0x0d30110d6c99,2025-11-24T13:26:29.271150+00:00
6165,174,21,YES,buy,23.24,69.23,0.335675,376263,0x03a606068d96,2025-11-24T13:26:05.128824+00:00
4195,66,25,YES,sell,7.0,14.59,0.479838,54063,0x03c7a803132a,2025-11-24T13:25:51.743531+00:00
7571,247,23,YES,sell,19.18,28.39,0.675628,400768,0x0d53be09f470,2025-11-24T13:25:06.407397+00:00
7271,230,34,YES,sell,6.98,13.14,0.531038,262623,0x061b2d043c28,2025-11-24T13:24:53.284530+00:00
9784,357,35,NO,buy,32.02,56.41,0.567653,7650,0x0a5f2705f91f,2025-11-24T13:24:07.835434+00:00
4594,89,34,NO,buy,16.71,46.31,0.36086,195969,0x0a15dd01e145,2025-11-24T13:21:46.318180+00:00
6164,174,37,YES,sell,2.11,3.13,0.67463,276564,0x0c51eb0a0ffd,2025-11-24T13:21:20.128824+00:00
10659,405,21,NO,buy,18.09,38.74,0.466969,533730,0x06331d0dd71a,2025-11-24T13:20:57.185392+00:00
10899,419,38,YES,sell,6.95,11.33,0.613685,212482,0x01e6d90487f9,2025-11-24T13:20:55.063658+00:00
5677,146,25,YES,sell,2.68,4.13,0.648811,566680,0x080c60024516,2025-11-24T13:19:37.345654+00:00
8868,310,39,YES,sell,32.26,49.62,0.650095,418079,0x0869a3082f54,2025-11-24T13:19:08.271150+00:00
11135,431,43,YES,buy,30.06,47.45,0.633476,674218,0x01fedb04d3d0,2025-11-24T13:18:52.948211+00:00
4194,66,42,NO,sell,48.79,138.49,0.352306,589933,0x07745b09c3fb,2025-11-24T13:18:27.743531+00:00
5676,146,24,NO,sell,45.54,112.15,0.406073,822316,0x06a9bd01fb45,2025-11-24T13:17:42.345654+00:00
7404,238,32,YES,sell,42.39,63.85,0.663894,906463,0x0b178308d13b,2025-11-24T13:16:54.788316+00:00
5449,134,17,NO,sell,8.01,18.6,0.430616,352258,0x0e22f2074a5c,2025-11-24T13:16:23.491986+00:00
12376,496,21,NO,buy,2.75,4.57,0.602052,2610,0x08af3f03dd4e,2025-11-24T13:15:50.506596+00:00
13029,530,18,YES,buy,30.57,72.1,0.423983,626820,0x04be7d02c0e1,2025-11-24T13:15:07.846636+00:00
9671,351,19,NO,buy,16.66,37.19,0.447918,198688,0x026c5a036620,2025-11-24T13:14:50.384209+00:00
5768,150,39,YES,sell,41.32,63.22,0.653611,888571,0x02e8f10a66e1,2025-11-24T13:14:34.696833+00:00
7952,266,31,YES,buy,2.03,5.27,0.385329,763561,0x02d4e709f239,2025-11-24T13:14:33.854601+00:00
13518,553,29,NO,sell,21.37,61.72,0.34624,770908,0x0700880a076e,2025-11-24T13:12:34.562949+00:00
9387,337,23,NO,sell,49.77,111.12,0.447877,163306,0x053b66035028,2025-11-24T13:10:26.244720+00:00
7570,247,28,YES,buy,40.49,71.06,0.569818,242248,0x0a258a0b32b0,2025-11-24T13:08:41.407397+00:00
7837,261,21,NO,sell,22.97,54.37,0.42247,565872,0x040d710abaad,2025-11-24T13:07:23.418413+00:00
11592,456,29,NO,buy,22.24,56.05,0.396805,963210,0x08a3bb060132,2025-11-24T13:07:13.664315+00:00
10705,407,36,NO,buy,1.73,2.82,0.612696,537042,0x0ba349048207,2025-11-24T13:07:05.346503+00:00
5767,150,20,NO,sell,14.96,36.09,0.414576,275201,0x0f36c90aa5c9,2025-11-24T13:07:00.696833+00:00
8867,310,44,YES,sell,48.09,81.36,0.591062,186425,0x05da8409019b,2025-11-24T13:05:50.271150+00:00
12848,521,28,YES,sell,2.68,4.19,0.639901,314913,0x0d1f670bc808,2025-11-24T13:05:37.204507+00:00
7270,230,21,YES,buy,28.15,41.06,0.685593,524571,0x0220430bb866,2025-11-24T13:04:08.284530+00:00
5085,116,32,YES,sell,35.14,55.37,0.6346,673149,0x0e829309e451,2025-11-24T13:04:07.176764+00:00
5675,146,40,YES,sell,44.07,128.2,0.343757,522724,0x041fb502016c,2025-11-24T13:03:37.345654+00:00
5308,127,21,NO,buy,40.27,75.82,0.531141,410376,0x03967a0bb4cd,2025-11-24T13:00:37.001478+00:00
5060,115,38,YES,sell,12.45,23.28,0.534801,492507,0x0a5e230da5d7,2025-11-24T13:00:01.096254+00:00
12489,503,25,NO,buy,17.35,25.26,0.686909,658253,0x0298080a075b,2025-11-24T12:58:33.936665+00:00
13028,530,16,NO,sell,41.84,90.53,0.462149,865051,0x085a830c41ce,2025-11-24T12:58:30.846636+00:00
11134,431,39,NO,buy,7.91,14.06,0.562403,386828,0x04af9302ea9d,2025-11-24T12:58:03.948211+00:00
10704,407,28,NO,sell,24.31,39.13,0.62125,306042,0x02137a0e5866,2025-11-24T12:57:17.346503+00:00
4193,66,16,YES,sell,21.37,43.99,0.485777,151647,0x06f80d0b3b81,2025-11-24T12:56:57.743531+00:00
5536,140,16,NO,buy,43.04,104.72,0.410991,687927,0x0f2ac604a1fe,2025-11-24T12:56:52.824092+00:00
13517,553,27,NO,sell,12.28,26.29,0.46711,710627,0x06a263045306,2025-11-24T12:56:20.562949+00:00
10119,377,37,NO,sell,3.62,5.73,0.631336,976304,0x049d3401f409,2025-11-24T12:56:12.155908+00:00
6319,183,19,YES,sell,29.42,74.06,0.397263,289586,0x0b9c6608082f,2025-11-24T12:56:06.708431+00:00
13516,553,24,YES,buy,1.77,2.68,0.660392,611106,0x02b5c20dc703,2025-11-24T12:54:31.562949+00:00
9031,319,28,NO,sell,48.36,85.66,0.564527,210579,0x0a855206e222,2025-11-24T12:53:14.909062+00:00
7403,238,17,NO,buy,21.53,68.94,0.312292,421820,0x020c8c03adbe,2025-11-24T12:52:56.788316+00:00
7836,261,40,YES,buy,32.07,63.05,0.508681,836909,0x038a340b4aba,2025-11-24T12:52:01.418413+00:00
8686,302,36,NO,buy,39.51,126.77,0.311659,323917,0x056f2b03adf6,2025-11-24T12:51:56.551595+00:00
12847,521,40,NO,sell,24.83,56.34,0.440754,119264,0x0473c2063ec7,2025-11-24T12:51:42.204507+00:00
12910,524,42,NO,buy,16.62,38.22,0.434871,777882,0x04690f0ab507,2025-11-24T12:50:48.436320+00:00
10703,407,41,YES,sell,6.5,13.1,0.496323,590071,0x0df2610dfa8d,2025-11-24T12:50:26.346503+00:00
7569,247,19,NO,buy,19.55,34.34,0.569339,197944,0x09b95d0d70d5,2025-11-24T12:50:05.407397+00:00
7402,238,33,YES,buy,45.49,105.42,0.431501,101854,0x0d730d0cc26c,2025-11-24T12:49:47.788316+00:00
12846,521,17,YES,sell,3.43,5.13,0.669099,296132,0x06187f0e6b26,2025-11-24T12:49:42.204507+00:00
10343,390,23,YES,buy,33.81,55.67,0.6073,809595,0x053c450791db,2025-11-24T12:49:25.981409+00:00
9276,330,23,YES,buy,24.7,43.38,0.569355,920150,0x0bc89c0636be,2025-11-24T12:49:21.826303+00:00
12732,516,32,YES,sell,5.72,9.23,0.619952,28047,0x0bb50202b206,2025-11-24T12:49:17.793017+00:00
6341,184,28,NO,sell,3.45,5.6,0.615671,16052,0x05b850041d7a,2025-11-24T12:49:16.786656+00:00
13515,553,38,YES,buy,34.77,64.12,0.542241,329622,0x09e8750f129a,2025-11-24T12:48:48.562949+00:00
9386,337,34,YES,buy,27.93,62.63,0.445934,265642,0x0324ed079f4a,2025-11-24T12:48:03.244720+00:00
5448,134,31,YES,buy,11.0,20.83,0.528146,715097,0x0ecac60eb060,2025-11-24T12:47:50.491986+00:00
4351,77,16,NO,buy,16.77,35.95,0.466503,285434,0x0d0cec06a514,2025-11-24T12:47:47.401919+00:00
7116,222,23,NO,buy,37.9,88.18,0.429827,466381,0x0861460c8357,2025-11-24T12:47:17.705430+00:00
5853,154,23,YES,buy,3.77,6.57,0.573409,675132,0x01e9d9025d98,2025-11-24T12:46:45.034045+00:00
5766,150,17,YES,buy,8.79,14.26,0.616476,564022,0x0297020475a9,2025-11-24T12:44:30.696833+00:00
5059,115,41,YES,sell,33.05,47.51,0.69571,239633,0x03ea1407e2ce,2025-11-24T12:44:22.096254+00:00
11238,438,41,NO,buy,28.05,42.83,0.654943,696992,0x0451230a4256,2025-11-24T12:44:09.347586+00:00
6163,174,15,YES,sell,36.52,57.93,0.630402,169791,0x07ad6d0249fb,2025-11-24T12:42:35.128824+00:00
5447,134,15,NO,buy,30.43,69.18,0.439892,466371,0x02c3fa09a30a,2025-11-24T12:39:57.491986+00:00
6836,210,32,NO,buy,24.11,39.41,0.611756,59969,0x0b1b140db170,2025-11-24T12:37:56.651714+00:00
8866,310,41,YES,sell,13.01,19.18,0.678192,925811,0x0d02e50ec5bd,2025-11-24T12:37:29.271150+00:00
9275,330,15,YES,sell,31.93,72.37,0.441215,944939,0x0ca3d809440d,2025-11-24T12:36:40.826303+00:00
12018,478,23,NO,sell,22.78,34.9,0.652697,220871,0x0434a108a23a,2025-11-24T12:35:59.141499+00:00
11797,465,36,YES,buy,25.33,74.03,0.342147,497862,0x0e93ed0cadff,2025-11-24T12:35:01.369893+00:00
7269,230,21,NO,sell,42.61,95.24,0.447401,902970,0x079d6a063d28,2025-11-24T12:34:43.284530+00:00
4593,89,17,YES,buy,15.19,27.38,0.554757,286353,0x0b68d808c528,2025-11-24T12:33:47.318180+00:00
5307,127,40,NO,sell,17.42,25.48,0.683664,583735,0x0867fc05652a,2025-11-24T12:33:44.001478+00:00
7636,252,39,YES,buy,49.64,72.55,0.684207,271743,0x0290fd0ea1c2,2025-11-24T12:33:33.681093+00:00
8685,302,39,YES,buy,12.87,29.89,0.43052,727598,0x0df368024729,2025-11-24T12:32:18.551595+00:00
9783,357,40,YES,sell,33.33,78.2,0.42623,797656,0x0c61e40ab88d,2025-11-24T12:31:53.835434+00:00
12731,516,38,NO,buy,14.07,34.74,0.405023,452393,0x02ec6108cff5,2025-11-24T12:30:38.793017+00:00
6318,183,29,NO,buy,4.17,13.69,0.304646,108174,0x0a7fcc06ef25,2025-11-24T12:29:36.708431+00:00
5765,150,34,YES,sell,3.05,5.03,0.606851,723992,0x03968d0c221f,2025-11-24T12:29:07.696833+00:00
12845,521,19,YES,buy,31.32,53.87,0.581444,336165,0x0f01a908d841,2025-11-24T12:28:38.204507+00:00
10342,390,20,YES,sell,28.27,60.89,0.464248,319482,0x0e158e0bbff7,2025-11-24T12:28:32.981409+00:00
9670,351,25,YES,sell,9.03,21.2,0.425894,389446,0x04776701bc7a,2025-11-24T12:27:20.384209+00:00
12488,503,28,YES,buy,19.91,39.46,0.504544,714907,0x0ec553036412,2025-11-24T12:27:14.936665+00:00
13514,553,36,NO,buy,42.46,65.58,0.647454,240612,0x05c0e402f65e,2025-11-24T12:27:00.562949+00:00
6835,210,29,NO,buy,17.55,47.92,0.366259,496502,0x036f9a01e355,2025-11-24T12:26:25.651714+00:00
11796,465,38,YES,sell,35.81,107.4,0.333425,727075,0x0d4629018ba7,2025-11-24T12:25:55.369893+00:00
10341,390,42,YES,sell,48.98,111.09,0.440911,559095,0x0b3ace028a46,2025-11-24T12:25:28.981409+00:00
5306,127,44,NO,buy,1.2,1.81,0.663624,28521,0x020c7501c63c,2025-11-24T12:23:06.001478+00:00
10658,405,24,YES,sell,25.42,38.09,0.667423,449364,0x0db3b2088cbc,2025-11-24T12:23:02.185392+00:00
5446,134,20,NO,sell,3.06,5.21,0.586943,272638,0x027fb60cf56b,2025-11-24T12:22:13.491986+00:00
9385,337,28,YES,buy,44.77,114.23,0.391929,309341,0x0b8d9d0a414b,2025-11-24T12:21:58.244720+00:00
7951,266,28,NO,sell,36.51,111.28,0.328083,76310,0x03bdee038c8b,2025-11-24T12:21:41.854601+00:00
10898,419,18,NO,sell,27.21,72.04,0.377717,98519,0x0447c50a1600,2025-11-24T12:21:28.063658+00:00
11133,431,17,YES,sell,5.48,11.76,0.465825,305799,0x05279b0b49f4,2025-11-24T12:21:04.948211+00:00
5445,134,35,YES,buy,43.69,77.69,0.562391,687398,0x053fa6035b65,2025-11-24T12:19:26.491986+00:00
6340,184,44,NO,sell,34.44,84.08,0.409589,644186,0x0d5ff50a6f15,2025-11-24T12:19:25.786656+00:00
6162,174,29,YES,sell,38.39,82.62,0.464658,144857,0x039b390b111e,2025-11-24T12:18:54.128824+00:00
5084,116,39,YES,sell,8.52,19.22,0.443235,37118,0x04fe1d0cf4db,2025-11-24T12:17:53.176764+00:00
11795,465,25,NO,buy,17.35,48.08,0.360869,826478,0x0803600a5a81,2025-11-24T12:17:12.369893+00:00
5058,115,32,NO,buy,38.73,93.84,0.412738,424426,0x07126e0e0e51,2025-11-24T12:16:31.096254+00:00
11794,465,35,YES,buy,20.79,34.23,0.6073,640739,0x093aaf08348b,2025-11-24T12:16:19.369893+00:00
12375,496,24,YES,sell,36.29,59.89,0.605941,450873,0x0ae01302a69c,2025-11-24T12:16:13.506596+00:00
13513,553,33,NO,buy,8.4,12.36,0.679632,694655,0x0a7e0507b55d,2025-11-24T12:16:08.562949+00:00
7835,261,20,YES,sell,16.23,49.73,0.326333,442559,0x09632906c72c,2025-11-24T12:12:50.418413+00:00
6834,210,35,NO,sell,43.5,65.07,0.668506,81783,0x0b95b903741c,2025-11-24T12:12:12.651714+00:00
5764,150,28,NO,sell,14.63,22.15,0.66043,512932,0x0e97ed0dfe54,2025-11-24T12:11:39.696833+00:00
6317,183,24,NO,sell,27.79,47.25,0.588142,27865,0x0b5092086512,2025-11-24T12:11:18.708431+00:00
5763,150,42,NO,buy,47.07,83.85,0.561335,724812,0x05e3410812b8,2025-11-24T12:10:48.696833+00:00
13027,530,40,NO,sell,34.14,82.74,0.412603,162925,0x0c4fb80bc45f,2025-11-24T12:10:35.846636+00:00
10340,390,25,NO,sell,45.26,69.69,0.649418,942266,0x0b85a50abe75,2025-11-24T12:10:29.981409+00:00
4192,66,24,NO,buy,40.43,70.44,0.573996,77517,0x0648ea08c857,2025-11-24T12:09:47.743531+00:00
11591,456,43,NO,buy,23.9,35.26,0.677839,862317,0x079b51095f06,2025-11-24T12:09:36.664315+00:00
5535,140,42,YES,buy,21.56,33.78,0.638321,669444,0x026c32089eb3,2025-11-24T12:08:12.824092+00:00
5674,146,34,NO,buy,21.54,58.24,0.369855,779008,0x09d2cf03f2ad,2025-11-24T12:08:12.345654+00:00
12730,516,36,YES,buy,13.51,20.29,0.665981,855030,0x0cd079059bd3,2025-11-24T12:07:19.793017+00:00
10118,377,44,YES,sell,10.07,16.95,0.594044,337501,0x09aae502eb57,2025-11-24T12:06:55.155908+00:00
7401,238,24,NO,buy,21.65,35.79,0.604905,827897,0x06e10b09694e,2025-11-24T12:05:54.788316+00:00
10702,407,20,YES,buy,9.87,30.68,0.321671,309009,0x06096409d4b1,2025-11-24T12:05:18.346503+00:00
11132,431,33,NO,sell,22.81,56.94,0.400569,969841,0x0299ab049452,2025-11-24T12:04:48.948211+00:00
5444,134,17,NO,buy,13.64,22.19,0.614694,134402,0x05adb40971da,2025-11-24T12:03:45.491986+00:00
12909,524,31,YES,buy,27.18,40.61,0.669358,959528,0x048b2d05fea2,2025-11-24T12:02:49.436320+00:00
9274,330,27,NO,buy,31.99,52.12,0.613801,697044,0x0e662001c00d,2025-11-24T12:01:36.826303+00:00
11237,438,41,YES,sell,43.91,142.2,0.30878,877931,0x0560c705f319,2025-11-24T12:01:26.347586+00:00
8684,302,23,NO,sell,5.03,8.09,0.622082,486685,0x0367c8098f25,2025-11-24T12:00:19.551595+00:00
13512,553,39,NO,sell,24.58,36.81,0.667712,584166,0x0506b004b5f3,2025-11-24T11:59:49.562949+00:00
6339,184,34,NO,buy,15.64,22.72,0.68851,50239,0x058784046383,2025-11-24T11:59:14.786656+00:00
13511,553,19,NO,buy,31.88,68.99,0.462104,576561,0x05a90c0c6ceb,2025-11-24T11:58:55.562949+00:00
10117,377,36,YES,buy,40.41,80.49,0.50205,413663,0x062f6d02fdec,2025-11-24T11:58:11.155908+00:00
6338,184,18,NO,sell,19.25,59.72,0.322325,52539,0x094b4401a613,2025-11-24T11:57:23.786656+00:00
9030,319,17,YES,buy,1.63,4.1,0.397134,721091,0x0a2aa301942a,2025-11-24T11:55:31.909062+00:00
9384,337,21,YES,sell,41.41,60.81,0.680963,931653,0x098b1103608e,2025-11-24T11:54:38.244720+00:00
10701,407,38,NO,buy,42.24,71.61,0.589862,994535,0x0498fb0c53b1,2025-11-24T11:53:23.346503+00:00
7268,230,24,NO,buy,45.52,67.58,0.673555,975584,0x02ba2a0de339,2025-11-24T11:53:05.284530+00:00
9669,351,32,NO,buy,24.75,79.9,0.309745,173606,0x0415a109b1b8,2025-11-24T11:52:57.384209+00:00
9668,351,44,NO,sell,15.64,40.74,0.3839,813435,0x0a332109a728,2025-11-24T11:52:47.384209+00:00
12487,503,30,YES,buy,32.5,84.41,0.385037,901316,0x07d10f056b5a,2025-11-24T11:51:49.936665+00:00
7568,247,34,YES,buy,39.39,93.29,0.422218,662573,0x0603510bfc33,2025-11-24T11:51:18.407397+00:00
11793,465,26,NO,buy,32.76,81.02,0.404326,51923,0x027d7607c57c,2025-11-24T11:50:36.369893+00:00
10897,419,43,NO,sell,6.4,16.59,0.385799,178740,0x03480108d16c,2025-11-24T11:49:18.063658+00:00
4350,77,15,YES,buy,12.98,26.56,0.488706,188654,0x07a74f03ed5f,2025-11-24T11:49:05.401919+00:00
6337,184,16,YES,sell,11.15,26.19,0.425755,680077,0x0819380ce026,2025-11-24T11:48:38.786656+00:00
7115,222,33,NO,sell,15.99,26.69,0.599037,563540,0x0ab9a30b1e01,2025-11-24T11:47:45.705430+00:00
5852,154,37,YES,buy,40.9,85.32,0.479399,956697,0x035eaf0dbae8,2025-11-24T11:47:17.034045+00:00
8865,310,27,NO,buy,11.33,17.03,0.665241,470684,0x03cf5706c3a1,2025-11-24T11:47:11.271150+00:00
7635,252,42,YES,buy,16.24,26.85,0.604882,575338,0x0aad4a02fe3a,2025-11-24T11:44:29.681093+00:00
12017,478,33,YES,buy,38.95,59.37,0.65604,425905,0x02c4d108cf0e,2025-11-24T11:43:31.141499+00:00
5673,146,30,YES,buy,30.21,78.69,0.38393,308321,0x0d5d0c0c19e2,2025-11-24T11:42:40.345654+00:00
11792,465,29,YES,buy,36.73,56.26,0.652884,673909,0x09a35804f25c,2025-11-24T11:42:28.369893+00:00
11236,438,18,YES,buy,46.09,121.17,0.380361,460525,0x08e81d02858b,2025-11-24T11:42:16.347586+00:00
5443,134,32,YES,sell,3.87,5.73,0.675534,579235,0x05f2f20b4a87,2025-11-24T11:42:09.491986+00:00
7834,261,44,YES,sell,8.27,20.85,0.396691,789678,0x0ce5d5035821,2025-11-24T11:41:16.418413+00:00
11235,438,41,YES,sell,22.65,33.1,0.684373,906911,0x0cf9d50769f1,2025-11-24T11:40:24.347586+00:00
7950,266,36,NO,buy,25.2,38.44,0.655587,257913,0x08fc320b934f,2025-11-24T11:38:39.854601+00:00
11131,431,22,YES,buy,1.36,2.03,0.669984,998266,0x0481f506e99a,2025-11-24T11:38:31.948211+00:00
7567,247,17,NO,buy,41.9,76.18,0.550045,792145,0x0a31b20e0b7b,2025-11-24T11:38:03.407397+00:00
7833,261,34,YES,buy,30.18,90.41,0.333811,661109,0x05d21d0ecf0f,2025-11-24T11:37:06.418413+00:00
13026,530,26,YES,buy,45.82,66.5,0.689036,629629,0x0f25be0d74d6,2025-11-24T11:36:58.846636+00:00
9782,357,21,YES,sell,43.19,102.85,0.419915,281657,0x0bfdfa0b43e4,2025-11-24T11:36:29.835434+00:00
12844,521,32,YES,buy,11.45,32.89,0.348178,208290,0x09642103e737,2025-11-24T11:36:28.204507+00:00
10700,407,43,YES,buy,24.99,50.58,0.494064,252647,0x0b2728082f9f,2025-11-24T11:36:27.346503+00:00
12374,496,18,NO,buy,14.64,27.54,0.531574,157200,0x083de60955f0,2025-11-24T11:36:12.506596+00:00
4592,89,40,NO,sell,32.77,63.91,0.512778,198132,0x05d3b80821e1,2025-11-24T11:35:22.318180+00:00
10116,377,37,NO,buy,35.4,79.63,0.444559,740400,0x0bce110b439e,2025-11-24T11:34:30.155908+00:00
8864,310,25,YES,sell,39.57,84.04,0.470869,832265,0x0aa8e2092749,2025-11-24T11:34:26.271150+00:00
5083,116,15,YES,buy,15.41,29.99,0.513862,82354,0x07c78b04389c,2025-11-24T11:31:53.176764+00:00
7634,252,40,YES,sell,23.58,39.09,0.603159,565172,0x045ef404f7ce,2025-11-24T11:30:18.681093+00:00
9667,351,16,NO,buy,44.96,129.45,0.347307,973669,0x0b7f2f0a40a9,2025-11-24T11:30:15.384209+00:00
10339,390,24,NO,sell,36.33,68.05,0.53389,557166,0x02fb700cd7af,2025-11-24T11:30:12.981409+00:00
13025,530,37,YES,buy,7.19,12.01,0.598769,42120,0x0bc43b0309b6,2025-11-24T11:30:10.846636+00:00
7114,222,31,YES,sell,35.18,50.62,0.69498,759473,0x04b9880cb141,2025-11-24T11:30:09.705430+00:00
6161,174,23,YES,sell,22.59,41.87,0.539534,62008,0x07c716041f74,2025-11-24T11:29:59.128824+00:00
5305,127,26,YES,sell,14.11,25.04,0.563473,947521,0x0671b80ef10e,2025-11-24T11:28:40.001478+00:00
5304,127,26,NO,sell,45.49,81.53,0.557944,416035,0x0e147d0d6263,2025-11-24T11:27:59.001478+00:00
6316,183,33,NO,buy,15.35,48.26,0.318067,737111,0x0b33aa0845a1,2025-11-24T11:27:28.708431+00:00
9029,319,27,YES,sell,7.24,12.27,0.589851,880810,0x0e1e5e06fd93,2025-11-24T11:27:09.909062+00:00
5057,115,42,NO,buy,35.58,50.89,0.699198,751974,0x0f34b30d9063,2025-11-24T11:25:51.096254+00:00
4191,66,23,YES,sell,31.29,100.25,0.312114,304742,0x0b8f7d0a414f,2025-11-24T11:25:48.743531+00:00
9383,337,33,NO,buy,37.2,116.12,0.320372,992136,0x0acc75098ea9,2025-11-24T11:23:54.244720+00:00
10657,405,17,YES,sell,42.4,135.4,0.313151,319709,0x0d44f10a9852,2025-11-24T11:23:09.185392+00:00
11130,431,26,YES,sell,5.23,14.72,0.355343,340036,0x0c7af5035d19,2025-11-24T11:22:38.948211+00:00
5762,150,19,YES,buy,31.47,78.04,0.403274,599254,0x084a940c6986,2025-11-24T11:22:10.696833+00:00
7949,266,16,NO,sell,7.26,12.75,0.569542,65342,0x0503c302b3fe,2025-11-24T11:20:29.854601+00:00
5851,154,39,YES,sell,20.63,63.5,0.32486,829090,0x0830010bcb83,2025-11-24T11:20:06.034045+00:00
11234,438,40,NO,sell,46.67,147.51,0.316376,279410,0x0867ba04226c,2025-11-24T11:20:05.347586+00:00
5303,127,21,YES,sell,28.03,81.06,0.3458,997725,0x0f3a34090a00,2025-11-24T11:19:20.001478+00:00
5761,150,36,NO,buy,49.37,78.29,0.630629,422484,0x0779730eee33,2025-11-24T11:18:57.696833+00:00
12729,516,30,YES,sell,13.5,20.48,0.659164,116367,0x040cf407d85c,2025-11-24T11:18:28.793017+00:00
7400,238,39,NO,buy,49.22,84.66,0.581368,380422,0x08dd4601ddab,2025-11-24T11:18:25.788316+00:00
11590,456,39,YES,sell,6.02,14.14,0.425778,196006,0x0e7df30abfb9,2025-11-24T11:17:04.664315+00:00
13024,530,36,NO,buy,37.56,59.02,0.636343,995035,0x0b81aa0b9fd9,2025-11-24T11:15:53.846636+00:00
12908,524,27,NO,buy,21.29,55.06,0.386669,614541,0x0706e5030eea,2025-11-24T11:15:06.436320+00:00
6833,210,39,NO,buy,36.37,90.17,0.403348,299734,0x0ad5d10be4e4,2025-11-24T11:14:20.651714+00:00
13023,530,41,YES,buy,37.14,106.17,0.34982,90599,0x020ed80dc03f,2025-11-24T11:14:18.846636+00:00
4349,77,20,NO,buy,44.82,78.68,0.569648,777764,0x035f08052e2b,2025-11-24T11:14:11.401919+00:00
9273,330,25,YES,sell,43.48,71.64,0.606888,593510,0x0db44f0235b4,2025-11-24T11:13:42.826303+00:00
7399,238,21,NO,buy,47.9,128.45,0.37292,608603,0x0eee3402f012,2025-11-24T11:13:04.788316+00:00
8683,302,23,YES,sell,7.18,17.22,0.416938,63174,0x0eb49a097ca6,2025-11-24T11:12:40.551595+00:00
10656,405,43,NO,buy,32.31,47.6,0.678785,418082,0x07e446072219,2025-11-24T11:12:06.185392+00:00
8863,310,21,NO,buy,44.06,73.76,0.597361,556092,0x0d2fb101c9cc,2025-11-24T11:11:57.271150+00:00
7566,247,44,NO,buy,38.99,73.85,0.527939,564357,0x0543f9053bb8,2025-11-24T11:11:42.407397+00:00
10115,377,38,YES,buy,11.96,21.35,0.5602,159279,0x095418096306,2025-11-24T11:11:21.155908+00:00
6160,174,42,NO,sell,31.72,99.09,0.32012,669470,0x076b6e050dd6,2025-11-24T11:10:43.128824+00:00
7267,230,32,YES,sell,5.51,15.61,0.353008,893426,0x0a105208e03b,2025-11-24T11:09:47.284530+00:00
5534,140,16,NO,buy,31.03,53.01,0.585324,186501,0x0cd0ec0d4e15,2025-11-24T11:08:35.824092+00:00
7633,252,16,NO,buy,45.92,66.7,0.68845,347336,0x0a63cf078711,2025-11-24T11:05:30.681093+00:00
10699,407,18,NO,buy,9.15,27.51,0.332615,702669,0x0899c301b9a0,2025-11-24T11:04:32.346503+00:00
6832,210,29,NO,buy,39.25,114.77,0.341985,407798,0x0b9c800da60a,2025-11-24T11:03:33.651714+00:00
7113,222,21,NO,sell,3.83,6.8,0.562906,71666,0x0f174b062af8,2025-11-24T11:03:31.705430+00:00
12907,524,24,NO,buy,38.37,94.77,0.404863,632423,0x0818eb0d7359,2025-11-24T11:03:28.436320+00:00
5760,150,15,YES,sell,11.1,19.28,0.575756,949327,0x062c46019a08,2025-11-24T11:02:23.696833+00:00
12843,521,42,YES,sell,17.23,31.45,0.547862,547013,0x0384d80b4054,2025-11-24T11:02:17.204507+00:00
11791,465,32,YES,buy,24.91,41.96,0.593595,133192,0x088a3a0ede28,2025-11-24T11:01:51.369893+00:00
5533,140,29,NO,buy,24.2,37.23,0.649975,847652,0x0d89060a4159,2025-11-24T11:01:20.824092+00:00
12016,478,33,YES,buy,49.29,86.56,0.569419,27521,0x09e0ea05c456,2025-11-24T11:00:51.141499+00:00
12373,496,31,YES,buy,36.18,69.01,0.52429,274002,0x03beee0a8b69,2025-11-24T11:00:48.506596+00:00
13510,553,17,NO,sell,22.01,31.98,0.6882,647331,0x0e5b72045d91,2025-11-24T11:00:03.562949+00:00
6336,184,44,NO,buy,18.21,55.49,0.328153,716932,0x02c89808491c,2025-11-24T10:58:46.786656+00:00
10896,419,30,NO,sell,4.07,6.31,0.644547,459535,0x03910706a758,2025-11-24T10:57:42.063658+00:00
6159,174,35,YES,sell,3.66,7.9,0.463116,548155,0x045c640b9935,2025-11-24T10:57:11.128824+00:00
12372,496,25,YES,sell,38.99,86.68,0.449796,723467,0x0e23d00ebe00,2025-11-24T10:56:30.506596+00:00
5850,154,37,YES,buy,37.98,55.13,0.688928,433686,0x06efb802d30d,2025-11-24T10:56:29.034045+00:00
12486,503,35,NO,sell,40.0,67.16,0.595617,297395,0x04cee009799b,2025-11-24T10:55:55.936665+00:00
6315,183,30,NO,buy,17.33,38.43,0.450955,977234,0x033cee0dfd88,2025-11-24T10:55:53.708431+00:00
9781,357,39,YES,sell,7.57,13.46,0.562532,468734,0x08a32f06ba87,2025-11-24T10:55:11.835434+00:00
5672,146,16,YES,buy,9.69,31.91,0.30371,148031,0x09d2e604049c,2025-11-24T10:55:03.345654+00:00
8682,302,18,YES,sell,28.05,60.51,0.463542,439764,0x02d5c109dffc,2025-11-24T10:54:57.551595+00:00
7112,222,37,NO,sell,4.15,8.21,0.505357,149209,0x098b7c09f293,2025-11-24T10:54:34.705430+00:00
4591,89,22,NO,buy,21.69,54.8,0.395825,955156,0x0dc22c0e5341,2025-11-24T10:53:21.318180+00:00
13509,553,44,YES,sell,41.66,69.46,0.599744,978124,0x0b2fae0c2f37,2025-11-24T10:51:24.562949+00:00
8862,310,37,YES,sell,46.53,74.11,0.627832,665569,0x0c67ef0a9124,2025-11-24T10:50:41.271150+00:00
10698,407,18,YES,buy,40.02,73.56,0.544042,219589,0x0c38ce041550,2025-11-24T10:50:35.346503+00:00
5302,127,39,YES,sell,25.66,41.23,0.622348,894077,0x0c3590062a12,2025-11-24T10:50:28.001478+00:00
4348,77,35,YES,sell,23.3,52.47,0.44405,175987,0x0985070a9897,2025-11-24T10:48:55.401919+00:00
7398,238,19,YES,sell,47.3,68.1,0.694565,748263,0x079a8a0c70b6,2025-11-24T10:48:01.788316+00:00
4190,66,34,NO,buy,41.44,133.1,0.311349,809475,0x0240d60bca04,2025-11-24T10:46:16.743531+00:00
10338,390,42,YES,buy,36.48,118.55,0.307731,549638,0x0f1d6f04683b,2025-11-24T10:45:41.981409+00:00
12906,524,37,NO,sell,16.42,27.43,0.598585,105287,0x06496609ec96,2025-11-24T10:45:40.436320+00:00
10114,377,16,NO,buy,18.21,26.08,0.698237,640548,0x0316600b762d,2025-11-24T10:45:15.155908+00:00
5849,154,37,YES,sell,4.13,12.62,0.327158,549175,0x03f374032974,2025-11-24T10:45:10.034045+00:00
11589,456,30,NO,buy,12.26,20.02,0.612279,325918,0x0c975b0ad5a2,2025-11-24T10:44:46.664315+00:00
10697,407,15,YES,buy,31.86,56.4,0.564926,714836,0x0f34fd0cce50,2025-11-24T10:44:27.346503+00:00
5442,134,29,YES,sell,1.43,4.54,0.314802,669722,0x0743f509358e,2025-11-24T10:44:21.491986+00:00
6314,183,17,NO,buy,18.38,57.87,0.317608,261163,0x0a5afe0bcd98,2025-11-24T10:43:38.708431+00:00
7832,261,41,YES,buy,18.93,35.21,0.53756,433633,0x020e02050f1e,2025-11-24T10:43:34.418413+00:00
11233,438,41,YES,sell,37.86,77.44,0.488925,832090,0x074fcd0222fa,2025-11-24T10:43:31.347586+00:00
10895,419,38,NO,sell,40.21,65.56,0.613368,647813,0x070a3b070245,2025-11-24T10:40:41.063658+00:00
9028,319,39,YES,sell,38.58,104.37,0.369646,907885,0x08a34006664a,2025-11-24T10:39:34.909062+00:00
5056,115,21,NO,buy,34.08,85.2,0.400009,806812,0x0d73020e932d,2025-11-24T10:39:02.096254+00:00
7948,266,32,YES,buy,27.01,64.13,0.421182,601792,0x07888a0ed759,2025-11-24T10:37:42.854601+00:00
9666,351,15,YES,sell,21.85,48.85,0.447331,719934,0x0488f8019893,2025-11-24T10:37:40.384209+00:00
9780,357,27,NO,sell,10.53,31.84,0.330684,701798,0x0717ad042465,2025-11-24T10:37:16.835434+00:00
6158,174,15,YES,buy,19.38,60.11,0.322395,84995,0x0be60005fe6b,2025-11-24T10:37:01.128824+00:00
9382,337,32,NO,sell,31.97,50.2,0.636868,11743,0x03329d0659f1,2025-11-24T10:36:49.244720+00:00
11790,465,32,YES,sell,39.97,73.7,0.542313,91590,0x079fbc033240,2025-11-24T10:36:17.369893+00:00
8681,302,27,YES,sell,18.99,38.23,0.496713,936859,0x0c9c8a01c69f,2025-11-24T10:35:43.551595+00:00
5082,116,32,YES,sell,7.87,12.53,0.628171,179875,0x0efdaa041b95,2025-11-24T10:34:29.176764+00:00
7266,230,24,YES,buy,15.87,32.68,0.485572,979166,0x019845041c6c,2025-11-24T10:34:04.284530+00:00
9272,330,28,NO,buy,20.36,47.58,0.427895,340070,0x06acc3095749,2025-11-24T10:33:32.826303+00:00
5671,146,37,YES,sell,43.92,143.37,0.30634,679805,0x05ebdc0d332f,2025-11-24T10:32:49.345654+00:00
10655,405,30,NO,sell,8.86,13.82,0.641312,383123,0x04f383065f48,2025-11-24T10:32:33.185392+00:00
11129,431,24,YES,sell,38.4,57.45,0.668412,189818,0x0a54d208e5e4,2025-11-24T10:30:00.948211+00:00
8861,310,31,YES,sell,15.87,33.6,0.472377,638079,0x07cccc078ffc,2025-11-24T10:29:27.271150+00:00
5081,116,23,YES,buy,17.03,28.41,0.59947,72551,0x09483208e857,2025-11-24T10:28:41.176764+00:00
5080,116,17,NO,sell,17.84,38.8,0.459737,40609,0x04a2e607df67,2025-11-24T10:27:48.176764+00:00
12905,524,43,YES,sell,30.64,94.32,0.324839,258292,0x09db7f069b96,2025-11-24T10:27:43.436320+00:00
12728,516,28,YES,sell,23.52,49.73,0.472993,841701,0x072b030c9cad,2025-11-24T10:27:34.793017+00:00
4590,89,43,NO,sell,13.24,22.59,0.585975,869668,0x0bdc9a07c2ee,2025-11-24T10:27:22.318180+00:00
7111,222,41,NO,sell,15.71,24.91,0.630684,358572,0x0bb7ac041c9a,2025-11-24T10:27:16.705430+00:00
12485,503,43,NO,buy,20.26,43.51,0.465595,725277,0x02a7ab0717c2,2025-11-24T10:26:52.936665+00:00
12842,521,20,NO,buy,25.4,38.8,0.654669,551473,0x06092008abfa,2025-11-24T10:26:24.204507+00:00
11128,431,19,NO,buy,12.72,23.58,0.539423,409185,0x018d9a0a072c,2025-11-24T10:26:20.948211+00:00
7565,247,20,YES,buy,12.85,28.37,0.452892,612410,0x07a1ad08734d,2025-11-24T10:26:13.407397+00:00
5079,116,31,NO,sell,23.1,57.59,0.401107,485617,0x099f77023d73,2025-11-24T10:25:49.176764+00:00
12371,496,26,NO,buy,18.83,35.46,0.530948,253188,0x04f2b901ca64,2025-11-24T10:25:09.506596+00:00
9779,357,33,YES,sell,15.06,23.64,0.637018,197404,0x07aec40debd4,2025-11-24T10:24:53.835434+00:00
9027,319,24,YES,buy,11.64,19.47,0.597797,20363,0x0906b804c717,2025-11-24T10:24:32.909062+00:00
7632,252,35,YES,buy,24.96,46.14,0.540927,846918,0x0706880b7cde,2025-11-24T10:23:01.681093+00:00
7397,238,31,YES,buy,15.09,37.13,0.406406,749054,0x01ce290b5da3,2025-11-24T10:22:50.788316+00:00
11127,431,34,YES,buy,23.99,42.86,0.559757,462228,0x054c31036714,2025-11-24T10:22:26.948211+00:00
10654,405,27,NO,sell,41.95,76.38,0.549197,951116,0x04507d036a47,2025-11-24T10:21:11.185392+00:00
11232,438,32,NO,buy,33.91,83.54,0.405913,271346,0x0c918203bcee,2025-11-24T10:20:58.347586+00:00
5759,150,43,YES,sell,4.58,12.01,0.381443,672530,0x04d56b0aaa09,2025-11-24T10:20:23.696833+00:00
5078,116,44,NO,sell,49.63,95.24,0.52113,793091,0x076cf302c01b,2025-11-24T10:18:29.176764+00:00
5532,140,23,NO,buy,48.59,77.21,0.62933,638058,0x0d03ac090f0f,2025-11-24T10:18:01.824092+00:00
13022,530,18,YES,buy,16.24,24.93,0.651435,528306,0x05e257041b48,2025-11-24T10:17:16.846636+00:00
5670,146,26,NO,sell,41.99,88.65,0.47366,316300,0x0f173f0bf539,2025-11-24T10:17:00.345654+00:00
8680,302,15,NO,sell,38.23,116.83,0.32722,183229,0x0385c90e0ae3,2025-11-24T10:15:25.551595+00:00
7110,222,15,YES,buy,34.57,72.81,0.474775,145148,0x0cb5c60423b3,2025-11-24T10:13:56.705430+00:00
5441,134,15,YES,sell,28.85,67.34,0.428396,188469,0x05c2160f165d,2025-11-24T10:13:54.491986+00:00
7109,222,40,YES,buy,17.15,41.29,0.415327,264693,0x06f4f2052c6c,2025-11-24T10:12:40.705430+00:00
6335,184,18,YES,buy,3.87,6.73,0.574981,259365,0x092b84074e93,2025-11-24T10:11:02.786656+00:00
5669,146,23,YES,sell,1.79,3.96,0.452012,900146,0x083f0007ee49,2025-11-24T10:10:01.345654+00:00
4347,77,39,YES,sell,40.55,99.19,0.408792,747925,0x028c3e05bbaa,2025-11-24T10:09:24.401919+00:00
12015,478,41,YES,sell,45.44,87.76,0.517796,207701,0x0a013404be59,2025-11-24T10:09:13.141499+00:00
5758,150,38,YES,sell,34.38,108.15,0.317888,480444,0x04f530031ab2,2025-11-24T10:07:33.696833+00:00
6831,210,41,YES,buy,6.24,10.83,0.575944,619338,0x0d7c8a031bb9,2025-11-24T10:07:14.651714+00:00
5077,116,20,NO,sell,33.67,103.06,0.326698,947061,0x0d26860d159d,2025-11-24T10:03:30.176764+00:00
6334,184,17,NO,sell,29.83,43.13,0.691558,52695,0x0e62150c159a,2025-11-24T10:03:19.786656+00:00
13021,530,43,YES,sell,11.42,22.52,0.507101,630624,0x0bda020c14eb,2025-11-24T10:01:59.846636+00:00
5055,115,31,YES,sell,46.4,136.73,0.339364,41140,0x02aade074a27,2025-11-24T10:01:36.096254+00:00
12904,524,41,NO,buy,1.46,3.0,0.486775,589560,0x0bf47e0f29c2,2025-11-24T10:01:20.436320+00:00
4346,77,38,NO,buy,19.22,32.04,0.599911,930473,0x05d37b0d40ba,2025-11-24T10:01:11.401919+00:00
4189,66,35,NO,buy,25.63,69.75,0.367454,180516,0x0ad0f303fe34,2025-11-24T10:01:08.743531+00:00
10113,377,15,YES,sell,34.14,111.28,0.306787,748092,0x0b5dce072c42,2025-11-24T10:00:58.155908+00:00
11126,431,34,NO,buy,18.54,27.86,0.665534,720625,0x0ed2790ed0f4,2025-11-24T10:00:33.948211+00:00
8860,310,36,NO,sell,20.74,36.08,0.574815,998074,0x01e91f0254a4,2025-11-24T09:59:22.271150+00:00
11125,431,30,YES,buy,1.39,2.3,0.60474,741224,0x0903be0aeaa4,2025-11-24T09:59:21.948211+00:00
5301,127,41,YES,buy,32.83,60.07,0.546504,521518,0x081b39032f47,2025-11-24T09:59:07.001478+00:00
4589,89,15,NO,sell,30.25,48.89,0.618707,198731,0x0a4c1a078112,2025-11-24T09:59:06.318180+00:00
9665,351,38,YES,buy,13.88,45.37,0.305902,556501,0x0957d20c00e7,2025-11-24T09:58:07.384209+00:00
7631,252,39,NO,buy,18.11,26.62,0.680347,565096,0x09f6260df062,2025-11-24T09:57:58.681093+00:00
13508,553,28,NO,sell,3.79,6.92,0.547816,416118,0x0e6e2802037d,2025-11-24T09:57:25.562949+00:00
12727,516,30,NO,buy,46.43,81.96,0.566509,748100,0x082461078052,2025-11-24T09:56:57.793017+00:00
7396,238,27,NO,sell,20.93,66.18,0.316277,715354,0x0b46ba0d19ca,2025-11-24T09:56:54.788316+00:00
11588,456,33,YES,buy,20.5,40.24,0.509399,324121,0x0c508d01bf1d,2025-11-24T09:56:54.664315+00:00
8679,302,44,YES,buy,23.32,65.52,0.355935,971527,0x0c2ee701ac19,2025-11-24T09:56:20.551595+00:00
5848,154,16,NO,sell,28.72,54.45,0.527412,758886,0x09b695026b6c,2025-11-24T09:56:03.034045+00:00
7831,261,30,NO,buy,15.11,41.16,0.367117,818056,0x07a3100ca363,2025-11-24T09:56:02.418413+00:00
13020,530,24,YES,buy,10.86,15.64,0.694206,258079,0x0b70a208e0cd,2025-11-24T09:53:47.846636+00:00
11789,465,26,NO,sell,40.36,127.18,0.317347,625071,0x064f620e6e73,2025-11-24T09:53:25.369893+00:00
12370,496,29,YES,sell,40.29,65.1,0.618936,417180,0x022b3208721b,2025-11-24T09:53:23.506596+00:00
4188,66,22,NO,sell,42.45,106.06,0.400242,288782,0x0bafd10a56df,2025-11-24T09:52:26.743531+00:00
12841,521,33,NO,sell,10.41,19.42,0.535953,367107,0x04987a0d5dd5,2025-11-24T09:51:48.204507+00:00
10337,390,41,NO,buy,22.14,72.01,0.307462,680667,0x05d2ad0e03a5,2025-11-24T09:51:29.981409+00:00
6313,183,35,YES,sell,3.11,7.04,0.441856,272215,0x0cf0a3036999,2025-11-24T09:49:31.708431+00:00
10653,405,38,YES,buy,35.4,57.22,0.618702,109501,0x040f45071bed,2025-11-24T09:49:09.185392+00:00
7265,230,40,NO,buy,10.96,30.95,0.354093,612284,0x0cd00c03170d,2025-11-24T09:47:22.284530+00:00
7947,266,31,YES,buy,47.43,73.86,0.642166,706257,0x018b910246a3,2025-11-24T09:47:02.854601+00:00
10894,419,39,NO,sell,28.9,83.46,0.346288,748836,0x06be8f03ba54,2025-11-24T09:46:23.063658+00:00
12484,503,42,NO,sell,43.89,89.43,0.490799,140009,0x08689b048c73,2025-11-24T09:46:04.936665+00:00
12726,516,34,YES,sell,45.73,74.92,0.610417,948079,0x023bfe0957da,2025-11-24T09:45:57.793017+00:00
7564,247,35,YES,sell,19.78,36.19,0.546601,606979,0x046cfa0d83f5,2025-11-24T09:45:32.407397+00:00
10696,407,37,YES,buy,36.89,62.08,0.594188,523203,0x0cd56809fc5c,2025-11-24T09:44:51.346503+00:00
9381,337,44,YES,sell,35.37,54.48,0.649193,910933,0x0d1d3f0a53fc,2025-11-24T09:44:44.244720+00:00
8859,310,40,NO,buy,30.57,45.73,0.668459,980193,0x0902e30a244f,2025-11-24T09:44:42.271150+00:00
7563,247,36,YES,buy,19.89,60.19,0.330437,75028,0x0eacc10e011a,2025-11-24T09:43:31.407397+00:00
12840,521,37,NO,buy,49.74,144.67,0.343828,212951,0x0a577001cfac,2025-11-24T09:43:28.204507+00:00
9778,357,43,NO,sell,49.33,128.71,0.383278,491381,0x0d35750a6d2e,2025-11-24T09:41:28.835434+00:00
7264,230,27,YES,buy,16.87,34.27,0.492221,927689,0x0f35930cc191,2025-11-24T09:41:19.284530+00:00
7830,261,38,YES,sell,1.46,4.47,0.326326,507387,0x0cb5bc0731fc,2025-11-24T09:40:18.418413+00:00
6157,174,21,YES,buy,33.75,53.94,0.625726,864318,0x06e2220eb3ed,2025-11-24T09:38:32.128824+00:00
4588,89,26,NO,sell,27.22,47.33,0.575108,501241,0x0965930d9d0a,2025-11-24T09:38:29.318180+00:00
7829,261,44,YES,sell,7.14,14.62,0.48836,657916,0x0839df0255bc,2025-11-24T09:38:03.418413+00:00
5757,150,27,YES,sell,48.25,150.32,0.320974,917146,0x0ebb700c78f7,2025-11-24T09:37:47.696833+00:00
9271,330,16,YES,buy,39.66,117.0,0.338967,530121,0x059d3e045f53,2025-11-24T09:37:36.826303+00:00
5668,146,38,NO,sell,10.36,14.93,0.694061,378338,0x0e529109a2ed,2025-11-24T09:37:14.345654+00:00
7562,247,29,YES,sell,16.24,29.29,0.554515,341564,0x0653c20ef23a,2025-11-24T09:36:59.407397+00:00
9664,351,26,YES,sell,14.85,22.73,0.653431,871676,0x0257450bb170,2025-11-24T09:36:28.384209+00:00
7108,222,43,NO,buy,7.41,20.43,0.362779,739080,0x0a4b720ae5bf,2025-11-24T09:36:05.705430+00:00
9270,330,33,YES,sell,28.14,50.92,0.552665,142710,0x0e7cc10e3c11,2025-11-24T09:36:03.826303+00:00
12014,478,30,NO,sell,20.5,29.41,0.697125,373103,0x0f1d6507fb0c,2025-11-24T09:35:04.141499+00:00
6830,210,32,YES,buy,5.38,13.11,0.410409,313280,0x01bcb704e232,2025-11-24T09:34:40.651714+00:00
12839,521,19,YES,sell,36.05,57.43,0.627679,33645,0x08852605316f,2025-11-24T09:33:15.204507+00:00
11231,438,37,NO,buy,34.76,63.3,0.549113,286279,0x073f020f3319,2025-11-24T09:32:31.347586+00:00
5440,134,16,NO,sell,14.17,35.41,0.400205,810043,0x0bf9700e7d72,2025-11-24T09:32:14.491986+00:00
7262,228,31,NO,sell,312.48,476.88,0.655262,335759,0x027c0804e0db,2025-11-24T09:30:30.196721+00:00
12725,516,29,YES,sell,19.98,29.42,0.679132,480248,0x087d630839ee,2025-11-24T09:29:59.793017+00:00
7261,228,43,YES,buy,202.63,580.94,0.348798,211315,0x0f0e550dd759,2025-11-24T09:29:56.196721+00:00
9026,319,27,NO,buy,38.55,75.84,0.508335,2957,0x0e5503029063,2025-11-24T09:29:49.909062+00:00
5531,140,34,NO,buy,32.71,58.76,0.55667,730283,0x07e609023a82,2025-11-24T09:29:47.824092+00:00
7260,228,32,NO,sell,468.85,1015.53,0.461679,785324,0x0a3c0a020db6,2025-11-24T09:29:46.196721+00:00
7490,243,27,YES,sell,265.91,465.07,0.571759,508559,0x087cff0df95e,2025-11-24T09:29:36.069287+00:00
7630,252,17,YES,buy,7.93,15.68,0.505647,945454,0x04a7c805ce73,2025-11-24T09:29:15.681093+00:00
7489,243,38,NO,buy,424.44,1171.68,0.362248,577659,0x0317d40b066f,2025-11-24T09:29:04.069287+00:00
4587,89,28,NO,buy,15.88,52.93,0.300037,890136,0x0e926b0da898,2025-11-24T09:29:01.318180+00:00
7488,243,21,YES,buy,433.58,1216.21,0.356502,780762,0x0b5b2402dc27,2025-11-24T09:28:57.069287+00:00
10985,422,34,NO,sell,139.82,383.82,0.364281,323411,0x0cb0220864f4,2025-11-24T09:28:51.325392+00:00
5530,140,31,YES,buy,29.72,68.9,0.431381,528217,0x076d81059606,2025-11-24T09:28:44.824092+00:00
7259,228,36,YES,buy,99.98,235.46,0.42462,158833,0x041c550224f2,2025-11-24T09:28:38.196721+00:00
12013,478,36,NO,sell,42.21,89.19,0.47325,342575,0x0cabb1082338,2025-11-24T09:28:36.141499+00:00
12324,493,23,YES,buy,492.25,896.97,0.548794,778626,0x0267c50c1368,2025-11-24T09:28:31.250672+00:00
6246,178,20,YES,sell,109.35,339.41,0.322175,945843,0x05783e0c3183,2025-11-24T09:28:03.367062+00:00
6245,178,38,YES,buy,455.17,840.66,0.541443,461110,0x0f17cd0ad795,2025-11-24T09:28:02.367062+00:00
7487,243,34,YES,sell,459.36,671.6,0.683978,954891,0x0e77de028db7,2025-11-24T09:27:59.069287+00:00
10984,422,41,NO,sell,122.14,376.28,0.324599,963645,0x0984730d124a,2025-11-24T09:27:37.325392+00:00
12323,493,31,NO,sell,153.35,310.66,0.493626,828670,0x0d4804045520,2025-11-24T09:27:28.250672+00:00
7258,228,17,YES,sell,84.38,204.23,0.41317,619990,0x0bff430ce454,2025-11-24T09:27:13.196721+00:00
7486,243,18,NO,buy,251.36,438.42,0.573328,982600,0x035c670c4bd5,2025-11-24T09:26:59.069287+00:00
7535,245,31,YES,buy,321.06,488.93,0.656655,724246,0x09ef4d0f2c4a,2025-11-24T09:26:56.229836+00:00
10983,422,26,NO,sell,194.75,306.92,0.634538,247258,0x0e3e5406abdf,2025-11-24T09:26:48.325392+00:00
9777,357,22,YES,sell,10.47,19.19,0.545627,945074,0x01921406d203,2025-11-24T09:26:35.835434+00:00
6244,178,33,NO,sell,443.48,835.11,0.531044,641903,0x0decbe097ee9,2025-11-24T09:26:30.367062+00:00
12676,512,19,YES,sell,134.94,194.31,0.69447,133406,0x0d330d0cc5ee,2025-11-24T09:26:28.564274+00:00
6243,178,38,NO,sell,171.92,275.82,0.623297,988652,0x0629d2057ae4,2025-11-24T09:26:27.367062+00:00
13213,538,25,YES,buy,379.18,594.61,0.637692,672692,0x0254ad02553d,2025-11-24T09:26:22.452025+00:00
10982,422,25,YES,sell,338.86,798.85,0.424184,784956,0x0d9d49090023,2025-11-24T09:26:19.325392+00:00
7257,228,16,YES,sell,287.32,743.19,0.386604,953851,0x02b55f058ae8,2025-11-24T09:26:03.196721+00:00
12322,493,33,NO,sell,308.5,737.44,0.418338,136613,0x034e05031484,2025-11-24T09:25:54.250672+00:00
5707,147,26,YES,sell,431.42,629.54,0.685298,670054,0x0845cd026eac,2025-11-24T09:25:50.420104+00:00
7534,245,28,YES,sell,330.61,608.27,0.543521,959247,0x05033809557c,2025-11-24T09:25:44.229836+00:00
12675,512,15,YES,buy,345.39,593.23,0.582215,804934,0x0492c60875d7,2025-11-24T09:25:40.564274+00:00
7485,243,17,YES,buy,359.08,672.31,0.534102,712148,0x0943a1036cd4,2025-11-24T09:25:36.069287+00:00
6242,178,37,YES,buy,214.49,317.35,0.675878,129090,0x05cb5908363e,2025-11-24T09:25:24.367062+00:00
11855,467,33,YES,sell,92.58,267.49,0.346109,363453,0x0d6b23054cdd,2025-11-24T09:25:16.521423+00:00
6047,164,41,YES,sell,124.92,326.56,0.382533,760498,0x03d60503e0af,2025-11-24T09:24:56.673875+00:00
13212,538,42,NO,buy,440.18,725.72,0.606541,305971,0x07ef5107611f,2025-11-24T09:24:46.452025+00:00
6046,164,19,YES,sell,482.95,911.52,0.52983,753076,0x0bf49d04e39f,2025-11-24T09:24:41.673875+00:00
6241,178,35,NO,buy,312.32,873.5,0.357549,686055,0x0430de06ba3e,2025-11-24T09:24:37.367062+00:00
7256,228,18,NO,buy,426.72,823.47,0.518198,93915,0x0c966a05c54d,2025-11-24T09:24:29.196721+00:00
12321,493,29,NO,sell,412.61,905.55,0.455647,392368,0x07e44a03a6c7,2025-11-24T09:24:28.250672+00:00
6240,178,28,YES,buy,387.78,625.69,0.619761,614602,0x0c0ab50f3010,2025-11-24T09:24:27.367062+00:00
13211,538,22,YES,buy,207.76,335.58,0.619103,326664,0x0aa5c507d588,2025-11-24T09:24:24.452025+00:00
12674,512,41,YES,buy,250.7,443.08,0.565808,680111,0x079ce703db2d,2025-11-24T09:24:19.564274+00:00
10981,422,43,YES,sell,350.85,539.27,0.650601,18213,0x0688bb0c9137,2025-11-24T09:24:19.325392+00:00
11854,467,17,YES,buy,300.02,695.09,0.431627,841904,0x0f019b0f127c,2025-11-24T09:24:11.521423+00:00
12320,493,44,YES,buy,185.32,599.99,0.308874,843633,0x0e2b0502ae9d,2025-11-24T09:24:11.250672+00:00
12319,493,21,NO,buy,339.41,1094.56,0.310088,790507,0x0ed2d90e998d,2025-11-24T09:24:07.250672+00:00
7533,245,20,NO,sell,429.78,896.4,0.479453,909836,0x045fbf0d7184,2025-11-24T09:24:07.229836+00:00
4964,108,17,NO,sell,248.69,408.39,0.608949,413369,0x087895028266,2025-11-24T09:24:06.654017+00:00
11297,440,24,YES,buy,258.99,379.72,0.682053,443721,0x0a0970067aa6,2025-11-24T09:24:02.512749+00:00
5706,147,37,NO,sell,174.35,510.96,0.34122,629146,0x0d3be90b2dce,2025-11-24T09:23:59.420104+00:00
4963,108,26,YES,sell,141.15,464.34,0.303979,990481,0x0e6d0309cdaf,2025-11-24T09:23:57.654017+00:00
7532,245,37,NO,sell,441.86,1307.72,0.337885,870364,0x080d8604ba4d,2025-11-24T09:23:54.229836+00:00
7484,243,37,YES,sell,184.47,282.42,0.653173,960815,0x077c6f052052,2025-11-24T09:23:54.069287+00:00
12724,516,19,NO,sell,9.75,19.51,0.49973,149613,0x0b78f00b9057,2025-11-24T09:23:52.793017+00:00
6045,164,19,YES,buy,499.22,834.88,0.597952,718297,0x0d39d502ae5a,2025-11-24T09:23:50.673875+00:00
7561,247,18,NO,sell,18.23,33.24,0.548399,69108,0x0b72500cd531,2025-11-24T09:23:41.407397+00:00
12318,493,29,YES,sell,252.24,555.64,0.453961,208523,0x04dc1d0978f0,2025-11-24T09:23:34.250672+00:00
11853,467,27,YES,sell,135.03,205.34,0.657601,312049,0x067d9801fb27,2025-11-24T09:23:25.521423+00:00
10980,422,31,NO,buy,91.35,166.46,0.548766,450561,0x0af25b09b384,2025-11-24T09:23:23.325392+00:00
6044,164,21,NO,buy,322.18,514.85,0.625778,704619,0x0acf2403720d,2025-11-24T09:23:18.673875+00:00
12317,493,17,NO,sell,396.73,588.67,0.673946,814791,0x01a1ff07546a,2025-11-24T09:23:04.250672+00:00
11852,467,17,NO,sell,355.79,1020.76,0.348553,303679,0x037af80938f3,2025-11-24T09:23:03.521423+00:00
13210,538,15,NO,sell,286.59,615.12,0.465911,395487,0x066cb60ac61d,2025-11-24T09:23:03.452025+00:00
10979,422,16,YES,sell,138.75,206.63,0.671499,885464,0x0cd623064f95,2025-11-24T09:22:53.325392+00:00
6239,178,41,YES,sell,156.35,431.81,0.362077,225498,0x0a988b0b5ce2,2025-11-24T09:22:52.367062+00:00
7255,228,36,NO,sell,355.85,931.43,0.382047,560393,0x0c7f0d05e76b,2025-11-24T09:22:47.196721+00:00
12316,493,31,NO,sell,191.68,427.14,0.448752,781771,0x09647306f240,2025-11-24T09:22:36.250672+00:00
8857,309,19,YES,sell,93.83,159.98,0.58652,991056,0x0c4e220c32da,2025-11-24T09:22:32.193509+00:00
4962,108,40,NO,sell,465.57,706.24,0.659226,834206,0x0f2a0409c8cc,2025-11-24T09:22:29.654017+00:00
5705,147,16,NO,sell,127.39,261.79,0.48661,919806,0x0ae2b204389e,2025-11-24T09:22:28.420104+00:00
6238,178,21,YES,sell,410.63,694.43,0.591321,611852,0x0a8ec10c0320,2025-11-24T09:22:28.367062+00:00
11296,440,20,YES,sell,91.17,229.78,0.396768,535225,0x0db02308f45f,2025-11-24T09:22:26.512749+00:00
12673,512,28,NO,buy,112.91,270.8,0.41695,708018,0x018bab065a2a,2025-11-24T09:22:23.564274+00:00
4961,108,28,NO,buy,143.68,238.91,0.601403,240266,0x0845ff0e1f0f,2025-11-24T09:22:11.654017+00:00
10978,422,34,NO,sell,401.5,644.26,0.6232,549821,0x0c181d0cb84e,2025-11-24T09:22:11.325392+00:00
7483,243,25,NO,buy,394.36,715.09,0.551484,547661,0x04a19602e31d,2025-11-24T09:22:05.069287+00:00
7531,245,18,YES,sell,112.33,292.14,0.384504,896647,0x0e56a70c7b33,2025-11-24T09:22:03.229836+00:00
6043,164,22,YES,sell,187.1,345.14,0.542102,426244,0x018c93035c12,2025-11-24T09:22:02.673875+00:00
11295,440,42,NO,sell,279.96,846.0,0.330923,49487,0x0263940d8a53,2025-11-24T09:21:59.512749+00:00
5704,147,29,YES,buy,449.7,747.38,0.6017,918750,0x0d0bc506fce7,2025-11-24T09:21:53.420104+00:00
6291,180,23,NO,sell,258.74,609.89,0.424241,618940,0x06cfa90b8e26,2025-11-24T09:21:51.544147+00:00
11851,467,32,NO,sell,479.99,1556.48,0.308382,81997,0x0d8ce505e030,2025-11-24T09:21:49.521423+00:00
10977,422,27,YES,sell,488.13,1308.68,0.372995,890693,0x08ffe407f921,2025-11-24T09:21:44.325392+00:00
6290,180,26,YES,buy,428.89,739.73,0.579791,34643,0x09203d01d45e,2025-11-24T09:21:43.544147+00:00
10976,422,34,YES,sell,396.8,1193.65,0.332425,316774,0x03c91b0acf9e,2025-11-24T09:21:41.325392+00:00
6289,180,20,NO,sell,432.1,658.83,0.655855,157147,0x0883cb0eb26c,2025-11-24T09:21:32.544147+00:00
6042,164,21,NO,sell,137.21,199.0,0.689489,302636,0x081c4e0ac778,2025-11-24T09:21:27.673875+00:00
8856,309,18,YES,buy,231.92,384.68,0.602884,200431,0x06821b0c43c0,2025-11-24T09:21:14.193509+00:00
13209,538,41,YES,sell,397.45,706.67,0.562423,388744,0x0ee8490bcfdc,2025-11-24T09:21:08.452025+00:00
6237,178,32,YES,sell,483.35,865.96,0.558168,480374,0x0455ac0289fd,2025-11-24T09:21:00.367062+00:00
8855,309,30,YES,buy,172.69,349.1,0.494676,587746,0x04638d0af8a5,2025-11-24T09:20:55.193509+00:00
6236,178,17,NO,sell,457.85,877.91,0.52152,412561,0x0d32e3032970,2025-11-24T09:20:53.367062+00:00
11294,440,18,NO,sell,149.37,381.07,0.391972,804627,0x01a6c8018ba2,2025-11-24T09:20:50.512749+00:00
7254,228,33,YES,buy,161.77,412.0,0.39265,500371,0x05e05004f915,2025-11-24T09:20:49.196721+00:00
12315,493,27,NO,buy,165.22,385.45,0.428647,272217,0x0af3470926a2,2025-11-24T09:20:47.250672+00:00
6288,180,18,YES,sell,163.57,287.76,0.56842,637446,0x0df53c04bb52,2025-11-24T09:20:40.544147+00:00
12672,512,15,YES,buy,125.37,305.38,0.410543,120506,0x04deb40d3b54,2025-11-24T09:20:38.564274+00:00
7530,245,40,NO,sell,229.5,385.64,0.595108,561502,0x0a5f450b715e,2025-11-24T09:20:38.229836+00:00
6041,164,39,YES,sell,309.98,957.47,0.323749,700276,0x04e6e90b5687,2025-11-24T09:20:37.673875+00:00
11850,467,30,YES,sell,368.34,629.21,0.585402,756059,0x0702df052dac,2025-11-24T09:20:35.521423+00:00
9775,356,35,YES,buy,127.27,413.0,0.308158,46441,0x01da2f0e19a7,2025-11-24T09:20:34.756770+00:00
4960,108,22,NO,sell,200.44,543.93,0.368505,750941,0x05c839077c1f,2025-11-24T09:20:34.654017+00:00
5703,147,35,NO,buy,357.38,851.86,0.419529,779999,0x0386110a2f9f,2025-11-24T09:20:34.420104+00:00
4959,108,25,YES,buy,436.41,917.52,0.475643,807389,0x082d890dd558,2025-11-24T09:20:33.654017+00:00
13208,538,30,NO,buy,200.5,648.79,0.309039,736930,0x0a1d930973e9,2025-11-24T09:20:33.452025+00:00
7482,243,26,NO,sell,239.01,639.2,0.373922,116552,0x0b47af028c74,2025-11-24T09:20:33.069287+00:00
6287,180,32,NO,sell,258.88,548.71,0.471794,32125,0x0596070976f4,2025-11-24T09:20:13.544147+00:00
12671,512,37,YES,sell,476.44,774.36,0.615268,427316,0x02e9b6094b48,2025-11-24T09:20:07.564274+00:00
10975,422,23,NO,sell,158.88,361.03,0.440074,288041,0x09f9ef0a1c51,2025-11-24T09:20:01.325392+00:00
9774,356,25,NO,buy,338.83,722.13,0.469209,398892,0x030acb08f669,2025-11-24T09:19:47.756770+00:00
4958,108,20,NO,sell,400.03,801.09,0.499356,679526,0x031d5503fe9e,2025-11-24T09:19:46.654017+00:00
7529,245,25,YES,buy,124.71,356.62,0.349696,896135,0x05fe0f0a4435,2025-11-24T09:19:45.229836+00:00
13207,538,24,YES,buy,253.3,374.31,0.676712,551242,0x0338b0077d66,2025-11-24T09:19:43.452025+00:00
10974,422,28,YES,sell,138.92,400.42,0.346939,254349,0x0cdf72054ac2,2025-11-24T09:19:41.325392+00:00
7528,245,31,NO,sell,455.64,855.41,0.532654,630426,0x08b4e40b83af,2025-11-24T09:19:37.229836+00:00
6235,178,30,YES,sell,145.0,274.37,0.528488,150365,0x020c8906bb9a,2025-11-24T09:19:33.367062+00:00
7481,243,42,YES,buy,409.88,1037.62,0.395019,139951,0x057789059c8b,2025-11-24T09:19:32.069287+00:00
6286,180,27,YES,buy,375.71,1212.3,0.309916,191553,0x0a9167087cc7,2025-11-24T09:19:28.544147+00:00
7828,261,43,YES,buy,31.06,58.77,0.528542,238391,0x0dbb750e6c54,2025-11-24T09:19:27.418413+00:00
7480,243,19,YES,buy,235.1,375.34,0.626364,385059,0x07f00c064a54,2025-11-24T09:19:26.069287+00:00
11849,467,27,NO,sell,431.59,763.52,0.565266,790484,0x03d0af07d3ff,2025-11-24T09:19:17.521423+00:00
7253,228,26,YES,buy,248.57,423.19,0.587366,286326,0x0a9bde0b26e8,2025-11-24T09:19:15.196721+00:00
8854,309,17,NO,buy,473.0,1118.85,0.422754,649887,0x0271ce047bea,2025-11-24T09:19:06.193509+00:00
11848,467,31,NO,sell,163.75,543.48,0.301299,91869,0x0289f10a0944,2025-11-24T09:19:04.521423+00:00
6040,164,20,YES,sell,82.22,161.47,0.50919,834262,0x05e61e0ac0c0,2025-11-24T09:19:03.673875+00:00
11293,440,19,NO,buy,168.29,334.01,0.503851,305774,0x0209e506b89e,2025-11-24T09:19:02.512749+00:00
4957,108,40,YES,buy,293.07,798.95,0.366819,956237,0x036a3204cfe3,2025-11-24T09:18:59.654017+00:00
6234,178,20,NO,sell,274.99,680.44,0.404136,659227,0x07563d0a84bf,2025-11-24T09:18:58.367062+00:00
12314,493,23,YES,buy,86.67,274.18,0.316108,676529,0x0ba1fc04627b,2025-11-24T09:18:56.250672+00:00
5702,147,19,NO,sell,84.52,243.63,0.346917,108596,0x06812309e9ea,2025-11-24T09:18:55.420104+00:00
13206,538,19,YES,buy,277.84,450.33,0.616964,345236,0x0237100d8555,2025-11-24T09:18:54.452025+00:00
7252,228,22,YES,sell,172.68,501.43,0.344375,113654,0x03343507c28c,2025-11-24T09:18:53.196721+00:00
11292,440,17,YES,buy,95.99,140.54,0.683026,688682,0x02b5ad06fc52,2025-11-24T09:18:49.512749+00:00
6039,164,20,YES,buy,344.95,1124.58,0.306738,743561,0x0505430d2f94,2025-11-24T09:18:46.673875+00:00
9773,356,35,NO,buy,109.92,194.19,0.566057,857982,0x0bc8c2064e57,2025-11-24T09:18:43.756770+00:00
12903,524,44,NO,buy,28.53,55.77,0.511573,338515,0x09891e0292e6,2025-11-24T09:18:40.436320+00:00
12670,512,24,YES,sell,433.08,740.71,0.584679,320466,0x0b6e2b0be374,2025-11-24T09:18:38.564274+00:00
9772,356,38,NO,buy,231.67,535.53,0.432597,215726,0x051ba4049d6d,2025-11-24T09:18:33.756770+00:00
8853,309,41,YES,sell,349.29,891.18,0.391941,48263,0x07deaf082324,2025-11-24T09:18:31.193509+00:00
7107,222,19,NO,sell,15.53,44.24,0.351024,620160,0x0d73610515b4,2025-11-24T09:18:22.705430+00:00
10973,422,33,YES,buy,93.86,243.03,0.386213,45987,0x094ce7060415,2025-11-24T09:18:15.325392+00:00
11847,467,31,NO,sell,369.73,565.07,0.654308,860563,0x05be540dfbf5,2025-11-24T09:18:06.521423+00:00
6038,164,18,NO,buy,328.16,625.69,0.524476,86992,0x0e3b49057cb2,2025-11-24T09:18:03.673875+00:00
7527,245,41,NO,sell,364.4,714.05,0.510328,878145,0x0d31030e2ab4,2025-11-24T09:18:03.229836+00:00
7479,243,31,YES,sell,290.87,454.42,0.640084,306924,0x02f91d0c0c08,2025-11-24T09:18:02.069287+00:00
5701,147,19,NO,buy,384.91,720.3,0.534372,216829,0x0c486f03f496,2025-11-24T09:17:58.420104+00:00
6285,180,16,NO,sell,487.39,715.11,0.681555,210185,0x0965fe065464,2025-11-24T09:17:45.544147+00:00
8852,309,19,NO,buy,387.59,890.18,0.435405,665689,0x0934870aee8e,2025-11-24T09:17:43.193509+00:00
7251,228,29,YES,sell,269.63,473.95,0.568894,933191,0x081cec0c6fcd,2025-11-24T09:17:42.196721+00:00
4956,108,16,NO,sell,484.31,804.09,0.602306,641231,0x03385b0e0845,2025-11-24T09:17:40.654017+00:00
6284,180,16,NO,sell,122.7,381.59,0.321553,349273,0x0ced85053162,2025-11-24T09:17:34.544147+00:00
5700,147,20,NO,sell,328.39,822.15,0.399429,238298,0x0721e402a785,2025-11-24T09:17:22.420104+00:00
13019,530,20,NO,buy,37.4,59.28,0.630865,903449,0x0996d90de1b5,2025-11-24T09:17:21.846636+00:00
11291,440,29,NO,buy,367.9,583.15,0.630884,97519,0x0af2b909c6d2,2025-11-24T09:17:21.512749+00:00
6233,178,15,YES,sell,249.69,428.68,0.582467,186536,0x0c2b1b08d283,2025-11-24T09:17:17.367062+00:00
13205,538,41,NO,sell,381.07,747.0,0.510132,58035,0x0f17120caede,2025-11-24T09:17:11.452025+00:00
12313,493,19,NO,sell,175.18,351.92,0.49779,4251,0x0db8850cd401,2025-11-24T09:17:10.250672+00:00
11290,440,17,YES,sell,414.61,721.14,0.574933,993842,0x0236410acb1b,2025-11-24T09:16:58.512749+00:00
5756,150,17,NO,buy,32.41,54.41,0.595703,50500,0x0a131501f929,2025-11-24T09:16:57.696833+00:00
12669,512,31,NO,buy,421.49,656.13,0.64239,94115,0x0c1e430a2b50,2025-11-24T09:16:55.564274+00:00
6037,164,18,YES,buy,454.39,1433.36,0.31701,426709,0x0e7a56074dce,2025-11-24T09:16:53.673875+00:00
9771,356,38,NO,buy,282.3,682.5,0.413624,570791,0x0f297e0e5758,2025-11-24T09:16:46.756770+00:00
6036,164,16,NO,sell,119.05,274.75,0.433307,144541,0x0d6225025bd6,2025-11-24T09:16:44.673875+00:00
11846,467,34,YES,buy,115.3,194.3,0.59342,722841,0x0cc12d07c749,2025-11-24T09:16:41.521423+00:00
10972,422,17,YES,sell,353.87,744.77,0.475139,996749,0x0868bd098c44,2025-11-24T09:16:34.325392+00:00
6232,178,31,YES,sell,190.2,522.44,0.36406,486685,0x0d01b00a5eac,2025-11-24T09:16:32.367062+00:00
7250,228,17,YES,buy,349.65,601.8,0.581006,307322,0x07a87d0d0608,2025-11-24T09:16:29.196721+00:00
6283,180,19,YES,buy,489.16,840.88,0.581722,205981,0x08f0f002e078,2025-11-24T09:16:28.544147+00:00
11289,440,33,NO,buy,494.1,1213.51,0.407165,953024,0x06559807bf50,2025-11-24T09:16:26.512749+00:00
7478,243,40,YES,buy,479.95,1242.99,0.386125,868995,0x0e083d05313b,2025-11-24T09:16:22.069287+00:00
11845,467,35,YES,sell,481.39,800.43,0.601416,690788,0x0bc0ae0bf5a3,2025-11-24T09:16:20.521423+00:00
6231,178,41,YES,sell,342.11,1057.22,0.323594,929495,0x0d56af01a7dd,2025-11-24T09:16:20.367062+00:00
12312,493,44,NO,sell,472.97,1404.83,0.336674,830776,0x0412c807b479,2025-11-24T09:16:16.250672+00:00
6282,180,31,YES,buy,297.08,475.38,0.624934,470511,0x0c3fbd0762c2,2025-11-24T09:16:14.544147+00:00
7526,245,15,YES,buy,267.47,501.48,0.533356,57023,0x07eefc0bf53b,2025-11-24T09:16:14.229836+00:00
13204,538,44,YES,sell,440.13,977.6,0.450215,215584,0x0c89ba09caec,2025-11-24T09:16:13.452025+00:00
12012,478,32,YES,buy,44.62,85.09,0.524396,950800,0x03d787044281,2025-11-24T09:16:11.141499+00:00
4955,108,43,NO,buy,438.43,675.05,0.649478,110200,0x0b31cb0c3cd6,2025-11-24T09:16:09.654017+00:00
12668,512,41,NO,buy,366.67,534.84,0.685566,641349,0x0186e406c8ac,2025-11-24T09:15:53.564274+00:00
7525,245,32,NO,buy,133.88,369.07,0.362751,544785,0x0933f10382d8,2025-11-24T09:15:49.229836+00:00
8851,309,38,NO,sell,347.72,1037.01,0.33531,193950,0x0a8c940414fc,2025-11-24T09:15:49.193509+00:00
11844,467,33,YES,buy,236.08,645.02,0.366003,847660,0x0b5e30032400,2025-11-24T09:15:43.521423+00:00
5699,147,19,YES,sell,425.43,702.22,0.605837,411243,0x0e700c0567c0,2025-11-24T09:15:41.420104+00:00
7524,245,16,NO,buy,238.39,353.35,0.674657,99763,0x03d92c0aca3f,2025-11-24T09:15:38.229836+00:00
7523,245,18,YES,sell,472.72,1042.79,0.453321,294768,0x0b194d051841,2025-11-24T09:15:29.229836+00:00
9770,356,40,YES,buy,122.26,196.78,0.621309,332013,0x07280403334f,2025-11-24T09:15:28.756770+00:00
10971,422,32,NO,sell,361.69,923.7,0.391568,79890,0x0b2768093d83,2025-11-24T09:15:25.325392+00:00
6281,180,22,YES,sell,247.43,408.72,0.605378,170737,0x02f72f095981,2025-11-24T09:15:19.544147+00:00
11288,440,19,NO,sell,250.3,360.71,0.693909,967788,0x098ef70a095c,2025-11-24T09:15:13.512749+00:00
7249,228,43,NO,buy,170.4,271.22,0.628264,888599,0x05b8dc099dac,2025-11-24T09:15:03.196721+00:00
8850,309,40,YES,buy,268.04,629.33,0.425911,884957,0x04717b0aa2c2,2025-11-24T09:14:58.193509+00:00
7477,243,34,YES,buy,464.04,797.92,0.58156,239618,0x0839eb0893c9,2025-11-24T09:14:55.069287+00:00
11843,467,39,NO,sell,121.0,267.25,0.452756,885287,0x0e4e7e0ace57,2025-11-24T09:14:53.521423+00:00
8849,309,27,NO,sell,463.51,1000.33,0.463355,14219,0x0e26a6081d86,2025-11-24T09:14:52.193509+00:00
5698,147,37,NO,buy,467.68,857.74,0.545247,792852,0x02984c027933,2025-11-24T09:14:48.420104+00:00
12311,493,26,NO,sell,100.71,297.9,0.338063,866542,0x0a3a6302ff5c,2025-11-24T09:14:45.250672+00:00
6035,164,24,YES,sell,460.65,817.97,0.56316,789845,0x03220207fbf9,2025-11-24T09:14:44.673875+00:00
13203,538,20,NO,buy,488.7,991.89,0.492695,991008,0x05e95507c048,2025-11-24T09:14:43.452025+00:00
9769,356,44,NO,sell,488.7,744.84,0.656118,174621,0x03fbd109f67a,2025-11-24T09:14:36.756770+00:00
12667,512,18,NO,buy,244.88,726.13,0.337239,89488,0x0c929c0db06f,2025-11-24T09:14:36.564274+00:00
4954,108,32,YES,sell,188.29,431.73,0.43613,49943,0x0735b10dd5fb,2025-11-24T09:14:30.654017+00:00
6230,178,20,YES,buy,159.98,491.99,0.325166,151169,0x04ba910b3b2c,2025-11-24T09:14:27.367062+00:00
11842,467,38,NO,sell,115.18,281.43,0.409265,230099,0x0a4bf60c75d5,2025-11-24T09:14:23.521423+00:00
13202,538,30,NO,buy,220.84,370.98,0.595281,220736,0x0ba1de063a7b,2025-11-24T09:14:23.452025+00:00
11287,440,27,NO,buy,320.94,659.08,0.486948,857033,0x04b36b02667f,2025-11-24T09:14:19.512749+00:00
12666,512,44,YES,sell,492.04,988.1,0.497964,181422,0x0698d4021afe,2025-11-24T09:14:18.564274+00:00
5697,147,31,NO,sell,276.56,780.26,0.354448,79507,0x065365018812,2025-11-24T09:14:15.420104+00:00
4953,108,20,YES,buy,418.86,962.69,0.435094,238701,0x0359710b6829,2025-11-24T09:14:14.654017+00:00
7522,245,37,YES,sell,322.19,865.06,0.37245,742287,0x03d8680dff4f,2025-11-24T09:14:12.229836+00:00
11286,440,31,NO,sell,316.87,458.58,0.69098,632135,0x0d256e01fdd6,2025-11-24T09:14:11.512749+00:00
6034,164,43,YES,buy,322.09,604.42,0.532891,52462,0x02c98c053aed,2025-11-24T09:14:08.673875+00:00
6280,180,31,YES,buy,167.03,268.35,0.622439,433613,0x0d50140e34d3,2025-11-24T09:14:08.544147+00:00
13201,538,15,YES,sell,431.88,753.89,0.57287,180965,0x03e1590867c5,2025-11-24T09:13:53.452025+00:00
10970,422,20,YES,buy,268.8,564.53,0.476147,846715,0x0d61c508a261,2025-11-24T09:13:45.325392+00:00
7521,245,23,YES,sell,366.82,548.96,0.668214,765345,0x052bd807f36e,2025-11-24T09:13:42.229836+00:00
7248,228,41,YES,buy,273.2,455.93,0.59922,618224,0x0ae31c0e6e27,2025-11-24T09:13:42.196721+00:00
7520,245,43,NO,buy,170.91,328.37,0.520483,4135,0x0dff16053a23,2025-11-24T09:13:38.229836+00:00
12665,512,39,YES,buy,319.02,574.79,0.555019,567488,0x03b2a20cfe57,2025-11-24T09:13:37.564274+00:00
9768,356,23,NO,buy,443.87,712.93,0.6226,236437,0x0a405e0c4dce,2025-11-24T09:13:31.756770+00:00
11841,467,21,YES,sell,284.51,904.53,0.314538,470206,0x0a9b65085b39,2025-11-24T09:13:30.521423+00:00
6033,164,17,YES,buy,232.26,687.03,0.338063,350999,0x05c0c90dd059,2025-11-24T09:13:27.673875+00:00
8848,309,41,NO,buy,410.8,644.64,0.637252,597515,0x09856207dc29,2025-11-24T09:13:25.193509+00:00
7476,243,17,NO,sell,475.23,1120.02,0.424306,346956,0x020bb00cec1c,2025-11-24T09:13:22.069287+00:00
12838,521,27,NO,buy,44.84,98.53,0.455089,244379,0x025c7103074e,2025-11-24T09:13:21.204507+00:00
12310,493,43,NO,buy,434.97,876.11,0.49648,339988,0x09a553073415,2025-11-24T09:13:16.250672+00:00
8847,309,38,YES,sell,130.86,307.87,0.425043,794035,0x04ca43068b0e,2025-11-24T09:13:16.193509+00:00
11285,440,43,YES,sell,102.4,286.47,0.357454,891576,0x064ebe07cdc9,2025-11-24T09:12:52.512749+00:00
10969,422,16,NO,sell,144.67,246.1,0.587845,662837,0x080f200c20e7,2025-11-24T09:12:49.325392+00:00
4952,108,24,YES,buy,313.87,448.58,0.699704,375387,0x07443705b2e5,2025-11-24T09:12:47.654017+00:00
9767,356,33,NO,buy,243.3,391.02,0.622215,316140,0x0e7f8009d52e,2025-11-24T09:12:44.756770+00:00
6229,178,20,NO,sell,167.84,245.57,0.683477,845507,0x09f06a050559,2025-11-24T09:12:42.367062+00:00
11284,440,33,NO,sell,294.4,488.4,0.602779,498220,0x085b9503caed,2025-11-24T09:12:38.512749+00:00
7475,243,22,YES,sell,181.01,293.83,0.61604,627747,0x0548a80b6bdd,2025-11-24T09:12:38.069287+00:00
5667,146,17,YES,buy,8.98,23.39,0.383855,635229,0x095a030d604b,2025-11-24T09:12:37.345654+00:00
7519,245,15,NO,sell,211.54,410.39,0.515459,622968,0x0a926807b9d2,2025-11-24T09:12:32.229836+00:00
6279,180,29,NO,buy,126.44,242.23,0.521977,836986,0x0dd517036c0a,2025-11-24T09:12:27.544147+00:00
13200,538,17,YES,sell,343.19,531.09,0.646194,383160,0x0eda0b0d723c,2025-11-24T09:12:25.452025+00:00
8846,309,36,NO,sell,474.08,779.11,0.60849,785926,0x06df720645da,2025-11-24T09:12:23.193509+00:00
11283,440,26,YES,sell,243.82,481.5,0.506379,217336,0x0d9689097b5c,2025-11-24T09:12:20.512749+00:00
5696,147,28,YES,sell,100.54,146.21,0.687659,409705,0x07f099064513,2025-11-24T09:12:19.420104+00:00
12309,493,16,YES,buy,126.89,215.72,0.588204,689280,0x03b26e079992,2025-11-24T09:12:07.250672+00:00
12664,512,26,YES,buy,90.71,227.98,0.397885,166753,0x04a41e0d5b7f,2025-11-24T09:12:04.564274+00:00
10968,422,21,YES,sell,154.13,232.31,0.663481,760902,0x0e01720b650a,2025-11-24T09:12:04.325392+00:00
6032,164,30,NO,sell,250.89,808.13,0.310459,194751,0x06169e06c51a,2025-11-24T09:11:55.673875+00:00
6278,180,28,YES,buy,185.54,291.44,0.636631,850438,0x03b7330eea09,2025-11-24T09:11:54.544147+00:00
11282,440,32,YES,sell,243.9,390.42,0.624708,543670,0x05ba600b8137,2025-11-24T09:11:48.512749+00:00
6031,164,23,NO,buy,197.88,309.24,0.639895,382456,0x02b75b0a0572,2025-11-24T09:11:45.673875+00:00
7247,228,33,YES,sell,433.83,1036.35,0.418615,216078,0x0d894c080363,2025-11-24T09:11:44.196721+00:00
4951,108,19,YES,buy,145.65,293.13,0.496874,989864,0x0e38ba082e7f,2025-11-24T09:11:43.654017+00:00
11281,440,19,YES,buy,451.05,1378.02,0.327317,741429,0x03906e0c1ff9,2025-11-24T09:11:39.512749+00:00
12308,493,31,NO,sell,144.17,469.48,0.307085,881738,0x04cc2304721b,2025-11-24T09:11:38.250672+00:00
11840,467,25,NO,sell,125.61,217.71,0.576953,740196,0x03fb780400f1,2025-11-24T09:11:36.521423+00:00
7518,245,22,YES,sell,495.95,833.74,0.594849,275655,0x04d75a082d29,2025-11-24T09:11:30.229836+00:00
9766,356,22,NO,sell,287.75,666.82,0.431525,201080,0x0cbb550bf443,2025-11-24T09:11:24.756770+00:00
7474,243,23,YES,sell,244.75,800.76,0.305646,445487,0x0b7807027926,2025-11-24T09:11:24.069287+00:00
6277,180,28,NO,buy,235.77,439.83,0.536049,391038,0x0dfade07182a,2025-11-24T09:11:17.544147+00:00
13199,538,28,YES,buy,111.99,277.07,0.404197,422792,0x09d9e701c0ab,2025-11-24T09:11:14.452025+00:00
11280,440,25,NO,sell,267.59,541.29,0.494355,677534,0x062aed0c8323,2025-11-24T09:11:11.512749+00:00
6228,178,35,NO,buy,393.7,1118.8,0.351895,775633,0x0f0fb009c559,2025-11-24T09:11:11.367062+00:00
5695,147,18,YES,buy,434.16,723.07,0.600442,988959,0x03f56d0a2dd4,2025-11-24T09:11:00.420104+00:00
12663,512,20,YES,sell,127.33,224.06,0.568276,769883,0x042abc0d71ed,2025-11-24T09:10:50.564274+00:00
12307,493,38,YES,buy,424.05,975.95,0.434501,982710,0x053d9b0c2f2f,2025-11-24T09:10:50.250672+00:00
8845,309,21,YES,buy,378.93,603.37,0.628018,828276,0x072f680be6e9,2025-11-24T09:10:45.193509+00:00
4950,108,40,NO,buy,341.17,826.11,0.412983,700459,0x0d839202e7aa,2025-11-24T09:10:41.654017+00:00
5694,147,33,YES,sell,306.57,530.88,0.577478,393662,0x0a05110431a5,2025-11-24T09:10:39.420104+00:00
10967,422,18,YES,sell,475.64,1182.42,0.402261,32961,0x0b133c07fce5,2025-11-24T09:10:38.325392+00:00
6227,178,37,YES,sell,268.58,483.99,0.554929,996578,0x0895380d0920,2025-11-24T09:10:33.367062+00:00
12662,512,39,NO,sell,490.33,1089.98,0.449851,535001,0x034578038202,2025-11-24T09:10:32.564274+00:00
6276,180,15,NO,sell,481.77,916.31,0.525771,474404,0x0dd20a0bc367,2025-11-24T09:10:29.544147+00:00
7517,245,39,YES,sell,153.13,269.42,0.568377,310876,0x0784f5047eb7,2025-11-24T09:10:24.229836+00:00
10966,422,40,YES,sell,308.24,621.21,0.496195,378392,0x0d3ffd0ba27d,2025-11-24T09:10:20.325392+00:00
11839,467,44,NO,sell,148.99,283.19,0.526108,700096,0x050ff5065b87,2025-11-24T09:10:19.521423+00:00
5693,147,36,YES,buy,163.44,273.39,0.597838,818823,0x09ef610b240f,2025-11-24T09:10:19.420104+00:00
7473,243,42,YES,sell,188.08,552.2,0.340601,31143,0x0d93f708509e,2025-11-24T09:10:18.069287+00:00
6030,164,28,NO,buy,440.64,1368.6,0.321965,144570,0x0654430c29be,2025-11-24T09:10:15.673875+00:00
6275,180,35,YES,buy,374.5,579.2,0.646582,62496,0x020b44058562,2025-11-24T09:10:13.544147+00:00
7246,228,33,NO,sell,246.68,574.58,0.429326,152152,0x05f9310ef06b,2025-11-24T09:10:08.196721+00:00
12306,493,22,NO,buy,328.87,525.08,0.626323,187579,0x0f3e600951f9,2025-11-24T09:10:02.250672+00:00
9765,356,38,NO,buy,282.13,514.27,0.548605,889891,0x0e2f270d67e7,2025-11-24T09:10:01.756770+00:00
4949,108,43,NO,sell,483.12,762.94,0.633232,771267,0x0c4bac0bf744,2025-11-24T09:09:54.654017+00:00
11838,467,15,NO,sell,417.43,950.06,0.439371,261330,0x04bb1209bdec,2025-11-24T09:09:45.521423+00:00
11279,440,38,NO,buy,93.39,154.13,0.605914,465354,0x0a1025059712,2025-11-24T09:09:43.512749+00:00
7245,228,27,NO,buy,129.49,187.21,0.691685,822825,0x0617ee07e5c8,2025-11-24T09:09:42.196721+00:00
4948,108,31,YES,sell,467.13,728.32,0.641382,492223,0x0cf8140c0986,2025-11-24T09:09:37.654017+00:00
11278,440,29,YES,buy,170.01,511.63,0.332291,151078,0x025435027bd3,2025-11-24T09:09:32.512749+00:00
7516,245,21,YES,buy,204.68,357.84,0.571991,480281,0x02abf90e6a19,2025-11-24T09:09:30.229836+00:00
9764,356,25,NO,buy,81.39,133.95,0.607598,56130,0x0b3a4f09ee27,2025-11-24T09:09:28.756770+00:00
7244,228,23,NO,sell,482.75,729.74,0.661534,940773,0x01d4da0a6bb8,2025-11-24T09:09:24.196721+00:00
8844,309,36,NO,sell,354.77,894.68,0.396532,442615,0x05e9d20e6174,2025-11-24T09:09:23.193509+00:00
13198,538,37,NO,buy,338.44,780.86,0.43342,372951,0x04c33e0d2a45,2025-11-24T09:09:22.452025+00:00
10965,422,28,YES,sell,226.41,379.18,0.597111,39949,0x05847906d90a,2025-11-24T09:09:17.325392+00:00
7243,228,19,NO,buy,278.04,758.81,0.366418,5264,0x0eceb40de5ec,2025-11-24T09:09:11.196721+00:00
4947,108,37,NO,buy,147.76,250.24,0.590484,460392,0x0908a2070706,2025-11-24T09:09:07.654017+00:00
12661,512,36,NO,buy,197.35,371.3,0.531505,2906,0x080bf40599a5,2025-11-24T09:08:48.564274+00:00
6274,180,24,YES,sell,214.16,314.4,0.681166,922265,0x04103e0ec529,2025-11-24T09:08:45.544147+00:00
6226,178,42,NO,sell,326.3,467.45,0.69804,524852,0x09603e03d4be,2025-11-24T09:08:44.367062+00:00
7472,243,19,YES,sell,428.79,953.25,0.449821,757981,0x084bf60d083a,2025-11-24T09:08:40.069287+00:00
12305,493,22,NO,sell,484.48,956.21,0.506665,502695,0x09dd5105c4e4,2025-11-24T09:08:37.250672+00:00
7515,245,27,YES,sell,204.79,448.71,0.456393,519247,0x07a047045725,2025-11-24T09:08:35.229836+00:00
9763,356,29,NO,buy,471.3,804.93,0.585518,137316,0x0dbbce04c2a9,2025-11-24T09:08:33.756770+00:00
5692,147,42,YES,sell,424.41,648.7,0.65425,149592,0x09b34a04a4d8,2025-11-24T09:08:31.420104+00:00
6029,164,25,YES,buy,410.18,738.75,0.555232,564170,0x0576650684d0,2025-11-24T09:08:29.673875+00:00
5691,147,18,NO,buy,446.79,1056.71,0.422812,986188,0x0881270a60ef,2025-11-24T09:08:20.420104+00:00
8843,309,43,NO,sell,249.04,478.36,0.520612,174747,0x037495093263,2025-11-24T09:08:12.193509+00:00
7242,228,27,YES,sell,117.12,294.32,0.397937,219333,0x097ac20e6da6,2025-11-24T09:08:10.196721+00:00
9762,356,34,NO,buy,348.15,517.27,0.673057,228869,0x07aee30c39bf,2025-11-24T09:08:09.756770+00:00
4946,108,17,NO,sell,453.44,1307.59,0.346776,364608,0x0b7d300bdd60,2025-11-24T09:08:09.654017+00:00
12660,512,18,YES,buy,343.78,539.35,0.637401,390016,0x01873809b6d7,2025-11-24T09:08:07.564274+00:00
6225,178,16,YES,sell,313.33,840.34,0.37286,318993,0x0321bc061184,2025-11-24T09:08:07.367062+00:00
9761,356,39,NO,sell,101.78,314.82,0.323296,466513,0x0f37b601fa60,2025-11-24T09:08:05.756770+00:00
5690,147,26,NO,buy,485.2,1384.34,0.350491,871399,0x0528ed08d845,2025-11-24T09:08:05.420104+00:00
13197,538,37,YES,sell,248.77,374.3,0.664632,161934,0x023c520d1cec,2025-11-24T09:08:03.452025+00:00
7241,228,43,YES,sell,120.4,186.9,0.644178,88348,0x0c4e8d098701,2025-11-24T09:07:57.196721+00:00
13196,538,31,NO,sell,91.82,215.47,0.426146,241607,0x058a790368c1,2025-11-24T09:07:52.452025+00:00
11837,467,44,NO,sell,367.4,591.52,0.621112,627167,0x0d076f05e6eb,2025-11-24T09:07:50.521423+00:00
10964,422,27,YES,sell,295.34,431.89,0.683837,913839,0x04e4650a7146,2025-11-24T09:07:44.325392+00:00
11277,440,18,NO,buy,138.62,204.98,0.676275,837879,0x046782041256,2025-11-24T09:07:38.512749+00:00
9760,356,17,NO,sell,190.28,381.85,0.498314,612974,0x0a6246099c01,2025-11-24T09:07:37.756770+00:00
11836,467,16,NO,sell,350.06,503.7,0.694983,101280,0x07dfad072e03,2025-11-24T09:07:26.521423+00:00
12304,493,24,YES,buy,434.79,1066.24,0.407777,209918,0x0748ea06676e,2025-11-24T09:07:20.250672+00:00
8842,309,35,YES,sell,296.08,459.62,0.644187,978091,0x0bda230923ae,2025-11-24T09:07:14.193509+00:00
7514,245,16,YES,buy,171.31,304.76,0.562111,303713,0x0d010b0db56b,2025-11-24T09:07:09.229836+00:00
6224,178,43,YES,sell,444.76,1357.23,0.327697,357442,0x019d7006b5a2,2025-11-24T09:07:05.367062+00:00
4945,108,36,NO,buy,380.0,743.17,0.511324,332192,0x0847270abf92,2025-11-24T09:06:58.654017+00:00
11276,440,25,YES,sell,381.67,727.69,0.524494,965254,0x0e3a8004a808,2025-11-24T09:06:57.512749+00:00
6273,180,17,NO,sell,442.03,1430.74,0.308952,133626,0x052d56039b0d,2025-11-24T09:06:54.544147+00:00
7471,243,20,YES,sell,271.36,680.13,0.39898,101105,0x05875c07b0b2,2025-11-24T09:06:52.069287+00:00
6028,164,41,YES,buy,329.01,672.31,0.489372,762165,0x0a621c0a59ff,2025-11-24T09:06:51.673875+00:00
12659,512,38,YES,buy,416.53,991.93,0.41992,754426,0x0c6dad0e1b62,2025-11-24T09:06:51.564274+00:00
13195,538,29,YES,sell,139.55,236.39,0.590349,273012,0x07f08f088075,2025-11-24T09:06:50.452025+00:00
8841,309,21,YES,buy,98.31,309.78,0.317355,444543,0x027c5f0c2ced,2025-11-24T09:06:46.193509+00:00
6027,164,26,NO,sell,394.89,1303.37,0.302975,90365,0x06918f08f10b,2025-11-24T09:06:33.673875+00:00
9759,356,17,YES,buy,156.65,369.96,0.423427,693067,0x03f5fd030a5b,2025-11-24T09:06:31.756770+00:00
5689,147,39,NO,buy,360.57,825.2,0.43695,67183,0x09d4bf05bb50,2025-11-24T09:06:24.420104+00:00
7240,228,32,YES,sell,317.51,592.26,0.536095,638973,0x054ec50b6165,2025-11-24T09:06:20.196721+00:00
9758,356,15,NO,buy,498.66,843.34,0.591294,549454,0x0380870405ca,2025-11-24T09:06:10.756770+00:00
11275,440,20,YES,sell,209.46,351.92,0.595186,945298,0x05bbb807b309,2025-11-24T09:06:09.512749+00:00
10963,422,38,YES,sell,423.95,812.84,0.521566,755682,0x04e3d00a5a63,2025-11-24T09:06:02.325392+00:00
8840,309,25,NO,buy,103.68,155.58,0.666401,788071,0x048a200a2c21,2025-11-24T09:05:58.193509+00:00
7470,243,26,NO,buy,369.23,637.25,0.579415,143304,0x0dc387083641,2025-11-24T09:05:51.069287+00:00
6223,178,24,NO,buy,326.26,500.89,0.651363,138497,0x02b099054f01,2025-11-24T09:05:42.367062+00:00
12303,493,32,YES,buy,457.51,1401.64,0.326411,148082,0x04679c095f38,2025-11-24T09:05:39.250672+00:00
10962,422,30,YES,buy,397.46,729.12,0.545125,531026,0x04c66205754d,2025-11-24T09:05:36.325392+00:00
11835,467,15,NO,sell,360.09,1042.15,0.345527,274316,0x0c51b20c554b,2025-11-24T09:05:32.521423+00:00
7513,245,29,YES,buy,308.68,481.69,0.640829,301412,0x092bce0d7c23,2025-11-24T09:05:23.229836+00:00
6272,180,22,NO,sell,105.33,195.19,0.539627,754759,0x02829a089d9f,2025-11-24T09:05:21.544147+00:00
5688,147,39,NO,sell,498.61,1331.3,0.374528,915327,0x06fb4a0e700c,2025-11-24T09:05:21.420104+00:00
12658,512,35,YES,buy,407.58,630.43,0.646515,723285,0x01a4c9022205,2025-11-24T09:05:20.564274+00:00
5439,134,23,NO,buy,49.94,82.07,0.608536,599823,0x06425206ed28,2025-11-24T09:05:08.491986+00:00
4944,108,38,NO,buy,284.75,575.9,0.49444,642199,0x0afb850d1ea5,2025-11-24T09:04:58.654017+00:00
7512,245,39,NO,sell,308.44,456.28,0.675982,519435,0x077b61075757,2025-11-24T09:04:56.229836+00:00
4345,77,37,YES,buy,9.03,13.26,0.681206,822021,0x09e4da09cd2b,2025-11-24T09:04:53.401919+00:00
13194,538,25,YES,sell,363.55,638.29,0.569567,40231,0x055b05060c4b,2025-11-24T09:04:51.452025+00:00
9757,356,22,NO,sell,306.75,500.11,0.613367,342989,0x05d66c0f3c6a,2025-11-24T09:04:50.756770+00:00
8839,309,25,YES,sell,293.62,459.59,0.638871,967515,0x09a46808a998,2025-11-24T09:04:48.193509+00:00
7239,228,31,NO,buy,360.88,1162.43,0.310454,413401,0x0e152203256b,2025-11-24T09:04:46.196721+00:00
6026,164,43,YES,buy,270.22,896.28,0.301489,697862,0x07366e01ccc1,2025-11-24T09:04:33.673875+00:00
11834,467,25,NO,buy,239.23,648.51,0.368894,487941,0x0b37200e3967,2025-11-24T09:04:33.521423+00:00
13507,553,18,YES,buy,42.13,61.64,0.683507,522201,0x0b7ad4096c73,2025-11-24T09:04:26.562949+00:00
13193,538,36,NO,sell,265.9,854.73,0.311091,860931,0x05b83e03a73c,2025-11-24T09:04:25.452025+00:00
13018,530,33,YES,buy,26.83,89.01,0.301425,209781,0x08cfa1019359,2025-11-24T09:04:24.846636+00:00
12902,524,18,YES,sell,9.45,15.63,0.604525,496735,0x05862901dc7f,2025-11-24T09:04:24.436320+00:00
12837,521,36,YES,sell,44.28,66.93,0.661571,655679,0x0cc0a3040949,2025-11-24T09:04:24.204507+00:00
12723,516,40,YES,buy,42.75,65.71,0.650587,178152,0x04c4e30c1b04,2025-11-24T09:04:23.793017+00:00
12657,512,23,YES,buy,315.35,492.43,0.640397,42219,0x06c0720762a8,2025-11-24T09:04:23.564274+00:00
12483,503,38,YES,buy,11.1,36.83,0.301411,90664,0x02b6dc0892a5,2025-11-24T09:04:22.936665+00:00
12369,496,20,YES,buy,36.49,70.19,0.519905,191054,0x0747d404b6e0,2025-11-24T09:04:22.506596+00:00
12302,493,31,NO,buy,425.59,630.27,0.675255,35056,0x08766906a729,2025-11-24T09:04:22.250672+00:00
12011,478,18,YES,sell,21.3,65.05,0.327449,43083,0x08592005b390,2025-11-24T09:04:21.141499+00:00
11833,467,22,YES,sell,157.6,312.17,0.504859,86683,0x0214b40b2d6b,2025-11-24T09:04:20.521423+00:00
11788,465,18,YES,sell,16.35,38.31,0.426738,975860,0x02c875031cb8,2025-11-24T09:04:20.369893+00:00
11587,456,34,YES,buy,29.99,44.5,0.674006,663579,0x04b7e508d2d3,2025-11-24T09:04:19.664315+00:00
6271,180,15,YES,sell,470.68,1003.62,0.468984,170820,0x0750a60b5a99,2025-11-24T09:04:19.544147+00:00
11274,440,29,YES,buy,498.21,795.95,0.625933,726620,0x06e1db077079,2025-11-24T09:04:18.512749+00:00
11230,438,29,NO,buy,23.32,39.95,0.583747,627761,0x069e4c047d45,2025-11-24T09:04:18.347586+00:00
11124,431,27,YES,sell,44.3,72.42,0.611738,635853,0x0a1dc10226e1,2025-11-24T09:04:17.948211+00:00
10961,422,23,YES,sell,355.2,897.61,0.395716,409044,0x0b2c860eeed4,2025-11-24T09:04:17.325392+00:00
8838,309,29,YES,buy,466.34,682.73,0.683056,525524,0x07e4b90d02bf,2025-11-24T09:04:17.193509+00:00
10893,419,25,YES,sell,47.46,124.77,0.380366,887832,0x04d35402dc6b,2025-11-24T09:04:17.063658+00:00
10695,407,21,YES,sell,18.57,28.72,0.646635,282617,0x0ca54e0d1073,2025-11-24T09:04:16.346503+00:00
10652,405,21,NO,buy,32.54,65.4,0.497548,808534,0x0b3deb0858f2,2025-11-24T09:04:16.185392+00:00
10336,390,37,YES,sell,47.97,134.55,0.356524,489886,0x0c8ea9043a72,2025-11-24T09:04:14.981409+00:00
10112,377,16,YES,buy,48.73,86.97,0.560325,776525,0x0c080109366e,2025-11-24T09:04:14.155908+00:00
9776,357,24,NO,sell,3.76,12.45,0.301999,132319,0x0374b40bb5ba,2025-11-24T09:04:12.835434+00:00
9756,356,42,YES,buy,474.8,1199.79,0.395736,680967,0x06c94d0b4a9f,2025-11-24T09:04:12.756770+00:00
9663,351,15,NO,buy,19.81,37.65,0.526093,257876,0x0f1c9e0c752e,2025-11-24T09:04:12.384209+00:00
9380,337,27,YES,buy,38.75,65.47,0.591852,223003,0x05aef8073cc1,2025-11-24T09:04:11.244720+00:00
9269,330,43,NO,sell,38.52,73.36,0.52509,712947,0x0b7b7e096bdb,2025-11-24T09:04:10.826303+00:00
9025,319,21,NO,sell,24.05,43.22,0.556469,477864,0x072ba2095f06,2025-11-24T09:04:09.909062+00:00
8858,310,43,YES,sell,2.25,3.62,0.622104,701044,0x0c5b160bde53,2025-11-24T09:04:09.271150+00:00
8837,309,33,YES,sell,141.89,246.33,0.576007,663218,0x0cd8b901a529,2025-11-24T09:04:09.193509+00:00
8678,302,29,NO,buy,32.57,49.42,0.658995,111995,0x03b1520e4f90,2025-11-24T09:04:08.551595+00:00
6025,164,38,YES,sell,314.13,650.18,0.483141,387789,0x06ae690bce6a,2025-11-24T09:04:07.673875+00:00
7946,266,17,NO,buy,28.53,46.38,0.615113,654773,0x0dddef0d7a46,2025-11-24T09:04:05.854601+00:00
7827,261,26,NO,buy,17.54,37.93,0.46244,323316,0x0ce6e50f25ff,2025-11-24T09:04:05.418413+00:00
7629,252,28,NO,sell,24.47,72.35,0.338205,964298,0x02f7f804c863,2025-11-24T09:04:04.681093+00:00
7560,247,36,YES,sell,21.41,52.27,0.409586,604935,0x0b54320e5e82,2025-11-24T09:04:04.407397+00:00
7511,245,39,YES,sell,181.02,409.78,0.44175,779237,0x033b0f03ad6c,2025-11-24T09:04:04.229836+00:00
7469,243,16,YES,buy,216.16,652.35,0.331357,361731,0x0c2cc4066598,2025-11-24T09:04:04.069287+00:00
7395,238,44,YES,sell,6.31,14.15,0.445906,367862,0x0b48d5087a58,2025-11-24T09:04:03.788316+00:00
7263,230,16,NO,buy,24.8,36.7,0.675685,216386,0x0afe23031ef3,2025-11-24T09:04:03.284530+00:00
7238,228,21,YES,sell,194.01,286.97,0.676074,576174,0x061c9e08195c,2025-11-24T09:04:03.196721+00:00
7106,222,16,NO,sell,1.7,4.12,0.412838,694988,0x0cc2d60e5535,2025-11-24T09:04:02.705430+00:00
6829,210,16,YES,buy,8.99,12.85,0.699801,624561,0x04c08f0334d8,2025-11-24T09:04:01.651714+00:00
6333,184,37,NO,sell,46.59,102.97,0.452465,936878,0x0686030c8b7e,2025-11-24T09:03:59.786656+00:00
6312,183,32,YES,sell,36.58,80.07,0.456842,501313,0x0c40130f17c1,2025-11-24T09:03:59.708431+00:00
6270,180,24,YES,buy,435.46,1078.56,0.403743,817338,0x02b99d0d6880,2025-11-24T09:03:59.544147+00:00
6222,178,25,YES,buy,471.68,1559.26,0.302503,164518,0x02280402363d,2025-11-24T09:03:59.367062+00:00
6156,174,34,NO,sell,4.07,12.64,0.32206,406995,0x0edd800dbce9,2025-11-24T09:03:59.128824+00:00
6024,164,21,YES,buy,340.85,690.86,0.493369,732229,0x0ae8550d7d58,2025-11-24T09:03:58.673875+00:00
5847,154,32,YES,sell,32.67,71.3,0.458215,877686,0x06c06b0b55cf,2025-11-24T09:03:58.034045+00:00
5755,150,24,NO,sell,38.77,66.9,0.579561,44654,0x09f7780ed374,2025-11-24T09:03:57.696833+00:00
5687,147,29,YES,sell,340.95,657.76,0.518352,293872,0x0369360d71fb,2025-11-24T09:03:57.420104+00:00
5666,146,16,NO,sell,20.56,53.79,0.382253,855064,0x079d2c0af827,2025-11-24T09:03:57.345654+00:00
5529,140,21,YES,sell,19.34,28.73,0.673277,464555,0x01b25604a8c5,2025-11-24T09:03:56.824092+00:00
5438,134,33,NO,buy,48.05,98.68,0.486933,952805,0x05566703a2c6,2025-11-24T09:03:56.491986+00:00
5300,127,24,NO,sell,35.4,52.43,0.675161,92876,0x0f3ce2031d0d,2025-11-24T09:03:56.001478+00:00
5076,116,29,NO,buy,35.23,104.16,0.338214,252338,0x0cb446023979,2025-11-24T09:03:55.176764+00:00
5054,115,15,YES,sell,12.46,22.32,0.558142,309824,0x07457802d836,2025-11-24T09:03:55.096254+00:00
4943,108,16,NO,buy,123.12,192.66,0.639052,890838,0x086f3a082d46,2025-11-24T09:03:54.654017+00:00
4586,89,31,NO,sell,24.6,62.94,0.390851,323823,0x02f57008987c,2025-11-24T09:03:53.318180+00:00
4344,77,18,NO,buy,16.16,27.08,0.596677,126245,0x0d605c045612,2025-11-24T09:03:52.401919+00:00
4187,66,31,YES,buy,26.39,62.59,0.42165,981143,0x041e0a06b03e,2025-11-24T09:03:51.743531+00:00
6719,203,33,YES,buy,1.51,2.21,0.68341,895258,0x0a0c4f038949,2025-11-23T23:47:57.141116+00:00
6718,203,36,NO,buy,7.2,15.73,0.457826,128441,0x0d76c40d6fbd,2025-11-23T23:39:28.141116+00:00
13465,550,43,YES,sell,21.61,43.09,0.501523,135611,0x0b94a907225b,2025-11-23T23:24:07.335803+00:00
4074,59,42,YES,sell,27.39,62.53,0.43805,570827,0x0a5b470dbb59,2025-11-23T23:09:20.207726+00:00
13464,550,24,YES,buy,9.23,20.67,0.4465,828554,0x07c926053744,2025-11-23T23:03:43.335803+00:00
13169,536,41,YES,buy,26.17,47.61,0.549622,108320,0x0b34600941f0,2025-11-23T22:58:26.293045+00:00
6717,203,41,NO,buy,37.97,78.15,0.485872,807147,0x0d828901b752,2025-11-23T22:42:14.141116+00:00
4073,59,31,NO,buy,14.86,35.43,0.419422,692998,0x0aeab80acdfd,2025-11-23T22:35:45.207726+00:00
13463,550,24,NO,buy,3.73,6.09,0.612606,894633,0x0983e3053ca8,2025-11-23T22:25:59.335803+00:00
6716,203,42,NO,sell,29.67,76.39,0.388404,94774,0x0e27ac07812c,2025-11-23T21:59:12.141116+00:00
13168,536,29,NO,buy,24.04,57.91,0.415112,975901,0x0df46909fbdc,2025-11-23T21:59:05.293045+00:00
9335,333,17,YES,sell,17.27,34.74,0.497111,890552,0x0c3a150a21b9,2025-11-23T21:52:24.984858+00:00
4072,59,43,YES,buy,14.54,23.6,0.616002,980630,0x082a3a06f6c1,2025-11-23T21:41:49.207726+00:00
13462,550,17,YES,sell,28.32,52.99,0.534463,748788,0x080cac01cccd,2025-11-23T21:37:16.335803+00:00
6715,203,15,YES,buy,22.82,42.99,0.530837,155986,0x0773cf06936a,2025-11-23T21:20:48.141116+00:00
13167,536,16,NO,sell,1.19,2.35,0.506963,717037,0x06364e07b461,2025-11-23T21:13:05.293045+00:00
10630,402,42,YES,buy,40.24,70.82,0.568215,198499,0x08779b0c2b15,2025-11-23T21:11:37.012467+00:00
5977,161,42,NO,sell,29.28,56.4,0.51917,347659,0x0e8e530d6650,2025-11-23T21:01:16.420990+00:00
9334,333,17,YES,buy,25.87,51.12,0.506085,403116,0x08a2c9076ed4,2025-11-23T20:56:37.984858+00:00
7105,221,36,NO,sell,42.26,78.37,0.539263,628826,0x02c39905a61c,2025-11-23T20:55:46.609160+00:00
4071,59,30,NO,buy,23.38,65.33,0.357857,533929,0x04935d0b1dac,2025-11-23T20:50:43.207726+00:00
9333,333,25,NO,sell,24.4,49.46,0.493349,672308,0x055163088b15,2025-11-23T20:45:41.984858+00:00
9999,370,20,NO,buy,19.26,48.86,0.394187,166047,0x09ec930a454b,2025-11-23T20:43:32.615952+00:00
13461,550,21,NO,buy,4.31,6.96,0.619473,322963,0x04ce2401f57f,2025-11-23T20:38:12.335803+00:00
13460,550,25,NO,sell,44.88,85.74,0.523457,352572,0x0a6d6109894c,2025-11-23T20:37:18.335803+00:00
5976,161,44,NO,buy,4.92,10.17,0.483843,764281,0x0702790b6507,2025-11-23T20:35:42.420990+00:00
9332,333,23,NO,sell,4.16,8.78,0.474056,336683,0x0f08b10a8ec3,2025-11-23T20:33:10.984858+00:00
10629,402,37,YES,sell,6.44,10.95,0.587885,105723,0x03f4a40ed65c,2025-11-23T20:28:45.012467+00:00
12237,488,28,NO,sell,14.81,33.5,0.442097,829095,0x0d4443050365,2025-11-23T20:27:02.937275+00:00
7875,262,22,YES,sell,30.58,44.91,0.68092,628483,0x09da4d0db08c,2025-11-23T20:25:40.506973+00:00
6714,203,22,NO,buy,14.48,21.72,0.666574,931619,0x0abfb601b524,2025-11-23T20:24:35.141116+00:00
13166,536,31,YES,buy,44.04,63.71,0.691214,653960,0x0d1fad03d9b2,2025-11-23T20:24:25.293045+00:00
5975,161,42,YES,sell,36.63,59.58,0.614805,960587,0x0508090904cf,2025-11-23T20:24:14.420990+00:00
11586,455,44,NO,sell,40.93,67.79,0.603759,82290,0x0f145b0e1994,2025-11-23T20:20:14.580557+00:00
8331,284,35,NO,buy,24.87,69.73,0.356664,320867,0x05e9aa02c6d3,2025-11-23T20:20:09.170051+00:00
7741,256,37,NO,buy,11.48,17.17,0.668547,20178,0x0486f409b489,2025-11-23T20:17:33.022036+00:00
7104,221,25,NO,buy,6.12,9.13,0.670125,808481,0x0aeb480cb5a8,2025-11-23T20:16:39.609160+00:00
12192,486,35,YES,buy,7.58,11.66,0.650278,404652,0x09607f0ec1ca,2025-11-23T20:16:35.750831+00:00
9331,333,42,NO,sell,6.71,19.43,0.345293,562218,0x0ba2430b51ae,2025-11-23T20:15:44.984858+00:00
8125,275,25,YES,sell,8.06,16.61,0.485107,758465,0x0795db01fda7,2025-11-23T20:14:54.419191+00:00
12881,522,22,YES,sell,34.84,96.94,0.359401,447288,0x06c35403bd79,2025-11-23T20:14:54.286158+00:00
4279,71,23,YES,sell,35.87,64.8,0.55356,333061,0x0d5c4007c284,2025-11-23T20:13:20.064894+00:00
5974,161,21,NO,buy,21.92,41.57,0.527275,70445,0x04e54e0188f2,2025-11-23T20:12:55.420990+00:00
4025,57,28,NO,sell,21.37,55.84,0.382734,949791,0x083f8807c1ec,2025-11-23T20:12:53.031124+00:00
4278,71,33,NO,buy,38.84,92.88,0.418152,78077,0x0578150cef84,2025-11-23T20:07:34.064894+00:00
12880,522,20,NO,sell,27.03,57.55,0.469688,113276,0x082c160a067b,2025-11-23T20:06:02.286158+00:00
4384,78,31,NO,buy,19.31,28.53,0.676769,106939,0x07dafc0ae6f3,2025-11-23T20:04:27.468977+00:00
11390,444,24,NO,buy,32.27,46.86,0.68863,779633,0x0617150a2f84,2025-11-23T20:03:19.854765+00:00
5933,159,25,NO,sell,22.06,56.25,0.392195,599335,0x0b6b3b0b2f38,2025-11-23T19:59:33.265109+00:00
7103,221,42,NO,sell,47.35,80.04,0.591571,470569,0x060caa0ab467,2025-11-23T19:58:15.609160+00:00
6269,179,22,NO,buy,7.95,21.13,0.376303,343505,0x0745270a522c,2025-11-23T19:57:21.456657+00:00
13165,536,21,YES,buy,43.79,97.44,0.449415,213775,0x07b48602c529,2025-11-23T19:55:35.293045+00:00
13459,550,31,YES,sell,36.73,64.62,0.568399,356144,0x089d60080542,2025-11-23T19:54:39.335803+00:00
4070,59,35,YES,sell,46.7,112.06,0.416745,436673,0x0ccffd05e692,2025-11-23T19:53:34.207726+00:00
5932,159,40,YES,sell,11.04,16.82,0.656525,11334,0x0a9748027be4,2025-11-23T19:51:47.265109+00:00
6268,179,37,NO,buy,39.18,73.46,0.533384,815075,0x0eb3a701cc9e,2025-11-23T19:50:33.456657+00:00
9998,370,40,NO,sell,20.27,66.09,0.306681,282355,0x0a6e6f049311,2025-11-23T19:50:29.615952+00:00
7874,262,24,YES,sell,26.27,44.46,0.590861,31176,0x0ceaa70e05e1,2025-11-23T19:49:05.506973+00:00
13164,536,32,NO,sell,14.43,31.16,0.463107,236291,0x062dcf0685c9,2025-11-23T19:47:14.293045+00:00
4069,59,32,YES,sell,5.57,7.99,0.696903,994065,0x03575c08e8b7,2025-11-23T19:45:23.207726+00:00
6713,203,15,YES,sell,37.85,59.18,0.639569,86895,0x0359e20dee80,2025-11-23T19:44:58.141116+00:00
4231,67,18,NO,sell,31.12,80.28,0.387651,161626,0x03a9b9092d42,2025-11-23T19:44:30.814846+00:00
4024,57,17,YES,buy,12.33,21.35,0.57758,68348,0x0cd41e04f2f9,2025-11-23T19:44:24.031124+00:00
12236,488,30,YES,sell,7.94,12.44,0.638308,760542,0x0d52ad078a69,2025-11-23T19:44:14.937275+00:00
5931,159,40,YES,buy,42.51,103.45,0.410942,282452,0x0a4d3e0a16e5,2025-11-23T19:42:56.265109+00:00
5620,143,27,NO,buy,43.67,88.61,0.492821,15923,0x094515079a95,2025-11-23T19:38:22.084790+00:00
4630,90,44,NO,sell,44.11,93.11,0.473722,238730,0x03745b0dda24,2025-11-23T19:38:19.408281+00:00
8330,284,37,NO,sell,17.68,37.39,0.472879,718495,0x0a7227050d8a,2025-11-23T19:37:47.170051+00:00
10628,402,30,NO,buy,10.99,18.71,0.587317,981722,0x0bf2cb0543f3,2025-11-23T19:37:20.012467+00:00
12191,486,23,YES,sell,22.17,33.5,0.661762,363386,0x02e5c40f28b2,2025-11-23T19:37:16.750831+00:00
6267,179,26,NO,buy,40.71,68.49,0.594393,976910,0x018bb00e6963,2025-11-23T19:35:44.456657+00:00
4629,90,41,YES,sell,2.83,4.54,0.623336,819017,0x07a17002c811,2025-11-23T19:34:20.408281+00:00
5973,161,27,YES,buy,3.16,10.37,0.304846,439698,0x03a72704a345,2025-11-23T19:33:54.420990+00:00
9330,333,31,NO,sell,25.79,47.92,0.538239,948029,0x0c67c907114b,2025-11-23T19:30:53.984858+00:00
11389,444,38,NO,buy,38.87,93.11,0.417441,867790,0x02c9200a8882,2025-11-23T19:29:34.854765+00:00
10627,402,40,YES,buy,18.94,31.69,0.597708,973304,0x056a4e062d28,2025-11-23T19:29:04.012467+00:00
10111,376,32,NO,sell,40.75,104.91,0.38844,393090,0x0eccc70aafc1,2025-11-23T19:28:47.076853+00:00
8329,284,27,YES,sell,41.6,62.59,0.664689,868901,0x0214e208263f,2025-11-23T19:28:38.170051+00:00
11585,455,18,NO,sell,48.42,119.82,0.404111,902290,0x0c676d09b8ba,2025-11-23T19:28:23.580557+00:00
5417,132,22,NO,buy,40.48,77.03,0.525542,876564,0x0b49310cc67c,2025-11-23T19:28:17.347590+00:00
13163,536,18,YES,buy,43.66,97.82,0.446323,190102,0x0d2dea0b51a0,2025-11-23T19:25:40.293045+00:00
7740,256,26,NO,sell,15.03,45.47,0.330564,837021,0x09dbb4031636,2025-11-23T19:24:39.022036+00:00
4068,59,30,YES,buy,48.68,89.56,0.543549,167071,0x055ac90ce1e5,2025-11-23T19:24:01.207726+00:00
5416,132,16,YES,buy,27.81,46.85,0.593549,957636,0x0da4b50c23a6,2025-11-23T19:23:52.347590+00:00
12879,522,28,NO,buy,35.31,74.08,0.476665,677689,0x0451ce0ad4b7,2025-11-23T19:21:47.286158+00:00
8124,275,40,NO,sell,27.71,78.17,0.354474,696627,0x0a30ee0cc3c0,2025-11-23T19:21:39.419191+00:00
4277,71,15,NO,sell,25.04,56.61,0.442324,195760,0x07885f086f79,2025-11-23T19:21:00.064894+00:00
7873,262,15,YES,sell,22.92,41.45,0.552909,369789,0x08db0204e5f9,2025-11-23T19:20:15.506973+00:00
5006,111,35,NO,sell,14.38,25.46,0.564911,221855,0x06ac0e06fdf0,2025-11-23T19:17:08.811332+00:00
9662,350,40,YES,buy,38.07,92.7,0.410661,736641,0x02847c0520d1,2025-11-23T19:16:17.293720+00:00
5972,161,38,NO,buy,7.97,11.97,0.665998,403537,0x0304540b6557,2025-11-23T19:14:55.420990+00:00
7102,221,41,YES,buy,35.62,94.64,0.376364,375163,0x09a8da0c1fa6,2025-11-23T19:14:47.609160+00:00
7101,221,28,YES,sell,28.89,95.99,0.300968,168668,0x0866ad0ecff8,2025-11-23T19:13:41.609160+00:00
8123,275,44,YES,buy,43.51,64.19,0.677858,308211,0x09e4a5088271,2025-11-23T19:12:50.419191+00:00
5619,143,43,YES,sell,32.55,60.86,0.534854,549759,0x098b1c068dfb,2025-11-23T19:12:39.084790+00:00
13162,536,29,NO,buy,34.12,76.48,0.446112,482282,0x0f27440d3201,2025-11-23T19:12:20.293045+00:00
7739,256,25,NO,sell,31.83,77.8,0.409139,226202,0x077b920cba18,2025-11-23T19:12:09.022036+00:00
10626,402,40,YES,sell,33.43,54.27,0.615947,776244,0x0c1c0d0f3fc3,2025-11-23T19:10:57.012467+00:00
6695,202,31,NO,buy,40.79,78.03,0.522727,183544,0x072afb0e3c80,2025-11-23T19:10:50.056890+00:00
6266,179,24,NO,buy,1.84,2.92,0.629295,889010,0x049fd40cbc63,2025-11-23T19:10:32.456657+00:00
4753,95,44,NO,sell,6.06,18.41,0.329168,263769,0x0aaada0d2aa6,2025-11-23T19:10:24.842457+00:00
6694,202,40,YES,buy,12.74,22.84,0.557724,448871,0x0b23cf0470ff,2025-11-23T19:08:07.056890+00:00
4023,57,22,NO,sell,4.8,11.59,0.414291,336239,0x05df9106e641,2025-11-23T19:07:22.031124+00:00
11584,455,23,YES,sell,28.25,59.0,0.478847,47184,0x060c150ba752,2025-11-23T19:07:11.580557+00:00
9329,333,22,NO,sell,18.88,34.6,0.545599,553760,0x0bdac609fc42,2025-11-23T19:06:50.984858+00:00
4383,78,25,YES,buy,8.24,14.16,0.581879,117308,0x03cad50dea6e,2025-11-23T19:06:30.468977+00:00
11388,444,38,YES,buy,21.45,57.14,0.375369,88143,0x0c1f230be9dd,2025-11-23T19:05:48.854765+00:00
12235,488,40,NO,sell,40.04,66.29,0.604034,969865,0x0674440534a6,2025-11-23T19:05:40.937275+00:00
4752,95,35,NO,buy,8.05,13.25,0.607483,675588,0x0505220b596e,2025-11-23T19:02:59.842457+00:00
10110,376,21,NO,sell,48.87,111.8,0.437117,466838,0x069b2308e030,2025-11-23T19:02:42.076853+00:00
8122,275,20,NO,buy,39.84,66.2,0.601854,783019,0x04350f04e12e,2025-11-23T19:01:48.419191+00:00
6712,203,42,YES,sell,49.12,143.66,0.341924,229209,0x0471040d24cf,2025-11-23T19:01:14.141116+00:00
4276,71,41,YES,sell,30.65,56.18,0.545546,812131,0x0b0e3c07df85,2025-11-23T18:58:34.064894+00:00
4230,67,24,YES,sell,34.62,51.73,0.669242,327084,0x0cc8650dd7e4,2025-11-23T18:57:13.814846+00:00
13458,550,34,NO,buy,6.67,21.49,0.310377,22715,0x04e4030a95dc,2025-11-23T18:55:33.335803+00:00
4628,90,38,YES,sell,39.85,107.95,0.369161,737989,0x0ebcb60c8f34,2025-11-23T18:54:50.408281+00:00
5005,111,23,NO,buy,30.91,45.26,0.682967,992332,0x069e650c7082,2025-11-23T18:53:35.811332+00:00
9997,370,21,YES,sell,43.47,63.0,0.690046,349546,0x06c6b008db4a,2025-11-23T18:52:30.615952+00:00
5930,159,18,NO,sell,19.96,57.39,0.347778,379887,0x046c6e037e17,2025-11-23T18:50:53.265109+00:00
4751,95,41,NO,buy,22.59,45.48,0.496689,412707,0x04bc900b4a6b,2025-11-23T18:50:39.842457+00:00
11187,433,44,NO,buy,42.11,80.92,0.520365,961181,0x09efb102d349,2025-11-23T18:50:14.105056+00:00
7100,221,23,YES,sell,24.19,40.09,0.603444,449819,0x09a0970432ac,2025-11-23T18:42:34.609160+00:00
4275,71,39,YES,buy,25.54,37.03,0.689729,459320,0x0262900316be,2025-11-23T18:42:34.064894+00:00
10625,402,32,YES,buy,28.4,67.97,0.417835,124217,0x04dc73022f25,2025-11-23T18:41:58.012467+00:00
12346,494,44,YES,buy,40.97,116.99,0.350205,838983,0x0e3f190c94a0,2025-11-23T18:41:29.340999+00:00
7325,234,37,NO,buy,26.19,58.54,0.447386,3576,0x0b1f010678b7,2025-11-23T18:41:05.441092+00:00
4627,90,43,YES,buy,13.56,32.28,0.420121,597707,0x0aa75707ec32,2025-11-23T18:39:50.408281+00:00
10109,376,30,YES,sell,43.87,68.98,0.635964,597924,0x085e9c0a5060,2025-11-23T18:39:38.076853+00:00
12190,486,20,YES,sell,29.68,51.51,0.576231,831004,0x05de10059a4a,2025-11-23T18:38:36.750831+00:00
4067,59,35,NO,buy,10.97,21.11,0.519688,924634,0x062264088926,2025-11-23T18:36:11.207726+00:00
4750,95,23,YES,buy,14.59,44.9,0.324955,63976,0x07be4a06d92d,2025-11-23T18:32:52.842457+00:00
8328,284,22,NO,sell,28.63,70.61,0.405445,32286,0x0a951f072a0a,2025-11-23T18:32:29.170051+00:00
9996,370,37,NO,sell,30.44,52.4,0.580952,89732,0x02fd0209b0ac,2025-11-23T18:32:19.615952+00:00
12234,488,26,YES,sell,31.24,60.0,0.520652,689850,0x0e32de04a5e5,2025-11-23T18:31:36.937275+00:00
5415,132,44,NO,buy,2.58,5.51,0.468562,932164,0x04bbeb06e0e7,2025-11-23T18:31:30.347590+00:00
12878,522,24,YES,buy,12.31,28.07,0.438595,179005,0x0b93ea041ad4,2025-11-23T18:30:53.286158+00:00
5618,143,33,YES,sell,18.84,37.42,0.503437,501143,0x09cb820804f6,2025-11-23T18:30:16.084790+00:00
6265,179,35,YES,sell,43.13,81.29,0.530572,158420,0x06c08a03ae16,2025-11-23T18:29:40.456657+00:00
13161,536,42,NO,sell,9.71,19.43,0.499839,384517,0x057e650657b0,2025-11-23T18:27:02.293045+00:00
11387,444,21,YES,buy,25.41,44.31,0.573471,768472,0x088b480b19e4,2025-11-23T18:25:54.854765+00:00
12189,486,16,YES,sell,40.45,75.98,0.532393,746985,0x0b326f0b9491,2025-11-23T18:25:42.750831+00:00
4229,67,24,YES,sell,33.03,57.23,0.577107,124967,0x0285160c35e0,2025-11-23T18:25:17.814846+00:00
5971,161,32,YES,buy,46.71,103.53,0.45117,462228,0x0c18820cf447,2025-11-23T18:24:49.420990+00:00
9661,350,27,NO,sell,26.25,37.67,0.696921,747065,0x0561220f26fb,2025-11-23T18:24:34.293720+00:00
4022,57,29,NO,buy,42.15,102.57,0.410925,509136,0x0df7fb09ddde,2025-11-23T18:24:25.031124+00:00
7872,262,30,YES,buy,1.59,2.34,0.679699,165199,0x0cf55c095699,2025-11-23T18:23:50.506973+00:00
10380,391,30,NO,sell,25.71,44.06,0.583482,694704,0x04bd750b4a8d,2025-11-23T18:23:29.074032+00:00
10624,402,43,NO,sell,17.79,33.67,0.528293,748576,0x0232d504d738,2025-11-23T18:21:57.012467+00:00
7324,234,18,NO,buy,10.03,22.99,0.436205,710901,0x0cf97c0d0350,2025-11-23T18:21:45.441092+00:00
7738,256,33,NO,buy,42.3,67.79,0.624005,796054,0x066c8c07d5bc,2025-11-23T18:20:12.022036+00:00
5617,143,42,NO,sell,32.2,103.47,0.311202,318672,0x04e9970adb89,2025-11-23T18:19:59.084790+00:00
10108,376,32,NO,sell,14.43,20.71,0.696839,106748,0x0ed4510670a8,2025-11-23T18:19:37.076853+00:00
9328,333,15,NO,buy,30.72,91.09,0.337254,509233,0x0d8c42064b64,2025-11-23T18:17:29.984858+00:00
12188,486,20,NO,sell,36.65,63.21,0.579789,328412,0x0f10ee09c965,2025-11-23T18:17:01.750831+00:00
4274,71,24,YES,buy,28.77,44.97,0.639777,348843,0x0c5bc20a2cc4,2025-11-23T18:16:12.064894+00:00
8121,275,29,YES,sell,8.55,21.54,0.397016,881526,0x0c3e53050ca4,2025-11-23T18:15:36.419191+00:00
5004,111,33,YES,sell,5.4,9.32,0.579372,761294,0x0ed05803c2a1,2025-11-23T18:15:26.811332+00:00
4626,90,41,NO,buy,5.62,11.61,0.484148,278860,0x04060a03bd8b,2025-11-23T18:14:37.408281+00:00
6582,195,31,NO,buy,2.6,4.22,0.616588,746281,0x0bf1a2068beb,2025-11-23T18:14:36.614663+00:00
7737,256,17,NO,buy,16.79,46.17,0.363627,969121,0x07915102d8fd,2025-11-23T18:12:39.022036+00:00
9995,370,21,YES,sell,19.54,63.37,0.308339,308529,0x0c9ccc042883,2025-11-23T18:12:14.615952+00:00
4273,71,25,YES,buy,29.76,49.53,0.600902,418643,0x0cede40ea90a,2025-11-23T18:10:47.064894+00:00
4749,95,35,NO,sell,38.7,67.08,0.576889,808528,0x0c35070dd80e,2025-11-23T18:10:38.842457+00:00
5929,159,33,NO,sell,10.76,33.58,0.320397,514340,0x085e830b935f,2025-11-23T18:10:05.265109+00:00
13457,550,42,YES,sell,23.43,49.75,0.470963,15696,0x0680a70d2630,2025-11-23T18:09:41.335803+00:00
13160,536,19,NO,buy,35.99,111.69,0.322225,683148,0x0d607009bbc8,2025-11-23T18:09:36.293045+00:00
12187,486,32,NO,sell,18.2,39.19,0.464453,288951,0x047f30047f86,2025-11-23T18:09:31.750831+00:00
6711,203,44,NO,buy,39.71,64.26,0.617922,521449,0x04d2da085548,2025-11-23T18:09:09.141116+00:00
7099,221,38,YES,sell,39.76,94.89,0.419004,942418,0x02625b03a46d,2025-11-23T18:08:33.609160+00:00
12345,494,21,NO,buy,44.64,90.72,0.492068,984876,0x0303bc0663d8,2025-11-23T18:08:18.340999+00:00
6693,202,22,NO,buy,11.89,33.98,0.349925,88184,0x05029f084435,2025-11-23T18:08:18.056890+00:00
11583,455,31,NO,buy,46.98,77.15,0.608918,377208,0x01ebe90d626a,2025-11-23T18:08:01.580557+00:00
12233,488,26,NO,buy,7.54,20.2,0.373359,231045,0x082bad0a98e3,2025-11-23T18:07:30.937275+00:00
4382,78,15,NO,buy,40.52,92.87,0.436304,886296,0x045d800e5d5b,2025-11-23T18:07:04.468977+00:00
10379,391,20,YES,buy,42.95,106.1,0.404801,270525,0x02105b06d53d,2025-11-23T18:05:35.074032+00:00
4748,95,36,YES,buy,35.09,87.43,0.401334,982658,0x08ff460c17f1,2025-11-23T18:05:18.842457+00:00
4228,67,30,NO,buy,1.33,2.93,0.45343,280963,0x08ac740d9603,2025-11-23T18:02:37.814846+00:00
7098,221,34,NO,buy,31.57,51.05,0.61846,302637,0x03b0b30b9bd1,2025-11-23T18:02:36.609160+00:00
6264,179,19,NO,buy,5.92,14.31,0.41378,717221,0x0e29cc0a75c6,2025-11-23T18:02:33.456657+00:00
4066,59,31,YES,sell,21.25,56.66,0.375033,794188,0x0750790b7cee,2025-11-23T18:02:00.207726+00:00
7736,256,33,YES,buy,40.7,71.54,0.568888,842238,0x04a9f20e462b,2025-11-23T18:01:09.022036+00:00
12877,522,37,YES,sell,10.86,18.09,0.600374,186221,0x0c8539019953,2025-11-23T18:00:59.286158+00:00
5616,143,37,NO,sell,8.57,13.78,0.622079,637956,0x03952d03decb,2025-11-23T17:59:52.084790+00:00
10044,372,44,NO,buy,36.84,89.3,0.412537,82593,0x01bf8404f25f,2025-11-23T17:59:45.812581+00:00
5414,132,33,YES,sell,20.56,63.72,0.322659,612081,0x0cafa8034cc4,2025-11-23T17:59:11.347590+00:00
7871,262,33,NO,sell,49.67,82.3,0.603498,169099,0x0a1b520daa1c,2025-11-23T17:57:43.506973+00:00
8120,275,44,NO,buy,27.31,41.62,0.656225,559487,0x0c9bd60efa20,2025-11-23T17:55:53.419191+00:00
6263,179,15,YES,sell,32.88,58.09,0.566058,547300,0x06596d0df3c7,2025-11-23T17:55:19.456657+00:00
9660,350,41,YES,sell,44.71,74.29,0.601868,5682,0x0257150bc2ed,2025-11-23T17:54:34.293720+00:00
4227,67,43,NO,sell,26.25,78.43,0.334695,194757,0x0c3be5030d52,2025-11-23T17:52:52.814846+00:00
10107,376,30,YES,sell,6.61,21.67,0.304998,982461,0x0dc35d01a189,2025-11-23T17:52:30.076853+00:00
7323,234,16,YES,buy,32.66,87.44,0.373523,359184,0x0ad58b0be4f5,2025-11-23T17:52:13.441092+00:00
4021,57,39,NO,sell,41.7,80.32,0.519149,904342,0x0412890d6ca3,2025-11-23T17:51:51.031124+00:00
9327,333,34,YES,sell,18.41,34.41,0.534999,430590,0x08bd7f054e46,2025-11-23T17:51:33.984858+00:00
11186,433,39,YES,buy,41.77,74.65,0.559553,810884,0x06f0d909de57,2025-11-23T17:51:26.105056+00:00
6710,203,29,YES,sell,1.71,3.97,0.431266,314785,0x0ad0c209fde7,2025-11-23T17:51:04.141116+00:00
11582,455,34,NO,sell,36.98,73.22,0.50504,977272,0x02dbe00247c0,2025-11-23T17:49:56.580557+00:00
9994,370,44,NO,buy,20.99,30.44,0.689514,693051,0x0c4f84029865,2025-11-23T17:48:40.615952+00:00
9659,350,15,NO,sell,41.15,65.43,0.628943,523209,0x0beabf0a77a8,2025-11-23T17:47:48.293720+00:00
6581,195,28,YES,buy,1.92,4.89,0.392796,608592,0x08bcf20cf402,2025-11-23T17:46:04.614663+00:00
6692,202,37,NO,buy,13.74,21.5,0.638962,39427,0x0b2ca704c6d3,2025-11-23T17:45:23.056890+00:00
10623,402,22,YES,buy,41.34,103.8,0.398253,586213,0x0f23d10badbc,2025-11-23T17:44:39.012467+00:00
11185,433,23,NO,buy,41.33,112.24,0.368243,831790,0x0b713502770f,2025-11-23T17:44:25.105056+00:00
9818,360,34,YES,sell,22.18,52.55,0.42211,63896,0x0b19c605b6a0,2025-11-23T17:40:44.920483+00:00
9326,333,30,YES,sell,2.29,4.66,0.49128,448812,0x0bca990a8b6d,2025-11-23T17:40:12.984858+00:00
7097,221,29,YES,buy,28.37,88.4,0.320944,37231,0x0794c30e4979,2025-11-23T17:39:34.609160+00:00
4747,95,36,YES,buy,35.7,102.59,0.347991,137217,0x0f3a9b0b336b,2025-11-23T17:39:29.842457+00:00
5003,111,27,NO,buy,29.67,58.85,0.504131,776089,0x0240ee041bc9,2025-11-23T17:38:49.811332+00:00
10293,386,18,YES,sell,10.8,16.4,0.658676,8231,0x04842303db1b,2025-11-23T17:35:00.751206+00:00
8327,284,32,YES,sell,45.44,112.85,0.402662,579615,0x0e659e0deaa6,2025-11-23T17:34:56.170051+00:00
11581,455,16,YES,sell,40.39,133.8,0.301864,644578,0x089b4c0aa5da,2025-11-23T17:34:18.580557+00:00
4381,78,20,NO,buy,5.42,13.79,0.393049,553021,0x0506dd01d840,2025-11-23T17:34:17.468977+00:00
11386,444,33,NO,sell,39.08,60.28,0.648255,649541,0x09865107e645,2025-11-23T17:34:05.854765+00:00
5928,159,27,NO,buy,4.26,6.82,0.624796,477851,0x059a5409725f,2025-11-23T17:32:20.265109+00:00
6419,187,34,YES,sell,10.91,25.71,0.424342,224574,0x0a23fe02d920,2025-11-23T17:31:53.034800+00:00
7735,256,33,NO,buy,7.93,15.78,0.502632,410301,0x0dbe4709e533,2025-11-23T17:31:42.022036+00:00
5970,161,33,YES,sell,38.17,80.64,0.473363,699687,0x09bfda021ab8,2025-11-23T17:31:27.420990+00:00
4020,57,22,YES,sell,7.53,15.5,0.485857,625377,0x0a06240a77fb,2025-11-23T17:30:02.031124+00:00
9658,350,42,NO,sell,3.25,6.25,0.519832,645291,0x01d6fd07b8a3,2025-11-23T17:29:20.293720+00:00
6580,195,38,YES,buy,43.04,113.87,0.377961,193006,0x08d89f0635bf,2025-11-23T17:27:49.614663+00:00
5615,143,33,NO,sell,16.03,27.34,0.586335,320544,0x0a9bad0bab0e,2025-11-23T17:27:16.084790+00:00
12232,488,41,NO,buy,12.55,32.13,0.390571,779899,0x0cf98b080fb9,2025-11-23T17:26:33.937275+00:00
6418,187,34,NO,sell,47.87,78.94,0.606396,769294,0x0823fd0ee83e,2025-11-23T17:25:43.034800+00:00
6691,202,31,NO,buy,41.83,65.6,0.637642,609783,0x036e63073a77,2025-11-23T17:24:44.056890+00:00
10106,376,28,NO,buy,45.73,130.11,0.351478,978389,0x06ddf903f634,2025-11-23T17:23:47.076853+00:00
5927,159,37,NO,sell,27.33,76.23,0.358536,265802,0x0b38bc02adbe,2025-11-23T17:23:41.265109+00:00
11385,444,32,YES,buy,49.17,70.92,0.693273,989209,0x0df0030c5848,2025-11-23T17:23:15.854765+00:00
7945,265,36,YES,buy,33.69,56.16,0.599938,343572,0x02db430e9d0e,2025-11-23T17:23:10.782177+00:00
13159,536,19,YES,sell,42.32,114.3,0.37024,735780,0x0be4970ae692,2025-11-23T17:23:03.293045+00:00
9325,333,16,NO,buy,6.65,15.99,0.415917,5094,0x06a3420ba902,2025-11-23T17:22:48.984858+00:00
5413,132,22,NO,sell,20.13,45.42,0.443162,79409,0x040d3b06228e,2025-11-23T17:22:33.347590+00:00
10378,391,22,NO,sell,31.39,72.71,0.431694,313893,0x07ea330c087a,2025-11-23T17:22:32.074032+00:00
13456,550,42,NO,buy,11.8,35.71,0.330466,845192,0x08378f0ba5f4,2025-11-23T17:22:08.335803+00:00
4625,90,43,NO,buy,15.72,40.44,0.388755,23755,0x0f37a7069079,2025-11-23T17:21:47.408281+00:00
5412,132,40,NO,buy,6.78,17.29,0.392229,347994,0x0b26530a2cab,2025-11-23T17:20:51.347590+00:00
10292,386,25,YES,sell,47.74,73.52,0.649306,365655,0x0483a7069b80,2025-11-23T17:20:08.751206+00:00
7944,265,34,YES,sell,2.17,3.24,0.669567,8432,0x07c1bb026227,2025-11-23T17:19:44.782177+00:00
9993,370,37,NO,buy,3.49,7.56,0.461891,783623,0x0dfca201fc1b,2025-11-23T17:19:03.615952+00:00
6262,179,21,YES,buy,15.39,40.82,0.376978,219525,0x079c4406ec42,2025-11-23T17:18:33.456657+00:00
10622,402,37,NO,sell,19.46,37.59,0.517674,865753,0x06100e03b554,2025-11-23T17:18:24.012467+00:00
12186,486,17,NO,buy,38.82,106.64,0.364031,83006,0x052983034d83,2025-11-23T17:17:08.750831+00:00
6417,187,19,NO,sell,30.06,56.8,0.529234,362353,0x0f3ecb081eb0,2025-11-23T17:16:35.034800+00:00
12344,494,36,YES,sell,8.11,15.5,0.523088,81258,0x0588e303fe1c,2025-11-23T17:15:41.340999+00:00
8119,275,27,NO,buy,45.66,107.07,0.42644,410063,0x0b575305e2d2,2025-11-23T17:15:30.419191+00:00
12876,522,33,NO,buy,36.45,116.98,0.311587,736527,0x0f3df0099378,2025-11-23T17:15:17.286158+00:00
12185,486,41,YES,buy,30.44,76.63,0.39723,818467,0x05dcec039764,2025-11-23T17:14:43.750831+00:00
6762,205,30,YES,sell,25.29,67.57,0.374255,864635,0x01ecd30e64e4,2025-11-23T17:13:14.312674+00:00
4380,78,15,NO,buy,28.59,76.18,0.375293,569458,0x0e7e070966c9,2025-11-23T17:13:02.468977+00:00
4272,71,44,YES,sell,45.07,85.78,0.525404,974882,0x020d64046542,2025-11-23T17:12:34.064894+00:00
7870,262,31,NO,sell,46.62,146.47,0.318298,37893,0x0722580b91ba,2025-11-23T17:12:27.506973+00:00
4624,90,29,NO,buy,36.59,52.79,0.693183,543752,0x0b0ede01c966,2025-11-23T17:12:24.408281+00:00
5411,132,34,YES,buy,22.51,40.91,0.550188,82939,0x02a8e60aa1df,2025-11-23T17:12:01.347590+00:00
4797,98,37,YES,buy,7.78,17.93,0.433972,681566,0x0a28f70357c1,2025-11-23T17:11:14.007691+00:00
7943,265,41,YES,sell,20.48,34.19,0.598945,338803,0x03f0c60751da,2025-11-23T17:10:58.782177+00:00
7322,234,35,YES,buy,19.31,49.48,0.390277,89869,0x0b3168095240,2025-11-23T17:10:51.441092+00:00
9817,360,31,YES,buy,19.68,36.99,0.532086,290163,0x01e69b01f27c,2025-11-23T17:10:32.920483+00:00
11580,455,43,YES,buy,43.87,77.85,0.563517,896873,0x0ea1bc0bb8f1,2025-11-23T17:10:17.580557+00:00
11184,433,18,NO,sell,39.58,96.25,0.411216,863465,0x08772c081834,2025-11-23T17:10:06.105056+00:00
12875,522,35,NO,sell,9.43,13.69,0.68907,819146,0x055f4b083197,2025-11-23T17:09:20.286158+00:00
4271,71,43,YES,buy,11.36,17.55,0.647247,285263,0x0a982c092246,2025-11-23T17:09:14.064894+00:00
4226,67,38,NO,sell,28.82,47.8,0.602913,898734,0x0455730b4d18,2025-11-23T17:09:06.814846+00:00
4225,67,40,YES,sell,8.96,18.53,0.483566,196243,0x05a4610d0600,2025-11-23T17:07:59.814846+00:00
9657,350,27,NO,buy,46.38,74.36,0.623754,187425,0x0b6d5903e589,2025-11-23T17:06:54.293720+00:00
7869,262,22,YES,sell,48.38,98.89,0.489253,370428,0x0a18ac0d4483,2025-11-23T17:06:15.506973+00:00
9816,360,30,YES,buy,6.79,12.09,0.561465,383287,0x0b4e51028796,2025-11-23T17:03:07.920483+00:00
10043,372,27,YES,sell,43.57,74.24,0.586915,883096,0x0454700abafa,2025-11-23T17:02:50.812581+00:00
4065,59,32,YES,sell,5.31,13.24,0.40096,424808,0x0361700de2fb,2025-11-23T17:02:48.207726+00:00
4270,71,20,YES,sell,42.42,76.03,0.557963,900636,0x06d3820a945f,2025-11-23T17:02:34.064894+00:00
5614,143,33,NO,buy,38.3,106.62,0.35921,232757,0x06240901f0e0,2025-11-23T17:01:47.084790+00:00
6261,179,29,YES,sell,33.42,49.86,0.670212,978694,0x0daf6308872f,2025-11-23T17:01:25.456657+00:00
9324,333,21,NO,sell,11.13,17.01,0.654427,303303,0x0981730571a0,2025-11-23T17:01:16.984858+00:00
11579,455,41,YES,sell,1.88,3.39,0.555194,740717,0x0978b405b273,2025-11-23T17:00:37.580557+00:00
6260,179,27,NO,buy,7.35,19.74,0.372283,757726,0x0376100b67f0,2025-11-23T16:59:05.456657+00:00
4746,95,38,NO,sell,10.46,33.8,0.30948,985094,0x02ff37026f9d,2025-11-23T16:58:46.842457+00:00
5969,161,27,NO,sell,18.0,41.8,0.430618,841144,0x0769d102572d,2025-11-23T16:56:00.420990+00:00
4224,67,24,NO,sell,44.57,126.02,0.35368,287090,0x0997e10903a3,2025-11-23T16:54:40.814846+00:00
7321,234,20,YES,buy,21.48,37.78,0.56857,605456,0x024e4c0339cb,2025-11-23T16:54:21.441092+00:00
7320,234,41,YES,buy,25.51,60.62,0.420828,376696,0x0e02770eaac4,2025-11-23T16:53:40.441092+00:00
10105,376,31,YES,buy,28.67,43.44,0.659993,915438,0x0f24750c13f7,2025-11-23T16:52:38.076853+00:00
5002,111,20,YES,buy,46.74,94.83,0.492875,881266,0x0b177d058a44,2025-11-23T16:52:14.811332+00:00
6709,203,32,YES,buy,15.66,30.34,0.516179,952377,0x0bc1300b42c7,2025-11-23T16:52:12.141116+00:00
4019,57,39,NO,buy,9.62,14.08,0.683186,53657,0x09d02e08f56b,2025-11-23T16:51:49.031124+00:00
13158,536,30,NO,sell,22.61,58.94,0.38359,935100,0x018eb80ca4f0,2025-11-23T16:51:22.293045+00:00
6259,179,29,YES,buy,6.64,10.91,0.608551,122565,0x0c4d0602f423,2025-11-23T16:51:14.456657+00:00
10291,386,39,NO,buy,13.9,44.22,0.314305,899637,0x0334dc0be161,2025-11-23T16:51:11.751206+00:00
13455,550,15,YES,sell,18.26,54.0,0.338127,292221,0x092bdb0718aa,2025-11-23T16:51:09.335803+00:00
5926,159,34,NO,buy,44.48,71.3,0.623831,411654,0x07869e0574bd,2025-11-23T16:50:28.265109+00:00
5250,124,32,YES,sell,5.1,8.7,0.585968,815316,0x09f4fe0ac59b,2025-11-23T16:50:26.756657+00:00
9323,333,44,NO,buy,25.6,46.85,0.546453,1543,0x02b6d0070b73,2025-11-23T16:48:44.984858+00:00
5410,132,36,NO,buy,41.79,79.13,0.528148,370209,0x091b08098a1b,2025-11-23T16:47:31.347590+00:00
9815,360,35,YES,buy,33.37,74.24,0.44948,670710,0x0aa596080f13,2025-11-23T16:46:52.920483+00:00
10621,402,22,NO,buy,35.02,112.54,0.311166,362687,0x0b564709703e,2025-11-23T16:45:28.012467+00:00
7319,234,15,NO,buy,49.32,78.56,0.627763,226914,0x0d8cde020ddc,2025-11-23T16:45:14.441092+00:00
7096,221,28,YES,sell,20.69,49.32,0.419495,971470,0x092d1801fa72,2025-11-23T16:44:37.609160+00:00
4018,57,30,NO,buy,8.23,14.31,0.575049,929477,0x0d8a930dd8bb,2025-11-23T16:44:23.031124+00:00
5613,143,39,NO,sell,15.47,32.37,0.477869,734543,0x0e1fb508bb5d,2025-11-23T16:44:01.084790+00:00
4745,95,15,YES,buy,21.15,41.46,0.510106,369591,0x0c7e6e08a934,2025-11-23T16:43:38.842457+00:00
10377,391,25,NO,buy,12.48,29.57,0.42198,793708,0x0bab0f09b044,2025-11-23T16:43:18.074032+00:00
9992,370,40,NO,sell,3.91,5.96,0.655668,221390,0x068f01092ff9,2025-11-23T16:43:10.615952+00:00
9991,370,19,YES,buy,34.59,61.06,0.566522,792125,0x0c3d760d7f50,2025-11-23T16:42:47.615952+00:00
12184,486,16,YES,sell,17.74,35.18,0.504234,938974,0x07d7210c2c1e,2025-11-23T16:42:28.750831+00:00
12633,509,38,YES,sell,18.37,27.22,0.674869,872105,0x0dbc7c0414ab,2025-11-23T16:41:55.398456+00:00
6579,195,16,YES,sell,44.62,118.61,0.376197,979099,0x080b51040c09,2025-11-23T16:41:52.614663+00:00
4623,90,25,YES,buy,19.38,37.26,0.520095,378496,0x0d706a05975f,2025-11-23T16:41:21.408281+00:00
12874,522,34,YES,buy,9.04,19.52,0.463119,23562,0x07f489045f56,2025-11-23T16:40:30.286158+00:00
7868,262,18,YES,buy,14.77,21.42,0.689524,121146,0x07c7170c076b,2025-11-23T16:39:45.506973+00:00
7095,221,38,YES,buy,25.15,51.65,0.486976,985857,0x0504f604c931,2025-11-23T16:39:19.609160+00:00
8118,275,42,YES,sell,7.84,11.61,0.675257,740133,0x0c215709e61b,2025-11-23T16:38:27.419191+00:00
6761,205,20,YES,buy,11.01,17.61,0.625199,780348,0x0a967b022f9c,2025-11-23T16:38:18.312674+00:00
12231,488,33,YES,buy,36.57,53.35,0.685476,632732,0x06cbef0c3227,2025-11-23T16:37:01.937275+00:00
10290,386,18,YES,sell,9.53,16.15,0.589963,269492,0x0f10200310b8,2025-11-23T16:36:50.751206+00:00
10620,402,41,NO,buy,31.23,97.01,0.321926,338643,0x0715b80772bc,2025-11-23T16:36:40.012467+00:00
11384,444,19,YES,buy,11.67,21.02,0.555275,461129,0x09bfc90e4be4,2025-11-23T16:36:38.854765+00:00
5925,159,21,NO,buy,6.74,11.44,0.589097,260026,0x0630730bbe4f,2025-11-23T16:36:16.265109+00:00
7734,256,42,NO,buy,47.48,83.63,0.567755,494748,0x05528a0d327d,2025-11-23T16:36:16.022036+00:00
10042,372,43,YES,buy,5.59,13.73,0.4071,470497,0x0e453006a752,2025-11-23T16:35:48.812581+00:00
8326,284,43,YES,sell,13.5,21.83,0.618499,45565,0x0809fb0ef696,2025-11-23T16:34:57.170051+00:00
5409,132,40,YES,buy,18.62,40.2,0.463211,358261,0x0a456b02ad64,2025-11-23T16:34:42.347590+00:00
4796,98,18,NO,sell,23.8,75.23,0.31635,680658,0x076388045485,2025-11-23T16:32:56.007691+00:00
4379,78,26,YES,buy,12.59,29.47,0.427202,377211,0x0d55e70cb01a,2025-11-23T16:32:29.468977+00:00
6416,187,41,YES,sell,28.53,66.21,0.430892,851110,0x0636e605286e,2025-11-23T16:32:20.034800+00:00
5408,132,20,NO,buy,5.21,16.82,0.309697,214426,0x0c39720310af,2025-11-23T16:32:16.347590+00:00
12343,494,17,NO,sell,46.65,67.87,0.687329,353072,0x0e06dc072d26,2025-11-23T16:32:06.340999+00:00
12632,509,29,YES,buy,13.14,27.98,0.469583,717909,0x09bae9032d0f,2025-11-23T16:31:52.398456+00:00
4223,67,30,YES,sell,43.96,144.74,0.303707,113512,0x0a9cff0b2b9f,2025-11-23T16:31:38.814846+00:00
11578,455,25,YES,buy,37.59,79.96,0.470099,101241,0x0599680dc592,2025-11-23T16:30:57.580557+00:00
12631,509,23,NO,buy,7.07,12.29,0.575217,567156,0x0ea14f0b2088,2025-11-23T16:29:57.398456+00:00
4795,98,21,YES,sell,37.05,115.09,0.321925,932112,0x0c5200075987,2025-11-23T16:29:15.007691+00:00
11577,455,36,NO,buy,26.98,65.16,0.414039,206172,0x0683190d4627,2025-11-23T16:28:36.580557+00:00
10289,386,19,YES,sell,39.14,75.86,0.515953,352224,0x035d1503338c,2025-11-23T16:28:20.751206+00:00
5612,143,23,YES,sell,32.46,98.47,0.329628,790056,0x0cdf0709641f,2025-11-23T16:27:09.084790+00:00
6760,205,29,YES,sell,5.38,8.95,0.601054,474401,0x0214600bfed6,2025-11-23T16:26:25.312674+00:00
10376,391,20,YES,sell,24.46,53.71,0.455397,799640,0x08cb56077177,2025-11-23T16:25:57.074032+00:00
5968,161,37,NO,buy,2.21,5.7,0.387478,26312,0x09dd03077755,2025-11-23T16:25:14.420990+00:00
6690,202,30,YES,sell,32.29,72.95,0.442649,460654,0x03c8c2064971,2025-11-23T16:24:55.056890+00:00
10104,376,39,NO,sell,7.22,21.24,0.339969,737486,0x08a641033cf8,2025-11-23T16:24:51.076853+00:00
7733,256,35,NO,sell,28.48,78.82,0.361347,539618,0x0eb73601edcd,2025-11-23T16:24:13.022036+00:00
7942,265,30,YES,buy,30.37,76.9,0.394935,499530,0x0c1bc403a49b,2025-11-23T16:23:19.782177+00:00
6258,179,19,YES,buy,11.16,32.14,0.347232,483706,0x0c83b30cbb78,2025-11-23T16:23:05.456657+00:00
11383,444,23,NO,buy,37.45,62.2,0.602109,483250,0x04032f02d3dd,2025-11-23T16:22:08.854765+00:00
4017,57,34,YES,sell,21.31,38.61,0.551906,731180,0x04a3080d04f8,2025-11-23T16:18:01.031124+00:00
6578,195,23,NO,sell,20.01,59.94,0.333857,578482,0x05174e0a32d1,2025-11-23T16:16:23.614663+00:00
11183,433,31,NO,buy,40.32,102.41,0.393707,77830,0x096a3b09cc59,2025-11-23T16:15:24.105056+00:00
10041,372,41,YES,buy,12.08,19.13,0.631586,646453,0x0880070efd21,2025-11-23T16:14:26.812581+00:00
4269,71,16,YES,sell,19.58,37.58,0.521081,10909,0x026c780bb6be,2025-11-23T16:14:26.064894+00:00
5924,159,43,YES,sell,10.31,17.95,0.574392,580761,0x0ced850a35d5,2025-11-23T16:14:11.265109+00:00
5249,124,25,YES,buy,19.78,38.06,0.519736,517530,0x0a25550a10f3,2025-11-23T16:13:55.756657+00:00
5611,143,18,YES,sell,21.23,48.7,0.435934,507033,0x056a3b0e4135,2025-11-23T16:12:39.084790+00:00
12079,480,19,YES,buy,33.91,98.34,0.344832,800882,0x0d6fbe0ef7d8,2025-11-23T16:12:04.316956+00:00
4064,59,18,YES,sell,21.17,42.49,0.498188,854085,0x0c209107eee0,2025-11-23T16:10:43.207726+00:00
13157,536,22,NO,sell,32.54,53.61,0.606985,150983,0x08f03208273f,2025-11-23T16:09:42.293045+00:00
13454,550,21,YES,sell,26.46,53.24,0.496954,528213,0x03c6bf07f596,2025-11-23T16:08:21.335803+00:00
9656,350,27,YES,sell,42.94,133.46,0.32174,256296,0x0e03c0074824,2025-11-23T16:07:55.293720+00:00
5001,111,32,NO,sell,3.05,4.88,0.625057,304300,0x0ecbbb0b7522,2025-11-23T16:07:30.811332+00:00
6689,202,31,YES,sell,16.12,47.82,0.337098,323181,0x08b29a08caa6,2025-11-23T16:06:23.056890+00:00
4378,78,22,NO,buy,38.44,56.6,0.679121,837124,0x0abca80f11e8,2025-11-23T16:05:49.468977+00:00
6577,195,40,YES,buy,47.27,116.88,0.404437,313837,0x074b370a5ddf,2025-11-23T16:03:19.614663+00:00
6688,202,18,NO,sell,19.04,57.07,0.333613,353309,0x0297410266d6,2025-11-23T16:02:40.056890+00:00
10375,391,32,YES,sell,41.1,66.39,0.619054,453503,0x0bd8010ddeba,2025-11-23T16:02:27.074032+00:00
6708,203,38,YES,buy,9.78,29.76,0.328583,486239,0x0d72ee0adde5,2025-11-23T16:02:08.141116+00:00
7867,262,18,YES,buy,30.39,61.49,0.494237,526165,0x09bdb109eac0,2025-11-23T16:01:33.506973+00:00
9814,360,18,YES,sell,4.91,7.96,0.616851,293086,0x026bbd0a9cbd,2025-11-23T16:00:58.920483+00:00
11182,433,38,NO,sell,6.99,16.24,0.430521,561004,0x0749b10e435b,2025-11-23T16:00:53.105056+00:00
12078,480,31,NO,buy,15.89,47.92,0.331591,289638,0x044a6c094e30,2025-11-23T15:59:48.316956+00:00
9990,370,26,NO,sell,18.88,38.54,0.489911,223495,0x09de64079305,2025-11-23T15:59:18.615952+00:00
12630,509,25,NO,buy,16.25,28.17,0.576946,195041,0x0e339d08ae29,2025-11-23T15:59:11.398456+00:00
7941,265,32,NO,buy,5.98,14.29,0.418388,344573,0x0b94840bdc2e,2025-11-23T15:58:32.782177+00:00
4744,95,38,YES,sell,34.21,49.06,0.697286,12091,0x0689c70a49a5,2025-11-23T15:57:33.842457+00:00
11382,444,27,NO,sell,3.56,8.94,0.398354,949653,0x0ea18c0a3d67,2025-11-23T15:56:51.854765+00:00
7094,221,27,NO,buy,11.46,31.67,0.36189,454504,0x0de6b40da8e6,2025-11-23T15:56:28.609160+00:00
12183,486,25,YES,buy,31.38,49.18,0.638002,976112,0x0a16a004f306,2025-11-23T15:55:55.750831+00:00
8117,275,26,NO,sell,35.72,85.34,0.418581,174274,0x09e45d01fc45,2025-11-23T15:55:23.419191+00:00
10374,391,24,NO,buy,44.41,92.39,0.480682,818423,0x0c10a001a149,2025-11-23T15:53:34.074032+00:00
12342,494,29,NO,sell,22.99,68.39,0.336147,773449,0x0ee01e07788d,2025-11-23T15:53:29.340999+00:00
12230,488,30,YES,buy,38.75,78.81,0.491718,560385,0x049b9f06f802,2025-11-23T15:52:13.937275+00:00
4622,90,43,NO,sell,42.4,91.2,0.464937,867286,0x0ba861086a50,2025-11-23T15:51:38.408281+00:00
5000,111,29,YES,buy,39.36,110.27,0.356947,821011,0x0a2c44043786,2025-11-23T15:50:36.811332+00:00
10619,402,37,NO,buy,4.14,6.96,0.594434,270185,0x0663320895cd,2025-11-23T15:50:28.012467+00:00
9322,333,28,YES,buy,47.68,89.82,0.530863,832744,0x03e46904067d,2025-11-23T15:49:30.984858+00:00
7318,234,26,YES,buy,45.09,99.54,0.45298,901137,0x04e270091f90,2025-11-23T15:48:08.441092+00:00
8325,284,40,NO,buy,26.42,57.19,0.461979,109232,0x05e9470df103,2025-11-23T15:47:45.170051+00:00
4016,57,39,YES,sell,12.01,31.63,0.379652,257736,0x01eaab0243ea,2025-11-23T15:45:25.031124+00:00
11576,455,41,NO,sell,25.77,50.39,0.511369,420342,0x0317db02062e,2025-11-23T15:45:16.580557+00:00
10373,391,30,NO,sell,13.77,38.94,0.353626,799917,0x0649d809103e,2025-11-23T15:45:07.074032+00:00
6415,187,40,NO,sell,34.34,113.77,0.301841,951063,0x09448b05a0f1,2025-11-23T15:44:21.034800+00:00
12873,522,42,NO,buy,37.42,98.83,0.378615,768980,0x01a19b021e3c,2025-11-23T15:42:31.286158+00:00
5407,132,32,YES,buy,13.37,28.15,0.475006,211965,0x061a72052242,2025-11-23T15:41:27.347590+00:00
10288,386,15,NO,buy,14.03,39.79,0.352636,55264,0x08d9e2091ca8,2025-11-23T15:41:24.751206+00:00
4743,95,40,YES,sell,33.06,72.43,0.456462,786478,0x0de5730c549e,2025-11-23T15:40:53.842457+00:00
7317,234,41,YES,buy,15.8,34.13,0.462908,186423,0x0a30e90dd4da,2025-11-23T15:39:50.441092+00:00
6257,179,17,YES,sell,5.55,8.08,0.686966,51768,0x03d94c07e417,2025-11-23T15:39:42.456657+00:00
12629,509,35,YES,sell,49.55,101.33,0.489006,490305,0x0538590eee4c,2025-11-23T15:39:32.398456+00:00
8116,275,37,NO,sell,31.51,62.49,0.504263,396007,0x09be5407f283,2025-11-23T15:39:25.419191+00:00
6414,187,22,NO,buy,41.22,116.29,0.354466,485835,0x023a3c020d16,2025-11-23T15:39:21.034800+00:00
4222,67,22,YES,buy,21.48,33.82,0.635042,417278,0x021b790ee7b6,2025-11-23T15:37:41.814846+00:00
12077,480,35,YES,buy,8.03,20.69,0.388141,737887,0x0580d303c3aa,2025-11-23T15:35:14.316956+00:00
4794,98,25,YES,sell,21.87,53.61,0.407916,604171,0x0b536e0a3470,2025-11-23T15:34:51.007691+00:00
6687,202,20,NO,buy,34.38,78.4,0.43851,107328,0x0cee43068726,2025-11-23T15:34:47.056890+00:00
5967,161,26,NO,buy,16.21,32.25,0.502687,154028,0x01b3e903258f,2025-11-23T15:34:16.420990+00:00
6576,195,21,NO,sell,31.77,49.97,0.635833,986578,0x01901d0a6973,2025-11-23T15:33:47.614663+00:00
8324,284,26,YES,sell,9.0,27.6,0.326041,884476,0x0d9932024f23,2025-11-23T15:32:46.170051+00:00
5923,159,31,NO,sell,13.93,29.67,0.469539,806635,0x0c1258048a1e,2025-11-23T15:32:10.265109+00:00
6759,205,18,NO,buy,7.69,11.27,0.682126,28259,0x0a890601b91a,2025-11-23T15:31:45.312674+00:00
9989,370,36,NO,sell,29.81,80.0,0.372644,931454,0x0235f50294cb,2025-11-23T15:31:36.615952+00:00
7732,256,21,YES,buy,45.79,80.42,0.569418,382896,0x052dda0e663c,2025-11-23T15:31:12.022036+00:00
5248,124,26,NO,sell,21.77,37.71,0.577368,833046,0x0826240b275d,2025-11-23T15:30:18.756657+00:00
13453,550,19,YES,buy,23.4,44.09,0.530752,263932,0x0b61ea0498ca,2025-11-23T15:30:13.335803+00:00
7316,234,27,YES,buy,22.69,66.8,0.339684,630395,0x0640f4040997,2025-11-23T15:30:12.441092+00:00
7731,256,39,NO,sell,38.66,59.13,0.653776,546427,0x0ca35005d079,2025-11-23T15:29:31.022036+00:00
5966,161,17,NO,sell,41.23,79.19,0.520643,503748,0x022c9c0f14a6,2025-11-23T15:29:29.420990+00:00
10103,376,15,NO,sell,35.4,90.15,0.392666,715518,0x07e40b069f71,2025-11-23T15:28:06.076853+00:00
13156,536,15,YES,sell,31.52,95.72,0.329306,905783,0x0826b20ac518,2025-11-23T15:27:58.293045+00:00
6758,205,21,NO,buy,1.49,3.07,0.485939,32483,0x0b345b0688a0,2025-11-23T15:27:30.312674+00:00
4621,90,20,NO,sell,33.22,64.69,0.51356,979866,0x0b1fe1089d33,2025-11-23T15:27:25.408281+00:00
6707,203,43,NO,sell,32.12,60.79,0.528406,133559,0x0d97f709d821,2025-11-23T15:26:35.141116+00:00
4063,59,20,NO,sell,48.48,99.34,0.488004,337653,0x080f3806dbdb,2025-11-23T15:24:49.207726+00:00
10040,372,31,NO,buy,32.93,89.04,0.369822,962737,0x08b5fe0e8d79,2025-11-23T15:24:34.812581+00:00
6686,202,38,YES,sell,28.23,48.26,0.584946,341497,0x06aa600a6465,2025-11-23T15:22:57.056890+00:00
4999,111,33,YES,buy,38.39,68.48,0.56062,596848,0x0388f7066651,2025-11-23T15:22:40.811332+00:00
11381,444,39,NO,buy,46.4,78.97,0.587559,590708,0x08784d098189,2025-11-23T15:22:33.854765+00:00
4742,95,35,NO,sell,30.91,55.12,0.560826,284457,0x05e32706e2a6,2025-11-23T15:22:30.842457+00:00
4268,71,22,YES,sell,34.52,54.01,0.639147,682463,0x0bfc530f41e4,2025-11-23T15:22:25.064894+00:00
4377,78,40,NO,sell,38.58,55.13,0.699842,260896,0x0414720320c6,2025-11-23T15:20:49.468977+00:00
12872,522,37,NO,sell,41.61,89.92,0.462741,398982,0x0bedef030829,2025-11-23T15:20:45.286158+00:00
9988,370,31,YES,buy,34.24,86.91,0.393964,34846,0x0b7c4f0663c5,2025-11-23T15:20:05.615952+00:00
12341,494,39,YES,buy,1.25,2.7,0.46259,882876,0x0cb12d05b8b4,2025-11-23T15:18:40.340999+00:00
5610,143,40,YES,buy,8.15,20.12,0.405,791183,0x0ebac20acd88,2025-11-23T15:18:27.084790+00:00
7940,265,37,YES,sell,37.76,82.58,0.457258,860423,0x07efa904dd28,2025-11-23T15:17:55.782177+00:00
8115,275,42,YES,sell,27.44,44.32,0.619179,82342,0x07d8ec082f5d,2025-11-23T15:17:29.419191+00:00
4376,78,23,YES,buy,16.63,42.9,0.387608,295579,0x0e7f350dfb84,2025-11-23T15:16:40.468977+00:00
6413,187,29,YES,buy,16.43,34.89,0.470961,781002,0x0d7c8302394a,2025-11-23T15:14:26.034800+00:00
10287,386,26,YES,sell,6.68,13.12,0.508955,349264,0x070e0d02ad6d,2025-11-23T15:13:43.751206+00:00
8323,284,18,YES,sell,32.03,60.63,0.528288,51753,0x07ffb50a497b,2025-11-23T15:12:56.170051+00:00
10372,391,44,NO,buy,22.86,57.18,0.399762,497886,0x0e70c90a6f86,2025-11-23T15:12:21.074032+00:00
12628,509,22,NO,sell,36.95,72.06,0.512798,555354,0x0c9ae90e6d3b,2025-11-23T15:11:56.398456+00:00
7866,262,33,YES,buy,3.16,4.74,0.666584,438883,0x0dc5410d9847,2025-11-23T15:11:22.506973+00:00
10618,402,41,NO,buy,38.1,99.16,0.384243,189048,0x01fade019889,2025-11-23T15:10:22.012467+00:00
9321,333,25,YES,buy,12.46,19.88,0.626895,780881,0x089bdd05f32d,2025-11-23T15:10:09.984858+00:00
5922,159,25,NO,buy,28.73,65.38,0.439405,866846,0x066d6c04986d,2025-11-23T15:09:08.265109+00:00
9655,350,37,NO,buy,49.15,106.31,0.462348,569000,0x0e68b70714d6,2025-11-23T15:09:04.293720+00:00
12182,486,42,YES,sell,8.35,14.71,0.567566,916053,0x0c626f021173,2025-11-23T15:08:21.750831+00:00
6256,179,31,YES,buy,30.99,81.87,0.378533,436771,0x019abf0ac02b,2025-11-23T15:07:27.456657+00:00
6575,195,21,NO,sell,43.07,66.7,0.645728,624803,0x09fc720cd668,2025-11-23T15:06:53.614663+00:00
4062,59,39,NO,buy,38.39,103.74,0.370076,464711,0x09d44d0bf335,2025-11-23T15:05:40.207726+00:00
9813,360,39,NO,sell,46.97,84.32,0.557024,851531,0x0ed8a10e4249,2025-11-23T15:05:18.920483+00:00
4061,59,23,YES,buy,12.22,21.45,0.569719,997971,0x0abaa30aeb7b,2025-11-23T15:04:06.207726+00:00
5247,124,33,NO,sell,8.09,18.85,0.429221,805819,0x039102046f92,2025-11-23T15:03:51.756657+00:00
6757,205,25,YES,sell,44.77,96.15,0.465642,599989,0x03b1ce02a5aa,2025-11-23T15:02:44.312674+00:00
11181,433,36,NO,buy,2.85,5.81,0.490333,435525,0x0410ce04544b,2025-11-23T15:02:30.105056+00:00
5406,132,35,YES,buy,16.74,28.89,0.57949,669357,0x07916403a847,2025-11-23T15:02:07.347590+00:00
13452,550,26,NO,buy,32.55,48.84,0.66646,801155,0x090c8109dcaa,2025-11-23T15:01:09.335803+00:00
10617,402,17,NO,buy,26.16,49.79,0.525436,617076,0x03c09e025e46,2025-11-23T15:00:25.012467+00:00
7315,234,44,YES,sell,12.09,29.36,0.411814,635494,0x0ec6af03c355,2025-11-23T15:00:20.441092+00:00
5965,161,19,YES,sell,19.33,43.91,0.440222,915476,0x07b5f60bfb15,2025-11-23T14:59:44.420990+00:00
7093,221,34,YES,buy,28.0,72.08,0.388455,752431,0x01ff4501961b,2025-11-23T14:59:29.609160+00:00
6574,195,41,YES,buy,44.96,69.18,0.649857,817615,0x033b6803b528,2025-11-23T14:58:53.614663+00:00
4221,67,39,NO,sell,14.99,46.31,0.323665,684984,0x0dd35202f50e,2025-11-23T14:58:20.814846+00:00
12871,522,32,NO,buy,32.06,55.83,0.574266,461477,0x025b8c0c83f8,2025-11-23T14:57:19.286158+00:00
13155,536,18,YES,buy,29.94,63.61,0.470692,746302,0x0cba6f0eee3d,2025-11-23T14:56:59.293045+00:00
5246,124,19,NO,sell,36.35,59.18,0.614218,71583,0x092e480e8f6e,2025-11-23T14:55:58.756657+00:00
12229,488,18,YES,buy,19.75,29.68,0.665413,311838,0x0befe90e5845,2025-11-23T14:55:44.937275+00:00
10039,372,35,NO,sell,26.19,64.39,0.406756,485619,0x0e59aa03da25,2025-11-23T14:55:31.812581+00:00
11575,455,20,YES,sell,39.3,74.06,0.530642,832853,0x0ace2e03ec20,2025-11-23T14:55:21.580557+00:00
6573,195,42,NO,sell,46.52,129.45,0.359353,595095,0x0b4d070519dc,2025-11-23T14:55:00.614663+00:00
12076,480,22,NO,buy,35.56,99.42,0.357684,471679,0x0eeffa0caa1a,2025-11-23T14:54:56.316956+00:00
10102,376,41,YES,sell,44.15,133.13,0.33163,386178,0x042fa60ddfce,2025-11-23T14:53:40.076853+00:00
5921,159,35,YES,sell,31.83,47.25,0.673664,539462,0x0626260b096d,2025-11-23T14:53:25.265109+00:00
7939,265,29,YES,buy,44.16,126.69,0.348574,26687,0x03b4b106f32c,2025-11-23T14:50:55.782177+00:00
11380,444,38,YES,sell,12.52,18.96,0.660352,293600,0x0a94ae0558c3,2025-11-23T14:50:28.854765+00:00
4375,78,37,NO,sell,27.68,56.05,0.493872,338226,0x0a938809906d,2025-11-23T14:50:00.468977+00:00
10371,391,33,YES,sell,21.2,42.04,0.504301,710737,0x04c3100f1c16,2025-11-23T14:49:40.074032+00:00
4015,57,38,YES,buy,14.91,26.36,0.565542,98923,0x0b6f1e06e38e,2025-11-23T14:49:23.031124+00:00
5609,143,41,YES,sell,20.57,30.66,0.670956,462421,0x0b981b0beb82,2025-11-23T14:49:02.084790+00:00
12340,494,23,NO,sell,49.59,82.18,0.603413,985175,0x0bed9a037c30,2025-11-23T14:48:22.340999+00:00
4793,98,40,NO,sell,35.49,118.09,0.300545,404575,0x0b901002a834,2025-11-23T14:47:32.007691+00:00
4741,95,29,NO,sell,48.13,83.97,0.573151,963290,0x022ea203156d,2025-11-23T14:46:04.842457+00:00
6685,202,22,YES,sell,25.24,53.67,0.470239,674749,0x05db690a1a5f,2025-11-23T14:45:33.056890+00:00
9812,360,39,YES,sell,1.87,5.14,0.363752,994472,0x0a14cb047230,2025-11-23T14:45:05.920483+00:00
12181,486,40,NO,buy,2.95,7.81,0.377727,412115,0x0e5f700329d9,2025-11-23T14:45:00.750831+00:00
4998,111,29,NO,buy,24.72,53.39,0.462998,283234,0x05440601d2e7,2025-11-23T14:44:41.811332+00:00
4220,67,32,YES,sell,32.99,50.58,0.652259,683139,0x092317092a41,2025-11-23T14:44:34.814846+00:00
4219,67,16,YES,sell,17.18,35.14,0.488962,145144,0x0c6cc90ddbae,2025-11-23T14:44:03.814846+00:00
4267,71,31,NO,sell,14.1,30.74,0.458759,482294,0x077ea40805b6,2025-11-23T14:43:41.064894+00:00
5964,161,27,NO,sell,19.21,50.3,0.381877,54840,0x039ccd082dbd,2025-11-23T14:42:49.420990+00:00
12627,509,19,NO,sell,35.23,86.34,0.408038,276927,0x0e40910b109a,2025-11-23T14:42:16.398456+00:00
7730,256,35,NO,buy,22.18,34.63,0.640426,504090,0x05204a068b54,2025-11-23T14:40:44.022036+00:00
8114,275,17,YES,buy,31.65,82.45,0.383883,516419,0x0cb3cc01c158,2025-11-23T14:40:09.419191+00:00
9654,350,43,YES,sell,7.04,14.81,0.475245,81623,0x0796200d940c,2025-11-23T14:39:10.293720+00:00
4792,98,20,NO,buy,48.84,100.6,0.485504,426051,0x03be6d0cc6aa,2025-11-23T14:34:45.007691+00:00
10038,372,40,NO,buy,40.5,132.43,0.305832,973923,0x05e24f037dbd,2025-11-23T14:33:58.812581+00:00
5245,124,40,YES,buy,43.22,62.53,0.69122,154709,0x0df86d0c0500,2025-11-23T14:33:57.756657+00:00
6706,203,31,NO,sell,29.56,62.2,0.475216,864906,0x0a80a50775f9,2025-11-23T14:33:31.141116+00:00
4620,90,38,YES,sell,34.05,58.6,0.58102,175912,0x085bec033107,2025-11-23T14:33:10.408281+00:00
12075,480,27,NO,sell,3.97,11.14,0.356436,144351,0x096ab50ac738,2025-11-23T14:30:39.316956+00:00
9987,370,42,YES,sell,45.98,152.64,0.301232,761613,0x09765a0f17e1,2025-11-23T14:28:59.615952+00:00
7938,265,28,YES,sell,18.83,33.84,0.556434,865819,0x092b3f053097,2025-11-23T14:28:57.782177+00:00
4218,67,19,YES,buy,12.88,22.68,0.567934,669933,0x0a05c50522f9,2025-11-23T14:28:00.814846+00:00
10037,372,34,NO,buy,2.88,8.68,0.331852,198282,0x043c84050583,2025-11-23T14:27:42.812581+00:00
7937,265,23,YES,buy,44.83,91.0,0.492642,462707,0x0b44ea07c62e,2025-11-23T14:26:31.782177+00:00
6572,195,40,YES,buy,2.83,9.31,0.304064,595212,0x065aae05f9e0,2025-11-23T14:25:18.614663+00:00
12228,488,23,NO,buy,48.54,133.14,0.364565,961753,0x0812560f04c8,2025-11-23T14:23:54.937275+00:00
11574,455,26,YES,sell,48.38,77.22,0.626558,57394,0x0d298307cb7f,2025-11-23T14:23:37.580557+00:00
7314,234,25,NO,sell,9.88,25.41,0.388896,672126,0x02d8d106ae2f,2025-11-23T14:23:28.441092+00:00
4997,111,39,YES,sell,25.92,51.66,0.501769,64577,0x035dff05d5a0,2025-11-23T14:22:48.811332+00:00
4060,59,31,NO,sell,4.94,15.64,0.315944,338978,0x0870360d4746,2025-11-23T14:22:44.207726+00:00
6756,205,27,NO,buy,3.75,5.58,0.671987,34342,0x0dfd8e021697,2025-11-23T14:21:59.312674+00:00
5608,143,32,YES,buy,22.49,35.64,0.631102,852089,0x027b8206369a,2025-11-23T14:21:41.084790+00:00
5405,132,16,NO,buy,2.83,4.72,0.599974,393505,0x0897200dbd50,2025-11-23T14:20:33.347590+00:00
12870,522,32,YES,sell,36.78,74.18,0.495817,707824,0x030fca0aed6b,2025-11-23T14:20:10.286158+00:00
7865,262,24,YES,buy,34.94,74.5,0.468983,782359,0x099bde0232ca,2025-11-23T14:18:57.506973+00:00
12339,494,16,YES,sell,4.86,13.06,0.372199,376490,0x05175c088c84,2025-11-23T14:18:18.340999+00:00
10286,386,26,NO,sell,2.91,6.24,0.466102,467482,0x0ddbaf086a94,2025-11-23T14:18:16.751206+00:00
13451,550,43,YES,buy,28.64,60.39,0.474276,225449,0x06fd9509d70b,2025-11-23T14:17:58.335803+00:00
9320,333,40,NO,sell,10.5,23.15,0.453639,408541,0x0bab7d0641b8,2025-11-23T14:17:55.984858+00:00
7092,221,43,NO,buy,45.83,96.07,0.477026,724230,0x0882300a9ec4,2025-11-23T14:17:44.609160+00:00
6255,179,33,NO,buy,5.53,14.57,0.379536,911013,0x05f5f80bfc67,2025-11-23T14:17:07.456657+00:00
8322,284,41,NO,sell,28.19,49.03,0.57501,888409,0x0cbe630b35f0,2025-11-23T14:17:06.170051+00:00
6412,187,35,YES,buy,6.69,14.91,0.448721,187646,0x018ad30b4ae6,2025-11-23T14:16:40.034800+00:00
12074,480,16,YES,sell,12.26,33.58,0.365117,217828,0x0acdee050d6c,2025-11-23T14:16:39.316956+00:00
5404,132,40,YES,buy,45.09,122.0,0.369599,441460,0x07abd40d9e70,2025-11-23T14:16:00.347590+00:00
5244,124,41,NO,sell,43.89,107.46,0.408437,388042,0x09838e0c1d13,2025-11-23T14:15:40.756657+00:00
9653,350,38,NO,buy,23.43,59.99,0.390594,650126,0x0778f306eb2f,2025-11-23T14:15:00.293720+00:00
9811,360,27,NO,buy,36.61,109.24,0.33514,401407,0x0ee3f806c42f,2025-11-23T14:14:28.920483+00:00
4791,98,19,NO,sell,12.71,18.17,0.699581,702534,0x01c7df0933d0,2025-11-23T14:13:47.007691+00:00
11180,433,19,YES,buy,10.59,34.66,0.305579,507229,0x0d4de006a5e6,2025-11-23T14:13:44.105056+00:00
7864,262,25,NO,sell,33.71,72.03,0.468011,920878,0x08a6f308e528,2025-11-23T14:13:31.506973+00:00
6684,202,22,NO,buy,33.26,49.01,0.678602,817979,0x029d1c0cfffe,2025-11-23T14:13:09.056890+00:00
10285,386,36,YES,buy,2.43,5.53,0.439206,228569,0x0e197301acda,2025-11-23T14:12:05.751206+00:00
12180,486,20,YES,buy,31.41,103.34,0.303956,616794,0x0c564f0f21ee,2025-11-23T14:11:51.750831+00:00
9652,350,26,NO,buy,39.81,62.21,0.639961,753545,0x0be8a6043866,2025-11-23T14:11:37.293720+00:00
5920,159,41,YES,sell,17.52,30.39,0.57657,543111,0x0701220a0cb9,2025-11-23T14:11:11.265109+00:00
7936,265,42,NO,sell,28.12,49.72,0.565513,83041,0x05b2c10cbf21,2025-11-23T14:09:53.782177+00:00
10616,402,22,NO,sell,6.02,10.19,0.590556,747735,0x05e084036b5c,2025-11-23T14:09:43.012467+00:00
7863,262,42,YES,sell,22.36,67.91,0.329263,162315,0x0230c1062708,2025-11-23T14:09:37.506973+00:00
5963,161,38,YES,sell,20.42,57.21,0.356926,266205,0x0528b5088ce0,2025-11-23T14:09:26.420990+00:00
4217,67,35,NO,sell,11.49,18.2,0.631181,730988,0x05dd2f0a84a6,2025-11-23T14:09:18.814846+00:00
7091,221,30,NO,sell,43.24,100.25,0.431302,359714,0x05d3560c910b,2025-11-23T14:08:55.609160+00:00
7862,262,42,YES,sell,44.7,76.22,0.586448,138807,0x0553340694b9,2025-11-23T14:08:50.506973+00:00
7729,256,17,NO,buy,3.31,6.79,0.487238,173982,0x0f3e01067bec,2025-11-23T14:06:57.022036+00:00
7728,256,17,YES,buy,40.24,64.07,0.628109,642824,0x0d941004a0a2,2025-11-23T14:06:18.022036+00:00
4996,111,28,NO,sell,19.4,30.74,0.631097,213398,0x03761a025b1e,2025-11-23T14:06:17.811332+00:00
11379,444,16,NO,sell,2.67,4.27,0.625985,202475,0x09eae303a7d5,2025-11-23T14:05:33.854765+00:00
12338,494,41,YES,buy,41.7,101.39,0.411279,505267,0x0263340f1e3c,2025-11-23T14:05:18.340999+00:00
4619,90,21,YES,buy,28.93,42.61,0.679001,586253,0x0a75ed0d8353,2025-11-23T14:04:40.408281+00:00
11378,444,30,NO,sell,11.48,20.28,0.566151,532587,0x0e6adc0b8d6b,2025-11-23T14:04:19.854765+00:00
4059,59,44,NO,sell,7.09,12.32,0.575471,989467,0x0cb8bb07f74c,2025-11-23T14:03:59.207726+00:00
12073,480,33,YES,buy,45.82,74.13,0.618066,523996,0x097a8508f70a,2025-11-23T14:03:15.316956+00:00
12337,494,26,NO,buy,11.24,23.04,0.487858,108710,0x0a426f0c1232,2025-11-23T14:01:19.340999+00:00
9651,350,19,YES,buy,21.33,35.72,0.597195,41162,0x0a79bb0a294e,2025-11-23T14:01:18.293720+00:00
4266,71,31,NO,buy,6.24,18.43,0.338526,202255,0x03e8820561a2,2025-11-23T14:01:13.064894+00:00
13154,536,35,YES,buy,46.42,121.82,0.381049,389070,0x0641fc0a9602,2025-11-23T14:00:58.293045+00:00
4265,71,15,YES,sell,1.58,3.09,0.511767,301614,0x05ebf60a1902,2025-11-23T13:59:53.064894+00:00
10370,391,39,YES,sell,16.02,24.3,0.659262,866292,0x027d2f028220,2025-11-23T13:59:47.074032+00:00
9810,360,26,YES,buy,40.81,108.03,0.37776,987827,0x0db4130e5b0d,2025-11-23T13:59:33.920483+00:00
7861,262,23,NO,buy,1.86,3.03,0.613534,431458,0x0373790d7210,2025-11-23T13:59:31.506973+00:00
7935,265,40,NO,sell,43.03,62.55,0.6879,652935,0x056c6a0ee537,2025-11-23T13:59:15.782177+00:00
4790,98,29,NO,buy,5.07,8.43,0.601231,427369,0x0c9dce0d3c05,2025-11-23T13:58:45.007691+00:00
10036,372,26,YES,sell,16.75,40.31,0.415534,551121,0x07344607ea83,2025-11-23T13:58:26.812581+00:00
11179,433,23,YES,sell,49.11,141.99,0.345864,449626,0x0c009d0bf3f6,2025-11-23T13:57:42.105056+00:00
8321,284,31,NO,buy,3.92,6.37,0.615212,830122,0x051080035dc1,2025-11-23T13:57:31.170051+00:00
10035,372,44,YES,buy,45.94,74.58,0.615943,863787,0x0af4130421dc,2025-11-23T13:57:00.812581+00:00
12179,486,27,NO,sell,5.38,7.86,0.684794,92810,0x07e698047fc5,2025-11-23T13:56:30.750831+00:00
4374,78,28,YES,buy,31.91,51.4,0.620867,402078,0x0e3e5001d69e,2025-11-23T13:56:28.468977+00:00
4995,111,34,NO,buy,2.33,7.2,0.323401,336587,0x07c3d1031b14,2025-11-23T13:56:24.811332+00:00
10101,376,22,YES,buy,39.36,65.66,0.599473,979564,0x05a85a0a614f,2025-11-23T13:55:58.076853+00:00
12072,480,27,YES,sell,30.21,94.59,0.319388,140199,0x0c66210bd37a,2025-11-23T13:55:54.316956+00:00
4014,57,33,NO,sell,22.65,39.72,0.570251,833291,0x09b4640918cb,2025-11-23T13:54:53.031124+00:00
10284,386,16,NO,buy,7.37,22.78,0.323599,889572,0x022ae00c440b,2025-11-23T13:53:11.751206+00:00
6571,195,43,NO,buy,15.07,25.81,0.583902,354032,0x08217207745f,2025-11-23T13:52:53.614663+00:00
4994,111,19,YES,sell,38.65,106.86,0.361691,178409,0x080ad40c6234,2025-11-23T13:52:13.811332+00:00
4789,98,38,YES,sell,27.02,54.95,0.491708,862186,0x0e4b4e0cac1e,2025-11-23T13:51:54.007691+00:00
12869,522,15,YES,sell,13.36,39.06,0.342017,575823,0x0e96750a5c3a,2025-11-23T13:51:40.286158+00:00
4740,95,37,NO,sell,13.87,27.08,0.512177,303820,0x087b4b01b737,2025-11-23T13:51:29.842457+00:00
7860,262,18,NO,sell,40.08,108.48,0.369471,682149,0x09c3c80ba27e,2025-11-23T13:50:23.506973+00:00
12626,509,39,YES,buy,29.91,58.61,0.510285,588574,0x0d5e000a23ac,2025-11-23T13:49:56.398456+00:00
4373,78,24,NO,sell,44.26,90.03,0.491612,402620,0x02edee060096,2025-11-23T13:46:56.468977+00:00
11178,433,40,NO,buy,34.03,63.4,0.536761,849204,0x0c77b6080fb9,2025-11-23T13:45:20.105056+00:00
6755,205,27,NO,buy,34.69,89.86,0.386045,157562,0x091fc701b7c6,2025-11-23T13:44:32.312674+00:00
6705,203,17,NO,sell,45.33,123.15,0.36808,291387,0x063e2907c380,2025-11-23T13:43:06.141116+00:00
12625,509,32,YES,buy,23.7,42.42,0.558692,928593,0x0e2fda0d7f52,2025-11-23T13:42:44.398456+00:00
10369,391,27,YES,sell,43.65,95.64,0.456406,703230,0x02ce69096851,2025-11-23T13:42:13.074032+00:00
12336,494,36,NO,buy,9.46,16.09,0.588035,835335,0x0abb5d0c718b,2025-11-23T13:41:37.340999+00:00
9319,333,30,NO,sell,13.43,28.33,0.474097,469227,0x0af02f04eb92,2025-11-23T13:41:29.984858+00:00
8113,275,17,NO,buy,14.93,30.93,0.482627,198187,0x072901083844,2025-11-23T13:41:10.419191+00:00
10034,372,16,YES,buy,35.33,54.72,0.645615,941293,0x0b60b50584b6,2025-11-23T13:39:27.812581+00:00
12227,488,37,NO,buy,42.66,62.94,0.677842,503049,0x01bea3035c05,2025-11-23T13:39:09.937275+00:00
4216,67,39,YES,sell,3.06,4.49,0.682125,969894,0x02ca54071154,2025-11-23T13:38:57.814846+00:00
4618,90,24,YES,buy,48.07,141.86,0.338848,558487,0x0d20ed0538df,2025-11-23T13:38:12.408281+00:00
6411,187,17,NO,sell,1.31,4.01,0.326364,989776,0x0e1b50072617,2025-11-23T13:38:07.034800+00:00
11177,433,33,YES,buy,7.96,15.67,0.508033,800211,0x0bec7305bebf,2025-11-23T13:37:34.105056+00:00
9986,370,43,YES,sell,16.62,25.83,0.643433,434275,0x01c4cd09e8f7,2025-11-23T13:35:48.615952+00:00
12624,509,31,YES,sell,28.7,45.98,0.624208,269569,0x0890220d17d3,2025-11-23T13:35:12.398456+00:00
10283,386,24,YES,buy,14.88,27.54,0.54038,435370,0x01c94a0ceed5,2025-11-23T13:33:17.751206+00:00
5243,124,28,NO,buy,34.29,95.23,0.360088,317212,0x0c33c60c853c,2025-11-23T13:32:51.756657+00:00
5607,143,36,NO,sell,43.25,131.8,0.328146,927266,0x08330605afb4,2025-11-23T13:32:39.084790+00:00
4993,111,28,YES,sell,19.72,58.62,0.33641,177324,0x031d7e0a31c0,2025-11-23T13:32:35.811332+00:00
11377,444,38,NO,sell,42.15,87.82,0.479968,630631,0x0c24c306a456,2025-11-23T13:32:29.854765+00:00
6570,195,19,YES,buy,6.64,13.51,0.491495,343699,0x023831093052,2025-11-23T13:32:09.614663+00:00
12178,486,44,YES,sell,16.27,26.27,0.619276,863661,0x0c418708ffda,2025-11-23T13:31:09.750831+00:00
7313,234,29,YES,buy,49.84,129.4,0.385158,651728,0x0c0a5903d615,2025-11-23T13:29:03.441092+00:00
11573,455,38,NO,sell,16.54,45.73,0.361652,299992,0x0eb4e40b0efe,2025-11-23T13:28:57.580557+00:00
10033,372,22,NO,sell,15.08,42.75,0.352782,399763,0x0bf85008f795,2025-11-23T13:27:40.812581+00:00
13450,550,24,NO,sell,16.01,47.14,0.339608,122710,0x038a670af125,2025-11-23T13:27:23.335803+00:00
6254,179,33,YES,buy,39.17,70.3,0.557165,972885,0x04349f0dfe4f,2025-11-23T13:27:08.456657+00:00
4264,71,31,NO,sell,3.96,7.13,0.555091,692309,0x0b63e30941d4,2025-11-23T13:26:25.064894+00:00
5403,132,18,NO,sell,16.86,42.94,0.392614,962825,0x0ddfaf0e7677,2025-11-23T13:25:50.347590+00:00
4058,59,41,YES,buy,3.92,6.35,0.617051,865278,0x0b0bec0d825b,2025-11-23T13:24:58.207726+00:00
12335,494,27,YES,buy,12.38,31.35,0.394868,75976,0x0778080324d0,2025-11-23T13:24:38.340999+00:00
6754,205,20,NO,buy,6.29,9.96,0.631375,202765,0x025a0d0217cf,2025-11-23T13:23:31.312674+00:00
7090,221,24,NO,buy,30.63,60.05,0.510108,839541,0x0b416f01abde,2025-11-23T13:22:50.609160+00:00
6683,202,38,NO,buy,5.98,10.3,0.580607,4485,0x0b0f90026d76,2025-11-23T13:22:24.056890+00:00
5242,124,25,YES,sell,46.24,69.23,0.667949,159442,0x02382c0b32ae,2025-11-23T13:20:32.756657+00:00
4992,111,32,NO,sell,29.86,60.13,0.496589,459245,0x01e5e906f716,2025-11-23T13:20:06.811332+00:00
12868,522,21,YES,buy,26.46,67.16,0.39396,876600,0x0f08b80e29f3,2025-11-23T13:19:59.286158+00:00
4788,98,33,YES,buy,45.77,69.42,0.659301,43004,0x0835d1023bc4,2025-11-23T13:19:37.007691+00:00
9809,360,42,YES,sell,4.18,9.73,0.429781,350123,0x0955fe0e8e4c,2025-11-23T13:19:05.920483+00:00
13153,536,43,NO,buy,6.96,11.03,0.630738,273863,0x0ebcb60d28d5,2025-11-23T13:18:13.293045+00:00
9808,360,28,YES,sell,49.34,73.84,0.668239,246715,0x0486330ca98a,2025-11-23T13:18:05.920483+00:00
5962,161,15,YES,sell,38.98,64.95,0.600139,829924,0x08b9940af906,2025-11-23T13:17:29.420990+00:00
7859,262,42,NO,buy,17.33,34.74,0.498885,376329,0x0da10b068d02,2025-11-23T13:16:21.506973+00:00
4215,67,38,NO,sell,6.97,12.21,0.570649,859130,0x0799da07d6a1,2025-11-23T13:15:14.814846+00:00
10615,402,35,NO,buy,31.45,76.12,0.413178,867715,0x09541a043d3b,2025-11-23T13:14:57.012467+00:00
13152,536,22,NO,buy,16.12,45.77,0.352172,59831,0x0c92670af4ac,2025-11-23T13:13:51.293045+00:00
12226,488,37,NO,sell,41.76,64.35,0.648949,27190,0x0558870d852d,2025-11-23T13:13:01.937275+00:00
7727,256,16,NO,buy,23.27,65.9,0.353136,284210,0x0a23a004f4cd,2025-11-23T13:12:57.022036+00:00
9318,333,31,YES,buy,1.07,1.62,0.661792,864710,0x0a6c3d0c69ad,2025-11-23T13:12:37.984858+00:00
5919,159,32,NO,sell,42.91,87.94,0.487965,795210,0x09549a07b410,2025-11-23T13:11:33.265109+00:00
4263,71,15,NO,buy,42.28,107.7,0.392573,10585,0x0cd73103f13e,2025-11-23T13:11:20.064894+00:00
12177,486,37,NO,sell,1.76,2.95,0.596264,899193,0x0a96ab0c92db,2025-11-23T13:10:20.750831+00:00
6410,187,31,YES,buy,34.75,59.22,0.586831,143868,0x055f2e02f7a1,2025-11-23T13:09:18.034800+00:00
10100,376,21,NO,buy,5.4,8.7,0.620603,237060,0x04549007bd0f,2025-11-23T13:09:02.076853+00:00
6753,205,40,YES,buy,15.19,37.41,0.406006,707162,0x0ca0d30bdb5b,2025-11-23T13:08:45.312674+00:00
7089,221,34,YES,buy,38.3,103.49,0.370075,146018,0x05fd00063820,2025-11-23T13:08:10.609160+00:00
7934,265,37,YES,sell,25.82,43.98,0.587063,832289,0x03f62f04a9c0,2025-11-23T13:08:09.782177+00:00
8112,275,21,NO,buy,40.61,61.03,0.665436,953568,0x0cf9340d887d,2025-11-23T13:07:25.419191+00:00
9650,350,42,YES,buy,9.64,15.81,0.609683,425678,0x0700720d9c81,2025-11-23T13:06:42.293720+00:00
4057,59,22,NO,buy,21.83,42.16,0.517825,953538,0x0be35603e8e2,2025-11-23T13:06:40.207726+00:00
8320,284,39,YES,buy,10.59,28.4,0.372844,918311,0x073d9f0add87,2025-11-23T13:06:28.170051+00:00
10099,376,25,YES,buy,24.08,38.38,0.627439,213150,0x0ea6240bae2c,2025-11-23T13:05:17.076853+00:00
4739,95,27,NO,sell,24.34,35.83,0.679301,399249,0x0a0bd40543b3,2025-11-23T13:04:40.842457+00:00
7312,234,27,YES,sell,28.59,63.32,0.451529,173535,0x041ecc05f778,2025-11-23T13:03:42.441092+00:00
8111,275,27,YES,buy,35.62,74.24,0.479804,261126,0x06516a0562e0,2025-11-23T13:03:39.419191+00:00
4372,78,23,NO,sell,44.29,141.11,0.31386,258724,0x0b6ec50b65c3,2025-11-23T13:02:35.468977+00:00
12071,480,31,NO,sell,38.6,60.51,0.637944,154156,0x07db07022573,2025-11-23T13:01:55.316956+00:00
6569,195,33,NO,buy,13.21,38.69,0.341445,599744,0x01a74b0db09a,2025-11-23T13:01:35.614663+00:00
7311,234,27,YES,sell,27.19,63.81,0.42613,614374,0x0608d40f0f34,2025-11-23T13:01:35.441092+00:00
4013,57,34,NO,sell,27.85,92.78,0.300162,451770,0x061dd204e388,2025-11-23T13:01:05.031124+00:00
6682,202,42,YES,buy,16.31,32.91,0.49564,302433,0x02d5d203b883,2025-11-23T12:59:30.056890+00:00
12867,522,36,YES,sell,37.14,89.24,0.416182,442512,0x0d7e1a028d1c,2025-11-23T12:59:25.286158+00:00
8110,275,29,YES,sell,17.43,43.47,0.400929,244338,0x02028d069542,2025-11-23T12:56:31.419191+00:00
12334,494,33,NO,buy,9.03,19.2,0.470257,553368,0x0d2d470a800e,2025-11-23T12:56:22.340999+00:00
10098,376,34,NO,sell,39.71,118.27,0.335744,555700,0x0850ea04e623,2025-11-23T12:55:36.076853+00:00
11376,444,35,NO,sell,18.4,27.54,0.668092,972320,0x0e2f990644de,2025-11-23T12:55:32.854765+00:00
6704,203,33,YES,buy,41.8,72.89,0.573503,100824,0x06f8d204253e,2025-11-23T12:54:52.141116+00:00
9985,370,31,YES,sell,11.48,28.54,0.402185,459273,0x0b872e0408bb,2025-11-23T12:53:56.615952+00:00
6681,202,24,NO,sell,19.25,49.47,0.389135,180015,0x0884e006bef9,2025-11-23T12:52:46.056890+00:00
12176,486,31,YES,sell,20.43,33.89,0.602882,153516,0x0d94030a7651,2025-11-23T12:52:25.750831+00:00
9317,333,44,NO,buy,37.61,86.39,0.435367,13559,0x034dbf0bef1d,2025-11-23T12:50:37.984858+00:00
10368,391,31,YES,sell,34.38,57.51,0.597832,64096,0x091c6d04c5f9,2025-11-23T12:50:00.074032+00:00
4787,98,41,NO,sell,1.71,3.63,0.471244,344194,0x0578eb057dbe,2025-11-23T12:49:49.007691+00:00
4371,78,38,NO,sell,2.44,4.26,0.573285,226146,0x044a71073060,2025-11-23T12:49:39.468977+00:00
4012,57,32,YES,buy,21.6,31.95,0.676145,947660,0x0c5ceb0d7efb,2025-11-23T12:49:03.031124+00:00
6752,205,27,NO,sell,11.03,29.73,0.370982,883882,0x02c6a3097647,2025-11-23T12:48:13.312674+00:00
5606,143,44,YES,buy,23.65,34.53,0.68499,34892,0x01a2d10d80ec,2025-11-23T12:45:56.084790+00:00
13449,550,37,NO,sell,8.1,12.42,0.652216,402796,0x05251704161e,2025-11-23T12:45:51.335803+00:00
7726,256,30,YES,sell,44.08,71.3,0.618233,624217,0x0cc70f09f5fc,2025-11-23T12:44:58.022036+00:00
12623,509,42,YES,sell,9.07,23.21,0.390743,84445,0x0661670243e0,2025-11-23T12:41:46.398456+00:00
4617,90,41,NO,buy,41.36,101.79,0.406326,74807,0x022d230d4651,2025-11-23T12:41:05.408281+00:00
5402,132,41,NO,buy,3.2,4.99,0.640812,102229,0x04129f053baf,2025-11-23T12:40:16.347590+00:00
11176,433,42,NO,sell,12.71,19.57,0.649329,866894,0x089508031331,2025-11-23T12:40:02.105056+00:00
6703,203,33,YES,buy,6.5,12.67,0.512906,503992,0x0a643b06f86d,2025-11-23T12:39:09.141116+00:00
7088,221,19,YES,buy,2.06,6.1,0.337568,69428,0x0c8bb401872b,2025-11-23T12:39:07.609160+00:00
7933,265,41,NO,buy,6.08,12.62,0.481772,801429,0x0a9cd8066182,2025-11-23T12:38:48.782177+00:00
11572,455,26,NO,sell,49.05,134.35,0.36509,983573,0x07df4c0e7e4e,2025-11-23T12:38:33.580557+00:00
5241,124,30,YES,buy,12.0,17.58,0.682587,80995,0x0608ef073e28,2025-11-23T12:38:21.756657+00:00
10282,386,38,YES,sell,9.31,24.7,0.376937,881755,0x02ab060d3cc1,2025-11-23T12:38:08.751206+00:00
6253,179,41,NO,buy,23.55,53.67,0.438755,915365,0x04224a04e2fe,2025-11-23T12:37:17.456657+00:00
11175,433,15,NO,buy,49.94,83.06,0.601217,357271,0x05ffb80aab52,2025-11-23T12:36:16.105056+00:00
7087,221,30,YES,buy,11.97,23.29,0.513967,148525,0x06efad0bf402,2025-11-23T12:35:46.609160+00:00
4738,95,38,NO,buy,32.47,53.92,0.602194,176741,0x0361bc025dc2,2025-11-23T12:32:50.842457+00:00
10032,372,23,NO,sell,2.49,5.86,0.425121,283092,0x07d50d0646e7,2025-11-23T12:32:42.812581+00:00
12175,486,15,NO,buy,30.51,75.5,0.404095,937322,0x0a560f04a1fa,2025-11-23T12:32:09.750831+00:00
12225,488,34,YES,sell,3.31,8.11,0.408365,122626,0x05f9e906fc26,2025-11-23T12:31:57.937275+00:00
6252,179,40,YES,buy,1.85,2.68,0.691196,677758,0x054e7507bb43,2025-11-23T12:31:32.456657+00:00
9807,360,21,NO,sell,31.46,45.3,0.694484,565020,0x0d60fd07cb10,2025-11-23T12:31:03.920483+00:00
5240,124,26,NO,buy,46.16,80.45,0.573767,863752,0x0c839e0cf6a7,2025-11-23T12:30:31.756657+00:00
9649,350,40,NO,sell,31.77,52.14,0.609301,889528,0x0afaf00d4732,2025-11-23T12:30:08.293720+00:00
12070,480,41,YES,sell,29.11,68.92,0.42237,576306,0x0acc5b0e12e6,2025-11-23T12:29:20.316956+00:00
4011,57,42,YES,sell,25.85,45.61,0.566757,732076,0x06beab07f6db,2025-11-23T12:28:42.031124+00:00
13151,536,29,YES,sell,49.16,143.4,0.342822,929768,0x03e70f0ef0ab,2025-11-23T12:27:50.293045+00:00
7858,262,38,YES,sell,30.95,77.07,0.401571,647416,0x0db827029eb7,2025-11-23T12:27:31.506973+00:00
10614,402,34,NO,sell,4.77,8.55,0.557905,415429,0x0ad9af01f9f6,2025-11-23T12:26:44.012467+00:00
5961,161,43,NO,sell,19.42,43.21,0.449449,209355,0x068f00095248,2025-11-23T12:26:06.420990+00:00
6680,202,21,NO,sell,39.86,98.8,0.403448,945522,0x067156093658,2025-11-23T12:26:04.056890+00:00
6568,195,34,NO,buy,49.43,87.09,0.567603,808966,0x0a0e860bce7d,2025-11-23T12:25:46.614663+00:00
4991,111,23,YES,buy,41.65,65.53,0.635567,89759,0x0acc7908a230,2025-11-23T12:24:51.811332+00:00
4990,111,16,YES,sell,25.63,83.36,0.307466,189474,0x0c0ed50a091f,2025-11-23T12:23:24.811332+00:00
11174,433,33,YES,buy,35.34,63.88,0.553189,262287,0x0afae00816d9,2025-11-23T12:22:48.105056+00:00
8319,284,41,YES,buy,45.06,79.49,0.56689,745966,0x03a2500c3777,2025-11-23T12:22:16.170051+00:00
4214,67,39,NO,buy,34.82,70.26,0.495601,588713,0x0933e6071b52,2025-11-23T12:20:47.814846+00:00
5239,124,43,NO,buy,1.06,2.72,0.389725,405103,0x052716085c2b,2025-11-23T12:20:18.756657+00:00
4056,59,30,NO,buy,12.34,21.17,0.582782,75637,0x0cc60f08ca56,2025-11-23T12:19:35.207726+00:00
10367,391,23,YES,sell,32.98,70.68,0.46663,79846,0x0a41b706ff8c,2025-11-23T12:19:33.074032+00:00
4262,71,35,YES,buy,42.11,127.71,0.329732,51871,0x0e9d220c37a2,2025-11-23T12:19:00.064894+00:00
8318,284,28,NO,sell,34.01,92.62,0.367207,453588,0x0369750a6550,2025-11-23T12:18:50.170051+00:00
4786,98,43,YES,buy,5.24,8.15,0.64279,621317,0x095a7104fd2c,2025-11-23T12:17:20.007691+00:00
11173,433,39,YES,sell,12.64,22.62,0.558752,304642,0x0ae2d50370ab,2025-11-23T12:16:54.105056+00:00
6567,195,23,YES,buy,8.16,25.57,0.319098,441536,0x06c6e20988b0,2025-11-23T12:16:51.614663+00:00
11172,433,29,YES,buy,9.49,17.7,0.536067,219613,0x02cac3028879,2025-11-23T12:16:03.105056+00:00
7725,256,33,YES,sell,22.81,39.97,0.570742,829990,0x072c4504b165,2025-11-23T12:15:34.022036+00:00
12622,509,26,NO,buy,1.91,3.3,0.578799,440890,0x02f87709d24d,2025-11-23T12:14:49.398456+00:00
5918,159,16,NO,sell,20.27,41.72,0.485803,319239,0x0e6f5306fd56,2025-11-23T12:14:18.265109+00:00
8317,284,35,YES,buy,49.74,92.67,0.536764,990009,0x0ecefd077498,2025-11-23T12:13:40.170051+00:00
6409,187,44,NO,sell,1.25,3.72,0.335584,992239,0x09d93e0bf502,2025-11-23T12:13:23.034800+00:00
4616,90,35,NO,buy,23.93,43.07,0.555567,780592,0x074cfa0a7446,2025-11-23T12:12:32.408281+00:00
12621,509,37,NO,sell,24.21,42.1,0.575035,148885,0x0606ea083a06,2025-11-23T12:12:28.398456+00:00
9648,350,36,YES,buy,34.66,109.0,0.317976,848677,0x0b03960adead,2025-11-23T12:11:42.293720+00:00
8316,284,18,YES,buy,45.35,73.67,0.615597,756829,0x0d605a03a076,2025-11-23T12:11:16.170051+00:00
6679,202,39,YES,buy,47.01,126.26,0.37232,348902,0x0b450a01a70a,2025-11-23T12:09:48.056890+00:00
12174,486,27,YES,buy,7.83,19.82,0.395045,733062,0x01dc4b0cdf19,2025-11-23T12:07:11.750831+00:00
12866,522,23,YES,sell,24.2,50.78,0.476567,79544,0x0c08d304ebd8,2025-11-23T12:05:46.286158+00:00
7086,221,43,NO,sell,31.25,58.14,0.537496,174369,0x0483e305a891,2025-11-23T12:05:37.609160+00:00
12333,494,41,YES,buy,48.95,89.0,0.550011,927117,0x0304b50724ce,2025-11-23T12:04:38.340999+00:00
10097,376,27,NO,sell,17.54,36.64,0.478668,744337,0x04c3540e8660,2025-11-23T12:02:29.076853+00:00
6408,187,29,YES,buy,41.54,100.98,0.411378,528537,0x090bc1045e2d,2025-11-23T12:02:06.034800+00:00
7310,234,17,NO,buy,16.08,27.34,0.588059,989069,0x06ff7d0578b3,2025-11-23T12:01:49.441092+00:00
8109,275,26,NO,sell,7.67,21.73,0.352925,988646,0x055da20284ff,2025-11-23T12:00:58.419191+00:00
4213,67,36,NO,sell,10.42,26.14,0.398608,236790,0x0a748c064d47,2025-11-23T12:00:18.814846+00:00
11375,444,38,YES,sell,43.6,76.54,0.569623,527767,0x0c53b70ef19d,2025-11-23T11:59:57.854765+00:00
6702,203,23,NO,sell,13.84,20.89,0.662414,617082,0x025e500b4782,2025-11-23T11:59:44.141116+00:00
9984,370,38,NO,buy,38.44,71.76,0.53564,875549,0x01911605172f,2025-11-23T11:59:41.615952+00:00
6407,187,35,NO,buy,46.34,70.28,0.659391,997817,0x08160505ed78,2025-11-23T11:58:20.034800+00:00
4615,90,37,NO,buy,18.95,34.94,0.542381,976396,0x02a8ec01bc39,2025-11-23T11:58:08.408281+00:00
5401,132,20,NO,buy,35.19,65.71,0.535541,613885,0x0ad14607186c,2025-11-23T11:57:57.347590+00:00
6751,205,19,NO,sell,2.38,4.02,0.592076,159359,0x0a7447091ede,2025-11-23T11:57:14.312674+00:00
8108,275,24,NO,buy,21.67,35.22,0.61533,125600,0x071e10080a33,2025-11-23T11:56:02.419191+00:00
12332,494,28,NO,buy,13.22,39.67,0.333229,391422,0x02a6bb0df846,2025-11-23T11:55:48.340999+00:00
13448,550,25,YES,buy,7.9,24.58,0.321366,333642,0x01e0b309f8d8,2025-11-23T11:55:04.335803+00:00
9316,333,38,YES,buy,46.8,95.11,0.492073,326581,0x07f9cf0d5dce,2025-11-23T11:54:34.984858+00:00
7932,265,27,NO,buy,36.25,61.75,0.587053,501823,0x0d5c6e0b5735,2025-11-23T11:54:26.782177+00:00
6406,187,19,NO,sell,41.69,71.37,0.584123,53199,0x01d09b0d4663,2025-11-23T11:53:51.034800+00:00
4370,78,17,NO,buy,3.09,6.38,0.484398,455197,0x0436b50ab541,2025-11-23T11:53:24.468977+00:00
4737,95,30,NO,sell,12.66,26.59,0.476074,222099,0x0bba210433d1,2025-11-23T11:53:14.842457+00:00
10096,376,15,NO,buy,2.28,4.7,0.485203,25594,0x020ad5018f68,2025-11-23T11:51:49.076853+00:00
7724,256,25,NO,buy,20.5,35.26,0.581454,837896,0x0348890d8399,2025-11-23T11:50:29.022036+00:00
6566,195,22,NO,sell,29.34,70.86,0.414036,920678,0x0ab97f05d711,2025-11-23T11:48:42.614663+00:00
6750,205,41,YES,buy,31.45,53.68,0.585835,666103,0x067a9b031b45,2025-11-23T11:47:13.312674+00:00
5605,143,40,YES,sell,25.51,74.06,0.344463,348350,0x0b30a30eee90,2025-11-23T11:46:14.084790+00:00
13150,536,33,YES,buy,8.94,13.0,0.687565,205013,0x0ad069060a05,2025-11-23T11:45:40.293045+00:00
5238,124,32,NO,buy,2.04,6.42,0.31781,108548,0x0a3d7a064610,2025-11-23T11:45:13.756657+00:00
10281,386,35,YES,buy,14.69,27.53,0.533669,690851,0x0ec07c026673,2025-11-23T11:44:47.751206+00:00
5960,161,40,YES,buy,4.6,6.59,0.697886,122148,0x0eff3c064d0b,2025-11-23T11:44:41.420990+00:00
4369,78,17,NO,buy,2.07,6.35,0.325789,849611,0x0bdc96089eeb,2025-11-23T11:44:27.468977+00:00
6405,187,41,YES,sell,22.32,44.43,0.502319,607053,0x0192720f0b6c,2025-11-23T11:44:02.034800+00:00
8315,284,32,NO,sell,8.57,17.87,0.479586,408539,0x0a2e2801a2e8,2025-11-23T11:43:50.170051+00:00
4010,57,38,YES,sell,22.13,32.57,0.67955,330164,0x06cf1f0b7f11,2025-11-23T11:43:15.031124+00:00
12224,488,28,YES,sell,34.22,103.91,0.32931,121454,0x06201f0b6146,2025-11-23T11:43:06.937275+00:00
7309,234,22,YES,sell,9.53,22.66,0.420593,34459,0x019a270dcb68,2025-11-23T11:42:58.441092+00:00
12620,509,31,NO,buy,19.67,29.75,0.661138,49218,0x04dab802dda4,2025-11-23T11:41:56.398456+00:00
4261,71,29,YES,sell,9.29,15.8,0.588125,962438,0x0956c404787c,2025-11-23T11:41:50.064894+00:00
5237,124,19,NO,sell,40.96,96.84,0.422954,256652,0x09303b03ff82,2025-11-23T11:41:15.756657+00:00
6678,202,18,NO,sell,30.95,65.23,0.474475,331748,0x092b3a03b77a,2025-11-23T11:40:36.056890+00:00
6251,179,36,NO,buy,12.6,24.51,0.513996,879554,0x027ffe0e4e11,2025-11-23T11:40:08.456657+00:00
11571,455,17,NO,sell,47.67,79.21,0.601855,20723,0x096d28046a20,2025-11-23T11:39:37.580557+00:00
4055,59,20,YES,buy,28.05,77.36,0.362613,723858,0x080fe908bbe3,2025-11-23T11:38:53.207726+00:00
7857,262,17,YES,buy,41.29,69.62,0.593104,367263,0x070cce01ddf5,2025-11-23T11:38:31.506973+00:00
9806,360,37,NO,sell,42.63,82.67,0.515663,269398,0x099a0f03f9d9,2025-11-23T11:37:48.920483+00:00
10095,376,21,YES,buy,15.16,23.85,0.635764,920577,0x049f9805c247,2025-11-23T11:37:11.076853+00:00
12223,488,18,NO,sell,39.27,94.86,0.413984,212321,0x0ad0f00dd15c,2025-11-23T11:36:48.937275+00:00
10031,372,24,NO,sell,2.33,5.81,0.401146,849466,0x07deb70762db,2025-11-23T11:36:13.812581+00:00
4212,67,31,NO,sell,47.88,98.95,0.483865,573808,0x0a0e500700cb,2025-11-23T11:35:57.814846+00:00
5959,161,34,NO,sell,26.65,57.55,0.463071,525001,0x0993890f40b1,2025-11-23T11:35:54.420990+00:00
9647,350,21,NO,sell,45.67,110.81,0.412155,939797,0x0c8926026562,2025-11-23T11:35:47.293720+00:00
10366,391,17,NO,buy,8.34,19.56,0.426395,68517,0x082d820cddcc,2025-11-23T11:35:37.074032+00:00
4785,98,39,NO,buy,44.43,82.06,0.541454,669990,0x0e289b0e3d2a,2025-11-23T11:35:26.007691+00:00
13447,550,31,NO,sell,3.38,10.24,0.330126,145498,0x07fb41093f39,2025-11-23T11:34:43.335803+00:00
11374,444,32,YES,buy,19.47,41.91,0.464572,124920,0x0b65bc0acf6a,2025-11-23T11:33:30.854765+00:00
4054,59,34,YES,buy,47.43,123.8,0.383115,693509,0x04e6fb05c29d,2025-11-23T11:33:11.207726+00:00
6677,202,41,NO,buy,15.74,49.9,0.315448,816916,0x03cb490e1fce,2025-11-23T11:31:50.056890+00:00
4989,111,37,NO,buy,32.55,97.44,0.334061,605876,0x0b6cd60a31fa,2025-11-23T11:31:31.811332+00:00
11570,455,24,NO,buy,11.32,33.84,0.334522,193390,0x09c42604556a,2025-11-23T11:31:18.580557+00:00
10613,402,40,YES,buy,48.27,78.39,0.615741,599043,0x0c117b089743,2025-11-23T11:31:09.012467+00:00
12069,480,26,YES,sell,16.83,32.6,0.516294,540247,0x06e67c0b22c1,2025-11-23T11:30:45.316956+00:00
6749,205,16,NO,sell,5.89,15.26,0.386037,819710,0x05db81077730,2025-11-23T11:30:40.312674+00:00
5917,159,34,YES,sell,4.25,12.73,0.333937,811463,0x0df56903dada,2025-11-23T11:30:21.265109+00:00
9315,333,19,YES,buy,38.15,57.0,0.669321,996297,0x037e090a55ff,2025-11-23T11:30:17.984858+00:00
7308,234,44,YES,sell,40.33,64.57,0.624637,709116,0x0a07aa0609a1,2025-11-23T11:30:14.441092+00:00
12173,486,22,NO,sell,35.42,96.56,0.366836,41397,0x03f9cb0ee9e4,2025-11-23T11:29:57.750831+00:00
9983,370,34,NO,buy,45.74,75.78,0.60361,246521,0x0d193201946b,2025-11-23T11:29:37.615952+00:00
5604,143,17,YES,buy,29.3,60.58,0.483677,466204,0x0c76f10b2d88,2025-11-23T11:29:34.084790+00:00
6748,205,38,NO,sell,23.63,78.01,0.302929,70504,0x0da73c05ff73,2025-11-23T11:29:10.312674+00:00
11171,433,17,NO,sell,40.66,74.5,0.545762,531305,0x037fe90aed76,2025-11-23T11:27:54.105056+00:00
5236,124,40,YES,buy,27.58,43.97,0.627302,90092,0x0f2b5d0cd85d,2025-11-23T11:27:17.756657+00:00
10030,372,40,YES,buy,1.51,3.98,0.379153,430994,0x0d6ef50e50da,2025-11-23T11:27:12.812581+00:00
6747,205,20,YES,sell,4.32,6.76,0.638953,641903,0x053f8802e2c1,2025-11-23T11:26:38.312674+00:00
12222,488,30,YES,buy,1.57,2.35,0.668215,448869,0x036b7f0e3729,2025-11-23T11:26:19.937275+00:00
5235,124,39,YES,buy,13.17,39.5,0.333438,629765,0x03cedc0b9064,2025-11-23T11:26:12.756657+00:00
10094,376,39,YES,sell,26.93,52.19,0.515974,330765,0x0f2cf107f619,2025-11-23T11:25:57.076853+00:00
5234,124,31,YES,buy,30.56,67.74,0.45115,867713,0x01db7a034954,2025-11-23T11:25:07.756657+00:00
13446,550,15,NO,buy,8.26,20.08,0.41141,275317,0x0eb98601adf7,2025-11-23T11:23:52.335803+00:00
4784,98,19,YES,buy,14.75,42.82,0.344444,439539,0x08f97408dcf6,2025-11-23T11:23:35.007691+00:00
9646,350,26,YES,sell,47.65,79.67,0.598129,561711,0x0b7afd094a51,2025-11-23T11:20:28.293720+00:00
6701,203,33,YES,sell,12.0,19.19,0.625453,634970,0x03b5f00aedae,2025-11-23T11:20:17.141116+00:00
9982,370,41,NO,sell,32.38,89.41,0.362162,543151,0x0932330e84a0,2025-11-23T11:17:39.615952+00:00
12331,494,41,NO,buy,40.49,96.91,0.417819,271002,0x05b33909389c,2025-11-23T11:16:47.340999+00:00
9805,360,19,YES,buy,1.9,3.35,0.567813,543193,0x095e060a2ec9,2025-11-23T11:16:25.920483+00:00
4614,90,21,YES,buy,28.98,45.67,0.63452,552363,0x0c0d78095d4b,2025-11-23T11:15:23.408281+00:00
12865,522,30,YES,sell,12.99,36.11,0.359717,507386,0x03102f08e7ce,2025-11-23T11:14:40.286158+00:00
6250,179,30,NO,sell,18.12,47.16,0.384234,740196,0x0d5d960d141e,2025-11-23T11:14:34.456657+00:00
7723,256,40,NO,buy,24.96,52.77,0.47299,991022,0x0b158004601d,2025-11-23T11:14:13.022036+00:00
10029,372,28,YES,sell,45.2,73.11,0.618212,412386,0x0dc6890a8362,2025-11-23T11:12:52.812581+00:00
5400,132,24,NO,buy,45.89,82.23,0.558054,636271,0x078cdc0912ec,2025-11-23T11:12:48.347590+00:00
9645,350,42,YES,sell,11.06,16.26,0.680272,159382,0x0afeec0e4133,2025-11-23T11:12:45.293720+00:00
7931,265,43,YES,sell,31.24,50.49,0.618787,404415,0x0add1404685d,2025-11-23T11:11:30.782177+00:00
7930,265,18,NO,buy,41.11,69.59,0.590757,951923,0x0749f9056d3e,2025-11-23T11:11:15.782177+00:00
12068,480,35,YES,sell,23.1,50.2,0.460145,376068,0x0c8c5e0edee3,2025-11-23T11:10:48.316956+00:00
7085,221,16,YES,buy,16.79,27.74,0.605235,981178,0x0e92d107d7a8,2025-11-23T11:10:35.609160+00:00
5603,143,38,YES,buy,24.14,41.26,0.585117,140093,0x04b8f206b080,2025-11-23T11:09:24.084790+00:00
4260,71,36,NO,sell,38.4,77.51,0.495448,776520,0x0d1a510bcb01,2025-11-23T11:08:11.064894+00:00
8314,284,36,YES,buy,24.42,42.81,0.570489,381859,0x091098097659,2025-11-23T11:08:02.170051+00:00
12864,522,43,NO,buy,1.87,4.2,0.444798,629315,0x0275000ddbdd,2025-11-23T11:07:45.286158+00:00
11373,444,26,NO,buy,28.76,55.97,0.513877,609855,0x0e60df0dfc9a,2025-11-23T11:07:30.854765+00:00
12221,488,39,YES,sell,39.9,77.51,0.514763,136664,0x076c4f04905b,2025-11-23T11:07:22.937275+00:00
6565,195,43,NO,buy,20.38,30.36,0.671201,790558,0x0af387057075,2025-11-23T11:07:04.614663+00:00
12863,522,39,YES,buy,46.78,99.97,0.467932,484709,0x0e1076041adb,2025-11-23T11:06:52.286158+00:00
8313,284,20,YES,buy,28.56,42.2,0.676805,279068,0x0ddf610e75b3,2025-11-23T11:05:03.170051+00:00
10280,386,27,NO,buy,6.13,10.29,0.595556,752260,0x093e650671b2,2025-11-23T11:04:36.751206+00:00
6676,202,16,NO,sell,14.44,33.03,0.437178,947221,0x0846e30a76c1,2025-11-23T11:04:19.056890+00:00
4211,67,34,NO,buy,35.58,70.11,0.507473,695395,0x0a800406ba07,2025-11-23T11:03:08.814846+00:00
7856,262,17,YES,sell,12.4,19.99,0.620314,809132,0x02186a094e91,2025-11-23T11:03:04.506973+00:00
8107,275,27,YES,buy,6.43,10.11,0.636118,301252,0x0efd5d09f941,2025-11-23T11:02:06.419191+00:00
11569,455,27,NO,buy,23.79,50.57,0.470476,961195,0x0bae4706c72d,2025-11-23T11:01:28.580557+00:00
5916,159,30,NO,buy,12.83,25.23,0.508503,79701,0x097ae20de53d,2025-11-23T11:00:39.265109+00:00
4783,98,27,NO,buy,23.43,62.04,0.377662,213033,0x07436905d74b,2025-11-23T11:00:30.007691+00:00
4368,78,41,YES,buy,10.71,23.27,0.460233,984118,0x0c81a60b9c52,2025-11-23T11:00:17.468977+00:00
4367,78,32,YES,buy,23.64,38.03,0.621559,13537,0x03c337037818,2025-11-23T10:55:55.468977+00:00
4736,95,20,YES,sell,49.22,71.65,0.686938,162638,0x0b0df90eac67,2025-11-23T10:55:54.842457+00:00
12330,494,30,YES,sell,31.14,56.54,0.550795,321962,0x053a2a05f80c,2025-11-23T10:55:45.340999+00:00
13149,536,40,YES,sell,2.43,3.79,0.641493,547778,0x0489fe020b22,2025-11-23T10:55:22.293045+00:00
4053,59,40,YES,sell,23.08,48.38,0.477088,321214,0x0af13908631c,2025-11-23T10:54:12.207726+00:00
9981,370,43,NO,buy,14.82,36.37,0.407469,192276,0x06b75801986d,2025-11-23T10:53:30.615952+00:00
6700,203,30,YES,sell,22.69,50.25,0.45156,849373,0x0420930b0176,2025-11-23T10:52:59.141116+00:00
7084,221,37,NO,buy,39.52,111.86,0.353305,304138,0x0a93010800fb,2025-11-23T10:52:44.609160+00:00
4009,57,16,NO,buy,26.48,42.53,0.622604,986937,0x0c83fd0d0969,2025-11-23T10:52:26.031124+00:00
5915,159,21,NO,sell,23.04,36.31,0.634549,952591,0x051f150d80ec,2025-11-23T10:51:48.265109+00:00
11170,433,29,NO,buy,2.16,4.68,0.461173,401686,0x0ea59b01e5be,2025-11-23T10:51:42.105056+00:00
12619,509,39,YES,sell,44.82,71.09,0.630487,348799,0x024da2037bc3,2025-11-23T10:50:54.398456+00:00
5914,159,41,NO,sell,3.92,8.29,0.472748,414798,0x06a7570e0417,2025-11-23T10:49:45.265109+00:00
12618,509,28,YES,buy,25.55,50.83,0.502628,270825,0x0546af0d721b,2025-11-23T10:49:22.398456+00:00
12067,480,35,YES,buy,14.23,22.22,0.640449,703912,0x0a57570b9a6c,2025-11-23T10:48:29.316956+00:00
4782,98,17,NO,sell,3.66,7.72,0.474346,478092,0x04fc090b46dd,2025-11-23T10:48:11.007691+00:00
6404,187,23,YES,buy,41.34,94.24,0.438645,510719,0x063968077dcf,2025-11-23T10:46:59.034800+00:00
10093,376,25,NO,sell,46.65,67.52,0.690866,859091,0x0edc7701db88,2025-11-23T10:45:59.076853+00:00
12329,494,42,YES,sell,42.22,63.57,0.664167,786856,0x0a45a2074a56,2025-11-23T10:44:57.340999+00:00
8106,275,20,NO,sell,33.51,102.92,0.325601,219937,0x0cb2d60ad426,2025-11-23T10:44:48.419191+00:00
5602,143,26,YES,sell,28.05,43.46,0.645375,481005,0x0f217d041ba2,2025-11-23T10:44:03.084790+00:00
11568,455,16,YES,buy,17.57,43.82,0.400993,765265,0x04b3d5086eab,2025-11-23T10:43:40.580557+00:00
9314,333,38,NO,sell,21.21,37.19,0.570355,477948,0x06a94502112f,2025-11-23T10:43:24.984858+00:00
4613,90,31,YES,buy,41.92,119.12,0.35191,113255,0x0206b804c257,2025-11-23T10:42:05.408281+00:00
5958,161,39,NO,sell,44.55,91.54,0.486648,372128,0x0be22f09d722,2025-11-23T10:42:03.420990+00:00
11372,444,37,YES,buy,11.92,23.42,0.508869,783109,0x03a0710f02ce,2025-11-23T10:41:41.854765+00:00
8312,284,19,YES,buy,40.83,123.84,0.32969,605490,0x04a42b05ff3f,2025-11-23T10:40:48.170051+00:00
10279,386,18,YES,sell,49.98,72.65,0.687972,10718,0x09e7bf0dde2a,2025-11-23T10:39:03.751206+00:00
10365,391,17,NO,buy,48.63,99.51,0.488705,802616,0x02e0e10739fb,2025-11-23T10:38:55.074032+00:00
12862,522,25,YES,sell,39.43,90.98,0.433378,14382,0x05e5ab0b34f5,2025-11-23T10:38:47.286158+00:00
4988,111,38,NO,buy,43.43,74.51,0.582883,835832,0x0aad840b9b8d,2025-11-23T10:38:41.811332+00:00
12066,480,34,NO,buy,11.34,34.46,0.329064,638093,0x0ecb6f039cd7,2025-11-23T10:38:16.316956+00:00
5601,143,28,YES,sell,30.88,84.24,0.366584,718606,0x0b88a7091395,2025-11-23T10:37:41.084790+00:00
12861,522,22,YES,buy,15.43,36.73,0.420047,299832,0x0946a00b4594,2025-11-23T10:36:52.286158+00:00
10028,372,31,NO,buy,20.91,35.29,0.592447,893177,0x0d48740dc507,2025-11-23T10:36:42.812581+00:00
6249,179,26,NO,buy,27.85,75.41,0.369307,798962,0x023cc105c557,2025-11-23T10:36:34.456657+00:00
10278,386,36,YES,sell,26.69,44.95,0.593816,769776,0x0d3bd102a202,2025-11-23T10:36:23.751206+00:00
5233,124,21,YES,buy,4.53,11.38,0.398102,106102,0x0bd90807f748,2025-11-23T10:35:31.756657+00:00
10612,402,44,YES,buy,19.04,28.49,0.668361,980286,0x086c06079c94,2025-11-23T10:35:27.012467+00:00
4612,90,31,NO,buy,31.04,72.35,0.42904,116830,0x0bc7c406ada2,2025-11-23T10:35:21.408281+00:00
7722,256,34,YES,buy,38.14,80.24,0.475332,483357,0x02171207a848,2025-11-23T10:34:57.022036+00:00
8311,284,40,NO,buy,25.03,37.66,0.664711,444090,0x0326030b20e4,2025-11-23T10:34:56.170051+00:00
4008,57,26,NO,sell,30.7,60.84,0.504569,200312,0x07b0620ac054,2025-11-23T10:34:53.031124+00:00
5913,159,17,YES,buy,31.72,68.16,0.465403,984153,0x0b892d07503d,2025-11-23T10:34:12.265109+00:00
12172,486,38,YES,sell,33.84,76.36,0.443186,107712,0x0e96810c7790,2025-11-23T10:33:01.750831+00:00
4781,98,25,YES,buy,12.62,27.14,0.465038,935664,0x04b9a40788ce,2025-11-23T10:32:58.007691+00:00
6746,205,35,NO,buy,10.13,28.85,0.351087,278356,0x03a860071ad2,2025-11-23T10:32:43.312674+00:00
9644,350,19,YES,buy,40.12,108.21,0.370751,314936,0x0dae73053f2d,2025-11-23T10:32:34.293720+00:00
7929,265,36,NO,sell,49.26,73.5,0.670247,240926,0x0782a2041d30,2025-11-23T10:32:21.782177+00:00
12220,488,36,YES,sell,13.29,20.58,0.645654,248652,0x09802c06d0bf,2025-11-23T10:32:18.937275+00:00
10027,372,37,NO,sell,40.91,121.47,0.336796,506820,0x09316f0df81c,2025-11-23T10:31:58.812581+00:00
7307,234,27,YES,sell,15.49,36.84,0.420518,524131,0x0de8670eec77,2025-11-23T10:31:23.441092+00:00
11567,455,26,NO,buy,36.81,103.27,0.356448,349563,0x05010a075a91,2025-11-23T10:30:37.580557+00:00
12328,494,29,YES,buy,10.59,33.26,0.318386,49696,0x09de320926c2,2025-11-23T10:29:39.340999+00:00
11371,444,30,YES,buy,15.28,31.53,0.484554,633561,0x0c8726036cd2,2025-11-23T10:28:53.854765+00:00
11169,433,28,NO,buy,15.92,27.71,0.57452,396106,0x0e440d09ab62,2025-11-23T10:28:25.105056+00:00
5399,132,33,NO,sell,36.04,58.63,0.614679,800652,0x05fab40e15d3,2025-11-23T10:27:42.347590+00:00
13445,550,38,NO,sell,32.93,87.7,0.375481,143539,0x0255450660be,2025-11-23T10:26:48.335803+00:00
6699,203,42,YES,sell,21.82,44.41,0.491346,912586,0x0634db05fe4b,2025-11-23T10:26:47.141116+00:00
4780,98,38,NO,sell,21.53,35.95,0.598835,817814,0x06bca10534f6,2025-11-23T10:25:17.007691+00:00
4366,78,27,YES,sell,13.75,19.75,0.696271,897114,0x0205ef07ff03,2025-11-23T10:24:53.468977+00:00
6675,202,18,YES,buy,14.3,34.19,0.418251,631669,0x058f1503a15b,2025-11-23T10:23:31.056890+00:00
4259,71,19,YES,sell,12.27,23.24,0.527916,578390,0x0575220983c3,2025-11-23T10:23:20.064894+00:00
4735,95,44,YES,sell,19.12,51.65,0.37016,248669,0x0e0bdb0cbcff,2025-11-23T10:22:38.842457+00:00
4611,90,34,YES,sell,36.33,64.49,0.563316,407313,0x0a26300ea173,2025-11-23T10:22:14.408281+00:00
6403,187,30,NO,buy,23.01,36.85,0.624465,767940,0x05c1560d0fdd,2025-11-23T10:21:49.034800+00:00
11566,455,30,NO,buy,17.06,26.62,0.640935,430399,0x0acfaf0c1042,2025-11-23T10:17:49.580557+00:00
9804,360,33,NO,buy,27.93,68.38,0.408458,73589,0x083fba0ec3a4,2025-11-23T10:17:21.920483+00:00
7928,265,17,NO,sell,42.61,90.82,0.46915,244649,0x05feb4052a42,2025-11-23T10:16:16.782177+00:00
12065,480,27,YES,sell,19.73,43.24,0.456255,719152,0x0cffe50a6208,2025-11-23T10:15:04.316956+00:00
9803,360,29,NO,buy,6.09,11.49,0.530102,465691,0x06165f081fd9,2025-11-23T10:14:59.920483+00:00
8105,275,37,YES,sell,49.74,74.6,0.666776,632312,0x0c960206c750,2025-11-23T10:14:57.419191+00:00
4052,59,19,NO,buy,49.7,143.07,0.347381,636770,0x0dc1c9082f46,2025-11-23T10:13:21.207726+00:00
6564,195,25,NO,sell,37.52,88.71,0.422957,77539,0x05a4ed0e184c,2025-11-23T10:12:52.614663+00:00
10364,391,43,NO,buy,32.96,72.13,0.456984,228831,0x08c36904de99,2025-11-23T10:12:12.074032+00:00
9980,370,21,NO,sell,16.29,25.04,0.650471,796432,0x042f5d04914f,2025-11-23T10:11:03.615952+00:00
7721,256,29,YES,buy,30.82,67.69,0.455322,483467,0x01d5a802c56d,2025-11-23T10:11:02.022036+00:00
4734,95,23,YES,sell,14.49,35.97,0.402782,634152,0x0d6384034f88,2025-11-23T10:10:33.842457+00:00
4210,67,15,NO,sell,21.52,46.26,0.465184,527195,0x04c9c3081787,2025-11-23T10:10:04.814846+00:00
12064,480,43,YES,buy,2.74,4.35,0.629265,223347,0x0dae3906d2b2,2025-11-23T10:09:31.316956+00:00
4779,98,16,YES,buy,39.49,79.94,0.494025,939558,0x03620702a8dd,2025-11-23T10:09:04.007691+00:00
4987,111,34,NO,sell,12.41,27.09,0.458159,704011,0x0a2e8902424d,2025-11-23T10:08:17.811332+00:00
11370,444,38,YES,buy,45.69,67.43,0.677604,465654,0x0b76650db056,2025-11-23T10:07:36.854765+00:00
12617,509,38,YES,sell,36.53,52.94,0.690047,303750,0x0950a80cb857,2025-11-23T10:06:43.398456+00:00
7083,221,15,NO,sell,24.95,64.5,0.386806,151634,0x0f217d0e9a9c,2025-11-23T10:05:27.609160+00:00
4007,57,18,NO,buy,29.45,42.47,0.69342,626550,0x0223530342a4,2025-11-23T10:05:04.031124+00:00
7855,262,27,NO,buy,4.86,8.86,0.54826,391344,0x07779d0e88b9,2025-11-23T10:04:29.506973+00:00
10277,386,29,NO,sell,14.81,29.47,0.502505,39811,0x0b8fdc053ffe,2025-11-23T10:04:22.751206+00:00
10611,402,24,YES,sell,8.79,15.48,0.567894,725280,0x0948b70bb637,2025-11-23T10:03:32.012467+00:00
4258,71,22,YES,buy,13.78,20.45,0.673903,438862,0x0acacb0d0bcb,2025-11-23T10:03:01.064894+00:00
4006,57,17,NO,sell,32.43,70.52,0.459871,348235,0x0f06420a1af6,2025-11-23T10:03:01.031124+00:00
4051,59,30,YES,buy,20.63,62.58,0.329633,57213,0x0b98d50c8254,2025-11-23T10:02:50.207726+00:00
7720,256,31,YES,sell,47.0,104.64,0.449145,39880,0x0dca8c07f6f2,2025-11-23T10:02:30.022036+00:00
12219,488,35,NO,sell,34.04,74.2,0.458758,782667,0x01b4270a78c1,2025-11-23T10:01:31.937275+00:00
10610,402,41,NO,buy,16.25,45.51,0.357042,275413,0x074c2b09709a,2025-11-23T10:01:07.012467+00:00
4365,78,37,YES,buy,41.96,97.33,0.431117,261276,0x02fc3b0ce786,2025-11-23T10:00:26.468977+00:00
7719,256,40,YES,sell,7.1,16.15,0.43972,357563,0x06a2a60aad26,2025-11-23T09:59:30.022036+00:00
10026,372,34,YES,sell,20.29,29.86,0.679432,976520,0x0eed1f0b5134,2025-11-23T09:59:10.812581+00:00
9643,350,28,YES,sell,46.13,93.59,0.492887,449653,0x0241fa08761c,2025-11-23T09:59:05.293720+00:00
5912,159,17,YES,buy,43.03,120.14,0.358161,501892,0x0db1b4029d20,2025-11-23T09:59:00.265109+00:00
12063,480,31,YES,sell,30.7,46.7,0.657429,812466,0x069cef0e133d,2025-11-23T09:58:35.316956+00:00
13148,536,40,YES,sell,13.55,21.2,0.639105,199485,0x043bc10a0075,2025-11-23T09:57:53.293045+00:00
4209,67,41,NO,buy,41.26,103.96,0.396879,116233,0x0aafdf0cbbf5,2025-11-23T09:56:53.814846+00:00
10092,376,29,YES,buy,40.47,103.78,0.389968,913978,0x0b94ae08e791,2025-11-23T09:56:07.076853+00:00
7927,265,28,YES,buy,14.62,47.25,0.30945,301536,0x0302d605d08e,2025-11-23T09:56:03.782177+00:00
5957,161,16,YES,sell,7.66,18.46,0.414881,514756,0x09fcf80e4eaa,2025-11-23T09:55:38.420990+00:00
7082,221,17,NO,buy,42.92,68.97,0.622284,195624,0x03214b0a8b62,2025-11-23T09:54:06.609160+00:00
5232,124,20,NO,buy,16.2,24.77,0.654101,721756,0x0e9b1a07d541,2025-11-23T09:53:52.756657+00:00
12860,522,23,NO,buy,1.31,2.23,0.58806,629884,0x0aab5b0b9ad5,2025-11-23T09:52:35.286158+00:00
6563,195,44,NO,sell,18.09,43.84,0.412677,261061,0x0c0b93087ad8,2025-11-23T09:52:20.614663+00:00
4733,95,24,YES,sell,24.75,70.57,0.350729,822834,0x02c1730f2625,2025-11-23T09:51:25.842457+00:00
12616,509,41,YES,buy,10.54,15.28,0.689632,907225,0x0ded67062e7d,2025-11-23T09:51:02.398456+00:00
13444,550,27,NO,buy,1.48,2.63,0.561681,445106,0x01a25a01ef1c,2025-11-23T09:49:58.335803+00:00
12171,486,43,NO,sell,30.59,59.31,0.515753,708107,0x0d7d670d6a27,2025-11-23T09:49:42.750831+00:00
12062,480,44,NO,sell,39.13,88.01,0.444633,101227,0x07cc5b0d7518,2025-11-23T09:49:20.316956+00:00
12327,494,29,NO,buy,16.02,28.7,0.558132,4342,0x0e284507084d,2025-11-23T09:49:11.340999+00:00
6698,203,38,YES,sell,40.8,66.48,0.6137,537749,0x02536f03267a,2025-11-23T09:48:05.141116+00:00
5600,143,15,YES,buy,30.88,61.59,0.501345,599301,0x02d0600b1e74,2025-11-23T09:47:33.084790+00:00
13443,550,17,YES,buy,34.25,81.16,0.422,984035,0x07245306fb53,2025-11-23T09:47:03.335803+00:00
8310,284,19,YES,buy,37.81,55.68,0.67909,952239,0x0f1ea00a763d,2025-11-23T09:45:56.170051+00:00
9313,333,35,NO,sell,24.74,68.22,0.362659,325851,0x09f2230c2724,2025-11-23T09:45:11.984858+00:00
12859,522,27,NO,buy,21.99,56.52,0.38905,639161,0x095ec7079c1c,2025-11-23T09:43:48.286158+00:00
9802,360,23,YES,buy,23.55,37.03,0.635941,715133,0x0bc32f0f3428,2025-11-23T09:42:47.920483+00:00
6248,179,44,YES,buy,8.31,13.3,0.624928,142260,0x0d91e2031a4f,2025-11-23T09:42:15.456657+00:00
7306,234,16,YES,sell,11.78,38.22,0.308198,503174,0x0602f304a318,2025-11-23T09:41:53.441092+00:00
7854,262,23,YES,buy,44.87,71.55,0.627128,993270,0x0c53d9064ff5,2025-11-23T09:41:03.506973+00:00
6402,187,23,YES,sell,47.06,99.22,0.474297,148758,0x045bb904211f,2025-11-23T09:40:29.034800+00:00
12326,494,24,YES,buy,19.81,50.25,0.394208,852174,0x0a060c0c8811,2025-11-23T09:40:22.340999+00:00
9801,360,27,YES,buy,22.24,34.32,0.648025,605168,0x0272e106d51b,2025-11-23T09:38:37.920483+00:00
5398,132,21,NO,sell,26.14,70.69,0.369799,688796,0x03f2c50727df,2025-11-23T09:38:27.347590+00:00
7853,262,25,NO,buy,40.39,59.19,0.682409,733183,0x05cb530babb1,2025-11-23T09:37:19.506973+00:00
6674,202,20,NO,buy,2.53,4.58,0.552409,391449,0x04ca64085e98,2025-11-23T09:36:24.056890+00:00
6745,205,37,YES,buy,31.51,91.31,0.345087,538553,0x071c90049d28,2025-11-23T09:36:11.312674+00:00
8104,275,39,NO,buy,12.54,41.56,0.301709,758117,0x0b4aba03b478,2025-11-23T09:35:07.419191+00:00
10276,386,20,NO,sell,29.74,72.06,0.41269,65737,0x0a4f6c08f14b,2025-11-23T09:34:31.751206+00:00
12170,486,30,YES,buy,12.53,30.86,0.406091,533092,0x0cab5c070369,2025-11-23T09:34:07.750831+00:00
6562,195,36,YES,sell,15.69,22.58,0.694979,644911,0x0f2dd8068cd3,2025-11-23T09:32:23.614663+00:00
11565,455,29,NO,buy,34.5,112.25,0.307356,991956,0x01a3e50b1969,2025-11-23T09:32:23.580557+00:00
11168,433,15,NO,buy,7.38,12.14,0.608151,890029,0x0e7b980da743,2025-11-23T09:31:11.105056+00:00
10091,376,23,NO,sell,37.27,72.26,0.515741,794085,0x0773a308cc6e,2025-11-23T09:31:04.076853+00:00
6401,187,34,YES,buy,5.73,10.07,0.56919,579211,0x0ee1e80bd877,2025-11-23T09:30:27.034800+00:00
11369,444,17,NO,sell,28.48,43.43,0.655795,667123,0x077fad0c89d2,2025-11-23T09:30:13.854765+00:00
9800,360,18,NO,buy,24.47,38.03,0.643447,418416,0x025565086f67,2025-11-23T09:30:09.920483+00:00
8032,269,22,YES,buy,470.47,820.56,0.573351,206067,0x07ceaa06911d,2025-11-23T09:30:06.082655+00:00
8031,269,34,NO,buy,480.65,1109.5,0.433212,764410,0x0dc7740237a5,2025-11-23T09:29:42.082655+00:00
10609,402,44,YES,sell,13.37,22.7,0.588884,421877,0x020e820acd75,2025-11-23T09:29:23.012467+00:00
4610,90,29,YES,sell,36.95,56.57,0.653173,382760,0x0b710e0f3c32,2025-11-23T09:29:06.408281+00:00
10363,391,16,NO,buy,48.62,113.74,0.427474,668976,0x0e40b10f216e,2025-11-23T09:28:53.074032+00:00
10362,391,41,YES,buy,22.72,48.23,0.471121,351275,0x08ab5306da5b,2025-11-23T09:28:41.074032+00:00
8030,269,21,YES,sell,198.66,503.55,0.394519,610896,0x048d23081112,2025-11-23T09:28:26.082655+00:00
8029,269,25,YES,buy,286.61,557.78,0.513841,165335,0x07bb7b0ade26,2025-11-23T09:28:06.082655+00:00
7717,255,35,NO,sell,80.79,262.91,0.307297,420899,0x032771058d45,2025-11-23T09:27:46.934767+00:00
9642,350,15,NO,sell,28.13,75.7,0.371608,381202,0x0611ad0768d1,2025-11-23T09:27:45.293720+00:00
8028,269,41,NO,sell,482.07,1428.07,0.337568,902650,0x0c80d10bb70b,2025-11-23T09:27:41.082655+00:00
13147,536,32,NO,sell,26.79,41.69,0.642653,181071,0x0ac4a50e960a,2025-11-23T09:27:22.293045+00:00
9641,350,37,NO,sell,38.13,110.73,0.344353,924352,0x0d68440a1db4,2025-11-23T09:27:11.293720+00:00
6023,163,21,NO,sell,92.51,144.23,0.641402,454405,0x0e35610da24c,2025-11-23T09:26:40.595654+00:00
9219,327,16,NO,buy,267.92,434.67,0.616371,699379,0x065bc80a6300,2025-11-23T09:26:23.557198+00:00
8027,269,16,NO,buy,103.85,217.65,0.477143,846540,0x0c3ea2031777,2025-11-23T09:26:13.082655+00:00
7716,255,35,YES,buy,252.43,638.52,0.395334,688028,0x0d647a0d4d88,2025-11-23T09:26:05.934767+00:00
9218,327,37,YES,buy,324.8,680.79,0.477091,562244,0x0b5f660a75b5,2025-11-23T09:25:48.557198+00:00
6697,203,20,YES,sell,34.88,75.26,0.463437,224039,0x0ed5660c19a5,2025-11-23T09:25:34.141116+00:00
7715,255,18,NO,sell,98.61,160.35,0.614966,954242,0x0a05340de685,2025-11-23T09:25:31.934767+00:00
6022,163,44,YES,buy,148.16,339.16,0.43684,724024,0x09e1170e91c1,2025-11-23T09:25:31.595654+00:00
8026,269,36,YES,sell,280.32,661.49,0.423772,322475,0x0eb4f40503e2,2025-11-23T09:24:46.082655+00:00
9217,327,23,NO,buy,391.41,776.57,0.504023,283876,0x019080033dc2,2025-11-23T09:24:40.557198+00:00
7714,255,15,NO,sell,393.67,936.05,0.420565,974042,0x0954a60751e3,2025-11-23T09:24:26.934767+00:00
8170,277,41,YES,buy,295.52,900.86,0.328041,337523,0x04ff490499d9,2025-11-23T09:24:13.573210+00:00
8169,277,31,YES,sell,364.52,866.24,0.420807,198400,0x074b15040ce7,2025-11-23T09:23:58.573210+00:00
8025,269,31,NO,sell,293.1,753.11,0.389187,346889,0x0c46da0979d7,2025-11-23T09:23:52.082655+00:00
6021,163,17,NO,buy,242.91,646.52,0.37572,20112,0x0587c10d2184,2025-11-23T09:23:34.595654+00:00
7713,255,21,NO,buy,179.87,502.67,0.357827,367496,0x0764b4077df0,2025-11-23T09:23:15.934767+00:00
9979,370,25,YES,sell,4.61,6.69,0.689184,957291,0x0e668909bc1d,2025-11-23T09:23:15.615952+00:00
8024,269,31,NO,buy,274.07,505.3,0.542388,451041,0x0e0d0a0aaec5,2025-11-23T09:23:05.082655+00:00
9216,327,40,NO,sell,184.27,294.85,0.624963,708943,0x0390e40f1355,2025-11-23T09:22:58.557198+00:00
5053,113,34,NO,sell,269.48,569.72,0.473002,522711,0x0767f40e65e0,2025-11-23T09:22:41.004843+00:00
8168,277,32,YES,buy,339.59,499.17,0.680315,572511,0x0256740a6c3d,2025-11-23T09:22:35.573210+00:00
5576,141,23,NO,sell,363.5,599.11,0.606734,281216,0x01e7010a35b9,2025-11-23T09:22:33.919416+00:00
7712,255,25,NO,sell,209.79,458.65,0.457403,393264,0x06c9620be7b4,2025-11-23T09:22:15.934767+00:00
8167,277,43,YES,buy,497.45,1575.34,0.315773,902038,0x062a760affb7,2025-11-23T09:21:55.573210+00:00
6020,163,39,NO,buy,282.12,516.94,0.545746,374564,0x0e180502dbb0,2025-11-23T09:21:53.595654+00:00
7711,255,20,NO,sell,276.69,553.17,0.500193,109907,0x07f24f05994f,2025-11-23T09:21:46.934767+00:00
8023,269,38,NO,buy,223.17,397.88,0.560904,966635,0x09c5ac04dfe8,2025-11-23T09:21:46.082655+00:00
5575,141,24,YES,buy,444.52,918.24,0.4841,720729,0x0253b90b1d79,2025-11-23T09:21:45.919416+00:00
8166,277,41,YES,buy,402.56,1117.31,0.360295,650326,0x0de5f2042c33,2025-11-23T09:21:43.573210+00:00
5052,113,19,YES,sell,266.69,605.25,0.44063,488853,0x0ade88022f25,2025-11-23T09:21:35.004843+00:00
9640,350,18,NO,buy,16.8,53.89,0.311718,15577,0x096f550871d0,2025-11-23T09:21:32.293720+00:00
7710,255,23,YES,buy,423.83,751.86,0.563705,508255,0x0ca2350a1c5f,2025-11-23T09:21:28.934767+00:00
9215,327,23,NO,buy,246.62,430.18,0.573297,156920,0x02c1ca06a4b4,2025-11-23T09:21:28.557198+00:00
5051,113,24,NO,sell,319.98,474.61,0.6742,578295,0x0782f705992d,2025-11-23T09:21:24.004843+00:00
6134,172,43,YES,buy,493.25,779.77,0.632557,43301,0x062c1b0d853e,2025-11-23T09:21:13.983221+00:00
8165,277,37,YES,sell,259.56,556.51,0.466404,251836,0x047f01096c48,2025-11-23T09:21:05.573210+00:00
9214,327,31,YES,buy,342.25,688.62,0.497005,118438,0x0c87840413f3,2025-11-23T09:21:02.557198+00:00
5050,113,23,NO,buy,167.02,253.85,0.657954,416131,0x08c2580546aa,2025-11-23T09:20:56.004843+00:00
5574,141,25,NO,buy,296.26,542.79,0.545808,51901,0x08ce42087bed,2025-11-23T09:20:45.919416+00:00
5573,141,40,YES,sell,303.32,669.01,0.453389,158692,0x0c524602ce57,2025-11-23T09:20:44.919416+00:00
5572,141,34,NO,sell,408.02,697.7,0.584809,383585,0x0f08560a1615,2025-11-23T09:20:29.919416+00:00
9213,327,41,YES,sell,417.1,1025.2,0.406847,911290,0x058b730e710e,2025-11-23T09:20:19.557198+00:00
5571,141,30,NO,sell,403.97,959.13,0.421182,665920,0x05aa0d0d661f,2025-11-23T09:20:14.919416+00:00
5570,141,27,YES,buy,213.99,403.85,0.529873,477779,0x07ab720c81b4,2025-11-23T09:20:12.919416+00:00
9212,327,26,YES,buy,279.34,549.46,0.508393,229463,0x0aeeea06e10b,2025-11-23T09:20:10.557198+00:00
7709,255,18,YES,sell,350.25,722.26,0.484937,302713,0x052f720dca35,2025-11-23T09:20:09.934767+00:00
8164,277,31,NO,sell,108.84,282.16,0.385736,654695,0x0dccd10c7eea,2025-11-23T09:20:09.573210+00:00
6744,205,21,NO,sell,38.29,79.8,0.479803,99873,0x0ecbd9058b00,2025-11-23T09:20:09.312674+00:00
6019,163,39,NO,buy,127.62,265.59,0.480517,804208,0x03780a098885,2025-11-23T09:20:06.595654+00:00
8022,269,24,NO,sell,497.28,1447.05,0.34365,983183,0x07c828020592,2025-11-23T09:20:03.082655+00:00
7708,255,18,NO,buy,231.18,476.14,0.485525,697244,0x038694025754,2025-11-23T09:20:02.934767+00:00
6018,163,35,YES,buy,492.78,758.95,0.649288,252187,0x0f2ca3019441,2025-11-23T09:19:57.595654+00:00
5049,113,29,YES,sell,379.24,743.33,0.51019,519827,0x0942350cf9ed,2025-11-23T09:19:55.004843+00:00
6133,172,20,NO,buy,283.86,444.24,0.638973,589640,0x0851440dbc15,2025-11-23T09:19:50.983221+00:00
8021,269,41,YES,sell,136.88,246.14,0.5561,686970,0x070506061534,2025-11-23T09:19:33.082655+00:00
5048,113,17,YES,sell,395.55,708.83,0.558029,523807,0x09ac2307839e,2025-11-23T09:18:48.004843+00:00
6017,163,21,YES,sell,120.99,179.86,0.672697,726150,0x067a4e0a33f7,2025-11-23T09:18:46.595654+00:00
9211,327,26,YES,sell,116.7,188.18,0.620135,469436,0x0aec870d9c4a,2025-11-23T09:18:41.557198+00:00
6132,172,20,YES,sell,456.95,1033.08,0.442318,534804,0x0e9aaf08670f,2025-11-23T09:18:39.983221+00:00
6131,172,39,YES,sell,144.68,300.01,0.482252,224193,0x06a6e40d72ce,2025-11-23T09:18:26.983221+00:00
8163,277,17,YES,buy,415.96,697.44,0.596406,275712,0x0d34220541e8,2025-11-23T09:18:26.573210+00:00
10608,402,37,NO,buy,5.17,7.85,0.658838,277099,0x0ccd8a036cdf,2025-11-23T09:18:23.012467+00:00
4778,98,28,NO,sell,31.22,47.59,0.656032,110493,0x08c6b702380d,2025-11-23T09:18:22.007691+00:00
5569,141,31,YES,sell,418.62,954.63,0.438515,688728,0x0d3fa40325fa,2025-11-23T09:18:21.919416+00:00
7707,255,33,NO,buy,284.49,419.2,0.678644,313956,0x0ca0fa0561b9,2025-11-23T09:18:11.934767+00:00
6016,163,44,NO,buy,356.13,626.19,0.568724,950962,0x082cd2041d9c,2025-11-23T09:17:51.595654+00:00
8020,269,40,NO,sell,126.33,184.37,0.685204,610778,0x08c19a07f947,2025-11-23T09:17:37.082655+00:00
6015,163,36,NO,buy,218.09,547.64,0.398239,105291,0x09342601db5f,2025-11-23T09:17:34.595654+00:00
6014,163,18,YES,sell,315.52,731.33,0.431435,210984,0x0a3f340c0605,2025-11-23T09:17:32.595654+00:00
5047,113,42,YES,sell,167.88,504.81,0.332563,696732,0x090e7a0e2e8c,2025-11-23T09:17:29.004843+00:00
9210,327,27,YES,sell,260.97,831.12,0.313997,351985,0x0be57a0484ee,2025-11-23T09:17:15.557198+00:00
8162,277,40,YES,buy,216.47,467.89,0.462655,944764,0x02e84a0a6288,2025-11-23T09:17:09.573210+00:00
5568,141,36,NO,buy,189.63,278.05,0.682007,418559,0x0465ee04247f,2025-11-23T09:16:53.919416+00:00
5046,113,33,YES,sell,411.63,954.9,0.431072,835259,0x0260c60b98e3,2025-11-23T09:16:53.004843+00:00
8161,277,33,YES,buy,198.57,316.74,0.62692,93841,0x0b401905926c,2025-11-23T09:16:51.573210+00:00
6130,172,21,YES,buy,231.76,504.78,0.459132,858915,0x0b3ea502f0a0,2025-11-23T09:16:34.983221+00:00
6129,172,16,YES,buy,393.46,836.07,0.470606,985450,0x0f120a01d039,2025-11-23T09:16:28.983221+00:00
7706,255,18,NO,sell,416.3,1125.47,0.369889,3802,0x03c79a0d2402,2025-11-23T09:16:24.934767+00:00
8160,277,32,YES,sell,381.74,676.83,0.564014,600443,0x072ee5092d50,2025-11-23T09:16:10.573210+00:00
5567,141,28,YES,sell,241.31,648.77,0.37195,327203,0x03f0160615d6,2025-11-23T09:16:03.919416+00:00
6013,163,24,YES,sell,495.32,1285.32,0.385366,302525,0x0c1b430a5d16,2025-11-23T09:15:52.595654+00:00
8019,269,42,NO,sell,211.31,368.4,0.573596,265923,0x0bce970c13b8,2025-11-23T09:15:45.082655+00:00
5045,113,27,NO,sell,331.81,480.33,0.690793,801149,0x05704c0243d7,2025-11-23T09:15:34.004843+00:00
5566,141,39,NO,buy,351.14,988.48,0.355232,222493,0x04888d023bdd,2025-11-23T09:15:24.919416+00:00
9209,327,32,NO,buy,471.77,1104.37,0.427185,158778,0x07e1550b12b7,2025-11-23T09:15:23.557198+00:00
7705,255,40,YES,sell,173.52,286.18,0.606334,690168,0x0a1e5a090ed1,2025-11-23T09:15:20.934767+00:00
6128,172,35,YES,sell,179.81,266.69,0.674237,830142,0x086274087de7,2025-11-23T09:14:52.983221+00:00
8018,269,16,YES,buy,277.51,556.6,0.498577,611682,0x0614360b5f9d,2025-11-23T09:14:26.082655+00:00
5044,113,43,YES,buy,140.66,210.05,0.669662,201992,0x0e3e87048f65,2025-11-23T09:14:25.004843+00:00
8159,277,22,NO,buy,321.87,957.66,0.336102,93848,0x0e48060cfd9c,2025-11-23T09:14:24.573210+00:00
6012,163,32,NO,buy,290.74,426.91,0.681039,672109,0x0e3d6d0dcb5a,2025-11-23T09:14:11.595654+00:00
5565,141,34,YES,buy,235.04,539.16,0.43594,641225,0x0eb29b018d24,2025-11-23T09:14:07.919416+00:00
6127,172,23,YES,sell,134.62,261.68,0.514442,870880,0x0d7aee023627,2025-11-23T09:14:05.983221+00:00
7704,255,33,YES,sell,87.87,204.13,0.430457,277115,0x0d21630b547a,2025-11-23T09:13:56.934767+00:00
8017,269,31,YES,sell,405.9,590.26,0.687662,731518,0x09012407dc56,2025-11-23T09:13:54.082655+00:00
6126,172,21,YES,buy,180.86,441.11,0.410008,81472,0x06edd20837da,2025-11-23T09:13:53.983221+00:00
9208,327,17,YES,buy,224.34,393.96,0.569452,893197,0x0ad8b40eec7f,2025-11-23T09:13:53.557198+00:00
6011,163,29,YES,sell,80.95,253.68,0.319106,843304,0x02be5a0e5d38,2025-11-23T09:13:35.595654+00:00
6125,172,41,YES,buy,397.74,859.21,0.462912,759072,0x0441670e90a5,2025-11-23T09:13:32.983221+00:00
4986,111,31,NO,sell,33.69,93.69,0.359593,94653,0x0d2bf406bab5,2025-11-23T09:13:31.811332+00:00
5043,113,22,NO,sell,357.58,528.6,0.676465,925491,0x0e4f6c0b7f44,2025-11-23T09:13:29.004843+00:00
8158,277,38,NO,sell,84.03,144.66,0.580892,811448,0x0ad99104baf3,2025-11-23T09:13:28.573210+00:00
7703,255,31,NO,sell,194.29,406.48,0.477977,819027,0x07224b0797f9,2025-11-23T09:13:15.934767+00:00
9207,327,26,YES,sell,95.17,207.17,0.459391,280903,0x0968c50e4a97,2025-11-23T09:13:15.557198+00:00
9206,327,18,YES,sell,84.68,142.55,0.594029,522903,0x0c2ce6075f4a,2025-11-23T09:13:13.557198+00:00
8157,277,16,YES,sell,366.94,924.77,0.396789,824943,0x0d1a0f02fda9,2025-11-23T09:13:06.573210+00:00
8016,269,43,YES,sell,388.23,566.52,0.685294,537977,0x0a7fbf0b5cb8,2025-11-23T09:13:03.082655+00:00
7852,262,22,YES,sell,5.7,18.31,0.311335,384398,0x0cdd7702f657,2025-11-23T09:12:49.506973+00:00
6124,172,42,NO,buy,306.48,785.17,0.390338,501534,0x07e0be0a010c,2025-11-23T09:12:48.983221+00:00
7702,255,18,NO,sell,340.36,917.07,0.371137,797869,0x0dacdc0c4b15,2025-11-23T09:12:43.934767+00:00
12061,480,27,YES,buy,24.17,51.42,0.470057,311308,0x0d33ea0cfeae,2025-11-23T09:12:40.316956+00:00
6123,172,34,NO,buy,452.07,1367.83,0.330501,848787,0x0b2f5802a915,2025-11-23T09:12:32.983221+00:00
9205,327,39,NO,sell,229.9,363.27,0.632864,116567,0x03a8f60810e9,2025-11-23T09:12:32.557198+00:00
5042,113,36,YES,sell,355.05,542.89,0.654005,320891,0x06f0a404e3c1,2025-11-23T09:12:30.004843+00:00
8156,277,39,NO,sell,165.04,326.71,0.505156,149369,0x0deb6d0a46d4,2025-11-23T09:12:27.573210+00:00
8015,269,16,YES,buy,298.77,604.43,0.4943,710493,0x0a2e9209d4a6,2025-11-23T09:12:17.082655+00:00
5564,141,32,YES,sell,285.09,478.2,0.596172,233463,0x0ae8a301f4ca,2025-11-23T09:12:13.919416+00:00
6010,163,43,NO,sell,191.45,373.71,0.512297,999253,0x022cb105131f,2025-11-23T09:11:49.595654+00:00
6122,172,34,YES,sell,465.0,712.19,0.652913,411791,0x0c686604f1f2,2025-11-23T09:11:44.983221+00:00
8155,277,19,YES,buy,96.95,155.68,0.622733,662310,0x03b1a8091a6d,2025-11-23T09:11:37.573210+00:00
5563,141,19,NO,sell,457.17,728.08,0.627916,626935,0x0d363a0851c1,2025-11-23T09:11:22.919416+00:00
9204,327,29,YES,buy,128.61,285.0,0.451266,899899,0x0e6ddd089f89,2025-11-23T09:11:20.557198+00:00
7701,255,23,NO,buy,413.26,763.03,0.541606,217015,0x042b5406f363,2025-11-23T09:11:16.934767+00:00
8154,277,20,YES,sell,429.54,955.16,0.449704,311222,0x0640910ce4f7,2025-11-23T09:10:56.573210+00:00
5041,113,25,YES,buy,162.31,438.17,0.370431,23013,0x05b6e9032519,2025-11-23T09:10:43.004843+00:00
9203,327,17,NO,buy,233.59,356.2,0.655787,34577,0x055caf09d5a7,2025-11-23T09:10:37.557198+00:00
6009,163,22,NO,sell,206.12,367.53,0.560822,241619,0x02252e0e97fa,2025-11-23T09:10:23.595654+00:00
5040,113,26,YES,buy,163.63,395.59,0.41364,754754,0x05076c05b7c5,2025-11-23T09:10:20.004843+00:00
8014,269,43,YES,sell,124.16,187.4,0.662545,414083,0x06c7960ca929,2025-11-23T09:10:17.082655+00:00
6121,172,22,NO,sell,278.35,478.98,0.581135,298427,0x05bf810d31ad,2025-11-23T09:09:58.983221+00:00
6120,172,18,NO,sell,127.05,361.8,0.351163,970226,0x0b14be09e865,2025-11-23T09:09:56.983221+00:00
7700,255,18,YES,sell,282.98,631.47,0.44813,711500,0x03fa090aaff0,2025-11-23T09:09:47.934767+00:00
10275,386,34,NO,buy,36.6,53.88,0.679278,172476,0x0d7c230481da,2025-11-23T09:09:33.751206+00:00
8153,277,35,YES,buy,245.63,577.5,0.425334,660714,0x0299780b4a3e,2025-11-23T09:09:25.573210+00:00
5562,141,41,NO,buy,400.48,1183.7,0.33833,801109,0x0394f8069e9d,2025-11-23T09:09:22.919416+00:00
6008,163,41,NO,sell,463.92,853.57,0.543504,876353,0x053893069199,2025-11-23T09:09:07.595654+00:00
8013,269,38,YES,buy,386.82,731.37,0.528898,503440,0x0d9b850bc02d,2025-11-23T09:09:03.082655+00:00
8012,269,35,YES,buy,368.48,551.39,0.668273,947343,0x0604a107c5c4,2025-11-23T09:08:49.082655+00:00
5039,113,26,YES,buy,139.81,293.62,0.476163,958044,0x0ba0920ae598,2025-11-23T09:08:42.004843+00:00
6119,172,42,YES,buy,462.83,1206.92,0.383481,31826,0x01f3730e7f33,2025-11-23T09:08:40.983221+00:00
9202,327,28,NO,buy,220.67,380.13,0.58051,456434,0x0988ff0d73d7,2025-11-23T09:08:40.557198+00:00
7699,255,32,YES,sell,428.66,1287.75,0.332874,731823,0x0e06bb0a86f0,2025-11-23T09:08:34.934767+00:00
5561,141,26,YES,sell,310.93,679.45,0.457619,701906,0x04ecfd091530,2025-11-23T09:08:33.919416+00:00
5038,113,30,NO,sell,166.23,444.82,0.373698,11372,0x01a22c0754b9,2025-11-23T09:08:32.004843+00:00
8152,277,43,NO,buy,419.78,1292.9,0.324681,812220,0x08c6a60c39c3,2025-11-23T09:08:17.573210+00:00
5560,141,38,YES,buy,367.58,575.9,0.638267,501531,0x078395019ae0,2025-11-23T09:08:12.919416+00:00
6007,163,29,YES,sell,219.69,474.56,0.462935,66848,0x0b8efd0e31fe,2025-11-23T09:08:06.595654+00:00
5037,113,30,YES,buy,348.28,603.3,0.577288,224491,0x08fd8f0b8233,2025-11-23T09:08:01.004843+00:00
5559,141,43,YES,sell,209.16,559.5,0.373837,458754,0x0f400404c76e,2025-11-23T09:08:00.919416+00:00
5036,113,25,NO,sell,255.85,701.13,0.364912,955773,0x08cb720e2727,2025-11-23T09:07:55.004843+00:00
8011,269,31,YES,sell,272.57,476.27,0.572303,705243,0x02a6c5039ab6,2025-11-23T09:07:44.082655+00:00
7698,255,26,NO,sell,349.37,858.83,0.406798,3650,0x0d800607da48,2025-11-23T09:07:36.934767+00:00
5558,141,39,YES,sell,272.66,744.69,0.366137,155655,0x018a140c1049,2025-11-23T09:07:34.919416+00:00
10274,386,34,YES,sell,34.12,50.6,0.674352,683146,0x0a0fd3057c36,2025-11-23T09:07:20.751206+00:00
6118,172,39,NO,sell,120.03,175.41,0.684296,580390,0x080a810dfd0d,2025-11-23T09:07:07.983221+00:00
8151,277,32,YES,sell,475.67,826.0,0.575872,895687,0x039f200d59d9,2025-11-23T09:06:52.573210+00:00
9201,327,25,YES,buy,196.64,356.95,0.550884,726201,0x0bf4ed03593d,2025-11-23T09:06:49.557198+00:00
9200,327,41,NO,sell,264.4,571.83,0.462378,688849,0x06b184061c13,2025-11-23T09:06:48.557198+00:00
8150,277,33,YES,sell,128.19,253.55,0.505578,942170,0x0ef69d061b00,2025-11-23T09:06:42.573210+00:00
9199,327,15,NO,buy,119.31,337.01,0.354026,705658,0x0e369a0ddbd4,2025-11-23T09:06:40.557198+00:00
6006,163,21,NO,buy,271.08,461.3,0.587643,565964,0x0a47a4062b41,2025-11-23T09:06:29.595654+00:00
4732,95,37,NO,sell,4.01,8.2,0.489264,55127,0x043b2c0ab10f,2025-11-23T09:06:27.842457+00:00
5035,113,40,YES,sell,159.53,325.38,0.49029,629896,0x0c986709011a,2025-11-23T09:06:26.004843+00:00
8149,277,26,YES,sell,216.17,386.42,0.559415,406508,0x0c8a050b97cd,2025-11-23T09:06:24.573210+00:00
7697,255,32,YES,buy,463.96,1020.79,0.454511,229111,0x0831c605aeda,2025-11-23T09:06:18.934767+00:00
9198,327,18,NO,sell,93.78,149.99,0.625257,250097,0x07cfd3028f80,2025-11-23T09:06:07.557198+00:00
6117,172,28,YES,buy,481.61,721.78,0.667252,530411,0x0b50dd0db521,2025-11-23T09:06:03.983221+00:00
5034,113,16,YES,buy,257.27,680.32,0.378163,953631,0x04bb590bc656,2025-11-23T09:06:00.004843+00:00
5557,141,39,YES,buy,358.63,582.73,0.615428,325296,0x0262fd02f8e5,2025-11-23T09:05:52.919416+00:00
8010,269,21,YES,sell,377.91,702.38,0.538045,9139,0x078a8f027f9c,2025-11-23T09:05:46.082655+00:00
5033,113,34,NO,sell,234.91,774.68,0.303233,712249,0x0ae8ae0c0c78,2025-11-23T09:05:41.004843+00:00
7696,255,43,YES,buy,441.58,775.48,0.569431,918243,0x08ca2906f804,2025-11-23T09:05:37.934767+00:00
8148,277,44,NO,sell,483.5,1108.31,0.436251,598732,0x07049d0b4fc2,2025-11-23T09:05:36.573210+00:00
6005,163,19,NO,sell,302.97,461.96,0.655835,972587,0x0af9430b5346,2025-11-23T09:05:10.595654+00:00
5032,113,35,NO,sell,325.14,629.56,0.516457,493331,0x03db1a03e269,2025-11-23T09:05:01.004843+00:00
12615,509,33,NO,buy,16.7,38.4,0.434896,729706,0x02005e034a01,2025-11-23T09:04:59.398456+00:00
6004,163,40,NO,sell,81.15,164.56,0.493119,212511,0x0eb70e098b09,2025-11-23T09:04:42.595654+00:00
5556,141,20,YES,sell,452.37,659.34,0.686094,998713,0x09e94704b386,2025-11-23T09:04:39.919416+00:00
5555,141,16,YES,buy,256.81,421.26,0.609629,622885,0x0ac40407f018,2025-11-23T09:04:35.919416+00:00
13442,550,34,NO,buy,5.06,11.6,0.436381,746382,0x042106094a49,2025-11-23T09:04:26.335803+00:00
13146,536,33,NO,sell,23.12,76.08,0.303889,925898,0x0c32490d0e17,2025-11-23T09:04:25.293045+00:00
12858,522,15,NO,sell,2.72,7.12,0.382129,582372,0x096e5a05d690,2025-11-23T09:04:24.286158+00:00
12614,509,29,NO,sell,22.44,33.0,0.680052,312892,0x04f76904a60e,2025-11-23T09:04:23.398456+00:00
12325,494,32,YES,buy,22.19,64.45,0.344286,438830,0x02a5ba0b9d7e,2025-11-23T09:04:22.340999+00:00
12218,488,18,YES,sell,14.4,33.49,0.430041,632052,0x02cf1906f56b,2025-11-23T09:04:21.937275+00:00
12169,486,35,YES,buy,40.17,73.81,0.544239,85484,0x03cadb038413,2025-11-23T09:04:21.750831+00:00
12060,480,36,YES,sell,17.32,38.2,0.453456,254767,0x0b845d0d0e82,2025-11-23T09:04:21.316956+00:00
11564,455,16,NO,buy,35.14,96.65,0.363562,742856,0x0428f7079386,2025-11-23T09:04:19.580557+00:00
11368,444,19,NO,sell,13.24,27.62,0.479316,338959,0x084104062659,2025-11-23T09:04:18.854765+00:00
11167,433,32,NO,sell,49.03,72.44,0.676875,258807,0x0eac00040720,2025-11-23T09:04:18.105056+00:00
10607,402,37,YES,sell,16.94,30.74,0.551149,609580,0x0377e208ac33,2025-11-23T09:04:16.012467+00:00
10361,391,40,NO,buy,26.79,75.86,0.353151,624727,0x0ea88a04b9d2,2025-11-23T09:04:15.074032+00:00
10273,386,17,NO,buy,44.59,76.29,0.584504,126580,0x0491200e3e75,2025-11-23T09:04:14.751206+00:00
10090,376,34,YES,buy,33.11,68.63,0.48244,805672,0x0d4891070b1c,2025-11-23T09:04:14.076853+00:00
10025,372,26,YES,buy,10.38,18.48,0.561619,879747,0x0b82e004f948,2025-11-23T09:04:13.812581+00:00
9978,370,29,NO,sell,44.57,100.18,0.444877,639985,0x03bc440c88a4,2025-11-23T09:04:13.615952+00:00
9799,360,37,YES,sell,8.3,21.79,0.380957,681886,0x0abbe00e6010,2025-11-23T09:04:12.920483+00:00
9639,350,19,YES,sell,20.18,33.92,0.594879,329087,0x0c74e40248a8,2025-11-23T09:04:12.293720+00:00
9312,333,31,NO,buy,19.35,29.43,0.657509,950433,0x07234b0e5f04,2025-11-23T09:04:10.984858+00:00
6116,172,35,YES,sell,171.05,370.24,0.461998,42115,0x06b1b705232a,2025-11-23T09:04:10.983221+00:00
9197,327,43,YES,buy,366.46,772.58,0.474335,728402,0x01de7407c743,2025-11-23T09:04:10.557198+00:00
8309,284,17,NO,sell,4.76,15.7,0.303115,327305,0x01b5990bcc4c,2025-11-23T09:04:07.170051+00:00
8147,277,17,NO,sell,233.64,494.37,0.472597,486155,0x0b7638076a53,2025-11-23T09:04:06.573210+00:00
8103,275,33,NO,sell,17.2,41.8,0.411512,927393,0x09baba05a752,2025-11-23T09:04:06.419191+00:00
8009,269,44,YES,buy,448.84,796.21,0.563719,122934,0x04364a046e30,2025-11-23T09:04:06.082655+00:00
7926,265,31,YES,buy,46.65,141.55,0.329554,738656,0x033b540ab4a4,2025-11-23T09:04:05.782177+00:00
7851,262,20,YES,buy,12.28,38.62,0.317929,51539,0x02b01607ec0b,2025-11-23T09:04:05.506973+00:00
7718,256,35,YES,sell,36.75,73.93,0.49708,756356,0x0af6b8095a24,2025-11-23T09:04:05.022036+00:00
7695,255,38,YES,sell,389.9,1058.69,0.368285,337574,0x02e4cc073e9a,2025-11-23T09:04:04.934767+00:00
7305,234,28,YES,buy,21.49,41.01,0.524056,943584,0x064ead0aee08,2025-11-23T09:04:03.441092+00:00
7081,221,16,YES,buy,49.7,86.04,0.577626,841212,0x0f1640091c53,2025-11-23T09:04:02.609160+00:00
6743,205,21,NO,sell,32.94,74.25,0.443658,768870,0x09b7a60515c2,2025-11-23T09:04:01.312674+00:00
6696,203,21,YES,sell,41.53,87.63,0.473918,66635,0x0694d60c7966,2025-11-23T09:04:01.141116+00:00
6673,202,33,YES,sell,45.79,68.87,0.664906,557604,0x0bfbe2036b3e,2025-11-23T09:04:01.056890+00:00
6561,195,38,YES,buy,19.03,55.31,0.344049,486147,0x09fd79041a7f,2025-11-23T09:04:00.614663+00:00
6400,187,30,NO,sell,35.6,62.63,0.568386,312215,0x03bbbf09569c,2025-11-23T09:04:00.034800+00:00
6247,179,38,YES,buy,25.03,38.03,0.658153,608732,0x06c18303bd00,2025-11-23T09:03:59.456657+00:00
6115,172,31,NO,buy,308.64,568.83,0.542583,623138,0x04b42a056227,2025-11-23T09:03:58.983221+00:00
6003,163,23,YES,buy,255.51,420.01,0.608344,746920,0x0ba167074c2a,2025-11-23T09:03:58.595654+00:00
5956,161,22,NO,buy,35.8,61.16,0.585372,636448,0x041e880bc49f,2025-11-23T09:03:58.420990+00:00
5911,159,30,YES,buy,9.45,18.13,0.521213,901404,0x0b8ef00a3036,2025-11-23T09:03:58.265109+00:00
5599,143,35,YES,buy,19.78,35.24,0.561242,199049,0x0837db081730,2025-11-23T09:03:57.084790+00:00
5554,141,41,YES,sell,383.82,710.28,0.540377,421639,0x093f2e0c61fd,2025-11-23T09:03:56.919416+00:00
5397,132,43,NO,sell,1.45,3.99,0.363326,903847,0x09893d0f3824,2025-11-23T09:03:56.347590+00:00
5231,124,20,NO,buy,40.96,110.57,0.370444,990179,0x0aa3f1095fc9,2025-11-23T09:03:55.756657+00:00
5031,113,20,YES,buy,414.75,1279.32,0.324196,458019,0x0683360ae0d4,2025-11-23T09:03:55.004843+00:00
4985,111,43,NO,sell,24.29,41.31,0.588013,799963,0x0b379c03a69c,2025-11-23T09:03:54.811332+00:00
4777,98,30,YES,buy,33.84,106.67,0.317246,299911,0x0bd7f9075a5c,2025-11-23T09:03:54.007691+00:00
4731,95,33,NO,sell,18.29,26.46,0.691104,176645,0x063d61062739,2025-11-23T09:03:53.842457+00:00
4609,90,23,YES,buy,27.03,56.34,0.479754,568915,0x0ea2f605bd4d,2025-11-23T09:03:53.408281+00:00
4364,78,24,NO,sell,42.77,127.23,0.336168,319992,0x0e728a0c80b4,2025-11-23T09:03:52.468977+00:00
4257,71,18,NO,sell,45.8,102.17,0.448282,590849,0x0826150241e0,2025-11-23T09:03:52.064894+00:00
4208,67,23,YES,buy,29.59,80.36,0.368205,650840,0x0b971c0d1097,2025-11-23T09:03:51.814846+00:00
4050,59,18,YES,sell,24.0,50.4,0.476188,265742,0x0479c7025910,2025-11-23T09:03:51.207726+00:00
4005,57,26,NO,buy,11.92,21.13,0.564013,293136,0x07e6bd06c72f,2025-11-23T09:03:51.031124+00:00
