INFO 2025-11-22 00:19:39,143 autoreload Watching for file changes with StatReloader
INFO 2025-11-22 00:19:42,693 middleware GET / - User: 
INFO 2025-11-22 00:19:42,693 basehttp "GET / HTTP/1.1" 200 357
INFO 2025-11-22 00:19:42,842 middleware GET /favicon.ico - User: 
WARNING 2025-11-22 00:19:42,847 log Not Found: /favicon.ico
WARNING 2025-11-22 00:19:42,847 basehttp "GET /favicon.ico HTTP/1.1" 404 4770
INFO 2025-11-22 00:19:58,528 middleware GET /admin/ - User: 
INFO 2025-11-22 00:19:58,557 basehttp "GET /admin/ HTTP/1.1" 302 0
INFO 2025-11-22 00:19:58,557 middleware GET /admin/login/ - User: 
INFO 2025-11-22 00:19:58,584 basehttp "GET /admin/login/?next=/admin/ HTTP/1.1" 200 4170
INFO 2025-11-22 00:19:58,851 basehttp "GET /static/admin/css/dark_mode.css HTTP/1.1" 200 2808
INFO 2025-11-22 00:19:58,851 basehttp "GET /static/admin/css/base.css HTTP/1.1" 200 22120
INFO 2025-11-22 00:19:58,856 basehttp "GET /static/admin/css/responsive.css HTTP/1.1" 200 16565
INFO 2025-11-22 00:19:58,859 basehttp "GET /static/admin/css/login.css HTTP/1.1" 200 951
INFO 2025-11-22 00:19:58,860 basehttp "GET /static/admin/js/theme.js HTTP/1.1" 200 1653
INFO 2025-11-22 00:19:58,861 basehttp "GET /static/admin/css/nav_sidebar.css HTTP/1.1" 200 2810
INFO 2025-11-22 00:19:58,863 basehttp "GET /static/admin/js/nav_sidebar.js HTTP/1.1" 200 3063
INFO 2025-11-22 00:20:10,499 middleware POST /admin/login/ - User: 
INFO 2025-11-22 00:20:11,060 basehttp "POST /admin/login/?next=/admin/ HTTP/1.1" 302 0
INFO 2025-11-22 00:20:11,067 middleware GET /admin/ - User: Zaur_Asgarli
INFO 2025-11-22 00:20:11,087 basehttp "GET /admin/ HTTP/1.1" 200 16392
INFO 2025-11-22 00:20:11,096 basehttp "GET /static/admin/css/dashboard.css HTTP/1.1" 200 441
INFO 2025-11-22 00:20:11,102 basehttp "GET /static/admin/img/icon-addlink.svg HTTP/1.1" 200 331
INFO 2025-11-22 00:20:11,102 basehttp "GET /static/admin/img/icon-changelink.svg HTTP/1.1" 200 380
INFO 2025-11-22 00:22:24,039 middleware GET /api/markets/ - User: Zaur_Asgarli
WARNING 2025-11-22 00:22:24,045 log Not Found: /api/markets/
WARNING 2025-11-22 00:22:24,046 basehttp "GET /api/markets/ HTTP/1.1" 404 4773
INFO 2025-11-22 00:23:26,524 middleware GET /graphql - User: Zaur_Asgarli
INFO 2025-11-22 00:23:26,531 basehttp "GET /graphql HTTP/1.1" 301 0
INFO 2025-11-22 00:23:26,537 middleware GET /graphql/ - User: Zaur_Asgarli
INFO 2025-11-22 00:23:26,539 basehttp "GET /graphql/ HTTP/1.1" 200 4257
INFO 2025-11-22 00:23:28,449 middleware POST /graphql/ - User: Zaur_Asgarli
INFO 2025-11-22 00:23:28,468 basehttp "POST /graphql/ HTTP/1.1" 200 23061
INFO 2025-11-22 00:24:34,819 middleware GET /markets/ - User: Zaur_Asgarli
INFO 2025-11-22 00:24:34,837 basehttp "GET /markets/ HTTP/1.1" 200 5940
INFO 2025-11-22 00:24:34,854 basehttp "GET /static/rest_framework/css/bootstrap-tweaks.css HTTP/1.1" 200 3426
INFO 2025-11-22 00:24:34,854 basehttp "GET /static/rest_framework/css/default.css HTTP/1.1" 200 1152
INFO 2025-11-22 00:24:34,855 basehttp "GET /static/rest_framework/css/prettify.css HTTP/1.1" 200 817
INFO 2025-11-22 00:24:34,858 basehttp "GET /static/rest_framework/js/ajax-form.js HTTP/1.1" 200 3796
INFO 2025-11-22 00:24:34,863 basehttp "GET /static/rest_framework/js/csrf.js HTTP/1.1" 200 1793
INFO 2025-11-22 00:24:34,863 basehttp "GET /static/rest_framework/js/jquery-3.7.1.min.js HTTP/1.1" 200 87533
INFO 2025-11-22 00:24:34,866 basehttp "GET /static/rest_framework/js/prettify-min.js HTTP/1.1" 200 13632
INFO 2025-11-22 00:24:34,867 basehttp "GET /static/rest_framework/js/default.js HTTP/1.1" 200 1268
INFO 2025-11-22 00:24:34,867 basehttp "GET /static/rest_framework/js/bootstrap.min.js HTTP/1.1" 200 39680
INFO 2025-11-22 00:24:34,868 basehttp "GET /static/rest_framework/js/load-ajax-form.js HTTP/1.1" 200 59
INFO 2025-11-22 00:24:34,869 basehttp "GET /static/rest_framework/css/bootstrap.min.css HTTP/1.1" 200 121457
INFO 2025-11-22 00:24:34,888 basehttp "GET /static/rest_framework/img/grid.png HTTP/1.1" 200 1458
INFO 2025-11-22 00:27:00,797 autoreload Watching for file changes with StatReloader
INFO 2025-11-22 00:27:02,597 middleware GET / - User: Zaur_Asgarli
INFO 2025-11-22 00:27:02,600 basehttp "GET / HTTP/1.1" 200 494
INFO 2025-11-22 00:27:02,784 middleware GET /favicon.ico - User: Zaur_Asgarli
WARNING 2025-11-22 00:27:02,784 log Not Found: /favicon.ico
WARNING 2025-11-22 00:27:02,784 basehttp "GET /favicon.ico HTTP/1.1" 404 5259
INFO 2025-11-22 00:27:08,826 middleware GET /api/markets - User: Zaur_Asgarli
INFO 2025-11-22 00:27:08,833 basehttp "GET /api/markets HTTP/1.1" 301 0
INFO 2025-11-22 00:27:08,840 middleware GET /api/markets/ - User: Zaur_Asgarli
INFO 2025-11-22 00:27:08,877 basehttp "GET /api/markets/ HTTP/1.1" 200 5972
INFO 2025-11-22 00:27:36,192 autoreload Watching for file changes with StatReloader
INFO 2025-11-22 00:27:37,709 middleware GET / - User: Zaur_Asgarli
INFO 2025-11-22 00:27:37,709 basehttp "GET / HTTP/1.1" 200 494
INFO 2025-11-22 00:27:37,905 middleware GET /favicon.ico - User: Zaur_Asgarli
WARNING 2025-11-22 00:27:37,908 log Not Found: /favicon.ico
WARNING 2025-11-22 00:27:37,908 basehttp "GET /favicon.ico HTTP/1.1" 404 5259
INFO 2025-11-22 00:27:47,024 middleware GET /graphql/ - User: Zaur_Asgarli
INFO 2025-11-22 00:27:47,026 basehttp "GET /graphql/ HTTP/1.1" 200 4257
INFO 2025-11-22 00:27:47,149 middleware POST /graphql/ - User: Zaur_Asgarli
INFO 2025-11-22 00:27:47,170 basehttp "POST /graphql/ HTTP/1.1" 200 23061
INFO 2025-11-23 17:01:52,080 autoreload Watching for file changes with StatReloader
INFO 2025-11-23 17:04:01,007 autoreload /app/users/apps.py changed, reloading.
INFO 2025-11-23 17:04:03,043 autoreload Watching for file changes with StatReloader
INFO 2025-11-23 17:04:31,452 autoreload /app/users/apps.py changed, reloading.
INFO 2025-11-23 17:04:33,262 autoreload Watching for file changes with StatReloader
INFO 2025-11-23 17:12:18,512 middleware GET /swagger/ - User: 
INFO 2025-11-23 17:12:18,572 basehttp "GET /swagger/ HTTP/1.1" 200 2161
INFO 2025-11-23 17:12:18,597 basehttp "GET /static/drf-yasg/style.css HTTP/1.1" 200 1047
INFO 2025-11-23 17:12:18,609 basehttp "GET /static/drf-yasg/insQ.min.js HTTP/1.1" 200 2093
INFO 2025-11-23 17:12:18,616 basehttp "GET /static/drf-yasg/swagger-ui-init.js HTTP/1.1" 200 14964
INFO 2025-11-23 17:12:18,617 basehttp "GET /static/drf-yasg/immutable.min.js HTTP/1.1" 200 56904
INFO 2025-11-23 17:12:18,621 basehttp "GET /static/drf-yasg/swagger-ui-dist/swagger-ui.css HTTP/1.1" 200 145206
INFO 2025-11-23 17:12:18,624 basehttp "GET /static/drf-yasg/swagger-ui-dist/swagger-ui-standalone-preset.js HTTP/1.1" 200 322863
INFO 2025-11-23 17:12:18,628 basehttp "GET /static/drf-yasg/swagger-ui-dist/swagger-ui-bundle.js HTTP/1.1" 200 1046583
INFO 2025-11-23 17:12:18,767 basehttp "GET /static/drf-yasg/swagger-ui-dist/favicon-32x32.png HTTP/1.1" 200 628
INFO 2025-11-23 17:12:18,814 middleware GET /swagger/ - User: 
WARNING 2025-11-23 17:12:18,819 base view's PositionViewSet raised exception during schema generation; use `getattr(self, 'swagger_fake_view', False)` to detect and short-circuit this
Traceback (most recent call last):
  File "/usr/local/lib/python3.11/site-packages/django/db/models/fields/__init__.py", line 2128, in get_prep_value
    return int(value)
           ^^^^^^^^^^
  File "/usr/local/lib/python3.11/site-packages/django/contrib/auth/models.py", line 549, in __int__
    raise TypeError(
TypeError: Cannot cast AnonymousUser to int. Are you trying to use it in place of User?

The above exception was the direct cause of the following exception:

Traceback (most recent call last):
  File "/usr/local/lib/python3.11/site-packages/drf_yasg/inspectors/base.py", line 42, in call_view_method
    return view_method()
           ^^^^^^^^^^^^^
  File "/app/positions/views.py", line 15, in get_queryset
    return super().get_queryset().filter(user=self.request.user)
           ^^^^^^^^^^^^^^^^^^^^^^^^^^^^^^^^^^^^^^^^^^^^^^^^^^^^^
  File "/usr/local/lib/python3.11/site-packages/django/db/models/query.py", line 1495, in filter
    return self._filter_or_exclude(False, args, kwargs)
           ^^^^^^^^^^^^^^^^^^^^^^^^^^^^^^^^^^^^^^^^^^^^
  File "/usr/local/lib/python3.11/site-packages/django/db/models/query.py", line 1513, in _filter_or_exclude
    clone._filter_or_exclude_inplace(negate, args, kwargs)
  File "/usr/local/lib/python3.11/site-packages/django/db/models/query.py", line 1523, in _filter_or_exclude_inplace
    self._query.add_q(Q(*args, **kwargs))
  File "/usr/local/lib/python3.11/site-packages/django/db/models/sql/query.py", line 1646, in add_q
    clause, _ = self._add_q(q_object, can_reuse)
                ^^^^^^^^^^^^^^^^^^^^^^^^^^^^^^^^
  File "/usr/local/lib/python3.11/site-packages/django/db/models/sql/query.py", line 1678, in _add_q
    child_clause, needed_inner = self.build_filter(
                                 ^^^^^^^^^^^^^^^^^^
  File "/usr/local/lib/python3.11/site-packages/django/db/models/sql/query.py", line 1588, in build_filter
    condition = self.build_lookup(lookups, col, value)
                ^^^^^^^^^^^^^^^^^^^^^^^^^^^^^^^^^^^^^^
  File "/usr/local/lib/python3.11/site-packages/django/db/models/sql/query.py", line 1415, in build_lookup
    lookup = lookup_class(lhs, rhs)
             ^^^^^^^^^^^^^^^^^^^^^^
  File "/usr/local/lib/python3.11/site-packages/django/db/models/lookups.py", line 38, in __init__
    self.rhs = self.get_prep_lookup()
               ^^^^^^^^^^^^^^^^^^^^^^
  File "/usr/local/lib/python3.11/site-packages/django/db/models/fields/related_lookups.py", line 112, in get_prep_lookup
    self.rhs = target_field.get_prep_value(self.rhs)
               ^^^^^^^^^^^^^^^^^^^^^^^^^^^^^^^^^^^^^
  File "/usr/local/lib/python3.11/site-packages/django/db/models/fields/__init__.py", line 2130, in get_prep_value
    raise e.__class__(
TypeError: Field 'id' expected a number but got <django.contrib.auth.models.AnonymousUser object at 0x7f84105ca350>.
WARNING 2025-11-23 17:12:18,828 base view's DisputeViewSet raised exception during schema generation; use `getattr(self, 'swagger_fake_view', False)` to detect and short-circuit this
Traceback (most recent call last):
  File "/usr/local/lib/python3.11/site-packages/django/db/models/fields/__init__.py", line 2128, in get_prep_value
    return int(value)
           ^^^^^^^^^^
  File "/usr/local/lib/python3.11/site-packages/django/contrib/auth/models.py", line 549, in __int__
    raise TypeError(
TypeError: Cannot cast AnonymousUser to int. Are you trying to use it in place of User?

The above exception was the direct cause of the following exception:

Traceback (most recent call last):
  File "/usr/local/lib/python3.11/site-packages/drf_yasg/inspectors/base.py", line 42, in call_view_method
    return view_method()
           ^^^^^^^^^^^^^
  File "/app/disputes/views.py", line 20, in get_queryset
    queryset = queryset.filter(user=self.request.user)
               ^^^^^^^^^^^^^^^^^^^^^^^^^^^^^^^^^^^^^^^
  File "/usr/local/lib/python3.11/site-packages/django/db/models/query.py", line 1495, in filter
    return self._filter_or_exclude(False, args, kwargs)
           ^^^^^^^^^^^^^^^^^^^^^^^^^^^^^^^^^^^^^^^^^^^^
  File "/usr/local/lib/python3.11/site-packages/django/db/models/query.py", line 1513, in _filter_or_exclude
    clone._filter_or_exclude_inplace(negate, args, kwargs)
  File "/usr/local/lib/python3.11/site-packages/django/db/models/query.py", line 1523, in _filter_or_exclude_inplace
    self._query.add_q(Q(*args, **kwargs))
  File "/usr/local/lib/python3.11/site-packages/django/db/models/sql/query.py", line 1646, in add_q
    clause, _ = self._add_q(q_object, can_reuse)
                ^^^^^^^^^^^^^^^^^^^^^^^^^^^^^^^^
  File "/usr/local/lib/python3.11/site-packages/django/db/models/sql/query.py", line 1678, in _add_q
    child_clause, needed_inner = self.build_filter(
                                 ^^^^^^^^^^^^^^^^^^
  File "/usr/local/lib/python3.11/site-packages/django/db/models/sql/query.py", line 1588, in build_filter
    condition = self.build_lookup(lookups, col, value)
                ^^^^^^^^^^^^^^^^^^^^^^^^^^^^^^^^^^^^^^
  File "/usr/local/lib/python3.11/site-packages/django/db/models/sql/query.py", line 1415, in build_lookup
    lookup = lookup_class(lhs, rhs)
             ^^^^^^^^^^^^^^^^^^^^^^
  File "/usr/local/lib/python3.11/site-packages/django/db/models/lookups.py", line 38, in __init__
    self.rhs = self.get_prep_lookup()
               ^^^^^^^^^^^^^^^^^^^^^^
  File "/usr/local/lib/python3.11/site-packages/django/db/models/fields/related_lookups.py", line 112, in get_prep_lookup
    self.rhs = target_field.get_prep_value(self.rhs)
               ^^^^^^^^^^^^^^^^^^^^^^^^^^^^^^^^^^^^^
  File "/usr/local/lib/python3.11/site-packages/django/db/models/fields/__init__.py", line 2130, in get_prep_value
    raise e.__class__(
TypeError: Field 'id' expected a number but got <django.contrib.auth.models.AnonymousUser object at 0x7f84105ca350>.
WARNING 2025-11-23 17:12:18,838 base view's DisputeViewSet raised exception during schema generation; use `getattr(self, 'swagger_fake_view', False)` to detect and short-circuit this
Traceback (most recent call last):
  File "/usr/local/lib/python3.11/site-packages/django/db/models/fields/__init__.py", line 2128, in get_prep_value
    return int(value)
           ^^^^^^^^^^
  File "/usr/local/lib/python3.11/site-packages/django/contrib/auth/models.py", line 549, in __int__
    raise TypeError(
TypeError: Cannot cast AnonymousUser to int. Are you trying to use it in place of User?

The above exception was the direct cause of the following exception:

Traceback (most recent call last):
  File "/usr/local/lib/python3.11/site-packages/drf_yasg/inspectors/base.py", line 42, in call_view_method
    return view_method()
           ^^^^^^^^^^^^^
  File "/app/disputes/views.py", line 20, in get_queryset
    queryset = queryset.filter(user=self.request.user)
               ^^^^^^^^^^^^^^^^^^^^^^^^^^^^^^^^^^^^^^^
  File "/usr/local/lib/python3.11/site-packages/django/db/models/query.py", line 1495, in filter
    return self._filter_or_exclude(False, args, kwargs)
           ^^^^^^^^^^^^^^^^^^^^^^^^^^^^^^^^^^^^^^^^^^^^
  File "/usr/local/lib/python3.11/site-packages/django/db/models/query.py", line 1513, in _filter_or_exclude
    clone._filter_or_exclude_inplace(negate, args, kwargs)
  File "/usr/local/lib/python3.11/site-packages/django/db/models/query.py", line 1523, in _filter_or_exclude_inplace
    self._query.add_q(Q(*args, **kwargs))
  File "/usr/local/lib/python3.11/site-packages/django/db/models/sql/query.py", line 1646, in add_q
    clause, _ = self._add_q(q_object, can_reuse)
                ^^^^^^^^^^^^^^^^^^^^^^^^^^^^^^^^
  File "/usr/local/lib/python3.11/site-packages/django/db/models/sql/query.py", line 1678, in _add_q
    child_clause, needed_inner = self.build_filter(
                                 ^^^^^^^^^^^^^^^^^^
  File "/usr/local/lib/python3.11/site-packages/django/db/models/sql/query.py", line 1588, in build_filter
    condition = self.build_lookup(lookups, col, value)
                ^^^^^^^^^^^^^^^^^^^^^^^^^^^^^^^^^^^^^^
  File "/usr/local/lib/python3.11/site-packages/django/db/models/sql/query.py", line 1415, in build_lookup
    lookup = lookup_class(lhs, rhs)
             ^^^^^^^^^^^^^^^^^^^^^^
  File "/usr/local/lib/python3.11/site-packages/django/db/models/lookups.py", line 38, in __init__
    self.rhs = self.get_prep_lookup()
               ^^^^^^^^^^^^^^^^^^^^^^
  File "/usr/local/lib/python3.11/site-packages/django/db/models/fields/related_lookups.py", line 112, in get_prep_lookup
    self.rhs = target_field.get_prep_value(self.rhs)
               ^^^^^^^^^^^^^^^^^^^^^^^^^^^^^^^^^^^^^
  File "/usr/local/lib/python3.11/site-packages/django/db/models/fields/__init__.py", line 2130, in get_prep_value
    raise e.__class__(
TypeError: Field 'id' expected a number but got <django.contrib.auth.models.AnonymousUser object at 0x7f84105ca350>.
WARNING 2025-11-23 17:12:18,842 base view's DisputeViewSet raised exception during schema generation; use `getattr(self, 'swagger_fake_view', False)` to detect and short-circuit this
Traceback (most recent call last):
  File "/usr/local/lib/python3.11/site-packages/django/db/models/fields/__init__.py", line 2128, in get_prep_value
    return int(value)
           ^^^^^^^^^^
  File "/usr/local/lib/python3.11/site-packages/django/contrib/auth/models.py", line 549, in __int__
    raise TypeError(
TypeError: Cannot cast AnonymousUser to int. Are you trying to use it in place of User?

The above exception was the direct cause of the following exception:

Traceback (most recent call last):
  File "/usr/local/lib/python3.11/site-packages/drf_yasg/inspectors/base.py", line 42, in call_view_method
    return view_method()
           ^^^^^^^^^^^^^
  File "/app/disputes/views.py", line 20, in get_queryset
    queryset = queryset.filter(user=self.request.user)
               ^^^^^^^^^^^^^^^^^^^^^^^^^^^^^^^^^^^^^^^
  File "/usr/local/lib/python3.11/site-packages/django/db/models/query.py", line 1495, in filter
    return self._filter_or_exclude(False, args, kwargs)
           ^^^^^^^^^^^^^^^^^^^^^^^^^^^^^^^^^^^^^^^^^^^^
  File "/usr/local/lib/python3.11/site-packages/django/db/models/query.py", line 1513, in _filter_or_exclude
    clone._filter_or_exclude_inplace(negate, args, kwargs)
  File "/usr/local/lib/python3.11/site-packages/django/db/models/query.py", line 1523, in _filter_or_exclude_inplace
    self._query.add_q(Q(*args, **kwargs))
  File "/usr/local/lib/python3.11/site-packages/django/db/models/sql/query.py", line 1646, in add_q
    clause, _ = self._add_q(q_object, can_reuse)
                ^^^^^^^^^^^^^^^^^^^^^^^^^^^^^^^^
  File "/usr/local/lib/python3.11/site-packages/django/db/models/sql/query.py", line 1678, in _add_q
    child_clause, needed_inner = self.build_filter(
                                 ^^^^^^^^^^^^^^^^^^
  File "/usr/local/lib/python3.11/site-packages/django/db/models/sql/query.py", line 1588, in build_filter
    condition = self.build_lookup(lookups, col, value)
                ^^^^^^^^^^^^^^^^^^^^^^^^^^^^^^^^^^^^^^
  File "/usr/local/lib/python3.11/site-packages/django/db/models/sql/query.py", line 1415, in build_lookup
    lookup = lookup_class(lhs, rhs)
             ^^^^^^^^^^^^^^^^^^^^^^
  File "/usr/local/lib/python3.11/site-packages/django/db/models/lookups.py", line 38, in __init__
    self.rhs = self.get_prep_lookup()
               ^^^^^^^^^^^^^^^^^^^^^^
  File "/usr/local/lib/python3.11/site-packages/django/db/models/fields/related_lookups.py", line 112, in get_prep_lookup
    self.rhs = target_field.get_prep_value(self.rhs)
               ^^^^^^^^^^^^^^^^^^^^^^^^^^^^^^^^^^^^^
  File "/usr/local/lib/python3.11/site-packages/django/db/models/fields/__init__.py", line 2130, in get_prep_value
    raise e.__class__(
TypeError: Field 'id' expected a number but got <django.contrib.auth.models.AnonymousUser object at 0x7f84105ca350>.
WARNING 2025-11-23 17:12:18,846 base view's DisputeViewSet raised exception during schema generation; use `getattr(self, 'swagger_fake_view', False)` to detect and short-circuit this
Traceback (most recent call last):
  File "/usr/local/lib/python3.11/site-packages/django/db/models/fields/__init__.py", line 2128, in get_prep_value
    return int(value)
           ^^^^^^^^^^
  File "/usr/local/lib/python3.11/site-packages/django/contrib/auth/models.py", line 549, in __int__
    raise TypeError(
TypeError: Cannot cast AnonymousUser to int. Are you trying to use it in place of User?

The above exception was the direct cause of the following exception:

Traceback (most recent call last):
  File "/usr/local/lib/python3.11/site-packages/drf_yasg/inspectors/base.py", line 42, in call_view_method
    return view_method()
           ^^^^^^^^^^^^^
  File "/app/disputes/views.py", line 20, in get_queryset
    queryset = queryset.filter(user=self.request.user)
               ^^^^^^^^^^^^^^^^^^^^^^^^^^^^^^^^^^^^^^^
  File "/usr/local/lib/python3.11/site-packages/django/db/models/query.py", line 1495, in filter
    return self._filter_or_exclude(False, args, kwargs)
           ^^^^^^^^^^^^^^^^^^^^^^^^^^^^^^^^^^^^^^^^^^^^
  File "/usr/local/lib/python3.11/site-packages/django/db/models/query.py", line 1513, in _filter_or_exclude
    clone._filter_or_exclude_inplace(negate, args, kwargs)
  File "/usr/local/lib/python3.11/site-packages/django/db/models/query.py", line 1523, in _filter_or_exclude_inplace
    self._query.add_q(Q(*args, **kwargs))
  File "/usr/local/lib/python3.11/site-packages/django/db/models/sql/query.py", line 1646, in add_q
    clause, _ = self._add_q(q_object, can_reuse)
                ^^^^^^^^^^^^^^^^^^^^^^^^^^^^^^^^
  File "/usr/local/lib/python3.11/site-packages/django/db/models/sql/query.py", line 1678, in _add_q
    child_clause, needed_inner = self.build_filter(
                                 ^^^^^^^^^^^^^^^^^^
  File "/usr/local/lib/python3.11/site-packages/django/db/models/sql/query.py", line 1588, in build_filter
    condition = self.build_lookup(lookups, col, value)
                ^^^^^^^^^^^^^^^^^^^^^^^^^^^^^^^^^^^^^^
  File "/usr/local/lib/python3.11/site-packages/django/db/models/sql/query.py", line 1415, in build_lookup
    lookup = lookup_class(lhs, rhs)
             ^^^^^^^^^^^^^^^^^^^^^^
  File "/usr/local/lib/python3.11/site-packages/django/db/models/lookups.py", line 38, in __init__
    self.rhs = self.get_prep_lookup()
               ^^^^^^^^^^^^^^^^^^^^^^
  File "/usr/local/lib/python3.11/site-packages/django/db/models/fields/related_lookups.py", line 112, in get_prep_lookup
    self.rhs = target_field.get_prep_value(self.rhs)
               ^^^^^^^^^^^^^^^^^^^^^^^^^^^^^^^^^^^^^
  File "/usr/local/lib/python3.11/site-packages/django/db/models/fields/__init__.py", line 2130, in get_prep_value
    raise e.__class__(
TypeError: Field 'id' expected a number but got <django.contrib.auth.models.AnonymousUser object at 0x7f84105ca350>.
WARNING 2025-11-23 17:12:18,852 base view's DisputeViewSet raised exception during schema generation; use `getattr(self, 'swagger_fake_view', False)` to detect and short-circuit this
Traceback (most recent call last):
  File "/usr/local/lib/python3.11/site-packages/django/db/models/fields/__init__.py", line 2128, in get_prep_value
    return int(value)
           ^^^^^^^^^^
  File "/usr/local/lib/python3.11/site-packages/django/contrib/auth/models.py", line 549, in __int__
    raise TypeError(
TypeError: Cannot cast AnonymousUser to int. Are you trying to use it in place of User?

The above exception was the direct cause of the following exception:

Traceback (most recent call last):
  File "/usr/local/lib/python3.11/site-packages/drf_yasg/inspectors/base.py", line 42, in call_view_method
    return view_method()
           ^^^^^^^^^^^^^
  File "/app/disputes/views.py", line 20, in get_queryset
    queryset = queryset.filter(user=self.request.user)
               ^^^^^^^^^^^^^^^^^^^^^^^^^^^^^^^^^^^^^^^
  File "/usr/local/lib/python3.11/site-packages/django/db/models/query.py", line 1495, in filter
    return self._filter_or_exclude(False, args, kwargs)
           ^^^^^^^^^^^^^^^^^^^^^^^^^^^^^^^^^^^^^^^^^^^^
  File "/usr/local/lib/python3.11/site-packages/django/db/models/query.py", line 1513, in _filter_or_exclude
    clone._filter_or_exclude_inplace(negate, args, kwargs)
  File "/usr/local/lib/python3.11/site-packages/django/db/models/query.py", line 1523, in _filter_or_exclude_inplace
    self._query.add_q(Q(*args, **kwargs))
  File "/usr/local/lib/python3.11/site-packages/django/db/models/sql/query.py", line 1646, in add_q
    clause, _ = self._add_q(q_object, can_reuse)
                ^^^^^^^^^^^^^^^^^^^^^^^^^^^^^^^^
  File "/usr/local/lib/python3.11/site-packages/django/db/models/sql/query.py", line 1678, in _add_q
    child_clause, needed_inner = self.build_filter(
                                 ^^^^^^^^^^^^^^^^^^
  File "/usr/local/lib/python3.11/site-packages/django/db/models/sql/query.py", line 1588, in build_filter
    condition = self.build_lookup(lookups, col, value)
                ^^^^^^^^^^^^^^^^^^^^^^^^^^^^^^^^^^^^^^
  File "/usr/local/lib/python3.11/site-packages/django/db/models/sql/query.py", line 1415, in build_lookup
    lookup = lookup_class(lhs, rhs)
             ^^^^^^^^^^^^^^^^^^^^^^
  File "/usr/local/lib/python3.11/site-packages/django/db/models/lookups.py", line 38, in __init__
    self.rhs = self.get_prep_lookup()
               ^^^^^^^^^^^^^^^^^^^^^^
  File "/usr/local/lib/python3.11/site-packages/django/db/models/fields/related_lookups.py", line 112, in get_prep_lookup
    self.rhs = target_field.get_prep_value(self.rhs)
               ^^^^^^^^^^^^^^^^^^^^^^^^^^^^^^^^^^^^^
  File "/usr/local/lib/python3.11/site-packages/django/db/models/fields/__init__.py", line 2130, in get_prep_value
    raise e.__class__(
TypeError: Field 'id' expected a number but got <django.contrib.auth.models.AnonymousUser object at 0x7f84105ca350>.
WARNING 2025-11-23 17:12:18,857 base view's DisputeViewSet raised exception during schema generation; use `getattr(self, 'swagger_fake_view', False)` to detect and short-circuit this
Traceback (most recent call last):
  File "/usr/local/lib/python3.11/site-packages/django/db/models/fields/__init__.py", line 2128, in get_prep_value
    return int(value)
           ^^^^^^^^^^
  File "/usr/local/lib/python3.11/site-packages/django/contrib/auth/models.py", line 549, in __int__
    raise TypeError(
TypeError: Cannot cast AnonymousUser to int. Are you trying to use it in place of User?

The above exception was the direct cause of the following exception:

Traceback (most recent call last):
  File "/usr/local/lib/python3.11/site-packages/drf_yasg/inspectors/base.py", line 42, in call_view_method
    return view_method()
           ^^^^^^^^^^^^^
  File "/app/disputes/views.py", line 20, in get_queryset
    queryset = queryset.filter(user=self.request.user)
               ^^^^^^^^^^^^^^^^^^^^^^^^^^^^^^^^^^^^^^^
  File "/usr/local/lib/python3.11/site-packages/django/db/models/query.py", line 1495, in filter
    return self._filter_or_exclude(False, args, kwargs)
           ^^^^^^^^^^^^^^^^^^^^^^^^^^^^^^^^^^^^^^^^^^^^
  File "/usr/local/lib/python3.11/site-packages/django/db/models/query.py", line 1513, in _filter_or_exclude
    clone._filter_or_exclude_inplace(negate, args, kwargs)
  File "/usr/local/lib/python3.11/site-packages/django/db/models/query.py", line 1523, in _filter_or_exclude_inplace
    self._query.add_q(Q(*args, **kwargs))
  File "/usr/local/lib/python3.11/site-packages/django/db/models/sql/query.py", line 1646, in add_q
    clause, _ = self._add_q(q_object, can_reuse)
                ^^^^^^^^^^^^^^^^^^^^^^^^^^^^^^^^
  File "/usr/local/lib/python3.11/site-packages/django/db/models/sql/query.py", line 1678, in _add_q
    child_clause, needed_inner = self.build_filter(
                                 ^^^^^^^^^^^^^^^^^^
  File "/usr/local/lib/python3.11/site-packages/django/db/models/sql/query.py", line 1588, in build_filter
    condition = self.build_lookup(lookups, col, value)
                ^^^^^^^^^^^^^^^^^^^^^^^^^^^^^^^^^^^^^^
  File "/usr/local/lib/python3.11/site-packages/django/db/models/sql/query.py", line 1415, in build_lookup
    lookup = lookup_class(lhs, rhs)
             ^^^^^^^^^^^^^^^^^^^^^^
  File "/usr/local/lib/python3.11/site-packages/django/db/models/lookups.py", line 38, in __init__
    self.rhs = self.get_prep_lookup()
               ^^^^^^^^^^^^^^^^^^^^^^
  File "/usr/local/lib/python3.11/site-packages/django/db/models/fields/related_lookups.py", line 112, in get_prep_lookup
    self.rhs = target_field.get_prep_value(self.rhs)
               ^^^^^^^^^^^^^^^^^^^^^^^^^^^^^^^^^^^^^
  File "/usr/local/lib/python3.11/site-packages/django/db/models/fields/__init__.py", line 2130, in get_prep_value
    raise e.__class__(
TypeError: Field 'id' expected a number but got <django.contrib.auth.models.AnonymousUser object at 0x7f84105ca350>.
INFO 2025-11-23 17:12:18,883 basehttp "GET /swagger/?format=openapi HTTP/1.1" 200 24786
INFO 2025-11-23 17:12:32,002 middleware GET /redoc/ - User: 
INFO 2025-11-23 17:12:32,005 basehttp "GET /redoc/ HTTP/1.1" 200 931
INFO 2025-11-23 17:12:32,040 basehttp "GET /static/drf-yasg/redoc-init.js HTTP/1.1" 200 2566
INFO 2025-11-23 17:12:32,044 basehttp "GET /static/drf-yasg/redoc/redoc.min.js HTTP/1.1" 200 1042511
INFO 2025-11-23 17:12:32,190 middleware GET /redoc/ - User: 
WARNING 2025-11-23 17:12:32,197 base view's PositionViewSet raised exception during schema generation; use `getattr(self, 'swagger_fake_view', False)` to detect and short-circuit this
Traceback (most recent call last):
  File "/usr/local/lib/python3.11/site-packages/django/db/models/fields/__init__.py", line 2128, in get_prep_value
    return int(value)
           ^^^^^^^^^^
  File "/usr/local/lib/python3.11/site-packages/django/contrib/auth/models.py", line 549, in __int__
    raise TypeError(
TypeError: Cannot cast AnonymousUser to int. Are you trying to use it in place of User?

The above exception was the direct cause of the following exception:

Traceback (most recent call last):
  File "/usr/local/lib/python3.11/site-packages/drf_yasg/inspectors/base.py", line 42, in call_view_method
    return view_method()
           ^^^^^^^^^^^^^
  File "/app/positions/views.py", line 15, in get_queryset
    return super().get_queryset().filter(user=self.request.user)
           ^^^^^^^^^^^^^^^^^^^^^^^^^^^^^^^^^^^^^^^^^^^^^^^^^^^^^
  File "/usr/local/lib/python3.11/site-packages/django/db/models/query.py", line 1495, in filter
    return self._filter_or_exclude(False, args, kwargs)
           ^^^^^^^^^^^^^^^^^^^^^^^^^^^^^^^^^^^^^^^^^^^^
  File "/usr/local/lib/python3.11/site-packages/django/db/models/query.py", line 1513, in _filter_or_exclude
    clone._filter_or_exclude_inplace(negate, args, kwargs)
  File "/usr/local/lib/python3.11/site-packages/django/db/models/query.py", line 1523, in _filter_or_exclude_inplace
    self._query.add_q(Q(*args, **kwargs))
  File "/usr/local/lib/python3.11/site-packages/django/db/models/sql/query.py", line 1646, in add_q
    clause, _ = self._add_q(q_object, can_reuse)
                ^^^^^^^^^^^^^^^^^^^^^^^^^^^^^^^^
  File "/usr/local/lib/python3.11/site-packages/django/db/models/sql/query.py", line 1678, in _add_q
    child_clause, needed_inner = self.build_filter(
                                 ^^^^^^^^^^^^^^^^^^
  File "/usr/local/lib/python3.11/site-packages/django/db/models/sql/query.py", line 1588, in build_filter
    condition = self.build_lookup(lookups, col, value)
                ^^^^^^^^^^^^^^^^^^^^^^^^^^^^^^^^^^^^^^
  File "/usr/local/lib/python3.11/site-packages/django/db/models/sql/query.py", line 1415, in build_lookup
    lookup = lookup_class(lhs, rhs)
             ^^^^^^^^^^^^^^^^^^^^^^
  File "/usr/local/lib/python3.11/site-packages/django/db/models/lookups.py", line 38, in __init__
    self.rhs = self.get_prep_lookup()
               ^^^^^^^^^^^^^^^^^^^^^^
  File "/usr/local/lib/python3.11/site-packages/django/db/models/fields/related_lookups.py", line 112, in get_prep_lookup
    self.rhs = target_field.get_prep_value(self.rhs)
               ^^^^^^^^^^^^^^^^^^^^^^^^^^^^^^^^^^^^^
  File "/usr/local/lib/python3.11/site-packages/django/db/models/fields/__init__.py", line 2130, in get_prep_value
    raise e.__class__(
TypeError: Field 'id' expected a number but got <django.contrib.auth.models.AnonymousUser object at 0x7f8411098390>.
INFO 2025-11-23 17:12:32,198 basehttp "GET /static/drf-yasg/redoc/redoc-logo.png HTTP/1.1" 200 4969
WARNING 2025-11-23 17:12:32,201 base view's DisputeViewSet raised exception during schema generation; use `getattr(self, 'swagger_fake_view', False)` to detect and short-circuit this
Traceback (most recent call last):
  File "/usr/local/lib/python3.11/site-packages/django/db/models/fields/__init__.py", line 2128, in get_prep_value
    return int(value)
           ^^^^^^^^^^
  File "/usr/local/lib/python3.11/site-packages/django/contrib/auth/models.py", line 549, in __int__
    raise TypeError(
TypeError: Cannot cast AnonymousUser to int. Are you trying to use it in place of User?

The above exception was the direct cause of the following exception:

Traceback (most recent call last):
  File "/usr/local/lib/python3.11/site-packages/drf_yasg/inspectors/base.py", line 42, in call_view_method
    return view_method()
           ^^^^^^^^^^^^^
  File "/app/disputes/views.py", line 20, in get_queryset
    queryset = queryset.filter(user=self.request.user)
               ^^^^^^^^^^^^^^^^^^^^^^^^^^^^^^^^^^^^^^^
  File "/usr/local/lib/python3.11/site-packages/django/db/models/query.py", line 1495, in filter
    return self._filter_or_exclude(False, args, kwargs)
           ^^^^^^^^^^^^^^^^^^^^^^^^^^^^^^^^^^^^^^^^^^^^
  File "/usr/local/lib/python3.11/site-packages/django/db/models/query.py", line 1513, in _filter_or_exclude
    clone._filter_or_exclude_inplace(negate, args, kwargs)
  File "/usr/local/lib/python3.11/site-packages/django/db/models/query.py", line 1523, in _filter_or_exclude_inplace
    self._query.add_q(Q(*args, **kwargs))
  File "/usr/local/lib/python3.11/site-packages/django/db/models/sql/query.py", line 1646, in add_q
    clause, _ = self._add_q(q_object, can_reuse)
                ^^^^^^^^^^^^^^^^^^^^^^^^^^^^^^^^
  File "/usr/local/lib/python3.11/site-packages/django/db/models/sql/query.py", line 1678, in _add_q
    child_clause, needed_inner = self.build_filter(
                                 ^^^^^^^^^^^^^^^^^^
  File "/usr/local/lib/python3.11/site-packages/django/db/models/sql/query.py", line 1588, in build_filter
    condition = self.build_lookup(lookups, col, value)
                ^^^^^^^^^^^^^^^^^^^^^^^^^^^^^^^^^^^^^^
  File "/usr/local/lib/python3.11/site-packages/django/db/models/sql/query.py", line 1415, in build_lookup
    lookup = lookup_class(lhs, rhs)
             ^^^^^^^^^^^^^^^^^^^^^^
  File "/usr/local/lib/python3.11/site-packages/django/db/models/lookups.py", line 38, in __init__
    self.rhs = self.get_prep_lookup()
               ^^^^^^^^^^^^^^^^^^^^^^
  File "/usr/local/lib/python3.11/site-packages/django/db/models/fields/related_lookups.py", line 112, in get_prep_lookup
    self.rhs = target_field.get_prep_value(self.rhs)
               ^^^^^^^^^^^^^^^^^^^^^^^^^^^^^^^^^^^^^
  File "/usr/local/lib/python3.11/site-packages/django/db/models/fields/__init__.py", line 2130, in get_prep_value
    raise e.__class__(
TypeError: Field 'id' expected a number but got <django.contrib.auth.models.AnonymousUser object at 0x7f8411098390>.
WARNING 2025-11-23 17:12:32,206 base view's DisputeViewSet raised exception during schema generation; use `getattr(self, 'swagger_fake_view', False)` to detect and short-circuit this
Traceback (most recent call last):
  File "/usr/local/lib/python3.11/site-packages/django/db/models/fields/__init__.py", line 2128, in get_prep_value
    return int(value)
           ^^^^^^^^^^
  File "/usr/local/lib/python3.11/site-packages/django/contrib/auth/models.py", line 549, in __int__
    raise TypeError(
TypeError: Cannot cast AnonymousUser to int. Are you trying to use it in place of User?

The above exception was the direct cause of the following exception:

Traceback (most recent call last):
  File "/usr/local/lib/python3.11/site-packages/drf_yasg/inspectors/base.py", line 42, in call_view_method
    return view_method()
           ^^^^^^^^^^^^^
  File "/app/disputes/views.py", line 20, in get_queryset
    queryset = queryset.filter(user=self.request.user)
               ^^^^^^^^^^^^^^^^^^^^^^^^^^^^^^^^^^^^^^^
  File "/usr/local/lib/python3.11/site-packages/django/db/models/query.py", line 1495, in filter
    return self._filter_or_exclude(False, args, kwargs)
           ^^^^^^^^^^^^^^^^^^^^^^^^^^^^^^^^^^^^^^^^^^^^
  File "/usr/local/lib/python3.11/site-packages/django/db/models/query.py", line 1513, in _filter_or_exclude
    clone._filter_or_exclude_inplace(negate, args, kwargs)
  File "/usr/local/lib/python3.11/site-packages/django/db/models/query.py", line 1523, in _filter_or_exclude_inplace
    self._query.add_q(Q(*args, **kwargs))
  File "/usr/local/lib/python3.11/site-packages/django/db/models/sql/query.py", line 1646, in add_q
    clause, _ = self._add_q(q_object, can_reuse)
                ^^^^^^^^^^^^^^^^^^^^^^^^^^^^^^^^
  File "/usr/local/lib/python3.11/site-packages/django/db/models/sql/query.py", line 1678, in _add_q
    child_clause, needed_inner = self.build_filter(
                                 ^^^^^^^^^^^^^^^^^^
  File "/usr/local/lib/python3.11/site-packages/django/db/models/sql/query.py", line 1588, in build_filter
    condition = self.build_lookup(lookups, col, value)
                ^^^^^^^^^^^^^^^^^^^^^^^^^^^^^^^^^^^^^^
  File "/usr/local/lib/python3.11/site-packages/django/db/models/sql/query.py", line 1415, in build_lookup
    lookup = lookup_class(lhs, rhs)
             ^^^^^^^^^^^^^^^^^^^^^^
  File "/usr/local/lib/python3.11/site-packages/django/db/models/lookups.py", line 38, in __init__
    self.rhs = self.get_prep_lookup()
               ^^^^^^^^^^^^^^^^^^^^^^
  File "/usr/local/lib/python3.11/site-packages/django/db/models/fields/related_lookups.py", line 112, in get_prep_lookup
    self.rhs = target_field.get_prep_value(self.rhs)
               ^^^^^^^^^^^^^^^^^^^^^^^^^^^^^^^^^^^^^
  File "/usr/local/lib/python3.11/site-packages/django/db/models/fields/__init__.py", line 2130, in get_prep_value
    raise e.__class__(
TypeError: Field 'id' expected a number but got <django.contrib.auth.models.AnonymousUser object at 0x7f8411098390>.
WARNING 2025-11-23 17:12:32,212 base view's DisputeViewSet raised exception during schema generation; use `getattr(self, 'swagger_fake_view', False)` to detect and short-circuit this
Traceback (most recent call last):
  File "/usr/local/lib/python3.11/site-packages/django/db/models/fields/__init__.py", line 2128, in get_prep_value
    return int(value)
           ^^^^^^^^^^
  File "/usr/local/lib/python3.11/site-packages/django/contrib/auth/models.py", line 549, in __int__
    raise TypeError(
TypeError: Cannot cast AnonymousUser to int. Are you trying to use it in place of User?

The above exception was the direct cause of the following exception:

Traceback (most recent call last):
  File "/usr/local/lib/python3.11/site-packages/drf_yasg/inspectors/base.py", line 42, in call_view_method
    return view_method()
           ^^^^^^^^^^^^^
  File "/app/disputes/views.py", line 20, in get_queryset
    queryset = queryset.filter(user=self.request.user)
               ^^^^^^^^^^^^^^^^^^^^^^^^^^^^^^^^^^^^^^^
  File "/usr/local/lib/python3.11/site-packages/django/db/models/query.py", line 1495, in filter
    return self._filter_or_exclude(False, args, kwargs)
           ^^^^^^^^^^^^^^^^^^^^^^^^^^^^^^^^^^^^^^^^^^^^
  File "/usr/local/lib/python3.11/site-packages/django/db/models/query.py", line 1513, in _filter_or_exclude
    clone._filter_or_exclude_inplace(negate, args, kwargs)
  File "/usr/local/lib/python3.11/site-packages/django/db/models/query.py", line 1523, in _filter_or_exclude_inplace
    self._query.add_q(Q(*args, **kwargs))
  File "/usr/local/lib/python3.11/site-packages/django/db/models/sql/query.py", line 1646, in add_q
    clause, _ = self._add_q(q_object, can_reuse)
                ^^^^^^^^^^^^^^^^^^^^^^^^^^^^^^^^
  File "/usr/local/lib/python3.11/site-packages/django/db/models/sql/query.py", line 1678, in _add_q
    child_clause, needed_inner = self.build_filter(
                                 ^^^^^^^^^^^^^^^^^^
  File "/usr/local/lib/python3.11/site-packages/django/db/models/sql/query.py", line 1588, in build_filter
    condition = self.build_lookup(lookups, col, value)
                ^^^^^^^^^^^^^^^^^^^^^^^^^^^^^^^^^^^^^^
  File "/usr/local/lib/python3.11/site-packages/django/db/models/sql/query.py", line 1415, in build_lookup
    lookup = lookup_class(lhs, rhs)
             ^^^^^^^^^^^^^^^^^^^^^^
  File "/usr/local/lib/python3.11/site-packages/django/db/models/lookups.py", line 38, in __init__
    self.rhs = self.get_prep_lookup()
               ^^^^^^^^^^^^^^^^^^^^^^
  File "/usr/local/lib/python3.11/site-packages/django/db/models/fields/related_lookups.py", line 112, in get_prep_lookup
    self.rhs = target_field.get_prep_value(self.rhs)
               ^^^^^^^^^^^^^^^^^^^^^^^^^^^^^^^^^^^^^
  File "/usr/local/lib/python3.11/site-packages/django/db/models/fields/__init__.py", line 2130, in get_prep_value
    raise e.__class__(
TypeError: Field 'id' expected a number but got <django.contrib.auth.models.AnonymousUser object at 0x7f8411098390>.
WARNING 2025-11-23 17:12:32,216 base view's DisputeViewSet raised exception during schema generation; use `getattr(self, 'swagger_fake_view', False)` to detect and short-circuit this
Traceback (most recent call last):
  File "/usr/local/lib/python3.11/site-packages/django/db/models/fields/__init__.py", line 2128, in get_prep_value
    return int(value)
           ^^^^^^^^^^
  File "/usr/local/lib/python3.11/site-packages/django/contrib/auth/models.py", line 549, in __int__
    raise TypeError(
TypeError: Cannot cast AnonymousUser to int. Are you trying to use it in place of User?

The above exception was the direct cause of the following exception:

Traceback (most recent call last):
  File "/usr/local/lib/python3.11/site-packages/drf_yasg/inspectors/base.py", line 42, in call_view_method
    return view_method()
           ^^^^^^^^^^^^^
  File "/app/disputes/views.py", line 20, in get_queryset
    queryset = queryset.filter(user=self.request.user)
               ^^^^^^^^^^^^^^^^^^^^^^^^^^^^^^^^^^^^^^^
  File "/usr/local/lib/python3.11/site-packages/django/db/models/query.py", line 1495, in filter
    return self._filter_or_exclude(False, args, kwargs)
           ^^^^^^^^^^^^^^^^^^^^^^^^^^^^^^^^^^^^^^^^^^^^
  File "/usr/local/lib/python3.11/site-packages/django/db/models/query.py", line 1513, in _filter_or_exclude
    clone._filter_or_exclude_inplace(negate, args, kwargs)
  File "/usr/local/lib/python3.11/site-packages/django/db/models/query.py", line 1523, in _filter_or_exclude_inplace
    self._query.add_q(Q(*args, **kwargs))
  File "/usr/local/lib/python3.11/site-packages/django/db/models/sql/query.py", line 1646, in add_q
    clause, _ = self._add_q(q_object, can_reuse)
                ^^^^^^^^^^^^^^^^^^^^^^^^^^^^^^^^
  File "/usr/local/lib/python3.11/site-packages/django/db/models/sql/query.py", line 1678, in _add_q
    child_clause, needed_inner = self.build_filter(
                                 ^^^^^^^^^^^^^^^^^^
  File "/usr/local/lib/python3.11/site-packages/django/db/models/sql/query.py", line 1588, in build_filter
    condition = self.build_lookup(lookups, col, value)
                ^^^^^^^^^^^^^^^^^^^^^^^^^^^^^^^^^^^^^^
  File "/usr/local/lib/python3.11/site-packages/django/db/models/sql/query.py", line 1415, in build_lookup
    lookup = lookup_class(lhs, rhs)
             ^^^^^^^^^^^^^^^^^^^^^^
  File "/usr/local/lib/python3.11/site-packages/django/db/models/lookups.py", line 38, in __init__
    self.rhs = self.get_prep_lookup()
               ^^^^^^^^^^^^^^^^^^^^^^
  File "/usr/local/lib/python3.11/site-packages/django/db/models/fields/related_lookups.py", line 112, in get_prep_lookup
    self.rhs = target_field.get_prep_value(self.rhs)
               ^^^^^^^^^^^^^^^^^^^^^^^^^^^^^^^^^^^^^
  File "/usr/local/lib/python3.11/site-packages/django/db/models/fields/__init__.py", line 2130, in get_prep_value
    raise e.__class__(
TypeError: Field 'id' expected a number but got <django.contrib.auth.models.AnonymousUser object at 0x7f8411098390>.
WARNING 2025-11-23 17:12:32,221 base view's DisputeViewSet raised exception during schema generation; use `getattr(self, 'swagger_fake_view', False)` to detect and short-circuit this
Traceback (most recent call last):
  File "/usr/local/lib/python3.11/site-packages/django/db/models/fields/__init__.py", line 2128, in get_prep_value
    return int(value)
           ^^^^^^^^^^
  File "/usr/local/lib/python3.11/site-packages/django/contrib/auth/models.py", line 549, in __int__
    raise TypeError(
TypeError: Cannot cast AnonymousUser to int. Are you trying to use it in place of User?

The above exception was the direct cause of the following exception:

Traceback (most recent call last):
  File "/usr/local/lib/python3.11/site-packages/drf_yasg/inspectors/base.py", line 42, in call_view_method
    return view_method()
           ^^^^^^^^^^^^^
  File "/app/disputes/views.py", line 20, in get_queryset
    queryset = queryset.filter(user=self.request.user)
               ^^^^^^^^^^^^^^^^^^^^^^^^^^^^^^^^^^^^^^^
  File "/usr/local/lib/python3.11/site-packages/django/db/models/query.py", line 1495, in filter
    return self._filter_or_exclude(False, args, kwargs)
           ^^^^^^^^^^^^^^^^^^^^^^^^^^^^^^^^^^^^^^^^^^^^
  File "/usr/local/lib/python3.11/site-packages/django/db/models/query.py", line 1513, in _filter_or_exclude
    clone._filter_or_exclude_inplace(negate, args, kwargs)
  File "/usr/local/lib/python3.11/site-packages/django/db/models/query.py", line 1523, in _filter_or_exclude_inplace
    self._query.add_q(Q(*args, **kwargs))
  File "/usr/local/lib/python3.11/site-packages/django/db/models/sql/query.py", line 1646, in add_q
    clause, _ = self._add_q(q_object, can_reuse)
                ^^^^^^^^^^^^^^^^^^^^^^^^^^^^^^^^
  File "/usr/local/lib/python3.11/site-packages/django/db/models/sql/query.py", line 1678, in _add_q
    child_clause, needed_inner = self.build_filter(
                                 ^^^^^^^^^^^^^^^^^^
  File "/usr/local/lib/python3.11/site-packages/django/db/models/sql/query.py", line 1588, in build_filter
    condition = self.build_lookup(lookups, col, value)
                ^^^^^^^^^^^^^^^^^^^^^^^^^^^^^^^^^^^^^^
  File "/usr/local/lib/python3.11/site-packages/django/db/models/sql/query.py", line 1415, in build_lookup
    lookup = lookup_class(lhs, rhs)
             ^^^^^^^^^^^^^^^^^^^^^^
  File "/usr/local/lib/python3.11/site-packages/django/db/models/lookups.py", line 38, in __init__
    self.rhs = self.get_prep_lookup()
               ^^^^^^^^^^^^^^^^^^^^^^
  File "/usr/local/lib/python3.11/site-packages/django/db/models/fields/related_lookups.py", line 112, in get_prep_lookup
    self.rhs = target_field.get_prep_value(self.rhs)
               ^^^^^^^^^^^^^^^^^^^^^^^^^^^^^^^^^^^^^
  File "/usr/local/lib/python3.11/site-packages/django/db/models/fields/__init__.py", line 2130, in get_prep_value
    raise e.__class__(
TypeError: Field 'id' expected a number but got <django.contrib.auth.models.AnonymousUser object at 0x7f8411098390>.
WARNING 2025-11-23 17:12:32,226 base view's DisputeViewSet raised exception during schema generation; use `getattr(self, 'swagger_fake_view', False)` to detect and short-circuit this
Traceback (most recent call last):
  File "/usr/local/lib/python3.11/site-packages/django/db/models/fields/__init__.py", line 2128, in get_prep_value
    return int(value)
           ^^^^^^^^^^
  File "/usr/local/lib/python3.11/site-packages/django/contrib/auth/models.py", line 549, in __int__
    raise TypeError(
TypeError: Cannot cast AnonymousUser to int. Are you trying to use it in place of User?

The above exception was the direct cause of the following exception:

Traceback (most recent call last):
  File "/usr/local/lib/python3.11/site-packages/drf_yasg/inspectors/base.py", line 42, in call_view_method
    return view_method()
           ^^^^^^^^^^^^^
  File "/app/disputes/views.py", line 20, in get_queryset
    queryset = queryset.filter(user=self.request.user)
               ^^^^^^^^^^^^^^^^^^^^^^^^^^^^^^^^^^^^^^^
  File "/usr/local/lib/python3.11/site-packages/django/db/models/query.py", line 1495, in filter
    return self._filter_or_exclude(False, args, kwargs)
           ^^^^^^^^^^^^^^^^^^^^^^^^^^^^^^^^^^^^^^^^^^^^
  File "/usr/local/lib/python3.11/site-packages/django/db/models/query.py", line 1513, in _filter_or_exclude
    clone._filter_or_exclude_inplace(negate, args, kwargs)
  File "/usr/local/lib/python3.11/site-packages/django/db/models/query.py", line 1523, in _filter_or_exclude_inplace
    self._query.add_q(Q(*args, **kwargs))
  File "/usr/local/lib/python3.11/site-packages/django/db/models/sql/query.py", line 1646, in add_q
    clause, _ = self._add_q(q_object, can_reuse)
                ^^^^^^^^^^^^^^^^^^^^^^^^^^^^^^^^
  File "/usr/local/lib/python3.11/site-packages/django/db/models/sql/query.py", line 1678, in _add_q
    child_clause, needed_inner = self.build_filter(
                                 ^^^^^^^^^^^^^^^^^^
  File "/usr/local/lib/python3.11/site-packages/django/db/models/sql/query.py", line 1588, in build_filter
    condition = self.build_lookup(lookups, col, value)
                ^^^^^^^^^^^^^^^^^^^^^^^^^^^^^^^^^^^^^^
  File "/usr/local/lib/python3.11/site-packages/django/db/models/sql/query.py", line 1415, in build_lookup
    lookup = lookup_class(lhs, rhs)
             ^^^^^^^^^^^^^^^^^^^^^^
  File "/usr/local/lib/python3.11/site-packages/django/db/models/lookups.py", line 38, in __init__
    self.rhs = self.get_prep_lookup()
               ^^^^^^^^^^^^^^^^^^^^^^
  File "/usr/local/lib/python3.11/site-packages/django/db/models/fields/related_lookups.py", line 112, in get_prep_lookup
    self.rhs = target_field.get_prep_value(self.rhs)
               ^^^^^^^^^^^^^^^^^^^^^^^^^^^^^^^^^^^^^
  File "/usr/local/lib/python3.11/site-packages/django/db/models/fields/__init__.py", line 2130, in get_prep_value
    raise e.__class__(
TypeError: Field 'id' expected a number but got <django.contrib.auth.models.AnonymousUser object at 0x7f8411098390>.
INFO 2025-11-23 17:12:32,261 basehttp "GET /redoc/?format=openapi HTTP/1.1" 200 24786
INFO 2025-11-23 17:12:42,158 middleware GET /admin/ - User: 
INFO 2025-11-23 17:12:42,165 basehttp "GET /admin/ HTTP/1.1" 302 0
INFO 2025-11-23 17:12:42,169 middleware GET /admin/login/ - User: 
INFO 2025-11-23 17:12:42,209 basehttp "GET /admin/login/?next=/admin/ HTTP/1.1" 200 4170
INFO 2025-11-23 17:12:42,231 basehttp "GET /static/admin/css/base.css HTTP/1.1" 200 22120
INFO 2025-11-23 17:12:42,242 basehttp "GET /static/admin/css/login.css HTTP/1.1" 200 951
INFO 2025-11-23 17:12:42,243 basehttp "GET /static/admin/css/nav_sidebar.css HTTP/1.1" 200 2810
INFO 2025-11-23 17:12:42,244 basehttp "GET /static/admin/css/dark_mode.css HTTP/1.1" 200 2808
INFO 2025-11-23 17:12:42,247 basehttp "GET /static/admin/js/theme.js HTTP/1.1" 200 1653
INFO 2025-11-23 17:12:42,248 basehttp "GET /static/admin/css/responsive.css HTTP/1.1" 200 16565
INFO 2025-11-23 17:12:42,322 basehttp "GET /static/admin/js/nav_sidebar.js HTTP/1.1" 200 3063
INFO 2025-11-23 17:12:42,389 middleware GET /favicon.ico - User: 
WARNING 2025-11-23 17:12:42,394 log Not Found: /favicon.ico
WARNING 2025-11-23 17:12:42,395 basehttp "GET /favicon.ico HTTP/1.1" 404 5259
INFO 2025-11-23 17:12:52,381 middleware POST /admin/login/ - User: 
INFO 2025-11-23 17:12:52,539 basehttp "POST /admin/login/?next=/admin/ HTTP/1.1" 200 4345
INFO 2025-11-23 17:12:58,278 middleware POST /admin/login/ - User: 
INFO 2025-11-23 17:12:58,430 basehttp "POST /admin/login/?next=/admin/ HTTP/1.1" 302 0
INFO 2025-11-23 17:12:58,440 middleware GET /admin/ - User: admin
INFO 2025-11-23 17:12:58,451 basehttp "GET /admin/ HTTP/1.1" 200 16386
INFO 2025-11-23 17:12:58,470 basehttp "GET /static/admin/css/dashboard.css HTTP/1.1" 200 441
INFO 2025-11-23 17:12:58,515 basehttp "GET /static/admin/img/icon-changelink.svg HTTP/1.1" 200 380
INFO 2025-11-23 17:12:58,515 basehttp "GET /static/admin/img/icon-addlink.svg HTTP/1.1" 200 331
INFO 2025-11-23 17:15:16,288 middleware GET /admin/markets/marketcategory/ - User: admin
INFO 2025-11-23 17:15:16,306 basehttp "GET /admin/markets/marketcategory/ HTTP/1.1" 200 16051
INFO 2025-11-23 17:15:16,322 basehttp "GET /static/admin/css/base.css HTTP/1.1" 304 0
INFO 2025-11-23 17:15:16,328 basehttp "GET /static/admin/js/theme.js HTTP/1.1" 304 0
INFO 2025-11-23 17:15:16,331 basehttp "GET /static/admin/css/dark_mode.css HTTP/1.1" 304 0
INFO 2025-11-23 17:15:16,332 basehttp "GET /static/admin/css/nav_sidebar.css HTTP/1.1" 304 0
INFO 2025-11-23 17:15:16,332 basehttp "GET /static/admin/css/responsive.css HTTP/1.1" 304 0
INFO 2025-11-23 17:15:16,333 basehttp "GET /static/admin/css/changelists.css HTTP/1.1" 200 6878
INFO 2025-11-23 17:15:16,337 basehttp "GET /static/admin/js/jquery.init.js HTTP/1.1" 200 347
INFO 2025-11-23 17:15:16,340 basehttp "GET /static/admin/js/core.js HTTP/1.1" 200 6208
INFO 2025-11-23 17:15:16,341 middleware GET /admin/jsi18n/ - User: admin
INFO 2025-11-23 17:15:16,343 basehttp "GET /static/admin/js/admin/RelatedObjectLookups.js HTTP/1.1" 200 9777
INFO 2025-11-23 17:15:16,347 basehttp "GET /admin/jsi18n/ HTTP/1.1" 200 3342
INFO 2025-11-23 17:15:16,350 basehttp "GET /static/admin/js/actions.js HTTP/1.1" 200 8076
INFO 2025-11-23 17:15:16,351 basehttp "GET /static/admin/js/urlify.js HTTP/1.1" 200 7887
INFO 2025-11-23 17:15:16,352 basehttp "GET /static/admin/js/vendor/jquery/jquery.js HTTP/1.1" 200 285314
INFO 2025-11-23 17:15:16,354 basehttp "GET /static/admin/js/prepopulate.js HTTP/1.1" 200 1531
INFO 2025-11-23 17:15:16,356 basehttp "GET /static/admin/img/search.svg HTTP/1.1" 200 458
INFO 2025-11-23 17:15:16,359 basehttp "GET /static/admin/js/vendor/xregexp/xregexp.js HTTP/1.1" 200 325171
INFO 2025-11-23 17:15:16,419 basehttp "GET /static/admin/js/nav_sidebar.js HTTP/1.1" 304 0
INFO 2025-11-23 17:15:16,422 basehttp "GET /static/admin/js/filters.js HTTP/1.1" 200 978
INFO 2025-11-23 17:15:16,442 basehttp "GET /static/admin/img/icon-addlink.svg HTTP/1.1" 304 0
INFO 2025-11-23 17:15:16,442 basehttp "GET /static/admin/img/tooltag-add.svg HTTP/1.1" 200 331
INFO 2025-11-23 17:15:22,773 middleware GET /admin/markets/marketcategory/add/ - User: admin
INFO 2025-11-23 17:15:22,788 basehttp "GET /admin/markets/marketcategory/add/ HTTP/1.1" 200 17990
INFO 2025-11-23 17:15:22,810 basehttp "GET /static/admin/css/forms.css HTTP/1.1" 200 8525
INFO 2025-11-23 17:15:22,811 basehttp "GET /static/admin/js/prepopulate_init.js HTTP/1.1" 200 586
INFO 2025-11-23 17:15:22,818 middleware GET /admin/jsi18n/ - User: admin
INFO 2025-11-23 17:15:22,820 basehttp "GET /admin/jsi18n/ HTTP/1.1" 200 3342
INFO 2025-11-23 17:15:22,831 basehttp "GET /static/admin/js/change_form.js HTTP/1.1" 200 606
INFO 2025-11-23 17:15:22,855 basehttp "GET /static/admin/css/widgets.css HTTP/1.1" 200 11973
INFO 2025-11-23 17:15:29,934 middleware POST /admin/markets/marketcategory/add/ - User: admin
INFO 2025-11-23 17:15:29,946 basehttp "POST /admin/markets/marketcategory/add/ HTTP/1.1" 302 0
INFO 2025-11-23 17:15:29,955 middleware GET /admin/markets/marketcategory/ - User: admin
INFO 2025-11-23 17:15:29,967 basehttp "GET /admin/markets/marketcategory/ HTTP/1.1" 200 18171
INFO 2025-11-23 17:15:30,000 middleware GET /admin/jsi18n/ - User: admin
INFO 2025-11-23 17:15:30,004 basehttp "GET /admin/jsi18n/ HTTP/1.1" 200 3342
INFO 2025-11-23 17:15:30,024 basehttp "GET /static/admin/img/icon-yes.svg HTTP/1.1" 200 436
INFO 2025-11-23 17:15:30,024 basehttp "GET /static/admin/img/sorting-icons.svg HTTP/1.1" 200 1097
INFO 2025-11-23 17:15:31,550 middleware GET /admin/markets/marketcategory/add/ - User: admin
INFO 2025-11-23 17:15:31,558 basehttp "GET /admin/markets/marketcategory/add/ HTTP/1.1" 200 17990
INFO 2025-11-23 17:15:31,594 middleware GET /admin/jsi18n/ - User: admin
INFO 2025-11-23 17:15:31,596 basehttp "GET /admin/jsi18n/ HTTP/1.1" 200 3342
INFO 2025-11-23 17:15:37,835 middleware POST /admin/markets/marketcategory/add/ - User: admin
INFO 2025-11-23 17:15:37,844 basehttp "POST /admin/markets/marketcategory/add/ HTTP/1.1" 302 0
INFO 2025-11-23 17:15:37,855 middleware GET /admin/markets/marketcategory/ - User: admin
INFO 2025-11-23 17:15:37,864 basehttp "GET /admin/markets/marketcategory/ HTTP/1.1" 200 18539
INFO 2025-11-23 17:15:37,893 middleware GET /admin/jsi18n/ - User: admin
INFO 2025-11-23 17:15:37,895 basehttp "GET /admin/jsi18n/ HTTP/1.1" 200 3342
INFO 2025-11-23 17:15:42,220 middleware GET /admin/markets/marketcategory/add/ - User: admin
INFO 2025-11-23 17:15:42,227 basehttp "GET /admin/markets/marketcategory/add/ HTTP/1.1" 200 17990
INFO 2025-11-23 17:15:42,259 middleware GET /admin/jsi18n/ - User: admin
INFO 2025-11-23 17:15:42,261 basehttp "GET /admin/jsi18n/ HTTP/1.1" 200 3342
INFO 2025-11-23 17:15:43,965 middleware POST /admin/markets/marketcategory/add/ - User: admin
INFO 2025-11-23 17:15:43,974 basehttp "POST /admin/markets/marketcategory/add/ HTTP/1.1" 302 0
INFO 2025-11-23 17:15:43,988 middleware GET /admin/markets/marketcategory/ - User: admin
INFO 2025-11-23 17:15:44,004 basehttp "GET /admin/markets/marketcategory/ HTTP/1.1" 200 18913
INFO 2025-11-23 17:15:44,094 middleware GET /admin/jsi18n/ - User: admin
INFO 2025-11-23 17:15:44,096 basehttp "GET /admin/jsi18n/ HTTP/1.1" 200 3342
INFO 2025-11-23 17:15:48,145 middleware GET /admin/markets/marketcategory/add/ - User: admin
INFO 2025-11-23 17:15:48,153 basehttp "GET /admin/markets/marketcategory/add/ HTTP/1.1" 200 17990
INFO 2025-11-23 17:15:48,184 middleware GET /admin/jsi18n/ - User: admin
INFO 2025-11-23 17:15:48,187 basehttp "GET /admin/jsi18n/ HTTP/1.1" 200 3342
INFO 2025-11-23 17:15:50,014 middleware POST /admin/markets/marketcategory/add/ - User: admin
INFO 2025-11-23 17:15:50,021 basehttp "POST /admin/markets/marketcategory/add/ HTTP/1.1" 302 0
INFO 2025-11-23 17:15:50,033 middleware GET /admin/markets/marketcategory/ - User: admin
INFO 2025-11-23 17:15:50,043 basehttp "GET /admin/markets/marketcategory/ HTTP/1.1" 200 19269
INFO 2025-11-23 17:15:50,074 middleware GET /admin/jsi18n/ - User: admin
INFO 2025-11-23 17:15:50,076 basehttp "GET /admin/jsi18n/ HTTP/1.1" 200 3342
INFO 2025-11-23 17:15:54,124 middleware GET /admin/markets/marketcategory/add/ - User: admin
INFO 2025-11-23 17:15:54,132 basehttp "GET /admin/markets/marketcategory/add/ HTTP/1.1" 200 17990
INFO 2025-11-23 17:15:54,162 middleware GET /admin/jsi18n/ - User: admin
INFO 2025-11-23 17:15:54,164 basehttp "GET /admin/jsi18n/ HTTP/1.1" 200 3342
INFO 2025-11-23 17:15:55,913 middleware POST /admin/markets/marketcategory/add/ - User: admin
INFO 2025-11-23 17:15:55,923 basehttp "POST /admin/markets/marketcategory/add/ HTTP/1.1" 302 0
INFO 2025-11-23 17:15:55,981 middleware GET /admin/markets/marketcategory/ - User: admin
INFO 2025-11-23 17:15:55,990 basehttp "GET /admin/markets/marketcategory/ HTTP/1.1" 200 19665
INFO 2025-11-23 17:15:56,020 middleware GET /admin/jsi18n/ - User: admin
INFO 2025-11-23 17:15:56,022 basehttp "GET /admin/jsi18n/ HTTP/1.1" 200 3342
INFO 2025-11-23 17:16:06,408 middleware GET /admin/markets/market/ - User: admin
INFO 2025-11-23 17:16:06,423 basehttp "GET /admin/markets/market/ HTTP/1.1" 200 18070
INFO 2025-11-23 17:16:06,452 middleware GET /admin/jsi18n/ - User: admin
INFO 2025-11-23 17:16:06,454 basehttp "GET /admin/jsi18n/ HTTP/1.1" 200 3342
INFO 2025-11-23 17:16:06,473 basehttp "GET /static/admin/img/icon-viewlink.svg HTTP/1.1" 200 581
INFO 2025-11-23 17:16:12,971 middleware GET /admin/markets/market/add/ - User: admin
INFO 2025-11-23 17:16:12,995 basehttp "GET /admin/markets/market/add/ HTTP/1.1" 200 26180
INFO 2025-11-23 17:16:13,016 basehttp "GET /static/admin/js/calendar.js HTTP/1.1" 200 9141
INFO 2025-11-23 17:16:13,016 basehttp "GET /static/admin/js/admin/DateTimeShortcuts.js HTTP/1.1" 200 19319
INFO 2025-11-23 17:16:13,023 middleware GET /admin/jsi18n/ - User: admin
INFO 2025-11-23 17:16:13,024 basehttp "GET /admin/jsi18n/ HTTP/1.1" 200 3342
INFO 2025-11-23 17:16:13,035 basehttp "GET /static/admin/img/icon-changelink.svg HTTP/1.1" 304 0
INFO 2025-11-23 17:16:13,036 basehttp "GET /static/admin/img/icon-deletelink.svg HTTP/1.1" 200 392
INFO 2025-11-23 17:16:13,090 basehttp "GET /static/admin/img/icon-calendar.svg HTTP/1.1" 200 1086
INFO 2025-11-23 17:16:13,090 basehttp "GET /static/admin/img/icon-clock.svg HTTP/1.1" 200 677
INFO 2025-11-23 17:17:33,290 middleware POST /admin/markets/market/add/ - User: admin
INFO 2025-11-23 17:17:33,356 basehttp "POST /admin/markets/market/add/ HTTP/1.1" 200 26499
INFO 2025-11-23 17:17:33,376 basehttp "GET /static/admin/css/base.css HTTP/1.1" 304 0
INFO 2025-11-23 17:17:33,380 basehttp "GET /static/admin/css/nav_sidebar.css HTTP/1.1" 304 0
INFO 2025-11-23 17:17:33,381 basehttp "GET /static/admin/js/theme.js HTTP/1.1" 304 0
INFO 2025-11-23 17:17:33,381 basehttp "GET /static/admin/css/forms.css HTTP/1.1" 304 0
INFO 2025-11-23 17:17:33,385 basehttp "GET /static/admin/js/jquery.init.js HTTP/1.1" 304 0
INFO 2025-11-23 17:17:33,385 basehttp "GET /static/admin/css/dark_mode.css HTTP/1.1" 304 0
INFO 2025-11-23 17:17:33,386 basehttp "GET /static/admin/css/responsive.css HTTP/1.1" 304 0
INFO 2025-11-23 17:17:33,387 basehttp "GET /static/admin/js/vendor/jquery/jquery.js HTTP/1.1" 304 0
INFO 2025-11-23 17:17:33,388 basehttp "GET /static/admin/js/core.js HTTP/1.1" 304 0
INFO 2025-11-23 17:17:33,391 middleware GET /admin/jsi18n/ - User: admin
INFO 2025-11-23 17:17:33,392 basehttp "GET /admin/jsi18n/ HTTP/1.1" 200 3342
INFO 2025-11-23 17:17:33,395 basehttp "GET /static/admin/js/admin/RelatedObjectLookups.js HTTP/1.1" 304 0
INFO 2025-11-23 17:17:33,419 basehttp "GET /static/admin/js/actions.js HTTP/1.1" 304 0
INFO 2025-11-23 17:17:33,426 basehttp "GET /static/admin/js/urlify.js HTTP/1.1" 304 0
INFO 2025-11-23 17:17:33,432 basehttp "GET /static/admin/js/prepopulate.js HTTP/1.1" 304 0
INFO 2025-11-23 17:17:33,434 basehttp "GET /static/admin/js/vendor/xregexp/xregexp.js HTTP/1.1" 304 0
INFO 2025-11-23 17:17:33,434 basehttp "GET /static/admin/js/prepopulate_init.js HTTP/1.1" 304 0
INFO 2025-11-23 17:17:33,448 basehttp "GET /static/admin/css/widgets.css HTTP/1.1" 304 0
INFO 2025-11-23 17:17:33,481 basehttp "GET /static/admin/js/nav_sidebar.js HTTP/1.1" 304 0
INFO 2025-11-23 17:17:33,491 basehttp "GET /static/admin/img/icon-addlink.svg HTTP/1.1" 304 0
INFO 2025-11-23 17:17:33,500 basehttp "GET /static/admin/js/change_form.js HTTP/1.1" 304 0
INFO 2025-11-23 17:17:41,626 middleware POST /admin/markets/market/add/ - User: admin
INFO 2025-11-23 17:17:41,666 basehttp "POST /admin/markets/market/add/ HTTP/1.1" 302 0
INFO 2025-11-23 17:17:41,678 middleware GET /admin/markets/market/ - User: admin
INFO 2025-11-23 17:17:41,691 basehttp "GET /admin/markets/market/ HTTP/1.1" 200 21028
INFO 2025-11-23 17:17:41,713 basehttp "GET /static/admin/css/changelists.css HTTP/1.1" 304 0
INFO 2025-11-23 17:17:41,713 basehttp "GET /static/admin/img/search.svg HTTP/1.1" 304 0
INFO 2025-11-23 17:17:41,721 middleware GET /admin/jsi18n/ - User: admin
INFO 2025-11-23 17:17:41,723 basehttp "GET /admin/jsi18n/ HTTP/1.1" 200 3342
INFO 2025-11-23 17:17:41,738 basehttp "GET /static/admin/js/filters.js HTTP/1.1" 304 0
INFO 2025-11-23 17:17:41,767 basehttp "GET /static/admin/img/icon-yes.svg HTTP/1.1" 304 0
INFO 2025-11-23 17:17:43,449 middleware GET /admin/markets/market/add/ - User: admin
INFO 2025-11-23 17:17:43,467 basehttp "GET /admin/markets/market/add/ HTTP/1.1" 200 26180
INFO 2025-11-23 17:17:43,489 basehttp "GET /static/admin/js/admin/DateTimeShortcuts.js HTTP/1.1" 304 0
INFO 2025-11-23 17:17:43,489 basehttp "GET /static/admin/js/calendar.js HTTP/1.1" 304 0
INFO 2025-11-23 17:17:43,497 middleware GET /admin/jsi18n/ - User: admin
INFO 2025-11-23 17:17:43,499 basehttp "GET /admin/jsi18n/ HTTP/1.1" 200 3342
INFO 2025-11-23 17:17:43,569 basehttp "GET /static/admin/img/icon-changelink.svg HTTP/1.1" 304 0
INFO 2025-11-23 17:17:43,575 basehttp "GET /static/admin/img/icon-viewlink.svg HTTP/1.1" 304 0
INFO 2025-11-23 17:17:43,576 basehttp "GET /static/admin/img/icon-deletelink.svg HTTP/1.1" 304 0
INFO 2025-11-23 17:17:43,624 basehttp "GET /static/admin/img/icon-calendar.svg HTTP/1.1" 304 0
INFO 2025-11-23 17:17:43,626 basehttp "GET /static/admin/img/icon-clock.svg HTTP/1.1" 304 0
INFO 2025-11-23 17:18:05,363 middleware POST /admin/markets/market/add/ - User: admin
INFO 2025-11-23 17:18:05,371 basehttp "POST /admin/markets/market/add/ HTTP/1.1" 302 0
INFO 2025-11-23 17:18:05,380 middleware GET /admin/markets/market/ - User: admin
INFO 2025-11-23 17:18:05,392 basehttp "GET /admin/markets/market/ HTTP/1.1" 200 21610
INFO 2025-11-23 17:18:05,421 middleware GET /admin/jsi18n/ - User: admin
INFO 2025-11-23 17:18:05,423 basehttp "GET /admin/jsi18n/ HTTP/1.1" 200 3342
INFO 2025-11-23 17:18:18,339 middleware GET /admin/markets/outcometoken/ - User: admin
INFO 2025-11-23 17:18:18,348 basehttp "GET /admin/markets/outcometoken/ HTTP/1.1" 200 17512
INFO 2025-11-23 17:18:18,375 middleware GET /admin/jsi18n/ - User: admin
INFO 2025-11-23 17:18:18,377 basehttp "GET /admin/jsi18n/ HTTP/1.1" 200 3342
INFO 2025-11-23 17:18:19,803 middleware GET /admin/markets/outcometoken/add/ - User: admin
INFO 2025-11-23 17:18:19,816 basehttp "GET /admin/markets/outcometoken/add/ HTTP/1.1" 200 20180
INFO 2025-11-23 17:18:19,844 middleware GET /admin/jsi18n/ - User: admin
INFO 2025-11-23 17:18:19,845 basehttp "GET /admin/jsi18n/ HTTP/1.1" 200 3342
INFO 2025-11-23 17:19:01,753 middleware POST /admin/markets/outcometoken/add/ - User: admin
INFO 2025-11-23 17:19:01,768 basehttp "POST /admin/markets/outcometoken/add/ HTTP/1.1" 200 20394
INFO 2025-11-23 17:19:01,796 middleware GET /admin/jsi18n/ - User: admin
INFO 2025-11-23 17:19:01,797 basehttp "GET /admin/jsi18n/ HTTP/1.1" 200 3342
INFO 2025-11-23 17:19:05,642 middleware POST /admin/markets/outcometoken/add/ - User: admin
INFO 2025-11-23 17:19:05,651 basehttp "POST /admin/markets/outcometoken/add/ HTTP/1.1" 302 0
INFO 2025-11-23 17:19:05,662 middleware GET /admin/markets/outcometoken/ - User: admin
INFO 2025-11-23 17:19:05,673 basehttp "GET /admin/markets/outcometoken/ HTTP/1.1" 200 19885
INFO 2025-11-23 17:19:05,701 middleware GET /admin/jsi18n/ - User: admin
INFO 2025-11-23 17:19:05,703 basehttp "GET /admin/jsi18n/ HTTP/1.1" 200 3342
INFO 2025-11-23 17:19:16,021 middleware GET /admin/markets/outcometoken/ - User: admin
INFO 2025-11-23 17:19:16,030 basehttp "GET /admin/markets/outcometoken/ HTTP/1.1" 200 19633
INFO 2025-11-23 17:19:16,049 basehttp "GET /static/admin/css/base.css HTTP/1.1" 304 0
INFO 2025-11-23 17:19:16,049 basehttp "GET /static/admin/css/dark_mode.css HTTP/1.1" 304 0
INFO 2025-11-23 17:19:16,057 basehttp "GET /static/admin/js/vendor/jquery/jquery.js HTTP/1.1" 304 0
INFO 2025-11-23 17:19:16,057 basehttp "GET /static/admin/css/nav_sidebar.css HTTP/1.1" 304 0
INFO 2025-11-23 17:19:16,057 basehttp "GET /static/admin/js/theme.js HTTP/1.1" 304 0
INFO 2025-11-23 17:19:16,057 basehttp "GET /static/admin/js/jquery.init.js HTTP/1.1" 304 0
INFO 2025-11-23 17:19:16,061 basehttp "GET /static/admin/css/responsive.css HTTP/1.1" 304 0
INFO 2025-11-23 17:19:16,062 basehttp "GET /static/admin/js/admin/RelatedObjectLookups.js HTTP/1.1" 304 0
INFO 2025-11-23 17:19:16,062 basehttp "GET /static/admin/js/core.js HTTP/1.1" 304 0
INFO 2025-11-23 17:19:16,065 middleware GET /admin/jsi18n/ - User: admin
INFO 2025-11-23 17:19:16,066 basehttp "GET /admin/jsi18n/ HTTP/1.1" 200 3342
INFO 2025-11-23 17:19:16,068 basehttp "GET /static/admin/js/actions.js HTTP/1.1" 304 0
INFO 2025-11-23 17:19:16,093 basehttp "GET /static/admin/js/urlify.js HTTP/1.1" 304 0
INFO 2025-11-23 17:19:16,101 basehttp "GET /static/admin/js/prepopulate.js HTTP/1.1" 304 0
INFO 2025-11-23 17:19:16,105 basehttp "GET /static/admin/js/vendor/xregexp/xregexp.js HTTP/1.1" 304 0
INFO 2025-11-23 17:19:16,145 basehttp "GET /static/admin/js/nav_sidebar.js HTTP/1.1" 304 0
INFO 2025-11-23 17:19:17,038 middleware GET /admin/markets/outcometoken/add/ - User: admin
INFO 2025-11-23 17:19:17,050 basehttp "GET /admin/markets/outcometoken/add/ HTTP/1.1" 200 20180
INFO 2025-11-23 17:19:17,073 basehttp "GET /static/admin/css/forms.css HTTP/1.1" 304 0
INFO 2025-11-23 17:19:17,073 basehttp "GET /static/admin/js/prepopulate_init.js HTTP/1.1" 304 0
INFO 2025-11-23 17:19:17,080 middleware GET /admin/jsi18n/ - User: admin
INFO 2025-11-23 17:19:17,082 basehttp "GET /admin/jsi18n/ HTTP/1.1" 200 3342
INFO 2025-11-23 17:19:17,091 basehttp "GET /static/admin/img/icon-addlink.svg HTTP/1.1" 304 0
INFO 2025-11-23 17:19:17,118 basehttp "GET /static/admin/js/change_form.js HTTP/1.1" 304 0
INFO 2025-11-23 17:19:17,118 basehttp "GET /static/admin/css/widgets.css HTTP/1.1" 304 0
INFO 2025-11-23 17:19:21,391 middleware GET /admin/markets/outcometoken/ - User: admin
INFO 2025-11-23 17:19:21,402 basehttp "GET /admin/markets/outcometoken/ HTTP/1.1" 200 19633
INFO 2025-11-23 17:19:21,426 basehttp "GET /static/admin/css/changelists.css HTTP/1.1" 304 0
INFO 2025-11-23 17:19:21,426 basehttp "GET /static/admin/img/search.svg HTTP/1.1" 304 0
INFO 2025-11-23 17:19:21,435 middleware GET /admin/jsi18n/ - User: admin
INFO 2025-11-23 17:19:21,436 basehttp "GET /admin/jsi18n/ HTTP/1.1" 200 3342
INFO 2025-11-23 17:19:21,448 basehttp "GET /static/admin/js/filters.js HTTP/1.1" 304 0
INFO 2025-11-23 17:19:23,091 middleware GET /admin/markets/outcometoken/add/ - User: admin
INFO 2025-11-23 17:19:23,104 basehttp "GET /admin/markets/outcometoken/add/ HTTP/1.1" 200 20180
INFO 2025-11-23 17:19:23,127 basehttp "GET /static/admin/img/icon-changelink.svg HTTP/1.1" 304 0
INFO 2025-11-23 17:19:23,137 middleware GET /admin/jsi18n/ - User: admin
INFO 2025-11-23 17:19:23,139 basehttp "GET /admin/jsi18n/ HTTP/1.1" 200 3342
INFO 2025-11-23 17:19:23,148 basehttp "GET /static/admin/img/icon-viewlink.svg HTTP/1.1" 304 0
INFO 2025-11-23 17:19:33,869 middleware POST /admin/markets/outcometoken/add/ - User: admin
INFO 2025-11-23 17:19:33,880 basehttp "POST /admin/markets/outcometoken/add/ HTTP/1.1" 302 0
INFO 2025-11-23 17:19:33,892 middleware GET /admin/markets/outcometoken/ - User: admin
INFO 2025-11-23 17:19:33,902 basehttp "GET /admin/markets/outcometoken/ HTTP/1.1" 200 20400
INFO 2025-11-23 17:19:33,930 middleware GET /admin/jsi18n/ - User: admin
INFO 2025-11-23 17:19:33,932 basehttp "GET /admin/jsi18n/ HTTP/1.1" 200 3342
INFO 2025-11-23 17:19:33,950 basehttp "GET /static/admin/img/icon-yes.svg HTTP/1.1" 304 0
INFO 2025-11-23 17:19:40,007 middleware GET /admin/markets/pricehistory/ - User: admin
INFO 2025-11-23 17:19:40,019 basehttp "GET /admin/markets/pricehistory/ HTTP/1.1" 200 17233
INFO 2025-11-23 17:19:40,045 middleware GET /admin/jsi18n/ - User: admin
INFO 2025-11-23 17:19:40,047 basehttp "GET /admin/jsi18n/ HTTP/1.1" 200 3342
INFO 2025-11-23 17:19:41,570 middleware GET /admin/markets/pricehistory/add/ - User: admin
INFO 2025-11-23 17:19:41,584 basehttp "GET /admin/markets/pricehistory/add/ HTTP/1.1" 200 19448
INFO 2025-11-23 17:19:41,613 middleware GET /admin/jsi18n/ - User: admin
INFO 2025-11-23 17:19:41,615 basehttp "GET /admin/jsi18n/ HTTP/1.1" 200 3342
INFO 2025-11-23 17:20:05,583 middleware POST /admin/markets/pricehistory/add/ - User: admin
INFO 2025-11-23 17:20:05,593 basehttp "POST /admin/markets/pricehistory/add/ HTTP/1.1" 302 0
INFO 2025-11-23 17:20:05,604 middleware GET /admin/markets/pricehistory/ - User: admin
INFO 2025-11-23 17:20:05,615 basehttp "GET /admin/markets/pricehistory/ HTTP/1.1" 200 19889
INFO 2025-11-23 17:20:05,644 middleware GET /admin/jsi18n/ - User: admin
INFO 2025-11-23 17:20:05,646 basehttp "GET /admin/jsi18n/ HTTP/1.1" 200 3342
INFO 2025-11-23 17:20:07,312 middleware GET /admin/markets/pricehistory/add/ - User: admin
INFO 2025-11-23 17:20:07,324 basehttp "GET /admin/markets/pricehistory/add/ HTTP/1.1" 200 19448
INFO 2025-11-23 17:20:07,420 middleware GET /admin/jsi18n/ - User: admin
INFO 2025-11-23 17:20:07,422 basehttp "GET /admin/jsi18n/ HTTP/1.1" 200 3342
INFO 2025-11-23 17:20:18,777 middleware POST /admin/markets/pricehistory/add/ - User: admin
INFO 2025-11-23 17:20:18,785 basehttp "POST /admin/markets/pricehistory/add/ HTTP/1.1" 302 0
INFO 2025-11-23 17:20:18,795 middleware GET /admin/markets/pricehistory/ - User: admin
INFO 2025-11-23 17:20:18,806 basehttp "GET /admin/markets/pricehistory/ HTTP/1.1" 200 20414
INFO 2025-11-23 17:20:18,834 middleware GET /admin/jsi18n/ - User: admin
INFO 2025-11-23 17:20:18,836 basehttp "GET /admin/jsi18n/ HTTP/1.1" 200 3342
INFO 2025-11-23 17:20:31,503 middleware GET /admin/markets/resolution/ - User: admin
INFO 2025-11-23 17:20:31,514 basehttp "GET /admin/markets/resolution/ HTTP/1.1" 200 17509
INFO 2025-11-23 17:20:31,542 middleware GET /admin/jsi18n/ - User: admin
INFO 2025-11-23 17:20:31,543 basehttp "GET /admin/jsi18n/ HTTP/1.1" 200 3342
INFO 2025-11-23 17:20:35,337 middleware GET /admin/trades/trade/ - User: admin
INFO 2025-11-23 17:20:35,350 basehttp "GET /admin/trades/trade/ HTTP/1.1" 200 17799
INFO 2025-11-23 17:20:35,376 middleware GET /admin/jsi18n/ - User: admin
INFO 2025-11-23 17:20:35,378 basehttp "GET /admin/jsi18n/ HTTP/1.1" 200 3342
INFO 2025-11-23 17:20:42,709 middleware GET /admin/trades/trade/add/ - User: admin
INFO 2025-11-23 17:20:42,726 basehttp "GET /admin/trades/trade/add/ HTTP/1.1" 200 24570
INFO 2025-11-23 17:20:42,753 middleware GET /admin/jsi18n/ - User: admin
INFO 2025-11-23 17:20:42,755 basehttp "GET /admin/jsi18n/ HTTP/1.1" 200 3342
INFO 2025-11-23 17:21:29,065 middleware POST /admin/trades/trade/add/ - User: admin
INFO 2025-11-23 17:21:29,076 basehttp "POST /admin/trades/trade/add/ HTTP/1.1" 302 0
INFO 2025-11-23 17:21:29,085 middleware GET /admin/trades/trade/ - User: admin
INFO 2025-11-23 17:21:29,099 basehttp "GET /admin/trades/trade/ HTTP/1.1" 200 20997
INFO 2025-11-23 17:21:29,118 basehttp "GET /static/admin/css/base.css HTTP/1.1" 304 0
INFO 2025-11-23 17:21:29,125 basehttp "GET /static/admin/css/dark_mode.css HTTP/1.1" 304 0
INFO 2025-11-23 17:21:29,125 basehttp "GET /static/admin/css/nav_sidebar.css HTTP/1.1" 304 0
INFO 2025-11-23 17:21:29,125 basehttp "GET /static/admin/css/changelists.css HTTP/1.1" 304 0
INFO 2025-11-23 17:21:29,126 basehttp "GET /static/admin/js/theme.js HTTP/1.1" 304 0
INFO 2025-11-23 17:21:29,127 basehttp "GET /static/admin/css/responsive.css HTTP/1.1" 304 0
INFO 2025-11-23 17:21:29,129 basehttp "GET /static/admin/js/core.js HTTP/1.1" 304 0
INFO 2025-11-23 17:21:29,130 basehttp "GET /static/admin/js/vendor/jquery/jquery.js HTTP/1.1" 304 0
INFO 2025-11-23 17:21:29,132 basehttp "GET /static/admin/js/jquery.init.js HTTP/1.1" 304 0
INFO 2025-11-23 17:21:29,134 middleware GET /admin/jsi18n/ - User: admin
INFO 2025-11-23 17:21:29,136 basehttp "GET /admin/jsi18n/ HTTP/1.1" 200 3342
INFO 2025-11-23 17:21:29,138 basehttp "GET /static/admin/js/admin/RelatedObjectLookups.js HTTP/1.1" 304 0
INFO 2025-11-23 17:21:29,162 basehttp "GET /static/admin/js/actions.js HTTP/1.1" 304 0
INFO 2025-11-23 17:21:29,170 basehttp "GET /static/admin/js/urlify.js HTTP/1.1" 304 0
INFO 2025-11-23 17:21:29,175 basehttp "GET /static/admin/js/vendor/xregexp/xregexp.js HTTP/1.1" 304 0
INFO 2025-11-23 17:21:29,175 basehttp "GET /static/admin/js/prepopulate.js HTTP/1.1" 304 0
INFO 2025-11-23 17:21:29,178 basehttp "GET /static/admin/img/search.svg HTTP/1.1" 304 0
INFO 2025-11-23 17:21:29,220 basehttp "GET /static/admin/js/nav_sidebar.js HTTP/1.1" 304 0
INFO 2025-11-23 17:21:29,223 basehttp "GET /static/admin/js/filters.js HTTP/1.1" 304 0
INFO 2025-11-23 17:21:29,226 basehttp "GET /static/admin/img/icon-yes.svg HTTP/1.1" 304 0
INFO 2025-11-23 17:21:40,677 middleware GET /admin/liquidity/liquidityevent/ - User: admin
INFO 2025-11-23 17:21:40,688 basehttp "GET /admin/liquidity/liquidityevent/ HTTP/1.1" 200 17574
INFO 2025-11-23 17:21:40,717 middleware GET /admin/jsi18n/ - User: admin
INFO 2025-11-23 17:21:40,719 basehttp "GET /admin/jsi18n/ HTTP/1.1" 200 3342
INFO 2025-11-23 17:21:40,868 middleware GET /admin/liquidity/liquidityevent/ - User: admin
INFO 2025-11-23 17:21:40,881 basehttp "GET /admin/liquidity/liquidityevent/ HTTP/1.1" 200 17574
INFO 2025-11-23 17:21:40,908 middleware GET /admin/jsi18n/ - User: admin
INFO 2025-11-23 17:21:40,910 basehttp "GET /admin/jsi18n/ HTTP/1.1" 200 3342
INFO 2025-11-23 17:21:42,756 middleware GET /admin/liquidity/liquidityevent/add/ - User: admin
INFO 2025-11-23 17:21:42,772 basehttp "GET /admin/liquidity/liquidityevent/add/ HTTP/1.1" 200 22594
INFO 2025-11-23 17:21:42,791 basehttp "GET /static/admin/css/forms.css HTTP/1.1" 304 0
INFO 2025-11-23 17:21:42,792 basehttp "GET /static/admin/js/prepopulate_init.js HTTP/1.1" 304 0
INFO 2025-11-23 17:21:42,800 middleware GET /admin/jsi18n/ - User: admin
INFO 2025-11-23 17:21:42,802 basehttp "GET /admin/jsi18n/ HTTP/1.1" 200 3342
INFO 2025-11-23 17:21:42,817 basehttp "GET /static/admin/img/icon-changelink.svg HTTP/1.1" 304 0
INFO 2025-11-23 17:21:42,836 basehttp "GET /static/admin/img/icon-addlink.svg HTTP/1.1" 304 0
INFO 2025-11-23 17:21:42,836 basehttp "GET /static/admin/css/widgets.css HTTP/1.1" 304 0
INFO 2025-11-23 17:21:42,844 basehttp "GET /static/admin/js/change_form.js HTTP/1.1" 304 0
INFO 2025-11-23 17:21:42,844 basehttp "GET /static/admin/img/icon-viewlink.svg HTTP/1.1" 304 0
INFO 2025-11-23 17:21:56,140 middleware GET /admin/trades/trade/ - User: admin
INFO 2025-11-23 17:21:56,154 basehttp "GET /admin/trades/trade/ HTTP/1.1" 200 20751
INFO 2025-11-23 17:21:56,188 middleware GET /admin/jsi18n/ - User: admin
INFO 2025-11-23 17:21:56,191 basehttp "GET /admin/jsi18n/ HTTP/1.1" 200 3342
INFO 2025-11-23 17:21:57,749 middleware GET /admin/trades/trade/1/change/ - User: admin
INFO 2025-11-23 17:21:57,774 basehttp "GET /admin/trades/trade/1/change/ HTTP/1.1" 200 25005
INFO 2025-11-23 17:21:57,804 middleware GET /admin/jsi18n/ - User: admin
INFO 2025-11-23 17:21:57,806 basehttp "GET /admin/jsi18n/ HTTP/1.1" 200 3342
INFO 2025-11-23 17:22:01,781 middleware GET /admin/liquidity/liquidityevent/ - User: admin
INFO 2025-11-23 17:22:01,791 basehttp "GET /admin/liquidity/liquidityevent/ HTTP/1.1" 200 17574
INFO 2025-11-23 17:22:01,819 middleware GET /admin/jsi18n/ - User: admin
INFO 2025-11-23 17:22:01,821 basehttp "GET /admin/jsi18n/ HTTP/1.1" 200 3342
INFO 2025-11-23 17:22:03,214 middleware GET /admin/liquidity/liquidityevent/add/ - User: admin
INFO 2025-11-23 17:22:03,231 basehttp "GET /admin/liquidity/liquidityevent/add/ HTTP/1.1" 200 22594
INFO 2025-11-23 17:22:03,261 middleware GET /admin/jsi18n/ - User: admin
INFO 2025-11-23 17:22:03,262 basehttp "GET /admin/jsi18n/ HTTP/1.1" 200 3342
INFO 2025-11-23 17:22:11,108 middleware POST /admin/liquidity/liquidityevent/add/ - User: admin
INFO 2025-11-23 17:22:11,117 basehttp "POST /admin/liquidity/liquidityevent/add/ HTTP/1.1" 302 0
INFO 2025-11-23 17:22:11,127 middleware GET /admin/liquidity/liquidityevent/ - User: admin
INFO 2025-11-23 17:22:11,140 basehttp "GET /admin/liquidity/liquidityevent/ HTTP/1.1" 200 20393
INFO 2025-11-23 17:22:11,168 middleware GET /admin/jsi18n/ - User: admin
INFO 2025-11-23 17:22:11,170 basehttp "GET /admin/jsi18n/ HTTP/1.1" 200 3342
INFO 2025-11-23 17:22:24,030 middleware GET /markets/ - User: 
WARNING 2025-11-23 17:22:24,035 log Not Found: /markets/
WARNING 2025-11-23 17:22:24,036 basehttp "GET /markets/ HTTP/1.1" 404 5250
INFO 2025-11-23 17:22:24,204 middleware GET /favicon.ico - User: 
WARNING 2025-11-23 17:22:24,207 log Not Found: /favicon.ico
WARNING 2025-11-23 17:22:24,208 basehttp "GET /favicon.ico HTTP/1.1" 404 5259
INFO 2025-11-23 17:22:41,423 middleware GET /api/markets/ - User: admin
INFO 2025-11-23 17:22:41,460 basehttp "GET /api/markets/ HTTP/1.1" 200 9947
INFO 2025-11-23 17:22:41,487 basehttp "GET /static/rest_framework/css/bootstrap-tweaks.css HTTP/1.1" 200 3426
INFO 2025-11-23 17:22:41,488 basehttp "GET /static/rest_framework/js/ajax-form.js HTTP/1.1" 200 3796
INFO 2025-11-23 17:22:41,489 basehttp "GET /static/rest_framework/css/default.css HTTP/1.1" 200 1152
INFO 2025-11-23 17:22:41,494 basehttp "GET /static/rest_framework/css/prettify.css HTTP/1.1" 200 817
INFO 2025-11-23 17:22:41,497 basehttp "GET /static/rest_framework/js/csrf.js HTTP/1.1" 200 1793
INFO 2025-11-23 17:22:41,503 basehttp "GET /static/rest_framework/js/default.js HTTP/1.1" 200 1268
INFO 2025-11-23 17:22:41,503 basehttp "GET /static/rest_framework/js/load-ajax-form.js HTTP/1.1" 200 59
INFO 2025-11-23 17:22:41,504 basehttp "GET /static/rest_framework/js/prettify-min.js HTTP/1.1" 200 13632
INFO 2025-11-23 17:22:41,505 basehttp "GET /static/rest_framework/js/bootstrap.min.js HTTP/1.1" 200 39680
INFO 2025-11-23 17:22:41,507 basehttp "GET /static/rest_framework/js/jquery-3.7.1.min.js HTTP/1.1" 200 87533
INFO 2025-11-23 17:22:41,508 basehttp "GET /static/rest_framework/css/bootstrap.min.css HTTP/1.1" 200 121457
INFO 2025-11-23 17:22:41,576 basehttp "GET /static/rest_framework/img/grid.png HTTP/1.1" 200 1458
INFO 2025-11-23 21:23:37,957 autoreload Watching for file changes with StatReloader
INFO 2025-11-23 21:24:36,924 autoreload Watching for file changes with StatReloader
INFO 2025-11-23 17:57:27,639 middleware GET / - User: admin
INFO 2025-11-23 17:57:27,640 basehttp "GET / HTTP/1.1" 200 494
INFO 2025-11-23 18:02:02,792 middleware GET /markets/featured/ - User: 
WARNING 2025-11-23 18:02:02,798 log Not Found: /markets/featured/
WARNING 2025-11-23 18:02:02,799 basehttp "GET /markets/featured/ HTTP/1.1" 404 5277
INFO 2025-11-23 18:02:02,802 middleware GET /markets/featured/ - User: 
WARNING 2025-11-23 18:02:02,812 log Not Found: /markets/featured/
WARNING 2025-11-23 18:02:02,814 basehttp "GET /markets/featured/ HTTP/1.1" 404 5277
INFO 2025-11-23 18:02:07,897 middleware GET /markets/categories/ - User: 
INFO 2025-11-23 18:02:07,899 middleware GET /markets/ - User: 
WARNING 2025-11-23 18:02:07,906 log Not Found: /markets/categories/
WARNING 2025-11-23 18:02:07,910 log Not Found: /markets/
WARNING 2025-11-23 18:02:07,911 basehttp "GET /markets/categories/ HTTP/1.1" 404 5283
WARNING 2025-11-23 18:02:07,912 basehttp "GET /markets/ HTTP/1.1" 404 5250
INFO 2025-11-23 18:02:07,916 middleware GET /markets/categories/ - User: 
INFO 2025-11-23 18:02:07,920 middleware GET /markets/ - User: 
WARNING 2025-11-23 18:02:07,925 log Not Found: /markets/categories/
WARNING 2025-11-23 18:02:07,929 log Not Found: /markets/
WARNING 2025-11-23 18:02:07,930 basehttp "GET /markets/categories/ HTTP/1.1" 404 5283
WARNING 2025-11-23 18:02:07,930 basehttp "GET /markets/ HTTP/1.1" 404 5250
INFO 2025-11-23 18:02:51,504 middleware GET /api - User: admin
WARNING 2025-11-23 18:02:51,508 log Not Found: /api
WARNING 2025-11-23 18:02:51,509 basehttp "GET /api HTTP/1.1" 404 5235
INFO 2025-11-23 18:02:58,833 middleware GET /api/markets - User: admin
INFO 2025-11-23 18:02:58,838 basehttp "GET /api/markets HTTP/1.1" 301 0
INFO 2025-11-23 18:02:58,850 middleware GET /api/markets/ - User: admin
INFO 2025-11-23 18:02:58,863 basehttp "GET /api/markets/ HTTP/1.1" 200 9947
INFO 2025-11-23 18:02:58,885 basehttp "GET /static/rest_framework/css/bootstrap.min.css HTTP/1.1" 304 0
INFO 2025-11-23 18:02:58,894 basehttp "GET /static/rest_framework/css/bootstrap-tweaks.css HTTP/1.1" 304 0
INFO 2025-11-23 18:02:58,898 basehttp "GET /static/rest_framework/js/ajax-form.js HTTP/1.1" 304 0
INFO 2025-11-23 18:02:58,898 basehttp "GET /static/rest_framework/js/jquery-3.7.1.min.js HTTP/1.1" 304 0
INFO 2025-11-23 18:02:58,899 basehttp "GET /static/rest_framework/css/prettify.css HTTP/1.1" 304 0
INFO 2025-11-23 18:02:58,899 basehttp "GET /static/rest_framework/css/default.css HTTP/1.1" 304 0
INFO 2025-11-23 18:02:58,901 basehttp "GET /static/rest_framework/js/csrf.js HTTP/1.1" 304 0
INFO 2025-11-23 18:02:58,902 basehttp "GET /static/rest_framework/js/default.js HTTP/1.1" 304 0
INFO 2025-11-23 18:02:58,903 basehttp "GET /static/rest_framework/js/bootstrap.min.js HTTP/1.1" 304 0
INFO 2025-11-23 18:02:58,904 basehttp "GET /static/rest_framework/js/load-ajax-form.js HTTP/1.1" 304 0
INFO 2025-11-23 18:02:58,905 basehttp "GET /static/rest_framework/js/prettify-min.js HTTP/1.1" 304 0
INFO 2025-11-23 18:02:58,940 basehttp "GET /static/rest_framework/img/grid.png HTTP/1.1" 304 0
INFO 2025-11-23 18:04:59,530 middleware GET /api/markets/ - User: 
INFO 2025-11-23 18:04:59,567 basehttp "GET /api/markets/ HTTP/1.1" 200 9947
INFO 2025-11-23 18:04:59,584 basehttp "GET /static/rest_framework/css/bootstrap-tweaks.css HTTP/1.1" 200 3426
INFO 2025-11-23 18:04:59,595 basehttp "GET /static/rest_framework/js/csrf.js HTTP/1.1" 200 1793
INFO 2025-11-23 18:04:59,599 basehttp "GET /static/rest_framework/css/default.css HTTP/1.1" 200 1152
INFO 2025-11-23 18:04:59,605 basehttp "GET /static/rest_framework/css/prettify.css HTTP/1.1" 200 817
INFO 2025-11-23 18:04:59,609 basehttp "GET /static/rest_framework/js/prettify-min.js HTTP/1.1" 200 13632
INFO 2025-11-23 18:04:59,610 basehttp "GET /static/rest_framework/js/bootstrap.min.js HTTP/1.1" 200 39680
INFO 2025-11-23 18:04:59,615 basehttp "GET /static/rest_framework/js/ajax-form.js HTTP/1.1" 200 3796
INFO 2025-11-23 18:04:59,618 basehttp "GET /static/rest_framework/js/load-ajax-form.js HTTP/1.1" 200 59
INFO 2025-11-23 18:04:59,621 basehttp "GET /static/rest_framework/js/default.js HTTP/1.1" 200 1268
INFO 2025-11-23 18:04:59,623 basehttp "GET /static/rest_framework/css/bootstrap.min.css HTTP/1.1" 200 121457
INFO 2025-11-23 18:04:59,624 basehttp "GET /static/rest_framework/js/jquery-3.7.1.min.js HTTP/1.1" 200 87533
INFO 2025-11-23 18:04:59,650 basehttp "GET /static/rest_framework/img/grid.png HTTP/1.1" 200 1458
INFO 2025-11-23 18:04:59,757 middleware GET /favicon.ico - User: 
WARNING 2025-11-23 18:04:59,762 log Not Found: /favicon.ico
WARNING 2025-11-23 18:04:59,763 basehttp "GET /favicon.ico HTTP/1.1" 404 5259
INFO 2025-11-23 18:05:00,831 middleware GET /markets/featured/ - User: 
WARNING 2025-11-23 18:05:00,836 log Not Found: /markets/featured/
WARNING 2025-11-23 18:05:00,837 basehttp "GET /markets/featured/ HTTP/1.1" 404 5277
INFO 2025-11-23 18:05:00,842 middleware GET /markets/featured/ - User: 
WARNING 2025-11-23 18:05:00,845 log Not Found: /markets/featured/
WARNING 2025-11-23 18:05:00,847 basehttp "GET /markets/featured/ HTTP/1.1" 404 5277
INFO 2025-11-23 18:05:02,039 middleware GET /markets/ - User: 
INFO 2025-11-23 18:05:02,041 middleware GET /markets/categories/ - User: 
WARNING 2025-11-23 18:05:02,046 log Not Found: /markets/
WARNING 2025-11-23 18:05:02,052 log Not Found: /markets/categories/
WARNING 2025-11-23 18:05:02,053 basehttp "GET /markets/ HTTP/1.1" 404 5250
WARNING 2025-11-23 18:05:02,054 basehttp "GET /markets/categories/ HTTP/1.1" 404 5283
INFO 2025-11-23 18:05:02,059 middleware GET /markets/ - User: 
INFO 2025-11-23 18:05:02,061 middleware GET /markets/categories/ - User: 
WARNING 2025-11-23 18:05:02,065 log Not Found: /markets/
WARNING 2025-11-23 18:05:02,069 log Not Found: /markets/categories/
WARNING 2025-11-23 18:05:02,071 basehttp "GET /markets/ HTTP/1.1" 404 5250
WARNING 2025-11-23 18:05:02,072 basehttp "GET /markets/categories/ HTTP/1.1" 404 5283
INFO 2025-11-23 18:09:30,278 middleware GET /api/markets/ - User: 
INFO 2025-11-23 18:09:30,325 basehttp "GET /api/markets/ HTTP/1.1" 200 9947
INFO 2025-11-23 18:09:30,446 middleware GET /favicon.ico - User: 
WARNING 2025-11-23 18:09:30,452 log Not Found: /favicon.ico
WARNING 2025-11-23 18:09:30,453 basehttp "GET /favicon.ico HTTP/1.1" 404 5259
INFO 2025-11-23 18:09:37,644 middleware GET / - User: 
INFO 2025-11-23 18:09:37,645 basehttp "GET / HTTP/1.1" 200 494
INFO 2025-11-23 18:09:42,581 middleware GET /markets/featured/ - User: 
WARNING 2025-11-23 18:09:42,585 log Not Found: /markets/featured/
WARNING 2025-11-23 18:09:42,586 basehttp "GET /markets/featured/ HTTP/1.1" 404 5277
INFO 2025-11-23 18:09:42,590 middleware GET /markets/featured/ - User: 
WARNING 2025-11-23 18:09:42,594 log Not Found: /markets/featured/
WARNING 2025-11-23 18:09:42,595 basehttp "GET /markets/featured/ HTTP/1.1" 404 5277
INFO 2025-11-23 18:09:44,105 middleware GET /markets/ - User: 
INFO 2025-11-23 18:09:44,106 middleware GET /markets/categories/ - User: 
WARNING 2025-11-23 18:09:44,109 log Not Found: /markets/
WARNING 2025-11-23 18:09:44,113 log Not Found: /markets/categories/
WARNING 2025-11-23 18:09:44,114 basehttp "GET /markets/ HTTP/1.1" 404 5250
WARNING 2025-11-23 18:09:44,115 basehttp "GET /markets/categories/ HTTP/1.1" 404 5283
INFO 2025-11-23 18:09:44,118 middleware GET /markets/ - User: 
INFO 2025-11-23 18:09:44,121 middleware GET /markets/categories/ - User: 
WARNING 2025-11-23 18:09:44,127 log Not Found: /markets/
WARNING 2025-11-23 18:09:44,130 log Not Found: /markets/categories/
WARNING 2025-11-23 18:09:44,131 basehttp "GET /markets/ HTTP/1.1" 404 5250
WARNING 2025-11-23 18:09:44,131 basehttp "GET /markets/categories/ HTTP/1.1" 404 5283
INFO 2025-11-23 18:10:01,512 basehttp "OPTIONS /auth/login/ HTTP/1.1" 200 0
INFO 2025-11-23 18:10:01,514 middleware POST /auth/login/ - User: 
WARNING 2025-11-23 18:10:01,518 log Not Found: /auth/login/
WARNING 2025-11-23 18:10:01,519 basehttp "POST /auth/login/ HTTP/1.1" 404 5260
INFO 2025-11-23 18:10:05,228 middleware POST /auth/login/ - User: 
WARNING 2025-11-23 18:10:05,231 log Not Found: /auth/login/
WARNING 2025-11-23 18:10:05,232 basehttp "POST /auth/login/ HTTP/1.1" 404 5260
INFO 2025-11-23 18:10:29,905 basehttp "OPTIONS /auth/signup/ HTTP/1.1" 200 0
INFO 2025-11-23 18:10:29,908 middleware POST /auth/signup/ - User: 
WARNING 2025-11-23 18:10:29,911 log Not Found: /auth/signup/
WARNING 2025-11-23 18:10:29,912 basehttp "POST /auth/signup/ HTTP/1.1" 404 5263
INFO 2025-11-23 18:10:59,096 middleware GET /api/markets/ - User: 
INFO 2025-11-23 18:10:59,120 basehttp "GET /api/markets/ HTTP/1.1" 200 9947
INFO 2025-11-23 18:17:19,559 middleware GET /api/markets/ - User: 
INFO 2025-11-23 18:17:19,586 basehttp "GET /api/markets/?featured=true HTTP/1.1" 200 1536
INFO 2025-11-23 18:17:19,588 middleware GET /api/markets/ - User: 
INFO 2025-11-23 18:17:19,616 basehttp "GET /api/markets/?featured=true HTTP/1.1" 200 1536
INFO 2025-11-23 18:19:30,081 middleware GET /api/markets/ - User: 
INFO 2025-11-23 18:19:30,104 basehttp "GET /api/markets/?featured=true HTTP/1.1" 200 1536
INFO 2025-11-23 18:19:30,107 middleware GET /api/markets/ - User: 
INFO 2025-11-23 18:19:30,130 basehttp "GET /api/markets/?featured=true HTTP/1.1" 200 1536
INFO 2025-11-23 18:23:16,211 middleware GET /api/markets/ - User: 
INFO 2025-11-23 18:23:16,231 basehttp "GET /api/markets/?featured=true HTTP/1.1" 200 1536
INFO 2025-11-23 18:23:16,234 middleware GET /api/markets/ - User: 
INFO 2025-11-23 18:23:16,254 basehttp "GET /api/markets/?featured=true HTTP/1.1" 200 1536
INFO 2025-11-23 18:23:17,703 middleware GET /api/markets/ - User: 
INFO 2025-11-23 18:23:17,729 basehttp "GET /api/markets/ HTTP/1.1" 200 1536
INFO 2025-11-23 18:23:17,732 middleware GET /api/markets/ - User: 
INFO 2025-11-23 18:23:17,754 basehttp "GET /api/markets/ HTTP/1.1" 200 1536
INFO 2025-11-23 18:23:17,756 middleware GET /api/markets/ - User: 
INFO 2025-11-23 18:23:17,775 basehttp "GET /api/markets/ HTTP/1.1" 200 1536
INFO 2025-11-23 18:23:17,779 middleware GET /api/markets/ - User: 
INFO 2025-11-23 18:23:17,798 basehttp "GET /api/markets/ HTTP/1.1" 200 1536
INFO 2025-11-23 18:23:21,207 middleware GET /api/markets/1/ - User: 
INFO 2025-11-23 18:23:21,212 middleware GET /api/trades/ - User: 
WARNING 2025-11-23 18:23:21,216 log Unauthorized: /api/trades/
WARNING 2025-11-23 18:23:21,217 basehttp "GET /api/trades/?market_id=1 HTTP/1.1" 401 58
INFO 2025-11-23 18:23:21,219 middleware GET /api/trades/ - User: 
WARNING 2025-11-23 18:23:21,221 log Unauthorized: /api/trades/
WARNING 2025-11-23 18:23:21,222 basehttp "GET /api/trades/?market_id=1 HTTP/1.1" 401 58
INFO 2025-11-23 18:23:21,234 basehttp "GET /api/markets/1/ HTTP/1.1" 200 737
INFO 2025-11-23 18:23:21,237 middleware GET /api/markets/1/ - User: 
INFO 2025-11-23 18:23:21,254 basehttp "GET /api/markets/1/ HTTP/1.1" 200 737
INFO 2025-11-23 18:23:24,586 middleware GET /api/markets/ - User: 
INFO 2025-11-23 18:23:24,608 basehttp "GET /api/markets/ HTTP/1.1" 200 1536
INFO 2025-11-23 18:23:24,610 middleware GET /api/markets/ - User: 
INFO 2025-11-23 18:23:24,626 basehttp "GET /api/markets/ HTTP/1.1" 200 1536
INFO 2025-11-23 18:23:24,628 middleware GET /api/markets/ - User: 
INFO 2025-11-23 18:23:24,645 basehttp "GET /api/markets/ HTTP/1.1" 200 1536
INFO 2025-11-23 18:23:24,648 middleware GET /api/markets/ - User: 
INFO 2025-11-23 18:23:24,663 basehttp "GET /api/markets/ HTTP/1.1" 200 1536
INFO 2025-11-23 18:23:26,279 middleware GET /api/markets/1/ - User: 
INFO 2025-11-23 18:23:26,279 middleware GET /api/trades/ - User: 
WARNING 2025-11-23 18:23:26,282 log Unauthorized: /api/trades/
WARNING 2025-11-23 18:23:26,283 basehttp "GET /api/trades/?market_id=1 HTTP/1.1" 401 58
INFO 2025-11-23 18:23:26,285 middleware GET /api/trades/ - User: 
WARNING 2025-11-23 18:23:26,286 log Unauthorized: /api/trades/
WARNING 2025-11-23 18:23:26,287 basehttp "GET /api/trades/?market_id=1 HTTP/1.1" 401 58
INFO 2025-11-23 18:23:26,298 basehttp "GET /api/markets/1/ HTTP/1.1" 200 737
INFO 2025-11-23 18:23:26,302 middleware GET /api/markets/1/ - User: 
INFO 2025-11-23 18:23:26,328 basehttp "GET /api/markets/1/ HTTP/1.1" 200 737
INFO 2025-11-23 18:23:51,460 basehttp "OPTIONS /api/users/signup/ HTTP/1.1" 200 0
INFO 2025-11-23 18:23:51,462 middleware POST /api/users/signup/ - User: 
INFO 2025-11-23 18:23:51,635 basehttp "POST /api/users/signup/ HTTP/1.1" 201 661
INFO 2025-11-23 18:23:56,177 basehttp "OPTIONS /api/markets/ HTTP/1.1" 200 0
INFO 2025-11-23 18:23:56,181 basehttp "OPTIONS /api/markets/ HTTP/1.1" 200 0
INFO 2025-11-23 18:23:56,182 basehttp "OPTIONS /api/markets/ HTTP/1.1" 200 0
INFO 2025-11-23 18:23:56,184 middleware GET /api/markets/ - User: 
INFO 2025-11-23 18:23:56,184 basehttp "OPTIONS /api/markets/ HTTP/1.1" 200 0
INFO 2025-11-23 18:23:56,208 basehttp "GET /api/markets/ HTTP/1.1" 200 1536
INFO 2025-11-23 18:23:56,210 middleware GET /api/markets/ - User: 
INFO 2025-11-23 18:23:56,228 basehttp "GET /api/markets/ HTTP/1.1" 200 1536
INFO 2025-11-23 18:23:56,229 middleware GET /api/markets/ - User: 
INFO 2025-11-23 18:23:56,245 basehttp "GET /api/markets/ HTTP/1.1" 200 1536
INFO 2025-11-23 18:23:56,247 middleware GET /api/markets/ - User: 
INFO 2025-11-23 18:23:56,265 basehttp "GET /api/markets/ HTTP/1.1" 200 1536
INFO 2025-11-23 18:23:57,675 basehttp "OPTIONS /api/markets/1/ HTTP/1.1" 200 0
INFO 2025-11-23 18:23:57,677 basehttp "OPTIONS /api/markets/1/ HTTP/1.1" 200 0
INFO 2025-11-23 18:23:57,678 basehttp "OPTIONS /api/trades/?market_id=1 HTTP/1.1" 200 0
INFO 2025-11-23 18:23:57,678 basehttp "OPTIONS /api/trades/?market_id=1 HTTP/1.1" 200 0
INFO 2025-11-23 18:23:57,684 middleware GET /api/trades/ - User: 
INFO 2025-11-23 18:23:57,685 middleware GET /api/markets/1/ - User: 
INFO 2025-11-23 18:23:57,715 basehttp "GET /api/markets/1/ HTTP/1.1" 200 737
INFO 2025-11-23 18:23:57,722 basehttp "GET /api/trades/?market_id=1 HTTP/1.1" 200 1141
INFO 2025-11-23 18:23:57,725 middleware GET /api/trades/ - User: 
INFO 2025-11-23 18:23:57,743 basehttp "GET /api/trades/?market_id=1 HTTP/1.1" 200 1141
INFO 2025-11-23 18:23:57,760 middleware GET /api/markets/1/ - User: 
INFO 2025-11-23 18:23:57,776 basehttp "GET /api/markets/1/ HTTP/1.1" 200 737
INFO 2025-11-23 18:24:20,334 basehttp "OPTIONS /api/markets/?featured=true HTTP/1.1" 200 0
INFO 2025-11-23 18:24:20,335 basehttp "OPTIONS /api/markets/?featured=true HTTP/1.1" 200 0
INFO 2025-11-23 18:24:20,338 middleware GET /api/markets/ - User: 
INFO 2025-11-23 18:24:20,367 basehttp "GET /api/markets/?featured=true HTTP/1.1" 200 1536
INFO 2025-11-23 18:24:20,370 middleware GET /api/markets/ - User: 
INFO 2025-11-23 18:24:20,396 basehttp "GET /api/markets/?featured=true HTTP/1.1" 200 1536
INFO 2025-11-23 18:24:21,699 middleware GET /api/markets/ - User: 
INFO 2025-11-23 18:24:21,721 basehttp "GET /api/markets/ HTTP/1.1" 200 1536
INFO 2025-11-23 18:24:21,723 middleware GET /api/markets/ - User: 
INFO 2025-11-23 18:24:21,742 basehttp "GET /api/markets/ HTTP/1.1" 200 1536
INFO 2025-11-23 18:24:21,744 middleware GET /api/markets/ - User: 
INFO 2025-11-23 18:24:21,762 basehttp "GET /api/markets/ HTTP/1.1" 200 1536
INFO 2025-11-23 18:24:21,764 middleware GET /api/markets/ - User: 
INFO 2025-11-23 18:24:21,779 basehttp "GET /api/markets/ HTTP/1.1" 200 1536
INFO 2025-11-23 18:48:28,978 autoreload Watching for file changes with StatReloader
INFO 2025-11-23 22:48:51,798 autoreload C:\Users\HP\Desktop\First-Django-backend\predicthub_backend\utils\contracts.py changed, reloading.
INFO 2025-11-23 18:48:52,177 autoreload /app/utils/contracts.py changed, reloading.
INFO 2025-11-23 22:48:54,019 autoreload Watching for file changes with StatReloader
INFO 2025-11-23 18:48:54,340 autoreload Watching for file changes with StatReloader
INFO 2025-11-23 18:50:14,048 autoreload /app/utils/contracts.py changed, reloading.
INFO 2025-11-23 22:50:14,377 autoreload C:\Users\HP\Desktop\First-Django-backend\predicthub_backend\utils\contracts.py changed, reloading.
INFO 2025-11-23 22:50:15,989 autoreload Watching for file changes with StatReloader
INFO 2025-11-23 18:50:16,184 autoreload Watching for file changes with StatReloader
INFO 2025-11-23 22:52:08,224 autoreload C:\Users\HP\Desktop\First-Django-backend\predicthub_backend\utils\contracts.py changed, reloading.
INFO 2025-11-23 18:52:08,224 autoreload /app/utils/contracts.py changed, reloading.
INFO 2025-11-23 22:52:09,588 autoreload Watching for file changes with StatReloader
INFO 2025-11-23 18:52:10,078 autoreload Watching for file changes with StatReloader
INFO 2025-11-23 19:35:53,021 basehttp "OPTIONS /api/markets/?featured=true HTTP/1.1" 200 0
INFO 2025-11-23 19:35:53,022 basehttp "OPTIONS /api/markets/?featured=true HTTP/1.1" 200 0
INFO 2025-11-23 19:35:53,032 middleware GET /api/markets/ - User: 
WARNING 2025-11-23 19:35:53,207 log Unauthorized: /api/markets/
WARNING 2025-11-23 19:35:53,210 basehttp "GET /api/markets/?featured=true HTTP/1.1" 401 183
INFO 2025-11-23 19:35:53,257 middleware GET /api/markets/ - User: 
WARNING 2025-11-23 19:35:53,266 log Unauthorized: /api/markets/
WARNING 2025-11-23 19:35:53,268 basehttp "GET /api/markets/?featured=true HTTP/1.1" 401 183
INFO 2025-11-23 19:36:07,495 basehttp "OPTIONS /api/users/login/ HTTP/1.1" 200 0
INFO 2025-11-23 19:36:07,501 middleware POST /api/users/login/ - User: 
WARNING 2025-11-23 19:36:07,798 log Unauthorized: /api/users/login/
WARNING 2025-11-23 19:36:07,799 basehttp "POST /api/users/login/ HTTP/1.1" 401 31
INFO 2025-11-23 19:36:15,490 middleware POST /api/users/login/ - User: 
WARNING 2025-11-23 19:36:15,769 log Unauthorized: /api/users/login/
WARNING 2025-11-23 19:36:15,771 basehttp "POST /api/users/login/ HTTP/1.1" 401 31
INFO 2025-11-23 19:36:27,346 middleware GET /api/markets/ - User: 
INFO 2025-11-23 19:36:27,558 basehttp "GET /api/markets/ HTTP/1.1" 200 5972
INFO 2025-11-23 19:36:27,584 basehttp "GET /static/rest_framework/css/bootstrap.min.css HTTP/1.1" 304 0
INFO 2025-11-23 19:36:27,599 basehttp "GET /static/rest_framework/css/default.css HTTP/1.1" 304 0
INFO 2025-11-23 19:36:27,607 basehttp "GET /static/rest_framework/css/prettify.css HTTP/1.1" 304 0
INFO 2025-11-23 19:36:27,608 basehttp "GET /static/rest_framework/css/bootstrap-tweaks.css HTTP/1.1" 304 0
INFO 2025-11-23 19:36:27,614 basehttp "GET /static/rest_framework/js/jquery-3.7.1.min.js HTTP/1.1" 304 0
INFO 2025-11-23 19:36:27,619 basehttp "GET /static/rest_framework/js/csrf.js HTTP/1.1" 304 0
INFO 2025-11-23 19:36:27,621 basehttp "GET /static/rest_framework/js/ajax-form.js HTTP/1.1" 304 0
INFO 2025-11-23 19:36:27,629 basehttp "GET /static/rest_framework/js/default.js HTTP/1.1" 304 0
INFO 2025-11-23 19:36:27,630 basehttp "GET /static/rest_framework/js/prettify-min.js HTTP/1.1" 304 0
INFO 2025-11-23 19:36:27,632 basehttp "GET /static/rest_framework/js/bootstrap.min.js HTTP/1.1" 304 0
INFO 2025-11-23 19:36:27,637 basehttp "GET /static/rest_framework/js/load-ajax-form.js HTTP/1.1" 304 0
INFO 2025-11-23 19:36:27,683 basehttp "GET /static/rest_framework/img/grid.png HTTP/1.1" 304 0
INFO 2025-11-23 19:36:27,898 middleware GET /favicon.ico - User: 
WARNING 2025-11-23 19:36:27,930 log Not Found: /favicon.ico
WARNING 2025-11-23 19:36:27,932 basehttp "GET /favicon.ico HTTP/1.1" 404 5259
INFO 2025-11-23 19:36:34,227 middleware GET /api/markets/ - User: 
INFO 2025-11-23 19:36:34,255 basehttp "GET /api/markets/?format=json HTTP/1.1" 200 52
INFO 2025-11-23 19:36:41,762 middleware GET /admin - User: 
INFO 2025-11-23 19:36:41,774 basehttp "GET /admin HTTP/1.1" 301 0
INFO 2025-11-23 19:36:41,785 middleware GET /admin/ - User: 
INFO 2025-11-23 19:36:41,813 basehttp "GET /admin/ HTTP/1.1" 302 0
INFO 2025-11-23 19:36:41,824 middleware GET /admin/login/ - User: 
INFO 2025-11-23 19:36:41,903 basehttp "GET /admin/login/?next=/admin/ HTTP/1.1" 200 4170
INFO 2025-11-23 19:36:41,971 basehttp "GET /static/admin/css/dark_mode.css HTTP/1.1" 200 2808
INFO 2025-11-23 19:36:41,981 basehttp "GET /static/admin/css/responsive.css HTTP/1.1" 200 16565
INFO 2025-11-23 19:36:41,984 basehttp "GET /static/admin/css/login.css HTTP/1.1" 200 951
INFO 2025-11-23 19:36:41,986 basehttp "GET /static/admin/css/nav_sidebar.css HTTP/1.1" 200 2810
INFO 2025-11-23 19:36:41,987 basehttp "GET /static/admin/css/base.css HTTP/1.1" 200 22120
INFO 2025-11-23 19:36:41,990 basehttp "GET /static/admin/js/theme.js HTTP/1.1" 200 1653
INFO 2025-11-23 19:36:41,998 basehttp "GET /static/admin/js/nav_sidebar.js HTTP/1.1" 200 3063
INFO 2025-11-23 19:36:56,405 middleware POST /admin/login/ - User: 
INFO 2025-11-23 19:36:56,683 basehttp "POST /admin/login/?next=/admin/ HTTP/1.1" 200 4345
INFO 2025-11-23 19:39:49,403 middleware GET /api/markets/ - User: 
INFO 2025-11-23 19:39:49,451 basehttp "GET /api/markets/ HTTP/1.1" 200 5972
INFO 2025-11-23 19:39:54,339 middleware GET /admin/ - User: 
INFO 2025-11-23 19:39:54,343 basehttp "GET /admin/ HTTP/1.1" 302 0
INFO 2025-11-23 19:39:54,359 middleware GET /admin/login/ - User: 
INFO 2025-11-23 19:39:54,369 basehttp "GET /admin/login/?next=/admin/ HTTP/1.1" 200 4170
INFO 2025-11-23 19:39:59,477 middleware POST /admin/login/ - User: 
INFO 2025-11-23 19:39:59,840 basehttp "POST /admin/login/?next=/admin/ HTTP/1.1" 302 0
INFO 2025-11-23 19:39:59,865 middleware GET /admin/ - User: adminpred
INFO 2025-11-23 19:39:59,894 basehttp "GET /admin/ HTTP/1.1" 200 16386
INFO 2025-11-23 19:39:59,921 basehttp "GET /static/admin/css/dashboard.css HTTP/1.1" 200 441
INFO 2025-11-23 19:39:59,933 basehttp "GET /static/admin/img/icon-addlink.svg HTTP/1.1" 200 331
INFO 2025-11-23 19:39:59,934 basehttp "GET /static/admin/img/icon-changelink.svg HTTP/1.1" 200 380
INFO 2025-11-23 19:40:01,638 middleware GET /admin/markets/marketcategory/ - User: adminpred
INFO 2025-11-23 19:40:01,676 basehttp "GET /admin/markets/marketcategory/ HTTP/1.1" 200 16051
INFO 2025-11-23 19:40:01,716 basehttp "GET /static/admin/css/changelists.css HTTP/1.1" 200 6878
INFO 2025-11-23 19:40:01,724 basehttp "GET /static/admin/js/admin/RelatedObjectLookups.js HTTP/1.1" 200 9777
INFO 2025-11-23 19:40:01,729 basehttp "GET /static/admin/js/core.js HTTP/1.1" 200 6208
INFO 2025-11-23 19:40:01,742 basehttp "GET /static/admin/js/jquery.init.js HTTP/1.1" 200 347
INFO 2025-11-23 19:40:01,748 middleware GET /admin/jsi18n/ - User: adminpred
INFO 2025-11-23 19:40:01,757 basehttp "GET /static/admin/js/urlify.js HTTP/1.1" 200 7887
INFO 2025-11-23 19:40:01,765 basehttp "GET /static/admin/js/prepopulate.js HTTP/1.1" 200 1531
INFO 2025-11-23 19:40:01,766 basehttp "GET /static/admin/js/actions.js HTTP/1.1" 200 8076
INFO 2025-11-23 19:40:01,779 basehttp "GET /static/admin/img/search.svg HTTP/1.1" 200 458
INFO 2025-11-23 19:40:01,781 basehttp "GET /admin/jsi18n/ HTTP/1.1" 200 3342
INFO 2025-11-23 19:40:01,807 basehttp "GET /static/admin/js/vendor/jquery/jquery.js HTTP/1.1" 200 285314
INFO 2025-11-23 19:40:01,815 basehttp "GET /static/admin/js/vendor/xregexp/xregexp.js HTTP/1.1" 200 325171
INFO 2025-11-23 19:40:01,840 basehttp "GET /static/admin/js/filters.js HTTP/1.1" 200 978
INFO 2025-11-23 19:40:01,879 basehttp "GET /static/admin/img/tooltag-add.svg HTTP/1.1" 200 331
INFO 2025-11-23 19:42:48,803 middleware GET /api/markets/ - User: adminpred
INFO 2025-11-23 19:42:48,895 basehttp "GET /api/markets/ HTTP/1.1" 200 5972
INFO 2025-11-23 19:42:49,443 middleware GET /favicon.ico - User: adminpred
WARNING 2025-11-23 19:42:49,465 log Not Found: /favicon.ico
WARNING 2025-11-23 19:42:49,468 basehttp "GET /favicon.ico HTTP/1.1" 404 5259
INFO 2025-11-23 19:42:52,393 middleware GET / - User: adminpred
INFO 2025-11-23 19:42:52,395 basehttp "GET / HTTP/1.1" 200 494
INFO 2025-11-23 19:42:54,056 middleware GET /api/markets/ - User: 
INFO 2025-11-23 19:42:54,127 basehttp "GET /api/markets/?featured=true HTTP/1.1" 200 52
INFO 2025-11-23 19:42:54,144 middleware GET /api/markets/ - User: 
INFO 2025-11-23 19:42:54,212 basehttp "GET /api/markets/?featured=true HTTP/1.1" 200 52
INFO 2025-11-23 19:42:55,404 middleware GET /api/markets/ - User: 
INFO 2025-11-23 19:42:55,486 basehttp "GET /api/markets/ HTTP/1.1" 200 52
INFO 2025-11-23 19:42:55,511 middleware GET /api/markets/ - User: 
INFO 2025-11-23 19:42:55,573 basehttp "GET /api/markets/ HTTP/1.1" 200 52
INFO 2025-11-23 19:42:55,628 middleware GET /api/markets/ - User: 
INFO 2025-11-23 19:42:55,669 basehttp "GET /api/markets/ HTTP/1.1" 200 52
INFO 2025-11-23 19:42:55,717 middleware GET /api/markets/ - User: 
INFO 2025-11-23 19:42:55,738 basehttp "GET /api/markets/ HTTP/1.1" 200 52
INFO 2025-11-23 19:43:03,557 basehttp "OPTIONS /api/users/login/ HTTP/1.1" 200 0
INFO 2025-11-23 19:43:03,567 middleware POST /api/users/login/ - User: 
WARNING 2025-11-23 19:43:03,896 log Unauthorized: /api/users/login/
WARNING 2025-11-23 19:43:03,897 basehttp "POST /api/users/login/ HTTP/1.1" 401 31
INFO 2025-11-23 19:43:12,035 middleware GET /api/markets/ - User: 
INFO 2025-11-23 19:43:12,109 basehttp "GET /api/markets/ HTTP/1.1" 200 52
INFO 2025-11-23 19:43:12,115 middleware GET /api/markets/ - User: 
INFO 2025-11-23 19:43:12,181 basehttp "GET /api/markets/ HTTP/1.1" 200 52
INFO 2025-11-23 19:43:12,228 middleware GET /api/markets/ - User: 
INFO 2025-11-23 19:43:12,279 basehttp "GET /api/markets/ HTTP/1.1" 200 52
INFO 2025-11-23 19:43:12,331 middleware GET /api/markets/ - User: 
INFO 2025-11-23 19:43:12,374 basehttp "GET /api/markets/ HTTP/1.1" 200 52
INFO 2025-11-23 19:43:39,970 basehttp "OPTIONS /api/users/signup/ HTTP/1.1" 200 0
INFO 2025-11-23 19:43:39,977 middleware POST /api/users/signup/ - User: 
INFO 2025-11-23 19:43:40,458 basehttp "POST /api/users/signup/ HTTP/1.1" 201 661
INFO 2025-11-23 19:43:45,094 basehttp "OPTIONS /api/markets/ HTTP/1.1" 200 0
INFO 2025-11-23 19:43:45,102 middleware GET /api/markets/ - User: 
INFO 2025-11-23 19:43:45,110 basehttp "OPTIONS /api/markets/ HTTP/1.1" 200 0
INFO 2025-11-23 19:43:45,112 basehttp "OPTIONS /api/markets/ HTTP/1.1" 200 0
INFO 2025-11-23 19:43:45,156 basehttp "GET /api/markets/ HTTP/1.1" 200 52
INFO 2025-11-23 19:43:45,204 middleware GET /api/markets/ - User: 
INFO 2025-11-23 19:43:45,246 basehttp "GET /api/markets/ HTTP/1.1" 200 52
INFO 2025-11-23 19:43:45,296 middleware GET /api/markets/ - User: 
INFO 2025-11-23 19:43:45,343 basehttp "GET /api/markets/ HTTP/1.1" 200 52
INFO 2025-11-23 19:43:45,391 middleware GET /api/markets/ - User: 
INFO 2025-11-23 19:43:45,431 basehttp "GET /api/markets/ HTTP/1.1" 200 52
INFO 2025-11-23 19:43:50,915 basehttp "OPTIONS /api/users/me/trades/ HTTP/1.1" 200 0
INFO 2025-11-23 19:43:50,917 basehttp "OPTIONS /api/users/me/positions/ HTTP/1.1" 200 0
INFO 2025-11-23 19:43:50,922 basehttp "OPTIONS /api/users/me/trades/ HTTP/1.1" 200 0
INFO 2025-11-23 19:43:50,924 basehttp "OPTIONS /api/users/me/positions/ HTTP/1.1" 200 0
INFO 2025-11-23 19:43:50,928 middleware GET /api/users/me/trades/ - User: 
INFO 2025-11-23 19:43:50,936 middleware GET /api/users/me/positions/ - User: 
INFO 2025-11-23 19:43:51,016 middleware GET /api/users/me/positions/ - User: 
INFO 2025-11-23 19:43:51,017 basehttp "GET /api/users/me/trades/ HTTP/1.1" 200 52
INFO 2025-11-23 19:43:51,017 basehttp "GET /api/users/me/positions/ HTTP/1.1" 200 52
INFO 2025-11-23 19:43:51,062 middleware GET /api/users/me/trades/ - User: 
INFO 2025-11-23 19:43:51,071 basehttp "GET /api/users/me/positions/ HTTP/1.1" 200 52
INFO 2025-11-23 19:43:51,148 basehttp "GET /api/users/me/trades/ HTTP/1.1" 200 52
INFO 2025-11-23 19:43:52,228 middleware GET /api/markets/ - User: 
INFO 2025-11-23 19:43:52,307 basehttp "GET /api/markets/ HTTP/1.1" 200 52
INFO 2025-11-23 19:43:52,331 middleware GET /api/markets/ - User: 
INFO 2025-11-23 19:43:52,407 basehttp "GET /api/markets/ HTTP/1.1" 200 52
INFO 2025-11-23 19:43:52,452 middleware GET /api/markets/ - User: 
INFO 2025-11-23 19:43:52,490 basehttp "GET /api/markets/ HTTP/1.1" 200 52
INFO 2025-11-23 19:43:52,537 middleware GET /api/markets/ - User: 
INFO 2025-11-23 19:43:52,582 basehttp "GET /api/markets/ HTTP/1.1" 200 52
INFO 2025-11-23 19:43:55,991 basehttp "OPTIONS /api/markets/?featured=true HTTP/1.1" 200 0
INFO 2025-11-23 19:43:55,992 basehttp "OPTIONS /api/markets/?featured=true HTTP/1.1" 200 0
INFO 2025-11-23 19:43:56,001 middleware GET /api/markets/ - User: 
INFO 2025-11-23 19:43:56,054 basehttp "GET /api/markets/?featured=true HTTP/1.1" 200 52
INFO 2025-11-23 19:43:56,109 middleware GET /api/markets/ - User: 
INFO 2025-11-23 19:43:56,160 basehttp "GET /api/markets/?featured=true HTTP/1.1" 200 52
INFO 2025-11-23 19:44:26,209 middleware GET /api/markets/ - User: 
INFO 2025-11-23 19:44:26,398 basehttp "GET /api/markets/ HTTP/1.1" 200 52
INFO 2025-11-23 19:44:26,421 middleware GET /api/markets/ - User: 
INFO 2025-11-23 19:44:26,496 basehttp "GET /api/markets/ HTTP/1.1" 200 52
INFO 2025-11-23 19:44:26,548 middleware GET /api/markets/ - User: 
INFO 2025-11-23 19:44:26,613 basehttp "GET /api/markets/ HTTP/1.1" 200 52
INFO 2025-11-23 19:44:26,662 middleware GET /api/markets/ - User: 
INFO 2025-11-23 19:44:26,696 basehttp "GET /api/markets/ HTTP/1.1" 200 52
INFO 2025-11-23 19:44:35,002 middleware GET /admin - User: adminpred
INFO 2025-11-23 19:44:35,020 basehttp "GET /admin HTTP/1.1" 301 0
INFO 2025-11-23 19:44:35,062 middleware GET /admin/ - User: adminpred
INFO 2025-11-23 19:44:35,085 basehttp "GET /admin/ HTTP/1.1" 200 16386
INFO 2025-11-23 19:44:41,407 middleware GET /admin/users/user/ - User: adminpred
INFO 2025-11-23 19:44:41,490 basehttp "GET /admin/users/user/ HTTP/1.1" 200 21170
INFO 2025-11-23 19:44:41,553 middleware GET /admin/jsi18n/ - User: adminpred
INFO 2025-11-23 19:44:41,559 basehttp "GET /admin/jsi18n/ HTTP/1.1" 200 3342
INFO 2025-11-23 19:44:41,640 basehttp "GET /static/admin/img/sorting-icons.svg HTTP/1.1" 200 1097
INFO 2025-11-23 19:44:41,642 basehttp "GET /static/admin/img/icon-viewlink.svg HTTP/1.1" 200 581
INFO 2025-11-23 19:45:07,040 middleware GET /admin/users/user/2/change/ - User: adminpred
INFO 2025-11-23 19:45:07,229 basehttp "GET /admin/users/user/2/change/ HTTP/1.1" 200 36003
INFO 2025-11-23 19:45:07,271 basehttp "GET /static/admin/css/forms.css HTTP/1.1" 200 8525
INFO 2025-11-23 19:45:07,303 basehttp "GET /static/admin/js/calendar.js HTTP/1.1" 200 9141
INFO 2025-11-23 19:45:07,314 basehttp "GET /static/admin/js/SelectBox.js HTTP/1.1" 200 4530
INFO 2025-11-23 19:45:07,341 basehttp "GET /static/admin/js/admin/DateTimeShortcuts.js HTTP/1.1" 200 19319
INFO 2025-11-23 19:45:07,343 basehttp "GET /static/admin/js/prepopulate_init.js HTTP/1.1" 200 586
INFO 2025-11-23 19:45:07,343 basehttp "GET /static/admin/js/SelectFilter2.js HTTP/1.1" 200 15845
INFO 2025-11-23 19:45:07,345 middleware GET /admin/jsi18n/ - User: adminpred
INFO 2025-11-23 19:45:07,346 basehttp "GET /static/admin/css/widgets.css HTTP/1.1" 200 11973
INFO 2025-11-23 19:45:07,371 basehttp "GET /admin/jsi18n/ HTTP/1.1" 200 3342
INFO 2025-11-23 19:45:07,389 basehttp "GET /static/admin/js/change_form.js HTTP/1.1" 200 606
INFO 2025-11-23 19:45:07,556 basehttp "GET /static/admin/img/icon-clock.svg HTTP/1.1" 200 677
INFO 2025-11-23 19:45:07,557 basehttp "GET /static/admin/img/selector-icons.svg HTTP/1.1" 200 3291
INFO 2025-11-23 19:45:07,564 basehttp "GET /static/admin/img/icon-calendar.svg HTTP/1.1" 200 1086
INFO 2025-11-23 19:45:21,552 middleware GET /admin/indexer/onchaineventlog/ - User: adminpred
INFO 2025-11-23 19:45:21,605 basehttp "GET /admin/indexer/onchaineventlog/ HTTP/1.1" 200 18643
INFO 2025-11-23 19:45:21,667 middleware GET /admin/jsi18n/ - User: adminpred
INFO 2025-11-23 19:45:21,674 basehttp "GET /admin/jsi18n/ HTTP/1.1" 200 3342
INFO 2025-11-23 19:46:40,139 middleware GET /admin/indexer/onchaineventlog/ - User: adminpred
INFO 2025-11-23 19:46:40,161 basehttp "GET /admin/indexer/onchaineventlog/ HTTP/1.1" 200 18643
INFO 2025-11-23 19:46:40,203 middleware GET /admin/jsi18n/ - User: adminpred
INFO 2025-11-23 19:46:40,206 basehttp "GET /admin/jsi18n/ HTTP/1.1" 200 3342
INFO 2025-11-23 19:46:41,374 middleware GET /admin/markets/marketcategory/ - User: adminpred
INFO 2025-11-23 19:46:41,394 basehttp "GET /admin/markets/marketcategory/ HTTP/1.1" 200 16051
INFO 2025-11-23 19:46:41,433 middleware GET /admin/jsi18n/ - User: adminpred
INFO 2025-11-23 19:46:41,436 basehttp "GET /admin/jsi18n/ HTTP/1.1" 200 3342
INFO 2025-11-23 19:46:42,913 middleware GET /admin/markets/market/ - User: adminpred
INFO 2025-11-23 19:46:42,940 basehttp "GET /admin/markets/market/ HTTP/1.1" 200 17563
INFO 2025-11-23 19:46:42,978 middleware GET /admin/jsi18n/ - User: adminpred
INFO 2025-11-23 19:46:42,981 basehttp "GET /admin/jsi18n/ HTTP/1.1" 200 3342
INFO 2025-11-23 19:46:43,497 middleware GET /admin/markets/outcometoken/ - User: adminpred
INFO 2025-11-23 19:46:43,532 basehttp "GET /admin/markets/outcometoken/ HTTP/1.1" 200 17512
INFO 2025-11-23 19:46:43,575 middleware GET /admin/jsi18n/ - User: adminpred
INFO 2025-11-23 19:46:43,579 basehttp "GET /admin/jsi18n/ HTTP/1.1" 200 3342
INFO 2025-11-23 19:46:44,528 middleware GET /admin/markets/outcometoken/ - User: adminpred
INFO 2025-11-23 19:46:44,543 basehttp "GET /admin/markets/outcometoken/ HTTP/1.1" 200 17512
INFO 2025-11-23 19:46:44,584 middleware GET /admin/jsi18n/ - User: adminpred
INFO 2025-11-23 19:46:44,588 basehttp "GET /admin/jsi18n/ HTTP/1.1" 200 3342
INFO 2025-11-23 19:46:49,046 middleware GET /admin/ - User: adminpred
INFO 2025-11-23 19:46:49,111 basehttp "GET /admin/ HTTP/1.1" 200 16386
INFO 2025-11-23 19:46:52,285 middleware GET /admin/markets/marketcategory/ - User: adminpred
INFO 2025-11-23 19:46:52,305 basehttp "GET /admin/markets/marketcategory/ HTTP/1.1" 200 16051
INFO 2025-11-23 19:46:52,353 middleware GET /admin/jsi18n/ - User: adminpred
INFO 2025-11-23 19:46:52,357 basehttp "GET /admin/jsi18n/ HTTP/1.1" 200 3342
INFO 2025-11-23 19:50:01,582 middleware GET /admin/ - User: adminpred
INFO 2025-11-23 19:50:01,607 basehttp "GET /admin/ HTTP/1.1" 200 16386
INFO 2025-11-23 19:50:02,448 middleware GET /favicon.ico - User: adminpred
WARNING 2025-11-23 19:50:02,462 log Not Found: /favicon.ico
WARNING 2025-11-23 19:50:02,464 basehttp "GET /favicon.ico HTTP/1.1" 404 5259
INFO 2025-11-23 19:50:05,780 middleware GET /admin/markets/marketcategory/ - User: adminpred
INFO 2025-11-23 19:50:05,799 basehttp "GET /admin/markets/marketcategory/ HTTP/1.1" 200 19094
INFO 2025-11-23 19:50:05,843 middleware GET /admin/jsi18n/ - User: adminpred
INFO 2025-11-23 19:50:05,846 basehttp "GET /admin/jsi18n/ HTTP/1.1" 200 3342
INFO 2025-11-23 19:50:07,804 middleware GET /admin/markets/market/ - User: adminpred
INFO 2025-11-23 19:50:07,832 basehttp "GET /admin/markets/market/ HTTP/1.1" 200 22599
INFO 2025-11-23 19:50:07,873 middleware GET /admin/jsi18n/ - User: adminpred
INFO 2025-11-23 19:50:07,879 basehttp "GET /admin/jsi18n/ HTTP/1.1" 200 3342
INFO 2025-11-23 19:50:09,488 middleware GET /admin/markets/outcometoken/ - User: adminpred
INFO 2025-11-23 19:50:09,515 basehttp "GET /admin/markets/outcometoken/ HTTP/1.1" 200 23495
INFO 2025-11-23 19:50:09,555 middleware GET /admin/jsi18n/ - User: adminpred
INFO 2025-11-23 19:50:09,559 basehttp "GET /admin/jsi18n/ HTTP/1.1" 200 3342
INFO 2025-11-23 19:50:23,213 basehttp "OPTIONS /api/markets/?featured=true HTTP/1.1" 200 0
INFO 2025-11-23 19:50:23,218 basehttp "OPTIONS /api/markets/?featured=true HTTP/1.1" 200 0
INFO 2025-11-23 19:50:23,220 middleware GET /api/markets/ - User: 
INFO 2025-11-23 19:50:23,319 basehttp "GET /api/markets/?featured=true HTTP/1.1" 200 4288
INFO 2025-11-23 19:50:23,327 middleware GET /api/markets/ - User: 
INFO 2025-11-23 19:50:23,429 basehttp "GET /api/markets/?featured=true HTTP/1.1" 200 4288
INFO 2025-11-23 19:50:25,334 basehttp "OPTIONS /api/markets/ HTTP/1.1" 200 0
INFO 2025-11-23 19:50:25,342 basehttp "OPTIONS /api/markets/ HTTP/1.1" 200 0
INFO 2025-11-23 19:50:25,357 middleware GET /api/markets/ - User: 
INFO 2025-11-23 19:50:25,358 basehttp "OPTIONS /api/markets/ HTTP/1.1" 200 0
INFO 2025-11-23 19:50:25,359 basehttp "OPTIONS /api/markets/ HTTP/1.1" 200 0
INFO 2025-11-23 19:50:25,418 basehttp "GET /api/markets/ HTTP/1.1" 200 4288
INFO 2025-11-23 19:50:25,426 middleware GET /api/markets/ - User: 
INFO 2025-11-23 19:50:25,470 basehttp "GET /api/markets/ HTTP/1.1" 200 4288
INFO 2025-11-23 19:50:25,477 middleware GET /api/markets/ - User: 
INFO 2025-11-23 19:50:25,532 basehttp "GET /api/markets/ HTTP/1.1" 200 4288
INFO 2025-11-23 19:50:25,536 middleware GET /api/markets/ - User: 
INFO 2025-11-23 19:50:25,578 basehttp "GET /api/markets/ HTTP/1.1" 200 4288
INFO 2025-11-23 19:50:37,870 basehttp "OPTIONS /api/trades/?market_id=1 HTTP/1.1" 200 0
INFO 2025-11-23 19:50:37,870 basehttp "OPTIONS /api/markets/1/ HTTP/1.1" 200 0
INFO 2025-11-23 19:50:37,875 basehttp "OPTIONS /api/markets/1/ HTTP/1.1" 200 0
INFO 2025-11-23 19:50:37,878 middleware GET /api/markets/1/ - User: 
INFO 2025-11-23 19:50:37,881 middleware GET /api/trades/ - User: 
INFO 2025-11-23 19:50:37,942 basehttp "GET /api/markets/1/ HTTP/1.1" 200 1034
INFO 2025-11-23 19:50:37,987 middleware GET /api/markets/1/ - User: 
INFO 2025-11-23 19:50:38,011 basehttp "GET /api/trades/?market_id=1 HTTP/1.1" 200 5706
INFO 2025-11-23 19:50:38,017 middleware GET /api/trades/ - User: 
INFO 2025-11-23 19:50:38,054 basehttp "GET /api/markets/1/ HTTP/1.1" 200 1034
INFO 2025-11-23 19:50:38,146 basehttp "GET /api/trades/?market_id=1 HTTP/1.1" 200 5706
INFO 2025-11-23 19:50:40,688 middleware GET /api/markets/1/ - User: 
INFO 2025-11-23 19:50:40,690 middleware GET /api/trades/ - User: 
INFO 2025-11-23 19:50:40,745 basehttp "GET /api/markets/1/ HTTP/1.1" 200 1034
INFO 2025-11-23 19:50:40,782 basehttp "GET /api/trades/?market_id=1 HTTP/1.1" 200 5706
INFO 2025-11-23 19:50:45,013 basehttp "OPTIONS /api/users/me/positions/ HTTP/1.1" 200 0
INFO 2025-11-23 19:50:45,014 basehttp "OPTIONS /api/analytics/user/2/ HTTP/1.1" 200 0
INFO 2025-11-23 19:50:45,016 basehttp "OPTIONS /api/users/me/positions/ HTTP/1.1" 200 0
INFO 2025-11-23 19:50:45,018 basehttp "OPTIONS /api/analytics/user/2/ HTTP/1.1" 200 0
INFO 2025-11-23 19:50:45,026 middleware GET /api/users/me/positions/ - User: 
INFO 2025-11-23 19:50:45,030 middleware GET /api/analytics/user/2/ - User: 
INFO 2025-11-23 19:50:45,067 basehttp "GET /api/users/me/positions/ HTTP/1.1" 200 52
INFO 2025-11-23 19:50:45,077 basehttp "GET /api/analytics/user/2/ HTTP/1.1" 200 75
INFO 2025-11-23 19:50:45,116 middleware GET /api/users/me/positions/ - User: 
INFO 2025-11-23 19:50:45,127 middleware GET /api/analytics/user/2/ - User: 
INFO 2025-11-23 19:50:45,144 basehttp "GET /api/users/me/positions/ HTTP/1.1" 200 52
INFO 2025-11-23 19:50:45,158 basehttp "GET /api/analytics/user/2/ HTTP/1.1" 200 75
INFO 2025-11-29 15:21:34,778 autoreload Watching for file changes with StatReloader
INFO 2025-11-29 15:21:37,550 middleware GET /admin/ - User: 
INFO 2025-11-29 15:21:37,623 basehttp "GET /admin/ HTTP/1.1" 302 0
INFO 2025-11-29 15:21:37,627 middleware GET /admin/login/ - User: 
INFO 2025-11-29 15:21:37,681 basehttp "GET /admin/login/?next=/admin/ HTTP/1.1" 200 4170
INFO 2025-11-29 15:21:37,749 basehttp "GET /static/admin/js/theme.js HTTP/1.1" 200 1653
INFO 2025-11-29 15:21:37,751 basehttp "GET /static/admin/css/dark_mode.css HTTP/1.1" 200 2808
INFO 2025-11-29 15:21:37,754 basehttp "GET /static/admin/css/nav_sidebar.css HTTP/1.1" 200 2810
INFO 2025-11-29 15:21:37,755 basehttp "GET /static/admin/css/base.css HTTP/1.1" 200 22120
INFO 2025-11-29 15:21:37,757 basehttp "GET /static/admin/css/responsive.css HTTP/1.1" 200 16565
INFO 2025-11-29 15:21:37,757 basehttp "GET /static/admin/css/login.css HTTP/1.1" 200 951
INFO 2025-11-29 15:21:37,841 basehttp "GET /static/admin/js/nav_sidebar.js HTTP/1.1" 200 3063
INFO 2025-11-29 15:21:37,932 middleware GET /favicon.ico - User: 
WARNING 2025-11-29 15:21:37,940 log Not Found: /favicon.ico
WARNING 2025-11-29 15:21:37,941 basehttp "GET /favicon.ico HTTP/1.1" 404 5259
INFO 2025-11-29 15:21:43,857 middleware GET /api/markets - User: 
INFO 2025-11-29 15:21:43,868 basehttp "GET /api/markets HTTP/1.1" 301 0
INFO 2025-11-29 15:21:43,872 middleware GET /api/markets/ - User: 
INFO 2025-11-29 15:21:43,945 basehttp "GET /api/markets/ HTTP/1.1" 200 16139
INFO 2025-11-29 15:21:43,977 basehttp "GET /static/rest_framework/css/bootstrap.min.css HTTP/1.1" 200 121457
INFO 2025-11-29 15:21:43,983 basehttp "GET /static/rest_framework/css/bootstrap-tweaks.css HTTP/1.1" 200 3426
INFO 2025-11-29 15:21:43,985 basehttp "GET /static/rest_framework/css/prettify.css HTTP/1.1" 200 817
INFO 2025-11-29 15:21:43,991 basehttp "GET /static/rest_framework/css/default.css HTTP/1.1" 200 1152
INFO 2025-11-29 15:21:43,992 basehttp "GET /static/rest_framework/js/csrf.js HTTP/1.1" 200 1793
INFO 2025-11-29 15:21:43,994 basehttp "GET /static/rest_framework/js/ajax-form.js HTTP/1.1" 200 3796
INFO 2025-11-29 15:21:43,998 basehttp "GET /static/rest_framework/js/prettify-min.js HTTP/1.1" 200 13632
INFO 2025-11-29 15:21:44,000 basehttp "GET /static/rest_framework/js/bootstrap.min.js HTTP/1.1" 200 39680
INFO 2025-11-29 15:21:44,002 basehttp "GET /static/rest_framework/js/load-ajax-form.js HTTP/1.1" 200 59
INFO 2025-11-29 15:21:44,002 basehttp "GET /static/rest_framework/js/default.js HTTP/1.1" 200 1268
INFO 2025-11-29 15:21:44,007 basehttp "GET /static/rest_framework/img/grid.png HTTP/1.1" 200 1458
INFO 2025-11-29 15:21:44,008 basehttp "GET /static/rest_framework/js/jquery-3.7.1.min.js HTTP/1.1" 200 87533
INFO 2025-11-29 15:21:52,098 middleware GET /api - User: 
WARNING 2025-11-29 15:21:52,101 log Not Found: /api
WARNING 2025-11-29 15:21:52,103 basehttp "GET /api HTTP/1.1" 404 5235
INFO 2025-11-29 15:21:58,935 middleware GET /graphql - User: 
INFO 2025-11-29 15:21:58,939 basehttp "GET /graphql HTTP/1.1" 301 0
INFO 2025-11-29 15:21:58,943 middleware GET /graphql/ - User: 
INFO 2025-11-29 15:21:58,945 basehttp "GET /graphql/ HTTP/1.1" 200 4257
INFO 2025-11-29 15:22:01,534 middleware POST /graphql/ - User: 
INFO 2025-11-29 15:22:01,584 basehttp "POST /graphql/ HTTP/1.1" 200 23061
INFO 2025-11-29 15:22:42,022 middleware GET /admin/ - User: 
INFO 2025-11-29 15:22:42,024 basehttp "GET /admin/ HTTP/1.1" 302 0
INFO 2025-11-29 15:22:42,029 middleware GET /admin/login/ - User: 
INFO 2025-11-29 15:22:42,034 basehttp "GET /admin/login/?next=/admin/ HTTP/1.1" 200 4170
INFO 2025-11-29 15:22:55,750 middleware POST /admin/login/ - User: 
INFO 2025-11-29 15:22:55,910 basehttp "POST /admin/login/?next=/admin/ HTTP/1.1" 200 4345
INFO 2025-11-29 15:23:06,383 middleware GET /admin/login/ - User: adminpred
INFO 2025-11-29 15:23:06,385 basehttp "GET /admin/login/?next=/admin/ HTTP/1.1" 302 0
INFO 2025-11-29 15:23:06,409 middleware GET /admin/ - User: adminpred
INFO 2025-11-29 15:23:06,444 basehttp "GET /admin/ HTTP/1.1" 200 16386
INFO 2025-11-29 15:23:06,701 middleware GET /favicon.ico - User: adminpred
WARNING 2025-11-29 15:23:06,705 log Not Found: /favicon.ico
WARNING 2025-11-29 15:23:06,707 basehttp "GET /favicon.ico HTTP/1.1" 404 5259
INFO 2025-11-29 15:23:10,587 middleware GET /admin/ - User: adminpred
INFO 2025-11-29 15:23:10,598 basehttp "GET /admin/ HTTP/1.1" 200 16386
INFO 2025-11-29 15:23:10,612 basehttp "GET /static/admin/css/base.css HTTP/1.1" 304 0
INFO 2025-11-29 15:23:10,613 basehttp "GET /static/admin/css/dark_mode.css HTTP/1.1" 304 0
INFO 2025-11-29 15:23:10,629 basehttp "GET /static/admin/js/theme.js HTTP/1.1" 304 0
INFO 2025-11-29 15:23:10,632 basehttp "GET /static/admin/css/nav_sidebar.css HTTP/1.1" 304 0
INFO 2025-11-29 15:23:10,633 basehttp "GET /static/admin/css/dashboard.css HTTP/1.1" 304 0
INFO 2025-11-29 15:23:10,634 basehttp "GET /static/admin/css/responsive.css HTTP/1.1" 304 0
INFO 2025-11-29 15:23:10,662 basehttp "GET /static/admin/js/nav_sidebar.js HTTP/1.1" 304 0
INFO 2025-11-29 15:23:10,673 basehttp "GET /static/admin/img/icon-addlink.svg HTTP/1.1" 304 0
INFO 2025-11-29 15:23:10,674 basehttp "GET /static/admin/img/icon-changelink.svg HTTP/1.1" 304 0
INFO 2025-11-29 15:23:21,885 middleware GET /admin/users/user/ - User: adminpred
INFO 2025-11-29 15:23:21,921 basehttp "GET /admin/users/user/ HTTP/1.1" 200 23273
INFO 2025-11-29 15:23:21,932 basehttp "GET /static/admin/css/changelists.css HTTP/1.1" 304 0
INFO 2025-11-29 15:23:21,938 basehttp "GET /static/admin/js/vendor/jquery/jquery.js HTTP/1.1" 304 0
INFO 2025-11-29 15:23:21,938 basehttp "GET /static/admin/js/admin/RelatedObjectLookups.js HTTP/1.1" 304 0
INFO 2025-11-29 15:23:21,938 basehttp "GET /static/admin/js/core.js HTTP/1.1" 304 0
INFO 2025-11-29 15:23:21,939 basehttp "GET /static/admin/js/jquery.init.js HTTP/1.1" 304 0
INFO 2025-11-29 15:23:21,941 basehttp "GET /static/admin/js/actions.js HTTP/1.1" 304 0
INFO 2025-11-29 15:23:21,942 basehttp "GET /static/admin/js/urlify.js HTTP/1.1" 304 0
INFO 2025-11-29 15:23:21,945 basehttp "GET /static/admin/js/prepopulate.js HTTP/1.1" 304 0
INFO 2025-11-29 15:23:21,947 basehttp "GET /static/admin/js/vendor/xregexp/xregexp.js HTTP/1.1" 304 0
INFO 2025-11-29 15:23:21,948 middleware GET /admin/jsi18n/ - User: adminpred
INFO 2025-11-29 15:23:21,955 basehttp "GET /admin/jsi18n/ HTTP/1.1" 200 3342
INFO 2025-11-29 15:23:21,958 basehttp "GET /static/admin/img/search.svg HTTP/1.1" 304 0
INFO 2025-11-29 15:23:21,995 basehttp "GET /static/admin/js/filters.js HTTP/1.1" 304 0
INFO 2025-11-29 15:23:22,003 basehttp "GET /static/admin/img/tooltag-add.svg HTTP/1.1" 304 0
INFO 2025-11-29 15:23:22,005 basehttp "GET /static/admin/img/icon-viewlink.svg HTTP/1.1" 304 0
INFO 2025-11-29 15:23:22,005 basehttp "GET /static/admin/img/sorting-icons.svg HTTP/1.1" 304 0
INFO 2025-11-29 15:23:47,064 middleware GET /admin/disputes/dispute/ - User: adminpred
INFO 2025-11-29 15:23:47,090 basehttp "GET /admin/disputes/dispute/ HTTP/1.1" 200 21044
INFO 2025-11-29 15:23:47,109 middleware GET /admin/jsi18n/ - User: adminpred
INFO 2025-11-29 15:23:47,112 basehttp "GET /admin/jsi18n/ HTTP/1.1" 200 3342
INFO 2025-11-29 15:23:48,938 middleware GET /admin/indexer/onchaintransaction/ - User: adminpred
INFO 2025-11-29 15:23:48,963 basehttp "GET /admin/indexer/onchaintransaction/ HTTP/1.1" 200 21206
INFO 2025-11-29 15:23:48,983 middleware GET /admin/jsi18n/ - User: adminpred
INFO 2025-11-29 15:23:48,986 basehttp "GET /admin/jsi18n/ HTTP/1.1" 200 3342
INFO 2025-11-29 15:23:51,022 middleware GET /admin/liquidity/liquidityevent/ - User: adminpred
INFO 2025-11-29 15:23:51,049 basehttp "GET /admin/liquidity/liquidityevent/ HTTP/1.1" 200 21913
INFO 2025-11-29 15:23:51,069 middleware GET /admin/jsi18n/ - User: adminpred
INFO 2025-11-29 15:23:51,070 basehttp "GET /admin/jsi18n/ HTTP/1.1" 200 3342
INFO 2025-11-29 15:23:54,438 middleware GET /admin/markets/market/ - User: adminpred
INFO 2025-11-29 15:23:54,459 basehttp "GET /admin/markets/market/ HTTP/1.1" 200 22599
INFO 2025-11-29 15:23:54,477 middleware GET /admin/jsi18n/ - User: adminpred
INFO 2025-11-29 15:23:54,479 basehttp "GET /admin/jsi18n/ HTTP/1.1" 200 3342
INFO 2025-11-29 15:23:56,589 middleware GET /admin/markets/outcometoken/ - User: adminpred
INFO 2025-11-29 15:23:56,604 basehttp "GET /admin/markets/outcometoken/ HTTP/1.1" 200 23495
INFO 2025-11-29 15:23:56,624 middleware GET /admin/jsi18n/ - User: adminpred
INFO 2025-11-29 15:23:56,625 basehttp "GET /admin/jsi18n/ HTTP/1.1" 200 3342
INFO 2025-11-29 15:25:07,978 middleware GET /admin/markets/outcometoken/1/change/ - User: adminpred
INFO 2025-11-29 15:25:08,016 basehttp "GET /admin/markets/outcometoken/1/change/ HTTP/1.1" 200 20755
INFO 2025-11-29 15:25:08,027 basehttp "GET /static/admin/css/forms.css HTTP/1.1" 304 0
INFO 2025-11-29 15:25:08,027 basehttp "GET /static/admin/js/prepopulate_init.js HTTP/1.1" 304 0
INFO 2025-11-29 15:25:08,037 middleware GET /admin/jsi18n/ - User: adminpred
INFO 2025-11-29 15:25:08,039 basehttp "GET /admin/jsi18n/ HTTP/1.1" 200 3342
INFO 2025-11-29 15:25:08,043 basehttp "GET /static/admin/js/change_form.js HTTP/1.1" 304 0
INFO 2025-11-29 15:25:08,073 basehttp "GET /static/admin/css/widgets.css HTTP/1.1" 304 0
INFO 2025-11-29 15:25:11,566 middleware GET /admin/markets/outcometoken/ - User: adminpred
INFO 2025-11-29 15:25:11,587 basehttp "GET /admin/markets/outcometoken/ HTTP/1.1" 200 23495
INFO 2025-11-29 15:25:13,460 middleware GET /admin/markets/market/ - User: adminpred
INFO 2025-11-29 15:25:13,477 basehttp "GET /admin/markets/market/ HTTP/1.1" 200 22599
INFO 2025-11-29 15:25:13,494 middleware GET /admin/jsi18n/ - User: adminpred
INFO 2025-11-29 15:25:13,497 basehttp "GET /admin/jsi18n/ HTTP/1.1" 200 3342
INFO 2025-11-29 15:40:16,842 middleware GET /admin - User: adminpred
INFO 2025-11-29 15:40:16,851 basehttp "GET /admin HTTP/1.1" 301 0
INFO 2025-11-29 15:40:16,873 middleware GET /admin/ - User: adminpred
INFO 2025-11-29 15:40:16,888 basehttp "GET /admin/ HTTP/1.1" 200 16386
INFO 2025-11-29 15:40:22,603 middleware GET /admin/markets/market/ - User: adminpred
INFO 2025-11-29 15:40:22,622 basehttp "GET /admin/markets/market/ HTTP/1.1" 200 22599
INFO 2025-11-29 15:40:22,643 middleware GET /admin/jsi18n/ - User: adminpred
INFO 2025-11-29 15:40:22,647 basehttp "GET /admin/jsi18n/ HTTP/1.1" 200 3342
INFO 2025-11-29 15:40:25,221 middleware GET /admin/markets/market/3/change/ - User: adminpred
INFO 2025-11-29 15:40:25,260 basehttp "GET /admin/markets/market/3/change/ HTTP/1.1" 200 26995
INFO 2025-11-29 15:40:25,272 basehttp "GET /static/admin/js/calendar.js HTTP/1.1" 304 0
INFO 2025-11-29 15:40:25,272 basehttp "GET /static/admin/js/admin/DateTimeShortcuts.js HTTP/1.1" 304 0
INFO 2025-11-29 15:40:25,279 basehttp "GET /static/admin/img/icon-deletelink.svg HTTP/1.1" 200 392
INFO 2025-11-29 15:40:25,281 middleware GET /admin/jsi18n/ - User: adminpred
INFO 2025-11-29 15:40:25,283 basehttp "GET /admin/jsi18n/ HTTP/1.1" 200 3342
INFO 2025-11-29 15:40:25,334 basehttp "GET /static/admin/img/icon-calendar.svg HTTP/1.1" 304 0
INFO 2025-11-29 15:40:25,335 basehttp "GET /static/admin/img/icon-clock.svg HTTP/1.1" 304 0
INFO 2025-11-29 15:40:48,324 middleware GET /admin/markets/market/ - User: adminpred
INFO 2025-11-29 15:40:48,342 basehttp "GET /admin/markets/market/ HTTP/1.1" 200 22599
INFO 2025-11-29 15:40:48,363 middleware GET /admin/jsi18n/ - User: adminpred
INFO 2025-11-29 15:40:48,365 basehttp "GET /admin/jsi18n/ HTTP/1.1" 200 3342
INFO 2025-11-29 16:15:15,809 autoreload Watching for file changes with StatReloader
INFO 2025-11-29 16:15:21,342 middleware GET /admin - User: adminpred
INFO 2025-11-29 16:15:21,350 basehttp "GET /admin HTTP/1.1" 301 0
INFO 2025-11-29 16:15:21,370 middleware GET /admin/ - User: adminpred
INFO 2025-11-29 16:15:21,460 basehttp "GET /admin/ HTTP/1.1" 200 16386
INFO 2025-11-29 16:15:21,637 middleware GET /favicon.ico - User: adminpred
WARNING 2025-11-29 16:15:21,644 log Not Found: /favicon.ico
WARNING 2025-11-29 16:15:21,645 basehttp "GET /favicon.ico HTTP/1.1" 404 5259
INFO 2025-11-29 16:15:25,364 middleware GET / - User: adminpred
INFO 2025-11-29 16:15:25,365 basehttp "GET / HTTP/1.1" 200 494
INFO 2025-11-29 16:15:32,362 basehttp "OPTIONS /api/markets/?featured=true HTTP/1.1" 200 0
INFO 2025-11-29 16:15:32,363 basehttp "OPTIONS /api/markets/?featured=true HTTP/1.1" 200 0
INFO 2025-11-29 16:15:32,365 middleware GET /api/markets/ - User: 
WARNING 2025-11-29 16:15:32,386 log Unauthorized: /api/markets/
WARNING 2025-11-29 16:15:32,387 basehttp "GET /api/markets/?featured=true HTTP/1.1" 401 183
INFO 2025-11-29 16:15:32,430 middleware GET /api/markets/ - User: 
WARNING 2025-11-29 16:15:32,432 log Unauthorized: /api/markets/
WARNING 2025-11-29 16:15:32,433 basehttp "GET /api/markets/?featured=true HTTP/1.1" 401 183
INFO 2025-11-29 16:15:34,211 middleware GET /api/markets/ - User: 
INFO 2025-11-29 16:15:34,248 basehttp "GET /api/markets/ HTTP/1.1" 200 4288
INFO 2025-11-29 16:15:34,251 middleware GET /api/markets/ - User: 
INFO 2025-11-29 16:15:34,270 basehttp "GET /api/markets/ HTTP/1.1" 200 4288
INFO 2025-11-29 16:15:34,272 middleware GET /api/markets/ - User: 
INFO 2025-11-29 16:15:34,294 basehttp "GET /api/markets/ HTTP/1.1" 200 4288
INFO 2025-11-29 16:15:34,297 middleware GET /api/markets/ - User: 
INFO 2025-11-29 16:15:34,315 basehttp "GET /api/markets/ HTTP/1.1" 200 4288
INFO 2025-11-29 16:15:39,869 middleware GET /api/markets/3/ - User: 
INFO 2025-11-29 16:15:39,869 middleware GET /api/trades/ - User: 
WARNING 2025-11-29 16:15:39,879 log Unauthorized: /api/trades/
WARNING 2025-11-29 16:15:39,880 basehttp "GET /api/trades/?market_id=3 HTTP/1.1" 401 58
INFO 2025-11-29 16:15:39,886 middleware GET /api/trades/ - User: 
WARNING 2025-11-29 16:15:39,888 log Unauthorized: /api/trades/
WARNING 2025-11-29 16:15:39,889 basehttp "GET /api/trades/?market_id=3 HTTP/1.1" 401 58
INFO 2025-11-29 16:15:39,898 basehttp "GET /api/markets/3/ HTTP/1.1" 200 1077
INFO 2025-11-29 16:15:39,901 middleware GET /api/markets/3/ - User: 
INFO 2025-11-29 16:15:39,928 basehttp "GET /api/markets/3/ HTTP/1.1" 200 1077
INFO 2025-11-29 16:15:46,778 basehttp "OPTIONS /api/users/login/ HTTP/1.1" 200 0
INFO 2025-11-29 16:15:46,780 middleware POST /api/users/login/ - User: 
WARNING 2025-11-29 16:15:46,936 log Unauthorized: /api/users/login/
WARNING 2025-11-29 16:15:46,937 basehttp "POST /api/users/login/ HTTP/1.1" 401 31
INFO 2025-11-29 16:15:55,976 middleware POST /api/users/login/ - User: 
WARNING 2025-11-29 16:15:56,119 log Unauthorized: /api/users/login/
WARNING 2025-11-29 16:15:56,120 basehttp "POST /api/users/login/ HTTP/1.1" 401 31
INFO 2025-11-29 16:15:59,845 middleware GET /admin/ - User: adminpred
INFO 2025-11-29 16:15:59,852 basehttp "GET /admin/ HTTP/1.1" 200 16386
INFO 2025-11-29 16:16:02,253 middleware GET /admin/users/user/ - User: adminpred
INFO 2025-11-29 16:16:02,296 basehttp "GET /admin/users/user/ HTTP/1.1" 200 23273
INFO 2025-11-29 16:16:02,316 middleware GET /admin/jsi18n/ - User: adminpred
INFO 2025-11-29 16:16:02,319 basehttp "GET /admin/jsi18n/ HTTP/1.1" 200 3342
INFO 2025-11-29 16:16:07,264 middleware GET /admin/users/user/5/change/ - User: adminpred
INFO 2025-11-29 16:16:07,325 basehttp "GET /admin/users/user/5/change/ HTTP/1.1" 200 36052
INFO 2025-11-29 16:16:07,339 basehttp "GET /static/admin/js/SelectBox.js HTTP/1.1" 304 0
INFO 2025-11-29 16:16:07,340 basehttp "GET /static/admin/js/SelectFilter2.js HTTP/1.1" 304 0
INFO 2025-11-29 16:16:07,344 middleware GET /admin/jsi18n/ - User: adminpred
INFO 2025-11-29 16:16:07,347 basehttp "GET /admin/jsi18n/ HTTP/1.1" 200 3342
INFO 2025-11-29 16:16:07,392 basehttp "GET /static/admin/img/selector-icons.svg HTTP/1.1" 304 0
INFO 2025-11-29 16:16:12,220 middleware GET /admin/users/user/5/password/ - User: adminpred
INFO 2025-11-29 16:16:12,241 basehttp "GET /admin/users/user/5/password/ HTTP/1.1" 200 17181
INFO 2025-11-29 16:16:12,258 basehttp "GET /static/admin/css/unusable_password_field.css HTTP/1.1" 200 663
INFO 2025-11-29 16:16:12,259 basehttp "GET /static/admin/js/unusable_password_field.js HTTP/1.1" 200 1480
INFO 2025-11-29 16:16:12,264 basehttp "GET /static/admin/img/icon-alert.svg HTTP/1.1" 200 504
INFO 2025-11-29 16:16:27,170 middleware POST /admin/users/user/5/password/ - User: adminpred
INFO 2025-11-29 16:16:27,179 basehttp "POST /admin/users/user/5/password/ HTTP/1.1" 200 17400
INFO 2025-11-29 16:16:46,989 middleware POST /admin/users/user/5/password/ - User: adminpred
INFO 2025-11-29 16:16:46,998 basehttp "POST /admin/users/user/5/password/ HTTP/1.1" 200 17398
INFO 2025-11-29 16:16:58,443 middleware POST /admin/users/user/5/password/ - User: adminpred
INFO 2025-11-29 16:16:58,602 basehttp "POST /admin/users/user/5/password/ HTTP/1.1" 302 0
INFO 2025-11-29 16:16:58,611 middleware GET /admin/users/user/5/change/ - User: adminpred
INFO 2025-11-29 16:16:58,641 basehttp "GET /admin/users/user/5/change/ HTTP/1.1" 200 36188
INFO 2025-11-29 16:16:58,658 middleware GET /admin/jsi18n/ - User: adminpred
INFO 2025-11-29 16:16:58,659 basehttp "GET /admin/jsi18n/ HTTP/1.1" 200 3342
INFO 2025-11-29 16:16:58,673 basehttp "GET /static/admin/img/icon-yes.svg HTTP/1.1" 200 436
INFO 2025-11-29 16:17:14,482 middleware POST /api/users/login/ - User: 
INFO 2025-11-29 16:17:14,625 basehttp "POST /api/users/login/ HTTP/1.1" 200 680
INFO 2025-11-29 16:17:17,921 basehttp "OPTIONS /api/markets/ HTTP/1.1" 200 0
INFO 2025-11-29 16:17:17,922 basehttp "OPTIONS /api/markets/ HTTP/1.1" 200 0
INFO 2025-11-29 16:17:17,924 middleware GET /api/markets/ - User: 
INFO 2025-11-29 16:17:17,927 basehttp "OPTIONS /api/markets/ HTTP/1.1" 200 0
INFO 2025-11-29 16:17:17,928 basehttp "OPTIONS /api/markets/ HTTP/1.1" 200 0
INFO 2025-11-29 16:17:17,952 basehttp "GET /api/markets/ HTTP/1.1" 200 4288
INFO 2025-11-29 16:17:17,955 middleware GET /api/markets/ - User: 
INFO 2025-11-29 16:17:17,982 basehttp "GET /api/markets/ HTTP/1.1" 200 4288
INFO 2025-11-29 16:17:17,984 middleware GET /api/markets/ - User: 
INFO 2025-11-29 16:17:18,005 basehttp "GET /api/markets/ HTTP/1.1" 200 4288
INFO 2025-11-29 16:17:18,009 middleware GET /api/markets/ - User: 
INFO 2025-11-29 16:17:18,032 basehttp "GET /api/markets/ HTTP/1.1" 200 4288
INFO 2025-11-29 16:17:20,348 basehttp "OPTIONS /api/markets/3/ HTTP/1.1" 200 0
INFO 2025-11-29 16:17:20,350 basehttp "OPTIONS /api/trades/?market_id=3 HTTP/1.1" 200 0
INFO 2025-11-29 16:17:20,351 basehttp "OPTIONS /api/trades/?market_id=3 HTTP/1.1" 200 0
INFO 2025-11-29 16:17:20,351 basehttp "OPTIONS /api/markets/3/ HTTP/1.1" 200 0
INFO 2025-11-29 16:17:20,356 middleware GET /api/markets/3/ - User: 
INFO 2025-11-29 16:17:20,358 middleware GET /api/trades/ - User: 
INFO 2025-11-29 16:17:20,394 basehttp "GET /api/markets/3/ HTTP/1.1" 200 1077
INFO 2025-11-29 16:17:20,396 middleware GET /api/markets/3/ - User: 
INFO 2025-11-29 16:17:20,419 basehttp "GET /api/markets/3/ HTTP/1.1" 200 1077
INFO 2025-11-29 16:17:20,428 basehttp "GET /api/trades/?market_id=3 HTTP/1.1" 200 5706
INFO 2025-11-29 16:17:20,430 middleware GET /api/trades/ - User: 
INFO 2025-11-29 16:17:20,464 basehttp "GET /api/trades/?market_id=3 HTTP/1.1" 200 5706
INFO 2025-11-29 16:36:01,288 middleware GET /admin - User: adminpred
INFO 2025-11-29 16:36:01,300 basehttp "GET /admin HTTP/1.1" 301 0
INFO 2025-11-29 16:36:01,320 middleware GET /admin/ - User: adminpred
INFO 2025-11-29 16:36:01,332 basehttp "GET /admin/ HTTP/1.1" 200 16771
INFO 2025-11-29 16:36:06,957 middleware GET /graphql - User: adminpred
INFO 2025-11-29 16:36:06,964 basehttp "GET /graphql HTTP/1.1" 301 0
INFO 2025-11-29 16:36:06,977 middleware GET /graphql/ - User: adminpred
INFO 2025-11-29 16:36:06,979 basehttp "GET /graphql/ HTTP/1.1" 200 4257
INFO 2025-11-29 16:36:07,315 middleware POST /graphql/ - User: adminpred
INFO 2025-11-29 16:36:07,359 basehttp "POST /graphql/ HTTP/1.1" 200 23061
INFO 2025-11-29 16:37:00,172 middleware GET /api/markets/ - User: 
INFO 2025-11-29 16:37:00,220 basehttp "GET /api/markets/ HTTP/1.1" 200 4288
INFO 2025-11-29 16:37:00,223 middleware GET /api/markets/ - User: 
INFO 2025-11-29 16:37:00,268 basehttp "GET /api/markets/ HTTP/1.1" 200 4288
INFO 2025-11-29 16:37:00,271 middleware GET /api/markets/ - User: 
INFO 2025-11-29 16:37:00,307 basehttp "GET /api/markets/ HTTP/1.1" 200 4288
INFO 2025-11-29 16:37:00,311 middleware GET /api/markets/ - User: 
INFO 2025-11-29 16:37:00,338 basehttp "GET /api/markets/ HTTP/1.1" 200 4288
INFO 2025-11-29 16:37:03,818 middleware GET /admin/disputes/dispute/ - User: adminpred
INFO 2025-11-29 16:37:03,846 basehttp "GET /admin/disputes/dispute/ HTTP/1.1" 200 21044
INFO 2025-11-29 16:37:03,867 middleware GET /admin/jsi18n/ - User: adminpred
INFO 2025-11-29 16:37:03,871 basehttp "GET /admin/jsi18n/ HTTP/1.1" 200 3342
INFO 2025-11-29 16:37:18,543 middleware GET /api/markets/3/ - User: 
INFO 2025-11-29 16:37:18,544 middleware GET /api/trades/ - User: 
INFO 2025-11-29 16:37:18,574 basehttp "GET /api/markets/3/ HTTP/1.1" 200 1077
INFO 2025-11-29 16:37:18,576 middleware GET /api/markets/3/ - User: 
INFO 2025-11-29 16:37:18,606 basehttp "GET /api/markets/3/ HTTP/1.1" 200 1077
INFO 2025-11-29 16:37:18,608 basehttp "GET /api/trades/?market_id=3 HTTP/1.1" 200 5706
INFO 2025-11-29 16:37:18,611 middleware GET /api/trades/ - User: 
INFO 2025-11-29 16:37:18,653 basehttp "GET /api/trades/?market_id=3 HTTP/1.1" 200 5706
INFO 2025-11-29 16:39:05,088 middleware GET /api/markets/ - User: 
INFO 2025-11-29 16:39:05,121 basehttp "GET /api/markets/ HTTP/1.1" 200 4288
INFO 2025-11-29 16:39:05,124 middleware GET /api/markets/ - User: 
INFO 2025-11-29 16:39:05,151 basehttp "GET /api/markets/ HTTP/1.1" 200 4288
INFO 2025-11-29 16:39:05,153 middleware GET /api/markets/ - User: 
INFO 2025-11-29 16:39:05,177 basehttp "GET /api/markets/ HTTP/1.1" 200 4288
INFO 2025-11-29 16:39:05,181 middleware GET /api/markets/ - User: 
INFO 2025-11-29 16:39:05,207 basehttp "GET /api/markets/ HTTP/1.1" 200 4288
INFO 2025-11-29 16:39:06,942 basehttp "OPTIONS /api/trades/?market_id=4 HTTP/1.1" 200 0
INFO 2025-11-29 16:39:06,942 basehttp "OPTIONS /api/markets/4/ HTTP/1.1" 200 0
INFO 2025-11-29 16:39:06,948 basehttp "OPTIONS /api/trades/?market_id=4 HTTP/1.1" 200 0
INFO 2025-11-29 16:39:06,950 middleware GET /api/trades/ - User: 
INFO 2025-11-29 16:39:06,952 basehttp "OPTIONS /api/markets/4/ HTTP/1.1" 200 0
INFO 2025-11-29 16:39:06,954 middleware GET /api/markets/4/ - User: 
INFO 2025-11-29 16:39:06,988 basehttp "GET /api/markets/4/ HTTP/1.1" 200 1077
INFO 2025-11-29 16:39:06,990 middleware GET /api/markets/4/ - User: 
INFO 2025-11-29 16:39:07,010 basehttp "GET /api/trades/?market_id=4 HTTP/1.1" 200 5706
INFO 2025-11-29 16:39:07,016 middleware GET /api/trades/ - User: 
INFO 2025-11-29 16:39:07,019 basehttp "GET /api/markets/4/ HTTP/1.1" 200 1077
INFO 2025-11-29 16:39:07,059 basehttp "GET /api/trades/?market_id=4 HTTP/1.1" 200 5706
INFO 2025-11-29 16:39:33,375 middleware GET /api/markets/ - User: 
INFO 2025-11-29 16:39:33,402 basehttp "GET /api/markets/?featured=true HTTP/1.1" 200 4288
INFO 2025-11-29 16:39:33,404 middleware GET /api/markets/ - User: 
INFO 2025-11-29 16:39:33,435 basehttp "GET /api/markets/?featured=true HTTP/1.1" 200 4288
INFO 2025-11-29 16:39:54,850 middleware GET /api/markets/ - User: 
INFO 2025-11-29 16:39:54,892 basehttp "GET /api/markets/ HTTP/1.1" 200 4288
INFO 2025-11-29 16:39:54,894 middleware GET /api/markets/ - User: 
INFO 2025-11-29 16:39:54,923 basehttp "GET /api/markets/ HTTP/1.1" 200 4288
INFO 2025-11-29 16:39:54,925 middleware GET /api/markets/ - User: 
INFO 2025-11-29 16:39:54,960 basehttp "GET /api/markets/ HTTP/1.1" 200 4288
INFO 2025-11-29 16:39:54,964 middleware GET /api/markets/ - User: 
INFO 2025-11-29 16:39:54,992 basehttp "GET /api/markets/ HTTP/1.1" 200 4288
INFO 2025-11-29 16:39:56,295 middleware GET /api/markets/3/ - User: 
INFO 2025-11-29 16:39:56,296 middleware GET /api/trades/ - User: 
INFO 2025-11-29 16:39:56,331 basehttp "GET /api/markets/3/ HTTP/1.1" 200 1077
INFO 2025-11-29 16:39:56,334 middleware GET /api/markets/3/ - User: 
INFO 2025-11-29 16:39:56,358 basehttp "GET /api/markets/3/ HTTP/1.1" 200 1077
INFO 2025-11-29 16:39:56,367 basehttp "GET /api/trades/?market_id=3 HTTP/1.1" 200 5706
INFO 2025-11-29 16:39:56,370 middleware GET /api/trades/ - User: 
INFO 2025-11-29 16:39:56,413 basehttp "GET /api/trades/?market_id=3 HTTP/1.1" 200 5706
INFO 2025-11-29 17:22:16,104 autoreload Watching for file changes with StatReloader
INFO 2025-11-29 17:22:18,895 middleware GET / - User: adminpred
INFO 2025-11-29 17:22:18,899 basehttp "GET / HTTP/1.1" 200 494
INFO 2025-11-29 17:22:19,150 middleware GET /favicon.ico - User: adminpred
WARNING 2025-11-29 17:22:19,174 log Not Found: /favicon.ico
WARNING 2025-11-29 17:22:19,178 basehttp "GET /favicon.ico HTTP/1.1" 404 5259
INFO 2025-11-29 17:22:20,945 middleware GET / - User: adminpred
INFO 2025-11-29 17:22:20,946 basehttp "GET / HTTP/1.1" 200 494
INFO 2025-11-29 17:22:25,867 basehttp "OPTIONS /api/markets/?featured=true HTTP/1.1" 200 0
INFO 2025-11-29 17:22:25,870 basehttp "OPTIONS /api/markets/?featured=true HTTP/1.1" 200 0
INFO 2025-11-29 17:22:25,872 middleware GET /api/markets/ - User: 
WARNING 2025-11-29 17:22:25,895 log Unauthorized: /api/markets/
WARNING 2025-11-29 17:22:25,897 basehttp "GET /api/markets/?featured=true HTTP/1.1" 401 183
INFO 2025-11-29 17:22:25,941 middleware GET /api/markets/ - User: 
WARNING 2025-11-29 17:22:25,942 log Unauthorized: /api/markets/
WARNING 2025-11-29 17:22:25,943 basehttp "GET /api/markets/?featured=true HTTP/1.1" 401 183
INFO 2025-11-29 17:22:36,058 basehttp "OPTIONS /api/users/login/ HTTP/1.1" 200 0
INFO 2025-11-29 17:22:36,061 middleware POST /api/users/login/ - User: 
INFO 2025-11-29 17:22:36,235 basehttp "POST /api/users/login/ HTTP/1.1" 200 680
INFO 2025-11-29 17:22:39,015 basehttp "OPTIONS /api/markets/ HTTP/1.1" 200 0
INFO 2025-11-29 17:22:39,016 basehttp "OPTIONS /api/markets/ HTTP/1.1" 200 0
INFO 2025-11-29 17:22:39,020 basehttp "OPTIONS /api/markets/ HTTP/1.1" 200 0
INFO 2025-11-29 17:22:39,025 middleware GET /api/markets/ - User: 
INFO 2025-11-29 17:22:39,026 basehttp "OPTIONS /api/markets/ HTTP/1.1" 200 0
INFO 2025-11-29 17:22:39,092 basehttp "GET /api/markets/ HTTP/1.1" 200 4288
INFO 2025-11-29 17:22:39,094 middleware GET /api/markets/ - User: 
INFO 2025-11-29 17:22:39,129 basehttp "GET /api/markets/ HTTP/1.1" 200 4288
INFO 2025-11-29 17:22:39,131 middleware GET /api/markets/ - User: 
INFO 2025-11-29 17:22:39,160 basehttp "GET /api/markets/ HTTP/1.1" 200 4288
INFO 2025-11-29 17:22:39,163 middleware GET /api/markets/ - User: 
INFO 2025-11-29 17:22:39,191 basehttp "GET /api/markets/ HTTP/1.1" 200 4288
INFO 2025-11-29 17:22:43,168 basehttp "OPTIONS /api/markets/3/ HTTP/1.1" 200 0
INFO 2025-11-29 17:22:43,171 basehttp "OPTIONS /api/markets/3/ HTTP/1.1" 200 0
INFO 2025-11-29 17:22:43,172 basehttp "OPTIONS /api/trades/?market_id=3 HTTP/1.1" 200 0
INFO 2025-11-29 17:22:43,172 basehttp "OPTIONS /api/trades/?market_id=3 HTTP/1.1" 200 0
INFO 2025-11-29 17:22:43,173 middleware GET /api/markets/3/ - User: 
INFO 2025-11-29 17:22:43,177 middleware GET /api/trades/ - User: 
INFO 2025-11-29 17:22:43,211 basehttp "GET /api/markets/3/ HTTP/1.1" 200 1077
INFO 2025-11-29 17:22:43,213 middleware GET /api/markets/3/ - User: 
INFO 2025-11-29 17:22:43,246 basehttp "GET /api/markets/3/ HTTP/1.1" 200 1077
INFO 2025-11-29 17:22:43,261 basehttp "GET /api/trades/?market_id=3 HTTP/1.1" 200 5706
INFO 2025-11-29 17:22:43,264 middleware GET /api/trades/ - User: 
INFO 2025-11-29 17:22:43,315 basehttp "GET /api/trades/?market_id=3 HTTP/1.1" 200 5706
INFO 2025-11-29 17:49:42,675 autoreload Watching for file changes with StatReloader
